Date,Adj Close,Close,High,Low,Open,Volume,Return,MA_7,MA_30,Volatility,Risk_Level
2010-02-14,4.63551569,6.593946934,6.593946934,6.593946934,6.593946934,0,0.0,6.525272914428571,6.207563161833334,0.01187422480630234,Low Risk
2010-02-15,4.708038807,6.69711113,6.800273895,6.70030117,6.69711113,3659411,0.015645287569431288,6.555204051,6.239894803366667,0.012110045002700602,Low Risk
2010-02-16,4.688599586,6.669458866,6.80665493,6.669458866,6.75028801,3445841,-0.004128983895179794,6.581184864142857,6.26694417,0.012467494235237063,Low Risk
2010-02-17,4.695327759,6.679030895,6.80665493,6.679030895,6.784320831,3488284,0.0014352032439688411,6.621903283285714,6.2936035951,0.00968670093028173,Low Risk
2010-02-18,4.676635742,6.652441978,6.80665493,6.652441978,6.761987209,3216099,-0.003980954335741305,6.637552533857142,6.3201920986,0.006749773677027538,Low Risk
2010-02-21,4.676635742,6.652441978,6.652441978,6.652441978,6.652441978,0,0.0,6.64833981642857,6.3467806021,0.006675101454577446,Low Risk
2010-02-22,4.61009407,6.557786942,6.599265099,6.489719868,6.525880814,5636788,-0.014228615042871429,6.643174103285714,6.369504896766667,0.008927814401941365,Low Risk
2010-02-23,4.554018497,6.478021145,6.547152042,6.408891201,6.547152042,2389463,-0.012163523716992475,6.626613276285714,6.3886840661,0.00988919716059819,Low Risk
2010-02-24,4.57121563,6.502482891,6.591819763,6.413146019,6.478021145,8262576,0.003776113947834281,6.598809242142857,6.4061970233666665,0.006795293205527818,Low Risk
2010-02-25,4.706542492,6.694983959,6.801338196,6.583312035,6.502482891,7711040,0.0296042405996082,6.602455684,6.427857796333333,0.014469297051408633,Low Risk
2010-02-28,4.648972988,6.613090992,6.747097015,6.572677135,6.648188114,1626229,-0.012231988530743587,6.593035697857142,6.446788803733333,0.015244605173123886,Low Risk
2010-03-01,4.603365421,6.548214912,6.688601971,6.461005211,6.613090992,6153816,-0.009810250619337046,6.578146117,6.4647271633,0.015570070922220085,Low Risk
2010-03-02,4.622804642,6.575867176,6.646060944,6.514182091,6.548214912,4952225,0.0042228705642091136,6.567206859571428,6.4798648675,0.01574807377264015,Low Risk
2010-03-03,4.672150612,6.646060944,6.696046829,6.593946934,6.696046829,4564501,0.010674450398905133,6.579817431285714,6.491776529933333,0.015209493228694094,Low Risk
2010-03-04,4.675888538,6.651378155,6.681158066,6.593946934,6.646060944,2783064,0.0008000545051878305,6.604582718428572,6.5011356671666665,0.013931573548508875,Low Risk
2010-03-07,4.699813843,6.68541193,6.70030117,6.657760143,6.651378155,3158245,0.005116800489597173,6.630715438285715,6.5116292635666655,0.013939406065768694,Low Risk
2010-03-08,4.725234032,6.721571922,6.75347805,6.612027168,6.68541193,6100250,0.00540879041988962,6.6345137187142855,6.5233281930333336,0.008477606878152858,Low Risk
2010-03-09,4.746917248,6.75241518,6.801338196,6.715190887,6.721571922,9027963,0.0045886971616042604,6.654417174142857,6.546407032,0.006352715383181213,Low Risk
2010-03-10,4.794766903,6.820480824,6.886421204,6.726890087,6.75241518,3615294,0.010080192373479013,6.693312304428572,6.568103233966666,0.00345547869749825,Low Risk
2010-03-11,4.800001144,6.827926159,6.895993233,6.699237823,6.820480824,7830199,0.0010916143879184936,6.729320730571429,6.5883105119000005,0.003876939999578707,Low Risk
2010-03-14,4.667664528,6.639679909,6.727952957,6.581184864,6.827926159,4395857,-0.027570047715274493,6.728409154142858,6.602242914833334,0.012516714625506305,Low Risk
2010-03-15,4.616075993,6.566295147,6.620535851,6.487593174,6.620535851,4475384,-0.011052454787847221,6.7162544387142855,6.610148557033333,0.013164459713918416,Low Risk
2010-03-16,4.758131504,6.768367767,6.80665493,6.505672932,6.566295147,7786590,0.030774221303823568,6.728105272571428,6.620677614200001,0.018060454624203807,Low Risk
2010-03-17,4.856076241,6.907691956,7.008728027,6.80665493,6.75347805,15883784,0.0205846067761406,6.754693848857143,6.6328374386,0.01941172825876257,Low Risk
2010-03-18,4.903179646,6.974695206,7.019362926,6.913009167,7.019362926,13685964,0.009699802832377591,6.7864481382857145,6.649074173,0.01953021125272763,Low Risk
2010-03-21,4.773832321,6.790701866,6.966186047,6.70030117,6.974695206,2069870,-0.026380126237160684,6.7821940014285715,6.659177796066667,0.02252061862433641,Medium Risk
2010-03-22,4.775327682,6.792829037,6.902373791,6.70030117,6.790701866,6032420,0.00031324759089335075,6.777180126857142,6.672472031933333,0.02251390380670198,Medium Risk
2010-03-23,4.984673977,7.090620041,7.176766872,6.80665493,6.792829037,14275655,0.04383902529828987,6.841600145714286,6.690729459166666,0.024319468920124203,Medium Risk
2010-03-24,4.970467091,7.070413113,7.178894043,6.966186047,7.090620041,5147103,-0.002849811142489389,6.913616998,6.707178862933333,0.02333140246757068,Medium Risk
2010-03-25,4.995141983,7.105510235,7.175704002,6.982139111,7.070413113,4889482,0.004963942196739346,6.961780207714286,6.724230972966666,0.021636613532253865,Medium Risk
2010-03-28,4.995141983,7.105510235,7.105510235,7.105510235,7.105510235,0,0.0,6.990039961857143,6.741283082999999,0.020895253133275296,Medium Risk
2010-03-29,5.01084137,7.127843857,7.156559944,7.104445934,7.105510235,2576903,0.0031431412046936114,7.0119183405714285,6.755640840566667,0.02075550500982213,Medium Risk
2010-03-30,5.057673931,7.048079014,7.075730801,6.91407299,7.075730801,3538578,-0.011190599092833153,7.048686504571428,6.768261512166666,0.01770668217766199,Low Risk
2010-03-31,4.965328217,6.919391155,7.006600857,6.891738892,7.006600857,6698224,-0.018258572122188177,7.066766807142857,6.776273520833333,0.019866061346880612,Low Risk
2010-04-01,5.00425005,6.973630905,7.008728027,6.828989983,6.919391155,4155913,0.007838803846319076,7.050054073428571,6.7869798184,0.009349598062017489,Low Risk
2010-04-06,5.195048332,7.239515781,7.444778919,6.988521099,6.973630905,7743084,0.038127179316210125,7.0742115974285715,6.806548945166666,0.017896155130858165,Low Risk
2010-04-07,5.325554371,7.421380997,7.561769009,7.235261917,7.25865984,10929010,0.025121185104299837,7.119335991999999,6.835335413666667,0.019698596690794472,Low Risk
2010-04-08,5.398058414,7.522418022,7.656424046,7.444778919,7.656424046,4507202,0.013614315858577086,7.178894247285713,6.8701486429,0.019633684819570445,Low Risk
2010-04-11,5.643043041,7.863813877,7.972294807,7.562831879,7.522418022,7850480,0.04538379202027287,7.2840328215714285,6.915526342433334,0.02381540841715954,Medium Risk
2010-04-12,5.725467205,7.978675842,8.082902908,7.806383133,7.806383133,15402448,0.01460639414876641,7.416975225571429,6.958316071866666,0.021033087581680886,Medium Risk
2010-04-13,5.71783638,7.968040943,8.029726028,7.904229164,7.978675842,9911240,-0.001332915287022618,7.566782338142858,7.003481070233333,0.01668533473692053,Low Risk
2010-04-14,5.726993084,7.980803013,8.081839561,7.923371792,7.981866837,13051611,0.0016016571816452885,7.710664067857143,7.051234006933333,0.01761360606690911,Low Risk
2010-04-15,5.630831718,7.846796989,7.981866837,7.763841152,7.980803013,11886088,-0.016791045184515352,7.797418526142857,7.0935983340333335,0.02004327693626492,Medium Risk
2010-04-18,5.548406601,7.731935024,7.863813877,7.668122768,7.846796989,2374739,-0.01463807017831853,7.841783387142857,7.1297941367,0.021219415123025505,Medium Risk
2010-04-19,5.585803509,7.784049034,7.838288784,7.684075832,7.684075832,8694191,0.006740099320317272,7.8791592459999995,7.1675498326666665,0.020969314933451635,Medium Risk
2010-04-20,5.588092804,7.787239075,7.867004871,7.763841152,7.784049034,51174014,0.00040981769077585994,7.868219988571428,7.204277404166667,0.011156942050731882,Low Risk
2010-04-21,5.63388443,7.851051807,7.891466141,7.790430069,7.891466141,4155339,0.008194525862813551,7.849987983571428,7.241926733666667,0.009811274132984864,Low Risk
2010-04-22,5.644569397,7.865941048,7.943580151,7.763841152,7.851051807,6769552,0.0018964644949515108,7.835402284285714,7.279044262599999,0.009937217207558647,Low Risk
2010-04-26,5.644569397,7.865941048,8.028662682,7.743634224,7.806383133,10624781,0.0,7.8189934321428565,7.313892936733334,0.009864060402296952,Low Risk
2010-04-27,5.755996227,8.0212183,8.098855972,7.904229164,8.098855972,7320843,0.01974045458165241,7.843910762285715,7.353669341433332,0.010400199036354063,Low Risk
2010-04-28,5.725467205,7.978675842,8.05099678,7.916991234,7.976549149,6219973,-0.005303740206147878,7.879159450571429,7.3983025391999995,0.00807058264708444,Low Risk
2010-04-29,5.72852087,7.982931137,8.019090652,7.95527792,7.978675842,4586560,0.0005333334859400907,7.907571179571429,7.445523738866666,0.008127461587511172,Low Risk
2010-05-02,5.731573105,7.987185001,8.072267532,7.880830765,7.982931137,5348496,0.0005328699354907318,7.936134883285715,7.486150980000001,0.008119443012399119,Low Risk
2010-05-03,5.797207355,8.078648567,8.14139843,7.975485802,7.987185001,4229366,0.011451289282588206,7.968648706142858,7.525182867033334,0.008506893831980205,Low Risk
2010-05-04,5.993347645,8.351979256,8.454078674,8.137144089,8.078648567,5945230,0.033833714479982735,8.038082735857143,7.571092335366667,0.013942466510270564,Low Risk
2010-05-05,5.95595026,8.299864769,8.348788261,8.242433548,8.348788261,8892839,-0.006239776872357772,8.100071838857144,7.621397765466666,0.014765383154215293,Low Risk
2010-05-06,5.936872005,8.273277283,8.346660614,8.222227097,8.299864769,4022679,-0.0032033637583233077,8.136080265,7.670746040333333,0.014207135412069942,Low Risk
2010-05-09,5.570538998,7.762777805,7.975485802,7.606437206,7.975485802,9427967,-0.06170462569276858,8.105237688285714,7.6931512991333335,0.028997814186337303,Medium Risk
2010-05-10,5.621673584,7.83403492,7.976549149,7.614945889,7.763841152,8669161,0.009179332036800547,8.083966800142857,7.718605359366666,0.029381940574448286,Medium Risk
2010-05-11,5.414848328,7.545815945,7.763841152,7.340551853,7.83403492,10664338,-0.03679061657795102,8.020914077857142,7.733282216366667,0.032046379952766234,Medium Risk
2010-05-12,5.531615734,7.708537102,7.817018032,7.236324787,7.545815945,4647441,0.02156442168561279,7.9680410114285705,7.753383111933334,0.03325561543844959,Medium Risk
2010-05-13,5.7277565,7.981866837,8.077586174,7.891466141,7.977612972,4986469,0.03545805532013113,7.915167808714285,7.7818505446,0.03358550272954657,Medium Risk
2010-05-16,5.7277565,7.981866837,7.981866837,7.981866837,7.981866837,0,0.0,7.869739532714285,7.8129768053666675,0.03365963635612123,Medium Risk
2010-05-17,5.530089855,7.706409931,7.867004871,7.551133156,7.730872154,3590941,-0.03451033594335573,7.788758482428571,7.839210764566667,0.03540479463023025,Medium Risk
2010-05-18,5.691122532,7.930817127,8.013772964,7.857432842,7.706409931,3135970,0.02911955086859508,7.812764099857143,7.871116971966667,0.029202150018141835,Medium Risk
2010-05-19,5.501089573,7.665996075,7.923371792,7.44584322,7.930817127,4695789,-0.03339139558500637,7.788758550571429,7.885332981766667,0.03209513221006277,Medium Risk
2010-05-20,5.41026926,7.539433956,7.762777805,7.44690609,7.665996075,3750691,-0.016509546543173714,7.787846837857144,7.8892680804,0.029292581534602444,Medium Risk
2010-05-23,5.346160412,7.450097084,7.519227028,7.354378223,7.539433956,2554722,-0.011849281062924377,7.750926835285715,7.886857382466667,0.027930687264747345,Medium Risk
2010-05-24,5.262972832,7.334170818,7.657486916,7.142734051,7.551133156,3790699,-0.015560369843899968,7.658398832571429,7.869202613833333,0.0217252485051646,Medium Risk
2010-05-25,5.045463085,7.031062126,7.2203722,6.85983181,7.071476936,8769383,-0.04132828366310892,7.522569588142857,7.837615489966666,0.023520902510015866,Medium Risk
2010-05-26,5.331660748,7.429890156,7.529861927,7.210800171,7.031062126,9289251,0.05672372436095863,7.483066763142857,7.8196771304,0.0350950779204524,Medium Risk
2010-05-27,5.431638241,7.569212914,7.652170181,7.508592129,7.535180092,4458196,0.01875165784079469,7.431409018428572,7.8059574604333335,0.033618343908272244,Medium Risk
2010-05-30,5.42171669,7.55538702,7.651105881,7.338425159,7.55432415,4538080,-0.001826595995790714,7.415607724857144,7.7962437948,0.03140182114447945,Medium Risk
2010-05-31,5.440033913,7.580912113,7.710663795,7.443716049,7.537306786,2133676,0.003378396491461322,7.421533175857143,7.791209697766666,0.03072647405490009,Medium Risk
2010-06-01,5.440033913,7.580912113,7.580912113,7.580912113,7.580912113,0,0.0,7.440221037142857,7.784438467066667,0.03021084391176354,Medium Risk
2010-06-02,5.379741669,7.496892929,7.709600925,7.496892929,7.561769009,4202813,-0.01108299143264313,7.4634670530000005,7.7747602622,0.029800033697239766,Medium Risk
2010-06-03,5.342344284,7.444778919,8.029726028,7.444778919,7.644724846,10636600,-0.006951414471775275,7.522569452,7.7612178326,0.023302169055293982,Medium Risk
2010-06-06,5.342344284,7.444778919,7.444778919,7.444778919,7.444778919,0,0.0,7.524696418142858,7.747179094966667,0.009458629531489996,Low Risk
2010-06-07,5.298842907,7.384158134,7.44584322,7.338425159,7.436271191,6254790,-0.008142724674508273,7.498260021,7.7311196645,0.0052532416759361,Low Risk
2010-06-08,5.333949089,7.433080196,7.508592129,7.27354908,7.384158134,2527145,0.006625272795112602,7.480787617571428,7.711515061033333,0.006524287150847698,Low Risk
2010-06-09,5.333186626,7.43201685,7.466050148,7.349061012,7.433080196,2950909,-0.00014305590306584737,7.459516865714286,7.693293094633334,0.00613678428807027,Low Risk
2010-06-10,5.277473927,7.354378223,7.392665863,7.336297989,7.392665863,1334486,-0.010446508473672234,7.427154881428571,7.6723413308333335,0.006591871200912139,Low Risk
2010-06-13,5.262972832,7.334170818,7.471367836,7.284184933,7.354378223,1813415,-0.002747670079953801,7.403908865571429,7.6505741914,0.005877791958394464,Low Risk
2010-06-14,5.266025543,7.338425159,7.377776146,7.286312103,7.334170818,4713626,0.0005800711635401967,7.388715471285714,7.6259000778,0.005746377821334195,Low Risk
2010-06-15,5.266025543,7.338425159,7.377776146,7.275675774,7.338425159,8168221,0.0,7.373522077,7.5921149412333335,0.005746377821334195,Low Risk
2010-06-16,5.342344284,7.444778919,7.470304012,7.407555103,7.470304012,4914267,0.01449272257952594,7.382182189142857,7.563612079566667,0.007756537123885811,Low Risk
2010-06-17,5.45529747,7.602182865,7.646852016,7.444778919,7.444778919,9087152,0.021142863705231774,7.406339713285715,7.541242265633333,0.010795996677922083,Low Risk
2010-06-20,5.48964119,7.650043011,7.658551216,7.573468208,7.602182865,5880615,0.0062955794210561855,7.437486307714286,7.537484439166667,0.010730994469083039,Low Risk
2010-06-21,5.498035431,7.66174078,7.737253189,7.471367836,7.650043011,5525772,0.0015291115335140937,7.481395244428571,7.531741301166667,0.008787631054578752,Low Risk
2010-06-22,5.32173872,7.416063786,7.489448071,7.338425159,7.489448071,3315089,-0.03206542756462194,7.493094239857142,7.5274162292,0.016867497297488116,Low Risk
2010-06-23,5.324027538,7.419253826,7.480939865,7.338425159,7.416063786,1885110,0.0004301527187540177,7.504641192285715,7.517773453333333,0.01686926722553683,Low Risk
2010-06-24,5.304948807,7.392665863,7.443716049,7.253342152,7.419253826,4685522,-0.0035836438034813067,7.512389864285714,7.498133420866667,0.016983072547942384,Low Risk
2010-06-27,5.189706802,7.232070923,7.392665863,7.232070923,7.392665863,617202,-0.02172354911964458,7.482003007714286,7.473140223733333,0.0177497678798583,Low Risk
2010-06-28,5.27060461,7.344807148,7.388411999,7.232070923,7.344807148,617202,0.015588373814403145,7.445235048142857,7.461086797633333,0.01652018303592368,Low Risk
2010-06-29,5.241602898,7.304391861,7.387348175,7.259723186,7.387348175,5712911,-0.005502566124013897,7.395856312428571,7.440205955433333,0.015786245068355992,Low Risk
2010-06-30,5.155363083,7.184212208,7.303328037,7.03318882,7.304391861,4412039,-0.016453067590974868,7.327637944999999,7.4241464932,0.01572960069578721,Low Risk
2010-07-04,5.047752857,7.03425312,7.178894043,6.768367767,7.184212208,2307670,-0.020873421282435523,7.273093564142857,7.407307132,0.013395162089494329,Low Risk
2010-07-05,4.914194584,6.848133087,6.902373791,6.70030117,7.03425312,8755025,-0.026459103734953415,7.191504887142857,7.387241665433334,0.014564735411635206,Low Risk
2010-07-06,5.155363083,7.184212208,7.338425159,7.006600857,6.848133087,4490682,0.04907602068043748,7.161725793571429,7.3822430451,0.027267082232767668,Medium Risk
2010-07-07,5.237787247,7.299074173,7.391602039,7.198038101,7.38096714,6161451,0.015988108601816542,7.171297686428572,7.39117678,0.026849545662999266,Medium Risk
2010-07-08,5.278999805,7.356504917,7.44584322,7.286312103,7.397984028,5221421,0.007868223097724059,7.172968796285714,7.388730605366667,0.026333922188226076,Medium Risk
2010-07-11,5.333949089,7.433080196,7.444778919,7.354378223,7.444778919,1656778,0.010409192933867883,7.191352844142857,7.3841928481,0.026413977871786915,Medium Risk
2010-07-12,5.253815174,7.321409225,7.412872791,7.289502144,7.412872791,2124527,-0.015023512198898858,7.210952418,7.376393588266667,0.026245356355725894,Medium Risk
2010-07-13,5.322501659,7.417127132,7.455414772,7.306519032,7.321409225,7893901,0.013073699892796276,7.26564870542857,7.3709340889,0.024152165362501896,Medium Risk
2010-07-14,5.345397472,7.449032784,7.48838377,7.404365063,7.444778919,8173957,0.004301618596012524,7.351491519285714,7.366538111266666,0.019150357056013166,Low Risk
2010-07-15,5.314869404,7.406492233,7.506464958,7.359695911,7.449032784,1157558,-0.005710882504286197,7.383245808571429,7.363524754733334,0.011084276651143098,Low Risk
2010-07-18,5.276710033,7.353314877,7.43414402,7.178894043,7.406492233,679034,-0.007179830117564401,7.390994480571428,7.360475953333333,0.010496038211089269,Low Risk
2010-07-19,5.298079491,7.383093834,7.402237892,7.346933842,7.353314877,1012383,0.004049732331352196,7.394792897285714,7.358419783833333,0.01018047164921265,Low Risk
2010-07-20,5.233971596,7.293756962,7.400111198,7.221436024,7.383093834,1361199,-0.012100194580840107,7.374889578142857,7.355406411433333,0.010105644261779515,Low Risk
2010-07-21,5.359135151,7.468176842,7.527735233,7.274612904,7.293756962,4316170,0.023913585400324733,7.395856380571429,7.356576299633333,0.012577209181263127,Low Risk
2010-07-22,5.49956274,7.663868904,7.870194912,7.427762985,7.44690609,5195836,0.026203458506693922,7.431105205142856,7.3643047014333325,0.015076791667182237,Low Risk
2010-07-25,5.574354649,7.768095016,7.859560013,7.683012009,7.84892416,1483127,0.013599673129273127,7.476685524,7.3780952612,0.015432750156375772,Low Risk
2010-07-26,5.510246754,7.678758144,7.823400021,7.678758144,7.768095016,4483536,-0.011500486517736053,7.515580654142857,7.389581505400001,0.016302532022934507,Low Risk
2010-07-27,5.597251892,7.800002098,7.870194912,7.731935024,7.776604176,2985125,0.015789526343493065,7.579393114285715,7.404967403366666,0.015675339789270094,Low Risk
2010-07-28,5.774312496,8.046743393,8.229672432,7.827653885,7.800002098,5648617,0.03163349085037637,7.674200194142857,7.428578011166667,0.017688829582712534,Low Risk
2010-07-29,6.018535137,8.387076378,8.508318901,8.070140839,8.046743393,7579583,0.04229449957308962,7.830388682142858,7.459987926466667,0.017012841204468682,Low Risk
2010-08-01,6.000216961,8.361551285,8.572132111,8.231799126,8.499811172,4637324,-0.003043383874141825,7.9580136025714285,7.485300207133333,0.01898852512721545,Low Risk
2010-08-02,5.791102409,8.070140839,8.304120064,7.923371792,8.304120064,12956870,-0.03485124184106447,8.016052450428571,7.499303468066667,0.026345540598811303,Medium Risk
2010-08-03,5.832314968,8.12757206,8.274339676,8.040362358,8.070140839,4989958,0.007116507895680746,8.067406313857143,7.5148311774,0.02621734725215742,Medium Risk
2010-08-04,5.791102409,8.070140839,8.087157249,8.040362358,8.087157249,3382482,-0.007066221077589585,8.123318127428572,7.536633745833333,0.025751553967393287,Medium Risk
2010-08-05,5.812472343,8.099920273,8.178622246,8.061632156,8.070140839,3680449,0.0036900761206157817,8.166163581000001,7.559322627399999,0.025500240961346968,Medium Risk
2010-08-08,5.827734947,8.121191025,8.208400726,8.095665932,8.125445366,1282264,0.002626044613167622,8.176798957,7.583606799466666,0.0227933685561285,Medium Risk
2010-08-09,5.870474339,8.18074894,8.231799126,8.131826401,8.133953094,3234579,0.007333642912309202,8.147323608714286,7.615229400033333,0.014804938059002893,Low Risk
2010-08-10,5.853683472,8.15735054,8.221162796,8.10417366,8.18074894,3476131,-0.002860178227154009,8.118152073714286,7.642314179766667,0.014805951714327623,Low Risk
2010-08-11,5.720887661,7.972294807,8.136079788,7.88933897,8.136079788,5452498,-0.02268576446391124,8.104174069142857,7.6645776113,0.010627396454400946,Low Risk
2010-08-12,5.639989376,7.859560013,7.95527792,7.817018032,7.95527792,4227419,-0.014140821021948913,8.065886633857144,7.6870892047999995,0.010727439428517617,Low Risk
2010-08-15,5.68883419,7.927626133,7.976549149,7.846796989,7.859560013,979488,0.008660296490823338,8.045527390142857,7.716868305233334,0.011754059469976845,Low Risk
2010-08-16,5.665937901,7.895720005,8.014837265,7.851051807,7.927626133,3510634,-0.004024676172251107,8.016355923285714,7.751787869166666,0.01143623164099603,Low Risk
2010-08-17,5.646095753,7.868068218,7.976549149,7.868068218,7.895720005,4702531,-0.0035021235533287953,7.980195522285714,7.7745830695,0.01111152136980595,Low Risk
2010-08-18,5.675097466,7.908483028,7.968040943,7.870194912,7.925498962,7749017,0.005136560700826465,7.941300392,7.794896698,0.010747945906928059,Low Risk
2010-08-19,5.803312778,8.087157249,8.153097153,7.970168114,7.908483028,5771701,0.02259272990375072,7.931272779000001,7.819251775733333,0.014976791793763631,Low Risk
2010-08-22,5.804839611,8.089284897,8.150970459,8.061632156,8.087157249,1682198,0.00026308972788458007,7.947985649000001,7.841125265766666,0.011606266375280715,Low Risk
2010-08-23,5.97426796,8.325389862,8.412601471,8.102046967,8.102046967,5613329,0.029187371690612807,8.014532770285713,7.874591287,0.0129516715742928,Low Risk
2010-08-24,6.035324097,8.410473824,8.46152401,8.193511009,8.325389862,5925574,0.01021981713893716,8.083511011857142,7.9077028434,0.012971688410719183,Low Risk
2010-08-25,5.888791084,8.206274033,8.380694389,8.167985916,8.380694389,5950411,-0.024279225555318806,8.127875872999999,7.932944218366667,0.01765761807546283,Low Risk
2010-08-26,5.891843796,8.210528374,8.284976006,8.15735054,8.206274033,7428963,0.0005184254124213084,8.176798752428573,7.959745423066667,0.017373029496707517,Low Risk
2010-08-29,5.856736183,8.161604881,8.306246758,8.161604881,8.210528374,2252928,-0.005958629063986254,8.21295901714286,7.9866884231999995,0.017985202320751056,Low Risk
2010-08-30,5.896422386,8.216909409,8.244561195,8.140334129,8.221162796,1155687,0.006776182969693512,8.23149504,8.0144822757,0.016266619723893302,Low Risk
2010-08-31,5.881158352,8.195638657,8.231799126,8.087157249,8.216909409,12254946,-0.002588656019099078,8.246688434285714,8.044544998866666,0.016364171100134606,Low Risk
2010-09-01,5.930003643,8.263705254,8.31475544,8.189256668,8.195638657,5540506,0.008305221819639774,8.237876347428571,8.0710626126,0.01186226687809221,Low Risk
2010-09-02,5.957478523,8.30199337,8.338152885,8.263705254,8.263705254,3801902,0.00463328674282848,8.222379139714286,8.092333428133333,0.011147947841065018,Low Risk
2010-09-05,5.923897266,8.255196571,8.310501099,8.204147339,8.295611382,670473,-0.005636814788253619,8.229368073714285,8.108570146633333,0.005850674144572763,Low Risk
2010-09-06,5.954425335,8.297738075,8.412601471,8.199892998,8.255196571,8381678,0.005153299940723999,8.24182660242857,8.129202811,0.006063425695896005,Low Risk
2010-09-07,5.867420673,8.176494598,8.242433548,8.146716118,8.242433548,5316090,-0.014611629808524706,8.243953704857143,8.141752561,0.008309658448914972,Low Risk
2010-09-08,5.896422386,8.216909409,8.274339676,8.170113564,8.176494598,5085328,0.004942804097233244,8.243953704857143,8.147424761533333,0.008097333323830808,Low Risk
2010-09-12,5.896422386,8.216909409,8.216909409,8.216909409,8.216909409,0,0.0,8.246992383714286,8.141752529233333,0.008016611015270023,Low Risk
2010-09-13,6.055165768,8.43812561,8.529589653,8.253069878,8.216909409,7416279,0.026922068869069227,8.271909577428572,8.144305006733335,0.012761171995130726,Low Risk
2010-09-14,6.088747501,8.484921455,8.552988052,8.423235893,8.43812561,6152998,0.005545763024022987,8.298042161,8.158131027266666,0.012784589252731769,Low Risk
2010-09-15,6.120800972,8.529589653,8.599783897,8.425362587,8.425362587,3397281,0.005264420918555279,8.337241172714284,8.171531613700001,0.012180129860797638,Low Risk
2010-09-16,6.119275093,8.527462959,8.589147568,8.50406456,8.529589653,2196081,-0.00024933133790949746,8.370059013285713,8.186775684366667,0.012320328108055147,Low Risk
2010-09-19,6.142169476,8.559369087,8.587020874,8.518955231,8.527462959,1478585,0.0037415733323504785,8.424755368857143,8.202090644833333,0.00928503956631751,Low Risk
2010-09-20,6.293282509,8.769949913,8.899702072,8.542352676,8.559369087,3537535,0.02460237709807722,8.503761155142858,8.2237159411,0.01142789429681687,Low Risk
2010-09-21,6.40318346,8.923100471,8.98478508,8.835889816,8.869922638,5408635,0.017463105208044505,8.604645592571428,8.248460992133333,0.010928056225423557,Low Risk
2010-09-22,6.415392399,8.940115929,8.999674797,8.852906227,8.923100471,4445079,0.0019068997435700563,8.676358495285715,8.274553171766666,0.009140279383722475,Low Risk
2010-09-23,6.445921898,8.982658386,9.018817902,8.935861588,8.940115929,3319861,0.00475860238702297,8.747463771142858,8.308231957733334,0.009184903523772703,Low Risk
2010-09-26,6.426077366,8.955005646,9.023073196,8.912464142,8.967768669,1550806,-0.003078458381886029,8.808237484428572,8.344746812166667,0.010124444529289477,Low Risk
2010-09-27,6.453552723,8.993292809,9.093265533,8.897575378,8.955005646,3737043,0.004275504060357704,8.874784605857142,8.3802690347,0.00971926181487891,Low Risk
2010-09-28,6.525292397,9.093265533,9.231526375,8.891194344,8.993292809,4587533,0.011116364842469473,8.951055526714287,8.420187218966667,0.009622045201533898,Low Risk
2010-09-29,6.688615799,9.320863724,9.431471825,9.188984871,9.093265533,7384626,0.025029313196016645,9.029757499714284,8.468613735833333,0.009740120999362037,Low Risk
2010-09-30,6.548187733,9.125171661,9.401693344,9.029454231,9.320863724,7841929,-0.02099505676669422,9.058624812571429,8.509170023600001,0.013959536204570352,Low Risk
2010-10-03,6.705407143,9.344262123,9.412327766,9.063487053,9.063487053,3408311,0.0240094619738902,9.116359983142857,8.551073519400001,0.015952597987303033,Low Risk
2010-10-04,6.909941673,9.629289627,9.716501236,9.359150887,9.344262123,8606987,0.030502943972262164,9.208735874714288,8.602407010400002,0.01829465340046128,Low Risk
2010-10-05,6.7145648,9.357024193,9.780312538,9.129426956,9.761169434,13287883,-0.028274716468864147,9.266167095714286,8.636794821433334,0.023157333073605905,Medium Risk
2010-10-07,6.700827122,9.337880135,9.412327766,9.178348541,9.357024193,3930110,-0.0020459558087198015,9.31539385657143,8.667708365133333,0.02338177569000601,Medium Risk
2010-10-10,6.621454716,9.227272034,9.359150887,9.178348541,9.337880135,2221670,-0.01184509753829699,9.334537642428572,8.701741631833332,0.024082363075899223,Medium Risk
2010-10-11,6.607718945,9.208128929,9.303847313,9.146443367,9.227272034,4197862,-0.0020746223726213486,9.318432671714286,8.734994983666667,0.02190702303000668,Medium Risk
2010-10-12,6.659613132,9.280448914,9.359150887,9.146443367,9.208128929,5208610,0.007853928366732044,9.340615136428571,8.772289784766667,0.02028911154507269,Medium Risk
2010-10-13,6.800041676,9.476140976,9.525062561,9.316610336,9.316610336,3319922,0.021086486635876867,9.359454972571429,8.814264170333333,0.01979895207994559,Low Risk
2010-10-14,6.754250526,9.412327766,9.518681526,9.359150887,9.476140976,3325601,-0.0067340925131461615,9.328460421,8.854820473966667,0.015441129364458097,Low Risk
2010-10-17,6.774093628,9.439979553,9.465504646,9.412327766,9.412327766,931610,0.00293782661286901,9.340311186714287,8.894029617266666,0.010778561707931372,Low Risk
2010-10-18,6.755776882,9.414455414,9.461251259,9.391057014,9.439979553,2473334,-0.002703834140391548,9.351250512285715,8.9311116854,0.010815517737950425,Low Risk
2010-10-19,6.743566036,9.397439003,9.463377953,9.359150887,9.414455414,3695211,-0.0018074769332590002,9.375560079285716,8.969186433133332,0.009362902273601845,Low Risk
2010-10-20,6.67640543,9.303847313,9.405946732,9.154952049,9.405946732,4152006,-0.009959276135777295,9.389234134142857,9.002723407733333,0.010438652695794711,Low Risk
2010-10-21,6.758829117,9.418708801,9.461251259,9.359150887,9.461251259,9728557,0.012345590392428996,9.40898554657143,9.044130547833333,0.011014705031131722,Low Risk
2010-10-24,6.751197338,9.408074379,9.463377953,9.37191391,9.418708801,700551,-0.0011290742950742505,9.399261747,9.083836046833333,0.007191790170717303,Low Risk
2010-10-25,6.79851675,9.474014282,9.50592041,9.401693344,9.408074379,2090805,0.0070088628494675564,9.408074106428572,9.1257395426,0.007243497466494922,Low Risk
2010-10-26,6.783252239,9.452742577,9.516554832,9.401693344,9.486776352,3862511,-0.0022452684117666433,9.409897395571429,9.159560108166668,0.007272014275101583,Low Risk
2010-10-27,6.684038162,9.314482689,9.465504646,9.182603836,9.465504646,4585149,-0.014626431099098003,9.395615577714285,9.1872121493,0.009208240330804522,Low Risk
2010-10-28,6.621454716,9.227272034,9.359150887,9.167714119,9.314482689,5001100,-0.00936290912891935,9.371306010714287,9.210468228666667,0.009682575835205666,Low Risk
2010-10-31,6.612296581,9.214509964,9.259178162,9.178348541,9.227272034,2099093,-0.0013830815817477138,9.358543532285713,9.233369795500002,0.009117392284630805,Low Risk
2010-11-01,6.505448818,9.065613747,9.227272034,8.91884613,9.180477142,14344557,-0.016158886102648817,9.308101381714286,9.2502446175,0.00831557394350453,Low Risk
2010-11-02,6.5588727,9.140062332,9.167714119,9.101775169,9.167714119,3133098,0.008212194681759488,9.269813946428572,9.262581698133335,0.009744540033172502,Low Risk
2010-11-03,6.464236736,9.008182526,9.07837677,8.933734894,9.07837677,13503766,-0.014428764401122174,9.203266552714286,9.265417766633334,0.00902076061536342,Low Risk
2010-11-04,6.471868515,9.018817902,9.195365906,8.933734894,9.008182526,6881203,0.0011806350470033866,9.14127731342857,9.268041165733335,0.00941501887670051,Low Risk
2010-11-07,6.510027885,9.071994781,9.103901863,9.044342995,9.044342995,4214754,0.005896213847294662,9.106636183714285,9.271019045566668,0.009708863588912776,Low Risk
2010-11-08,6.484080791,9.035835266,9.142189026,8.946497917,9.071994781,11984105,-0.003985839484358156,9.079288073999999,9.273713366233334,0.009395717930375294,Low Risk
2010-11-09,6.525292397,9.093265533,9.146443367,9.027326584,9.035835266,5876586,0.006355833778433295,9.061967441,9.277045790366666,0.010044097171007769,Low Risk
2010-11-10,6.485605717,9.03796196,9.101775169,8.999674797,9.093265533,5906298,-0.00608181657065876,9.058017185714286,9.275202337933333,0.008204663701071532,Low Risk
2010-11-11,6.409287453,8.9316082,8.997548103,8.880558014,8.997548103,14619417,-0.011767449395195362,9.028238024,9.2622271538,0.008181556679391905,Low Risk
2010-11-14,6.40776062,8.929480553,8.976277351,8.872050285,8.9316082,1335088,-0.0002382154425448757,9.016994884999999,9.255704116866667,0.006548474081859814,Low Risk
2010-11-21,6.497817993,9.054979324,9.082631111,8.997548103,9.016691208,2440820,0.014054431302595427,9.022160802428571,9.246061356899999,0.008770538508205685,Low Risk
2010-11-22,6.552767277,9.13155365,9.178348541,9.071994781,9.178348541,9500630,0.008456598658049153,9.030669212285714,9.229470157666666,0.009076063475488306,Low Risk
2010-11-23,6.523765564,9.09113884,9.123044968,9.044342995,9.071994781,1993789,-0.004425841598160174,9.038569722857144,9.220607312566667,0.009117539130746949,Low Risk
2010-11-24,6.441343307,8.976277351,9.076250076,8.912464142,9.076250076,11230974,-0.012634444487265029,9.021857125428571,9.208553886433332,0.010008030260704863,Low Risk
2010-11-25,6.395551205,8.912464142,8.97202301,8.867795944,8.933734894,3114556,-0.007109095062987514,9.003928865714284,9.198060290033334,0.01008840105742733,Low Risk
2010-11-28,6.349759102,8.848651886,8.976277351,8.780585289,8.912464142,1991551,-0.00715988922741162,8.992077963714285,9.186077721933334,0.009472779408358558,Low Risk
2010-11-29,6.366548061,8.872050285,8.933734894,8.827381134,8.848651886,6423726,0.002644289695362456,8.983873639714286,9.1724644343,0.009588261006240707,Low Risk
2010-11-30,6.336019993,8.829507828,8.923100471,8.7976017,8.872050285,8539585,-0.00479510999525401,8.951663426,9.150909996033334,0.00698887596099349,Low Risk
2010-12-01,6.357389927,8.859287262,8.912464142,8.827381134,8.829507828,6344566,0.0033727173224269436,8.912768227714285,9.132475312566665,0.00566991562413509,Low Risk
2010-12-02,6.371127129,8.87843132,8.9316082,8.848651886,8.859287262,4591595,0.0021609027265787617,8.882381439142858,9.113757038133333,0.00617023874912364,Low Risk
2010-12-05,6.410813808,8.933734894,8.965641022,8.869922638,8.87843132,3167360,0.006228980323970124,8.876303945285715,9.0977330208,0.005530747470987636,Low Risk
2010-12-06,6.377232075,8.886939049,8.976277351,8.848651886,8.933734894,3441958,-0.00523810540107128,8.872657503428572,9.080716355666668,0.0052029323401262964,Low Risk
2010-12-08,6.418447018,8.944371223,9.125171661,8.882684708,8.916719437,10207063,0.006462537177686745,8.886331694428572,9.068733819333334,0.004782914340639372,Low Risk
2010-12-09,6.645876408,9.261305809,9.357024193,9.135807991,9.135807991,11343522,0.03543397049364616,8.941939626428573,9.063487052933334,0.01372781871424975,Low Risk
2010-12-12,6.778672695,9.446361542,9.516554832,9.337880135,9.357024193,4087039,0.019981602682870747,9.030061585571428,9.0647632917,0.013604295482936145,Low Risk
2010-12-13,6.864151478,9.565478325,9.676086426,9.439979553,9.446361542,7697961,0.012609805634729243,9.130946023142856,9.067812093133334,0.013325276870034477,Low Risk
2010-12-14,7.111424446,9.910064697,9.995147705,9.66545105,9.995147705,7504381,0.03602395617785259,9.278322219857143,9.083056163799998,0.015510439648937583,Low Risk
2010-12-15,7.08242321,9.869649887,10.05045223,9.735644341,9.910064697,8027206,-0.004078158037881807,9.412024361714286,9.101561737066667,0.01700225938965337,Low Risk
2010-12-16,7.018314362,9.780312538,9.931336403,9.650561333,9.869649887,21381105,-0.00905172422759104,9.539649145857142,9.119996420533333,0.017781744005328115,Low Risk
2010-12-19,7.064105511,9.844124794,9.954733849,9.699483871,9.780312538,2076771,0.0065245620476919175,9.668185370285714,9.140983581533332,0.01777742833118519,Low Risk
2010-12-20,7.186216831,10.01429176,10.12064648,9.893048286,9.944098473,10702066,0.017286144737185483,9.775754791857143,9.172606181966668,0.01526255486784187,Low Risk
2010-12-21,7.177059174,10.00152874,10.09512138,9.965369225,10.01429176,14585079,-0.0012744805429956152,9.85506439157143,9.2013217289,0.015368075368526912,Low Risk
2010-12-22,7.001525402,9.756915092,10.00365639,9.599511147,10.00152874,5023807,-0.02445762586490352,9.882412501142857,9.226279481099999,0.01947063953821471,Low Risk
2010-12-23,6.967943668,9.710119247,9.784566879,9.646306992,9.756915092,1821318,-0.004796172207993221,9.85384886542857,9.249322859266666,0.012951668715695497,Low Risk
2010-12-26,6.95573473,9.693102837,9.784566879,9.648433685,9.710119247,394606,-0.001752440888432738,9.828627858285715,9.270026461133334,0.012944302154263725,Low Risk
2010-12-27,6.996945381,9.750534058,9.784566879,9.688849449,9.693102837,1255618,0.005924957360482708,9.824373789714286,9.2938497542,0.012919201345870613,Low Risk
2010-12-28,7.015263081,9.776059151,9.837743759,9.754788399,9.784566879,5631203,0.0026178148651312405,9.814650126428571,9.316609541466669,0.012653697866687125,Low Risk
2010-12-29,7.138898373,9.94835186,10.05045223,9.784566879,9.784566879,1962939,0.01762394297526071,9.805230140714286,9.346955871466667,0.012735091748798572,Low Risk
2010-12-30,7.235062122,10.08235836,10.14617062,10.02918053,10.03981686,3111650,0.0134702211869695,9.816777229285716,9.385314210133336,0.013830020500163635,Low Risk
2011-01-02,7.080897331,9.867523193,10.08023071,9.793075562,10.08023071,2607739,-0.02130802728182346,9.832578386571429,9.416582298133333,0.012873031172006985,Low Risk
2011-01-03,7.009157181,9.767551422,9.995147705,9.712246895,9.867523193,4874353,-0.010131394580447428,9.840782983,9.4403347014,0.01346490742571304,Low Risk
2011-01-04,7.059527874,9.837743759,9.952607155,9.733516693,9.767551422,5088718,0.007186277703325139,9.861445971857142,9.463874371700001,0.013592395826926958,Low Risk
2011-01-05,7.00304985,9.759041786,9.931336403,9.603764534,9.837743759,10260084,-0.008000002330615819,9.862661361571428,9.486137803233333,0.013969722970971555,Low Risk
2011-01-06,6.983209133,9.731389999,9.784566879,9.688849449,9.759041786,9479526,-0.0028334530793451274,9.856280054142857,9.511308224833334,0.01396496456177548,Low Risk
2011-01-09,6.983209133,9.731389999,9.731389999,9.731389999,9.731389999,0,0.0,9.825285502571429,9.538605753399999,0.011511172671063668,Low Risk
2011-01-10,6.891622543,9.603764534,9.784566879,9.491029739,9.731389999,9938169,-0.01311482378294515,9.756914956000001,9.563776175,0.009313393904015971,Low Risk
2011-01-11,6.804622173,9.482522011,9.591003418,9.454870224,9.591003418,5063528,-0.012624478929149863,9.701914787142856,9.584125232533333,0.007467682295347383,Low Risk
2011-01-12,6.665719986,9.288957596,9.569731712,9.223017693,9.482522011,32516450,-0.020412756730272874,9.633544240571428,9.599440224799999,0.009286614156200869,Low Risk
2011-01-13,6.732881069,9.382549286,9.454870224,9.350643158,9.359150887,4903163,0.010075585880626958,9.568516458714285,9.616882292266668,0.010060148860693317,Low Risk
2011-01-16,6.616876125,9.220890999,9.401693344,9.14431572,9.380421638,4419034,-0.017229676292904283,9.491637774857143,9.628297614900001,0.010833804423230387,Low Risk
2011-01-17,6.381812572,8.893321037,9.293211937,8.721027374,9.220890999,17884132,-0.03552476241564129,9.371913637428571,9.626950486333334,0.01461260172798758,Low Risk
2011-01-18,6.152854443,8.574258804,8.869922638,8.380694389,8.893321037,25249309,-0.03587661253569574,9.206609181000001,9.6165278115,0.015673047041508906,Low Risk
2011-01-19,6.201699734,8.642325401,8.827381134,8.289230347,8.484921455,24402345,0.007938481745879633,9.069260733428573,9.606459617433332,0.018491942097152235,Low Risk
2011-01-20,6.276493073,8.746552467,8.848651886,8.689121246,8.721027374,13617306,0.012060071932484817,8.964122227142857,9.5893011727,0.021141498605380386,Medium Risk
2011-01-23,6.311598778,8.795475006,8.861414909,8.725280762,8.746552467,4954562,0.005593351115720235,8.893624714285714,9.567604954833334,0.02155046613952325,Medium Risk
2011-01-24,6.32533741,8.814619064,8.861414909,8.78483963,8.795475006,10967707,0.002176580342385215,8.812491825428571,9.542576312800001,0.020661199031675397,Medium Risk
2011-01-25,6.32533741,8.814619064,8.814619064,8.814619064,8.814619064,0,0.0,8.754452977571429,9.506061458366668,0.020500619486244924,Medium Risk
2011-01-26,6.116221428,8.523208618,8.693374634,8.336026192,8.508318901,25387376,-0.033059902405783714,8.701579774857143,9.461180082733334,0.019926787416838863,Low Risk
2011-01-27,5.569776058,7.761713982,8.295611382,7.444778919,8.295611382,21915955,-0.08934365802003419,8.585501943142857,9.393893464200001,0.03660677223850134,Medium Risk
2011-01-30,5.569776058,7.761713982,7.761713982,7.761713982,7.761713982,0,0.0,8.459700311857144,9.324479770466667,0.03594826604251268,Medium Risk
2011-01-31,5.569776058,7.761713982,7.761713982,7.761713982,7.761713982,0,0.0,8.319009099714286,9.249393844533332,0.034722717035205644,Medium Risk
2011-02-01,5.569776058,7.761713982,7.761713982,7.761713982,7.761713982,0,0.0,8.171328953428572,9.174733352599999,0.03419320470025589,Medium Risk
2011-02-02,5.569776058,7.761713982,7.761713982,7.761713982,7.761713982,0,0.0,8.020913941714285,9.108226648933334,0.03399723133805953,Medium Risk
2011-02-03,5.569776058,7.761713982,7.761713982,7.761713982,7.761713982,0,0.0,7.870498930000001,9.043279806766666,0.03399723133805953,Medium Risk
2011-02-06,5.569776058,7.761713982,7.761713982,7.761713982,7.761713982,0,0.0,7.761713982,8.978900178266665,0.033768728620258856,Medium Risk
2011-02-07,5.569776058,7.761713982,7.761713982,7.761713982,7.761713982,0,0.0,7.761713982,8.912606175733334,0.0,Low Risk
2011-02-08,5.569776058,7.761713982,7.761713982,7.761713982,7.761713982,0,0.0,7.761713982,8.845461336766666,0.0,Low Risk
2011-02-09,5.569776058,7.761713982,7.761713982,7.761713982,7.761713982,0,0.0,7.761713982,8.7725734075,0.0,Low Risk
2011-02-10,5.569776058,7.761713982,7.761713982,7.761713982,7.761713982,0,0.0,7.761713982,8.6952185949,0.0,Low Risk
2011-02-13,5.569776058,7.761713982,7.761713982,7.761713982,7.761713982,0,0.0,7.761713982,8.625024954533332,0.0,Low Risk
2011-02-15,5.569776058,7.761713982,7.761713982,7.761713982,7.761713982,0,0.0,7.761713982,8.558163706533332,0.0,Low Risk
2011-02-17,5.569776058,7.761713982,7.761713982,7.761713982,7.761713982,0,0.0,7.761713982,8.488962713966666,0.0,Low Risk
2011-02-20,5.569776058,7.761713982,7.761713982,7.761713982,7.761713982,0,0.0,7.761713982,8.4223851205,0.0,Low Risk
2011-02-21,5.569776058,7.761713982,7.761713982,7.761713982,7.761713982,0,0.0,7.761713982,8.356729253266666,0.0,Low Risk
2011-02-22,5.569776058,7.761713982,7.761713982,7.761713982,7.761713982,0,0.0,7.761713982,8.291073386033334,0.0,Low Risk
2011-02-23,5.569776058,7.761713982,7.761713982,7.761713982,7.761713982,0,0.0,7.761713982,8.229671700966668,0.0,Low Risk
2011-02-24,5.569776058,7.761713982,7.761713982,7.761713982,7.761713982,0,0.0,7.761713982,8.172311433333332,0.0,Low Risk
2011-02-27,5.569776058,7.761713982,7.761713982,7.761713982,7.761713982,0,0.0,7.761713982,8.121403312866667,0.0,Low Risk
2011-02-28,5.569776058,7.761713982,7.761713982,7.761713982,7.761713982,0,0.0,7.761713982,8.0673754694,0.0,Low Risk
2011-03-01,5.569776058,7.761713982,7.761713982,7.761713982,7.761713982,0,0.0,7.761713982,8.018736235499999,0.0,Low Risk
2011-03-02,5.569776058,7.761713982,7.761713982,7.761713982,7.761713982,0,0.0,7.761713982,7.981016000333333,0.0,Low Risk
2011-03-03,5.569776058,7.761713982,7.761713982,7.761713982,7.761713982,0,0.0,7.761713982,7.953931172933333,0.0,Low Risk
2011-03-06,5.569776058,7.761713982,7.761713982,7.761713982,7.761713982,0,0.0,7.761713982,7.924577458966667,0.0,Low Risk
2011-03-07,5.569776058,7.761713982,7.761713982,7.761713982,7.761713982,0,0.0,7.761713982,7.891749509466666,0.0,Low Risk
2011-03-08,5.569776058,7.761713982,7.761713982,7.761713982,7.761713982,0,0.0,7.761713982,7.857290808666666,0.0,Low Risk
2011-03-09,5.569776058,7.761713982,7.761713982,7.761713982,7.761713982,0,0.0,7.761713982,7.8221939726,0.0,Low Risk
2011-03-10,5.569776058,7.761713982,7.761713982,7.761713982,7.761713982,0,0.0,7.761713982,7.787097136533333,0.0,Low Risk
2011-03-13,5.569776058,7.761713982,7.761713982,7.761713982,7.761713982,0,0.0,7.761713982,7.761713982,0.0,Low Risk
2011-03-14,5.569776058,7.761713982,7.761713982,7.761713982,7.761713982,0,0.0,7.761713982,7.761713982,0.0,Low Risk
2011-03-15,5.569776058,7.761713982,7.761713982,7.761713982,7.761713982,0,0.0,7.761713982,7.761713982,0.0,Low Risk
2011-03-16,5.569776058,7.761713982,7.761713982,7.761713982,7.761713982,0,0.0,7.761713982,7.761713982,0.0,Low Risk
2011-03-17,5.569776058,7.761713982,7.761713982,7.761713982,7.761713982,0,0.0,7.761713982,7.761713982,0.0,Low Risk
2011-03-20,5.569776058,7.761713982,7.761713982,7.761713982,7.761713982,0,0.0,7.761713982,7.761713982,0.0,Low Risk
2011-03-21,5.569776058,7.761713982,7.761713982,7.761713982,7.761713982,0,0.0,7.761713982,7.761713982,0.0,Low Risk
2011-03-22,5.569776058,7.761713982,7.761713982,7.761713982,7.761713982,0,0.0,7.761713982,7.761713982,0.0,Low Risk
2011-03-23,5.015697956,6.989583969,7.763841152,6.987456799,7.761713982,1193847,-0.09947931794325682,7.651409694428572,7.7359763149,0.03759964798174044,Medium Risk
2011-03-24,4.544044971,6.332315922,6.910881996,6.291902065,6.910881996,120254173,-0.09403536031831017,7.447209971571428,7.6883297129,0.04723889517222219,Medium Risk
2011-03-27,4.881376743,6.802401066,6.964058876,6.698174,6.332315922,8862685,0.07423589564866928,7.310165269285714,7.6563526156999995,0.060851269748120086,High Risk
2011-03-28,4.725685596,6.585439205,7.480939865,6.434415817,6.802401066,41424366,-0.031894894008003494,7.1421260154285715,7.617143456466666,0.060556107903029836,High Risk
2011-03-29,4.93174839,6.872594833,7.242706776,6.593946934,6.585439205,16645110,0.04360462818971533,7.0151089941428575,7.5875061514999995,0.06521168791363352,High Risk
2011-03-30,5.050806046,7.038506985,7.338425159,6.185547829,6.872594833,13793614,0.024141122244445867,6.911793708857142,7.5633992516,0.06677933382524283,High Risk
2011-03-31,4.983644485,6.944915771,7.74044323,6.372731209,7.038506985,24113531,-0.013297026514210386,6.7951082501428575,7.536172644566666,0.06657260889071415,High Risk
2011-04-03,5.08133316,7.081048965,7.210800171,6.913009167,6.944915771,3221444,0.019601849538399607,6.808174678142857,7.513483810666667,0.05529421641017582,High Risk
2011-04-04,5.096596241,7.102318764,7.198038101,6.976821899,7.081048965,10621072,0.003003763863960174,6.918175084142858,7.491503970066666,0.03546362458873615,Medium Risk
2011-04-05,5.083901882,6.891738892,7.019362926,6.85983181,7.019362926,6444905,-0.02964945379069439,6.930937630714285,7.4625048004,0.02862467493644517,Medium Risk
2011-04-06,5.032120705,6.821545124,7.232070923,6.721571922,6.891738892,14972253,-0.010185204213334575,6.964667047714285,7.431165838466667,0.025295425303132106,Medium Risk
2011-04-07,4.955234528,6.717318058,6.827926159,6.698174,6.821545124,9809269,-0.015279099398360918,6.942484651285715,7.396352640999999,0.019587801856754277,Low Risk
2011-04-10,4.955234528,6.717318058,6.717318058,6.717318058,6.717318058,0,0.0,6.896600518857142,7.361539443533333,0.01574068438442695,Low Risk
2011-04-11,4.729282856,6.411017895,6.591819763,6.304664135,6.562040806,14467359,-0.0455985797241224,6.820329393714286,7.316516240633333,0.021668879567286768,Medium Risk
2011-04-12,4.64298296,6.294029236,6.593946934,6.211072922,6.411017895,8785650,-0.01824806308702398,6.707898003857143,7.267593415766667,0.01691486260842052,Low Risk
2011-04-13,4.686917782,6.353587151,6.381238937,6.28552103,6.294029236,17785175,0.009462605394227719,6.600936344857142,7.220655854733334,0.01828122300032824,Low Risk
2011-04-14,4.655536175,6.311046124,6.398255825,6.172784805,6.353587151,13592173,-0.006695591952855295,6.517980235142857,7.172300259466667,0.017386798104187935,Low Risk
2011-04-17,4.548836231,6.16640377,6.359969139,6.034524918,6.311046124,7584407,-0.022918918854030523,6.424388613142858,7.1191232524,0.01778255006337185,Low Risk
2011-04-18,4.395064354,5.957950115,6.125989914,5.915409088,6.125989914,13292452,-0.03380473656528005,6.315907478428571,7.058997790166667,0.019287798020917214,Low Risk
2011-04-19,4.492348671,6.089828968,6.147261143,5.953695774,5.957950115,4282297,0.022134937428894608,6.226266179857142,7.0032682897,0.023794594129036888,Medium Risk
2011-04-20,4.294641018,5.821816921,6.038778782,5.753750801,6.038778782,8979234,-0.04400978227932395,6.1420946121428575,6.938605054333333,0.023444238823427912,Medium Risk
2011-04-21,4.326023102,5.864358902,5.998364925,5.764386177,5.821816921,10611547,0.007307337481971654,6.080713135857144,6.875359884999999,0.02453510522825467,Medium Risk
2011-04-24,4.326023102,5.864358902,5.864358902,5.864358902,5.864358902,0,0.0,6.010823386,6.812114715666667,0.023538032619130806,Medium Risk
2011-04-26,4.332300663,5.872867107,5.923916817,5.82819891,5.864358902,5988482,0.001450832928574508,5.948226383571429,6.7491531531666675,0.023991475239270785,Medium Risk
2011-04-27,4.293073177,5.819690228,5.902646065,5.751624107,5.872867107,10309457,-0.00905467091816492,5.898695877571428,6.684419028033333,0.023307539465813484,Medium Risk
2011-04-28,4.302486897,5.832452774,5.955822945,5.7771492,5.819690228,29610245,0.0021929940426375083,5.880767686,6.6201103211,0.020461734854348445,Medium Risk
2011-05-01,4.302486897,5.832452774,5.832452774,5.832452774,5.832452774,0,0.0,5.843999658285713,6.555801614166667,0.017444187300426267,Low Risk
2011-05-02,4.371527672,5.926043987,5.977094173,5.868612766,5.977094173,8277300,0.01604663023028885,5.858889239142856,6.494612614333334,0.007678965395282531,Low Risk
2011-05-03,4.351129532,5.8983922,5.957950115,5.870739937,5.926043987,11662429,-0.004666146093525447,5.863751138857142,6.432501888266667,0.0077790051011221864,Low Risk
2011-05-04,4.341714382,5.885630131,6.062177181,5.853723049,5.8983922,16627513,-0.002163652155921403,5.866789885857143,6.3699657598999995,0.007861090813836916,Low Risk
2011-05-05,4.366820335,5.919662952,5.94944191,5.851595879,5.885630131,11360113,0.005782358089535311,5.87347500657143,6.3343017260000005,0.008110905526105293,Low Risk
2011-05-08,4.338576794,5.88137579,5.923916817,5.785656929,5.919662952,3300322,-0.006467794249512937,5.882287229714286,6.319270388266667,0.007611346131519389,Low Risk
2011-05-09,4.429584503,6.00474596,6.102591991,5.870739937,5.88137579,16852112,0.020976413411597505,5.906900542,6.292681884733335,0.010605339385991739,Low Risk
2011-05-10,4.473519325,6.064303875,6.115354061,5.994111061,6.00474596,16911447,0.009918473720077259,5.940022127857143,6.275310707066667,0.010610851646022313,Low Risk
2011-05-11,4.47979641,6.072813034,6.096210957,6.036652088,6.064303875,11999699,0.0014031551148152577,5.960989134571428,6.248651313766667,0.009611938251997102,Low Risk
2011-05-12,4.531576157,6.143005848,6.279139042,5.95156908,6.072813034,12278170,0.01155853368233295,5.995933941428571,6.218801275866666,0.00925268813826804,Low Risk
2011-05-15,4.57708025,6.204691887,6.289774895,6.172784805,6.289774895,2410943,0.01004167023869651,6.041514192285715,6.1941271464000005,0.008617259994408228,Low Risk
2011-05-16,4.570804596,6.196183205,6.266376972,6.162149906,6.204691887,26827656,-0.001371330302126328,6.081017085571427,6.1646316210666665,0.009268579498958153,Low Risk
2011-05-17,4.641413689,6.291902065,6.381238937,6.24297905,6.381238937,6341971,0.015448035804164206,6.139663696285715,6.1376177311,0.00769444842048943,Low Risk
2011-05-18,4.597478867,6.232344151,6.370604038,6.17491293,6.291902065,16676345,-0.009465804360068386,6.172177723571429,6.1156379064,0.008790713716926982,Low Risk
2011-05-19,4.633568764,6.281267166,6.349332809,6.234470844,6.349332809,5764668,0.007849857744481215,6.203172479428572,6.0976286411333325,0.008645575079301467,Low Risk
2011-05-22,4.633568764,6.281267166,6.619472027,6.334444046,6.281267166,7955671,0.0,6.232951641142856,6.083093611400001,0.008760168564476159,Low Risk
2011-05-23,4.776356697,6.474831104,6.572677135,6.434415817,6.519499779,6551347,0.030816065116246794,6.280355249142858,6.075010712933333,0.01314081407877441,Low Risk
2011-05-24,4.788908958,6.491847038,6.498229027,6.40463686,6.474831104,9971411,0.0026280120248216576,6.321377413571428,6.0777050177,0.013211384678354927,Low Risk
2011-05-25,4.868934155,6.600328922,6.721571922,6.402510166,6.491847038,21710218,0.016710480602053934,6.379112516,6.087915007233334,0.013170303053829538,Low Risk
2011-05-26,4.908162117,6.653505802,6.80665493,6.564167976,6.600328922,19231806,0.008056701511155229,6.430770192714285,6.0979122956,0.012873312226287707,Low Risk
2011-05-29,4.994462967,6.770494938,6.87046814,6.642869949,6.653505802,12049236,0.01758308168376943,6.507648876571429,6.113227256066667,0.010582950852111249,Low Risk
2011-05-30,5.002307892,6.781129837,6.87046814,6.70030117,6.770494938,8263633,0.0015707712800006046,6.579057829571428,6.133718124966667,0.01123437796016151,Low Risk
2011-05-31,4.975633144,6.744969845,6.80665493,6.689665794,6.781129837,14178700,-0.005332443541001042,6.645301069428571,6.159952115966666,0.012244116500602505,Low Risk
2011-06-01,4.883054733,6.619472027,6.710937023,6.589693069,6.710937023,10404282,-0.018606134776574468,6.665964058428571,6.177606884599999,0.012677269746615968,Low Risk
2011-06-02,4.704177856,6.376985073,6.555659771,6.306791782,6.555659771,16900714,-0.03663237083122728,6.649555206285713,6.196112489666667,0.01971773177349119,Low Risk
2011-06-05,4.768510818,6.464194775,6.530135155,6.413146019,6.530135155,1912744,0.013675694862332888,6.6301074710000005,6.2161070187666665,0.019256019004751695,Low Risk
2011-06-06,4.716731071,6.394001961,6.447178841,6.379111767,6.447178841,7907474,-0.010858709621725526,6.593035493714287,6.233761787400001,0.018798357350912506,Low Risk
2011-06-07,4.779495716,6.479084969,6.528007984,6.434415817,6.528007984,23761913,0.013306690945508182,6.5514054981428576,6.253969049466666,0.017974044147851295,Low Risk
2011-06-08,4.748112679,6.436542988,6.538642883,6.381238937,6.479084969,9868853,-0.006566047706357714,6.502178805428572,6.274530808133334,0.017653637274317593,Low Risk
2011-06-09,4.748112679,6.436542988,6.436542988,6.436542988,6.436542988,0,0.0,6.458117825857143,6.294667148599999,0.01786584254288652,Low Risk
2011-06-12,4.749682426,6.438670158,6.474831104,6.381238937,6.428034782,1877884,0.0003304833050856715,6.432288987428572,6.314874394733334,0.017151179168615943,Low Risk
2011-06-13,4.766941547,6.462068081,6.483338833,6.425908089,6.438670158,3397009,0.003633968261431697,6.444443702857143,6.332741864533333,0.009240411297958627,Low Risk
2011-06-14,4.86736393,6.598200798,6.666267872,6.487593174,6.462068081,7297548,0.021066431875000236,6.4635874204285715,6.3560688178,0.011050822664270325,Low Risk
2011-06-15,4.862657547,6.591819763,6.647123814,6.562040806,6.598200798,3597264,-0.0009670871189512154,6.491847106428572,6.3796084722,0.009510228611187993,Low Risk
2011-06-16,4.839120865,6.559914112,6.591819763,6.498229027,6.591819763,2504212,-0.004840188619702035,6.503394126857143,6.400950177533333,0.009144191900154744,Low Risk
2011-06-19,4.906591892,6.651378155,6.70030117,6.562040806,6.70030117,3191831,0.013942872031309728,6.534084865,6.426616923033333,0.009298125315904265,Low Risk
2011-06-20,4.879918098,6.615218163,6.742843151,6.568421841,6.651378155,4041620,-0.0054364661213582854,6.55960989,6.446965996466667,0.009963102780476333,Low Risk
2011-06-21,4.807739258,6.517372131,6.636488914,6.434415817,6.615218163,4688107,-0.01479105141947823,6.570853028999999,6.462068271666667,0.012256878836221782,Low Risk
2011-06-22,4.735561848,6.419527054,6.559914112,6.381238937,6.517372131,5880042,-0.015012964586539224,6.564775739428571,6.473625405666667,0.013729963571169953,Low Risk
2011-06-23,4.710454464,6.385492802,6.483338833,6.372731209,6.419527054,7519308,-0.005301675920002968,6.534388882857143,6.481708304133334,0.009751642079957963,Low Risk
2011-06-26,4.663381577,6.321681023,6.464194775,6.277011871,6.385492802,1965163,-0.009993242648400402,6.495797634285715,6.485607942000001,0.009783358864111098,Low Risk
2011-06-27,4.531576157,6.143005848,6.33869791,6.062177181,6.321681023,10827341,-0.0282638706935594,6.436239310857142,6.483835363433333,0.012871381041735342,Low Risk
2011-06-28,4.530007362,6.140879154,6.18980217,6.072813034,6.143005848,10637931,-0.0003461976193123162,6.363310882142857,6.4788012664,0.009181507522194283,Low Risk
2011-06-29,4.446844101,6.028143883,6.143005848,5.962204933,6.140879154,3253347,-0.018358164714341818,6.279443127857142,6.4719945908,0.009103262922224395,Low Risk
2011-06-30,4.669657707,6.330189228,6.421654224,6.013254166,6.028143883,16861340,0.05010586191411237,6.252702713142858,6.4736253262,0.025477072152998808,Medium Risk
2011-07-03,4.699470997,6.370604038,6.383366108,6.306791782,6.330189228,1611777,0.006384455273664713,6.245713710857143,6.476603221933333,0.025201054812903936,Medium Risk
2011-07-04,4.701040268,6.372731209,6.381238937,6.321681023,6.370604038,2177412,0.000333904130175533,6.243890626142857,6.4731998921,0.025124094735588662,Medium Risk
2011-07-05,4.702609062,6.374857903,6.591819763,6.29615593,6.372731209,4339404,0.000333717825254487,6.251487323285714,6.469300254266667,0.024741116604227384,Medium Risk
2011-07-06,4.602185726,6.238725185,6.300409794,6.172784805,6.300409794,3078962,-0.02135462783192954,6.265161514285714,6.457246796366666,0.023462651167538873,Medium Risk
2011-07-07,4.668088436,6.328062057,6.381238937,6.168530941,6.238725185,1308822,0.014319731892469933,6.291901929,6.446398671533333,0.023824128737110113,Medium Risk
2011-07-10,4.594341278,6.228089809,6.359969139,6.181293964,6.328062057,2471115,-0.015798240772530447,6.320465632714286,6.428318500566666,0.02343049166494318,Medium Risk
2011-07-11,4.410754204,5.979220867,6.194056034,5.870739937,6.194056034,4680214,-0.03995911260630303,6.270327295428571,6.401588201566667,0.018728417240512978,Low Risk
2011-07-12,4.192649841,5.683557034,5.934553146,5.424053192,5.979220867,22736813,-0.049448555184138265,6.172177723428573,6.366207774533334,0.02300146570046581,Medium Risk
2011-07-13,4.235015392,5.740987778,5.845214844,5.617618084,5.683557034,17319983,0.010104718516316336,6.081928661857143,6.336924966233334,0.024407084078152185,Medium Risk
2011-07-14,4.200494289,5.694191933,5.794165134,5.636761189,5.740987778,8901376,-0.008151183526174055,5.984690666142858,6.314165194899999,0.023746876966612457,Medium Risk
2011-07-17,4.355836868,5.904773235,5.977094173,5.796291828,5.694191933,2227537,0.03698177098309641,5.936983244714286,6.295517810233334,0.030678906432187462,Medium Risk
2011-07-18,4.256983757,5.770767212,5.889883995,5.743114948,5.889883995,2901042,-0.02269452486434065,5.857369695428572,6.2747433186,0.029473235970255897,Medium Risk
2011-07-19,4.239722729,5.747368813,5.764386177,5.72184515,5.764386177,5940143,-0.004054642674087505,5.788695267428571,6.250352780066667,0.029602054359333406,Medium Risk
2011-07-20,4.239722729,5.747368813,5.764386177,5.743114948,5.747368813,11679015,0.0,5.755573545428571,6.2273803075666665,0.02681568049993927,Medium Risk
2011-07-21,4.252275467,5.764386177,5.796291828,5.743114948,5.747368813,2491805,0.0029608964647456215,5.767120565857143,6.204975080533333,0.018455671725095137,Low Risk
2011-07-24,4.252275467,5.764386177,5.764386177,5.764386177,5.764386177,0,0.0,5.770463194285715,6.182498947833333,0.01812323341033467,Low Risk
2011-07-25,4.263259888,5.779275894,5.849469185,5.679303169,5.764386177,7168950,0.0025830533456294713,5.782618045857143,6.159739208266666,0.017696586079276513,Low Risk
2011-07-26,4.269535542,5.7877841,5.849469185,5.762259007,5.779275894,2528644,0.0014721923915819168,5.765905312285715,6.132725318333333,0.009068815974579512,Low Risk
2011-07-27,4.245999336,5.755877972,5.804800987,5.723971844,5.7877841,2335582,-0.005512667274509941,5.763778277999999,6.104860591966667,0.003253364182915184,Low Risk
2011-07-28,4.263259888,5.779275894,5.955822945,5.745242119,5.755877972,1446776,0.004065048306065799,5.768336432428572,6.078839318033333,0.003164668555437364,Low Risk
2011-07-31,4.263259888,5.779275894,5.779275894,5.779275894,5.779275894,0,0.0,5.772894586857143,6.049769242666667,0.003164668555437364,Low Risk
2011-08-01,4.263259888,5.779275894,5.779275894,5.779275894,5.779275894,0,0.0,5.775021689285715,6.021904500366666,0.0030216509019427825,Low Risk
2011-08-02,4.263259888,5.779275894,5.779275894,5.779275894,5.779275894,0,0.0,5.7771487917142865,5.997301292466667,0.0030216509019427825,Low Risk
2011-08-03,4.263259888,5.779275894,5.779275894,5.779275894,5.779275894,0,0.0,5.7771487917142865,5.9759595871333335,0.0028601102071772674,Low Risk
2011-08-04,4.244429588,5.753750801,5.82819891,5.530406952,5.704827785,4036176,-0.004416659364973485,5.772286891857143,5.954901520433333,0.0032017749048002075,Low Risk
2011-08-07,4.065551758,5.511263847,5.71120882,5.455959797,5.71120882,2165019,-0.042144152985884475,5.737342016857143,5.927887614566667,0.01609439264839568,Low Risk
2011-08-08,4.04829216,5.487865925,5.594220161,5.434689045,5.511263847,2759581,-0.004245473025708324,5.695712021285715,5.906049617133333,0.015518303502198023,Low Risk
2011-08-09,3.878828526,5.258141041,5.438942909,5.117753983,5.487865925,6647817,-0.041860513201222305,5.621264185142857,5.876625013366667,0.01974516593282574,Low Risk
2011-08-10,3.944730282,5.347477913,5.430435181,5.296429157,5.430435181,11796275,0.01699020077692892,5.559578759285714,5.8539361477,0.022496276318880813,Medium Risk
2011-08-11,3.929040432,5.326208115,5.368749142,5.296429157,5.347477913,8132176,-0.003977538261222491,5.494854790857143,5.8204701106000005,0.02222631139325705,Medium Risk
2011-08-14,3.929040432,5.326208115,5.402782917,5.326208115,5.326208115,820871,0.0,5.4301308224285725,5.785656913166666,0.02222631139325705,Medium Risk
2011-08-15,3.930609226,5.328334808,5.349606037,5.275157928,5.349606037,3631504,0.0003992883781636092,5.369357109142858,5.7508436998,0.022549928403473658,Medium Risk
2011-08-16,3.958853006,5.366621971,5.424053192,5.302810192,5.328334808,2094110,0.007185577554645217,5.348693984,5.7172358354,0.018410376636674653,Low Risk
2011-08-17,4.10477972,5.564441204,5.679303169,5.368749142,5.366621971,4625787,0.036861033638845964,5.359633309571429,5.6947597027,0.023918476251007643,Medium Risk
2011-08-18,4.10477972,5.564441204,5.564441204,5.564441204,5.564441204,0,0.0,5.4033904757142865,5.669305674266667,0.014395454038357933,Low Risk
2011-08-21,4.081243038,5.532534122,5.585711002,5.400654793,5.683557034,1740583,-0.005734103538925672,5.429827077,5.6461204847,0.014645112067441776,Low Risk
2011-08-22,4.222462654,5.723971844,5.796291828,5.555932045,5.532534122,4236192,0.03460217646715491,5.486650466857142,5.637612183933332,0.01766762552590337,Low Risk
2011-08-23,4.225600719,5.728226185,5.796291828,5.660159111,5.723971844,2536844,0.0007432498125334863,5.5440816197142855,5.639101155633333,0.017596281385740715,Low Risk
2011-08-24,4.322886467,5.860105038,5.930297852,5.679303169,5.728226185,5610221,0.023022633663688064,5.620048795428572,5.643071730966667,0.01749213334361482,Low Risk
2011-08-25,4.402910233,5.968585968,6.006873131,5.851595879,5.860105038,5220847,0.018511772279942607,5.706043652142858,5.6522181988,0.017299864006360324,Low Risk
2011-08-28,4.337007523,5.879248142,5.977094173,5.813309193,5.968585968,379919,-0.014968005232558701,5.751016071857143,5.651367362366667,0.017685509355025983,Low Risk
2011-08-29,4.308763027,5.840960979,5.902646065,5.800546169,5.879248142,1081242,-0.006512254981463572,5.790518896857143,5.6537071546,0.0183373079479127,Low Risk
2011-09-04,4.238153934,5.745242119,5.934553146,5.745242119,5.840960979,1796006,-0.01638751916750303,5.820905753571429,5.6536362648,0.019950654969292714,Low Risk
2011-09-05,4.369958401,5.923916817,5.998364925,5.745242119,5.817563057,4084416,0.031099594116165807,5.849469321142857,5.659521198266666,0.019128226060579488,Low Risk
2011-09-06,4.445275784,6.026017189,6.083447933,5.849469185,5.923916817,5119224,0.017235281175285833,5.892010893142857,5.668242232,0.01951777159124577,Low Risk
2011-09-07,4.396632671,5.960076809,6.026017189,5.870739937,6.026017189,1722365,-0.010942613990608696,5.906292574714286,5.674765253066667,0.019214557255303695,Low Risk
2011-09-08,4.355836868,5.904773235,5.955822945,5.855851173,5.955822945,2287586,-0.009279003571982303,5.89717647,5.678948497766667,0.018218529274580487,Low Risk
2011-09-11,4.260120869,5.77502203,5.88137579,5.77502203,5.853723049,1145923,-0.02197395223086851,5.882287025428572,5.6785230954333334,0.019251687081481266,Low Risk
2011-09-12,4.128315926,5.596346855,5.796291828,5.596346855,5.7877841,2942635,-0.03093930621767682,5.847342150571429,5.673205391533333,0.02212231854897271,Medium Risk
2011-09-13,4.026324749,5.458086967,5.65803194,5.458086967,5.65803194,5568831,-0.024705382204191495,5.806319986,5.662499093966667,0.022987024191197063,Medium Risk
2011-09-14,4.038876534,5.475102901,5.568695068,5.362368107,5.530406952,3997687,0.0031175637366864795,5.742203712285715,5.6523599942,0.016858770977933566,Low Risk
2011-09-15,3.834892511,5.198583126,5.479356766,4.949715137,5.475102901,11112624,-0.0505049457517035,5.6239988461428565,5.6330035686,0.017338545556168216,Low Risk
2011-09-18,3.819202185,5.177311897,5.349606037,5.177311897,5.317698956,3763074,-0.004091735860414447,5.512175287285714,5.6129381020333335,0.018158171787248677,Low Risk
2011-09-19,3.765852928,5.104990959,5.419798851,5.104990959,5.104990959,3495547,-0.013968820005205052,5.397920676428571,5.590461937533333,0.01778943311480583,Low Risk
2011-09-20,3.867844582,5.243251801,5.743114948,5.243251801,5.743114948,3057727,0.027083464615397457,5.321953500857142,5.573445304200001,0.025202241419391577,Medium Risk
2011-09-21,3.853722811,5.224108219,5.317698956,5.190074921,5.311317921,2702183,-0.0036510895769586993,5.268776552857143,5.563873449933333,0.02413014875818929,Medium Risk
2011-09-22,3.787819386,5.134769917,5.236869812,5.104990959,5.224108219,5492760,-0.017101158370930736,5.222588402857143,5.552103583,0.02349602046202429,Medium Risk
2011-09-25,3.659153461,4.960350037,5.156041145,4.849741936,5.134769917,2827928,-0.03396839251210393,5.149052279428572,5.542177216200001,0.024609040168563804,Medium Risk
2011-09-26,3.748592854,5.081593037,5.145405769,4.960350037,4.960350037,3371335,0.02444242827534948,5.132339409571428,5.533314387000001,0.02212806370812802,Medium Risk
2011-09-27,3.720349312,5.043305874,5.151786804,4.92206192,5.081593037,6145321,-0.007534480372832886,5.113195692,5.5238843123,0.022193589562691685,Medium Risk
2011-09-28,3.566576481,4.834852219,4.9752388,4.758276939,4.9752388,3092911,-0.04133274090604955,5.074604443428571,5.507505782433333,0.02635822148951216,Medium Risk
2011-09-29,3.596389294,4.875267029,4.892282963,4.849741936,4.892282963,3933476,0.008359057975169781,5.022035190285714,5.4924035231333335,0.023008280855029168,Medium Risk
2011-10-02,3.632478952,4.924190044,5.058196068,4.862504005,4.875267029,1899881,0.010034940590738284,4.979189736714285,5.4776557922333335,0.0241994933309458,Medium Risk
2011-10-03,3.558730841,4.824216843,4.892282963,4.785929203,4.892282963,3052941,-0.020302466010997056,4.934825011857143,5.452981646866666,0.02442588093618831,Medium Risk
2011-10-04,3.486551762,4.726370811,4.819962978,4.679574966,4.819962978,4145241,-0.020282262423998665,4.901399408142857,5.4250459671,0.022532571889820347,Medium Risk
2011-10-05,3.513226748,4.762530804,4.86888504,4.717863083,4.726370811,5685409,0.007650688963261709,4.855819089142857,5.3993791898333345,0.01933682441611329,Low Risk
2011-10-09,3.599528074,4.879520893,4.934824944,4.756149769,4.762530804,6630676,0.024564689198806056,4.832421234714286,5.3712308248,0.023182099959467982,Medium Risk
2011-10-10,3.579129219,4.851869106,4.907173157,4.594491959,4.879520893,8465521,-0.005666906158690366,4.834852218571428,5.342018922166667,0.016760529801182113,Low Risk
2011-10-11,3.618356943,4.905045986,4.956096172,4.817835808,4.851869106,8557341,0.010960081329119076,4.839106355285715,5.3101836204333335,0.01698792099869676,Low Risk
2011-10-12,3.61207962,4.896537781,4.934824944,4.888029099,4.905045986,10366272,-0.0017345821067292766,4.8351560319999995,5.2744486808666675,0.016519973151717743,Low Risk
2011-10-13,3.714072704,5.034798145,5.073084831,4.894410133,4.896537781,7421761,0.028236351925331915,4.865239075142857,5.246300347633333,0.017091427634541044,Low Risk
2011-10-16,3.70779562,5.026288986,5.130516052,5.026288986,5.070958138,2759684,-0.0016900695429965529,4.908084528714285,5.219144614533334,0.013307393387197093,Low Risk
2011-10-17,3.762713909,5.100737095,5.232615948,5.100737095,5.100737095,4766633,0.014811744650449876,4.956399713142857,5.197661113733333,0.013469354124421682,Low Risk
2011-10-18,3.742316008,5.073084831,5.179439068,5.073084831,5.073084831,3058996,-0.005421229027292251,4.984051704285714,5.169300047533333,0.012788865906221768,Low Risk
2011-10-19,3.742316008,5.073084831,5.073084831,5.073084831,5.073084831,0,0.0,5.015653950714286,5.1375356356,0.012115289313170421,Low Risk
2011-10-20,3.797234535,5.14753294,5.275157928,5.14753294,5.181566238,6067740,0.014675116123639587,5.050294944142857,5.110450839966666,0.012423153244702955,Low Risk
2011-10-23,3.907072783,5.296429157,5.396400928,5.296429157,5.296429157,2485336,0.02892574340670473,5.107422283571429,5.090172704033334,0.014125831243890403,Low Risk
2011-10-24,3.911780119,5.302810192,5.509137154,5.302810192,5.302810192,4588722,0.0012047805815671442,5.145709718857143,5.074432309433334,0.012324107146607907,Low Risk
2011-10-25,3.911780119,5.302810192,5.302810192,5.302810192,5.302810192,0,0.0,5.185212748285714,5.064647754,0.012129051466165424,Low Risk
2011-10-26,4.045153618,5.483612061,5.53678894,5.424053192,5.53678894,4282072,0.03409548191499745,5.239909171999999,5.0654985904666665,0.015674145173697914,Low Risk
2011-10-27,4.027893543,5.460214138,5.532534122,5.445323944,5.483612061,9461943,-0.004266881526212907,5.295213358714285,5.065002298366666,0.015483671451199247,Low Risk
2011-10-30,4.198925972,5.692064762,5.738861084,5.528279781,5.460214138,5958694,0.04246181892143208,5.383639063142858,5.081451686233334,0.01861200112913916,Low Risk
2011-10-31,4.183235645,5.670794964,5.71120882,5.647397041,5.692064762,6161366,-0.0037367456080255046,5.458390780857143,5.0979011218000005,0.0201849911905114,Medium Risk
2011-11-01,4.197356701,5.689938068,5.726099014,5.636761189,5.670794964,4009642,0.003375735522360923,5.514606339571428,5.117399358766667,0.019349580024469543,Low Risk
2011-11-02,4.178527355,5.664412975,5.698447227,5.636761189,5.689938068,2300515,-0.004486005417800976,5.56626388,5.131438064566667,0.019913962928205405,Low Risk
2011-11-03,4.186372757,5.675048828,5.709082127,5.638887882,5.664412975,1714331,0.0018776620008007505,5.619440828,5.146469418200001,0.019774713575506666,Low Risk
2011-11-06,4.186372757,5.675048828,5.675048828,5.675048828,5.675048828,0,0.0,5.646788937571429,5.164478715233334,0.016797608722057152,Low Risk
2011-11-10,4.175388813,5.660159111,5.689938068,5.604855061,5.689938068,1768739,-0.0026237161038221712,5.675352505142857,5.1878056843666664,0.01665689190330911,Low Risk
2011-11-13,4.074966431,5.524025917,5.660159111,5.468721867,5.660159111,697058,-0.024051124947254032,5.651346955857143,5.202553447033333,0.00920877716920867,Low Risk
2011-11-14,3.955715179,5.362368107,5.466595173,5.243251801,5.524025917,3843663,-0.02926449159163136,5.6072859762857155,5.213188854799999,0.013177932385979058,Low Risk
2011-11-15,3.913348675,5.304936886,5.370875835,5.217727184,5.362368107,3091237,-0.01071004822011934,5.552285807428571,5.2288583437,0.012212512446623035,Low Risk
2011-11-16,3.827047825,5.187946796,5.304936886,5.09435606,5.304936886,5240748,-0.022053059727956903,5.484219210428572,5.2392810026,0.012710786493021806,Low Risk
2011-11-17,3.725055456,5.049686909,5.126262188,5.019907951,5.126262188,9744763,-0.02665021297184489,5.3948817934285715,5.243464231433334,0.011917331385361182,Low Risk
2011-11-20,3.60894227,4.892282963,4.983747959,4.892282963,4.983747959,11150342,-0.031171030766176888,5.2830580984285715,5.2457331021,0.010469267719504427,Low Risk
2011-11-21,3.44261694,4.666812897,4.871013165,4.526425838,4.917808056,13764118,-0.04608688166755992,5.141151496428572,5.2437478383,0.010687596463714822,Low Risk
2011-11-22,3.268446684,4.430706978,4.596619129,4.349877834,4.596619129,5713245,-0.05059254017913972,4.984963076571428,5.2326870441,0.013693925722685248,Low Risk
2011-11-23,3.240202427,4.392419815,4.566840172,4.232889175,4.430706978,9724533,-0.008641321394104562,4.846399034857143,5.216450341500001,0.016116767682290617,Low Risk
2011-11-24,3.367300034,4.564713001,4.626398087,4.486011028,4.392419815,9856766,0.03922511810269658,4.740652765571428,5.206878471333334,0.030058842247425593,Medium Risk
2011-11-27,3.367300034,4.564713001,4.564713001,4.564713001,4.564713001,0,0.0,4.651619366285715,5.1955340385,0.031051376568596262,Medium Risk
2011-11-28,3.367300034,4.564713001,4.564713001,4.564713001,4.564713001,0,0.0,4.582337379428572,5.1844732124999995,0.03140323251747184,Medium Risk
2011-11-29,3.619926691,4.907173157,5.017780781,4.647668839,4.564713001,15298343,0.07502337078475163,4.58446455,5.180219046233333,0.0445608346264869,Medium Risk
2011-11-30,3.648169518,4.945459843,5.04117918,4.900792122,4.907173157,4054332,0.007802187690358009,4.624271256571428,5.177524741466667,0.039366991842032635,Medium Risk
2011-12-01,3.784682035,5.130516052,5.179439068,4.998637199,4.945459843,8261198,0.03741941394225168,4.724243981428572,5.178517373366666,0.030146787137628018,Medium Risk
2011-12-04,3.762713909,5.100737095,5.211345196,4.951841831,5.130516052,6601514,-0.005804281031026259,4.825432164285715,5.179439115500001,0.02968888914680288,Medium Risk
2011-12-05,3.656015635,4.956096172,4.988001823,4.841232777,5.100737095,11970763,-0.028356866920623114,4.881344045857142,5.175539493533333,0.03383480037143647,Medium Risk
2011-12-06,3.624633551,4.913554192,4.988001823,4.828471184,4.956096172,6222605,-0.008583768055257845,4.931178501714285,5.167740201933333,0.03450371604850749,Medium Risk
2011-12-07,3.569714785,4.839106083,5.062449932,4.785929203,4.913554192,12780154,-0.015151579913622037,4.970377513428572,5.152496099466666,0.03576616801493686,Medium Risk
2011-12-08,3.533625603,4.790184021,4.849741936,4.758276939,4.839106083,5301559,-0.010109731252196608,4.953664779714286,5.135408560433333,0.020937142550138833,Medium Risk
2011-12-11,3.508518934,4.756149769,4.966731071,4.683829784,4.790184021,2279143,-0.007104998858247336,4.926620483428572,5.1171865463333335,0.020375639047843216,Medium Risk
2011-12-12,3.353177786,4.545568943,4.690210819,4.46686697,4.690210819,6613070,-0.04427548252843927,4.843056610714286,5.085918442400001,0.014247161128105989,Low Risk
2011-12-13,3.384560823,4.588110924,4.624270916,4.486011028,4.545568943,4524517,0.009359000277734841,4.769824300571429,5.056848335266666,0.0171083376060495,Low Risk
2011-12-14,3.389267445,4.594491959,4.630652905,4.551950932,4.588110924,2311069,0.001390776096240609,4.718166555857143,5.020262575166667,0.016898743193471354,Low Risk
2011-12-15,3.3971138,4.605127811,4.65192318,4.558331966,4.594491959,6789650,0.0023149136171989326,4.6741056442857145,4.984740336733334,0.017606934935212364,Low Risk
2011-12-18,3.230787277,4.379656792,4.52004385,4.341370106,4.52004385,3221552,-0.048960860209228296,4.608470031285714,4.9410642942,0.023274389789000947,Medium Risk
2011-12-19,3.249616623,4.405181885,4.509408951,4.35838604,4.379656792,3653525,0.005828103482132585,4.553469726142857,4.899089924533333,0.024457857675056552,Medium Risk
2011-12-20,3.114673853,4.222252846,4.381783962,4.158441067,4.381783962,6360381,-0.04152587651894424,4.477198737142857,4.8506633917999995,0.026748123979344403,Medium Risk
2011-12-21,3.130365372,4.243524075,4.296700954,4.179711819,4.222252846,3856864,0.005037886118106627,4.434049470285714,4.802945900033333,0.024640683752425212,Medium Risk
2011-12-22,3.026804209,4.103137016,4.18396616,4.043578148,4.18396616,6430477,-0.03308265878048544,4.3647674834285715,4.751045163533333,0.024445354515072105,Medium Risk
2011-12-25,3.077015638,4.171203136,4.264794827,4.047832966,4.103137016,1567557,0.016588800163040984,4.304297651571429,4.705951070833334,0.026767545705802503,Medium Risk
2011-12-26,3.020527124,4.094627857,4.190347195,4.054214001,4.171203136,1563946,-0.01835807955242197,4.2313690867142855,4.6636930625,0.02587012963749398,Medium Risk
2011-12-27,3.011113405,4.081865788,4.211617947,4.041450977,4.094627857,2970814,-0.0031167836115271186,4.188827514714285,4.622924025900001,0.0217074821498989,Medium Risk
2011-12-28,2.943641186,3.99040103,4.081865788,3.935096979,4.081865788,4353790,-0.022407585832167953,4.129573106857143,4.5830058337,0.020927963922069824,Medium Risk
2011-12-29,2.934226751,3.97763896,4.026562214,3.952114105,3.99040103,4479704,-0.003198192338076833,4.094628266,4.547270902066667,0.0171492839434469,Low Risk
2012-01-01,2.934226751,3.97763896,3.97763896,3.97763896,3.97763896,0,0.0,4.056644678142858,4.516782768633334,0.016589777051292356,Low Risk
2012-01-02,2.98286891,4.043578148,4.079739094,3.99040103,4.079739094,969512,0.016577469363886044,4.048136268428571,4.4960082770000005,0.01517346372600822,Low Risk
2012-01-03,2.960901737,4.013799191,4.049960136,3.979765892,4.043578148,3086870,-0.007364506362942058,4.025649990571429,4.482111350766667,0.012801423268111348,Low Risk
2012-01-04,3.007974625,4.077611923,4.094627857,4.041450977,4.094627857,3044004,0.015898336952950842,4.023219142857143,4.471617754366666,0.013552276618119277,Low Risk
2012-01-05,3.011113405,4.081865788,4.111645222,4.022307873,4.077611923,2343480,0.0010432245834886,4.023219142857143,4.455522847266667,0.013510361452283445,Low Risk
2012-01-08,3.011113405,4.081865788,4.081865788,4.081865788,4.081865788,0,0.0,4.036285536857142,4.4394279401666665,0.009290116369594157,Low Risk
2012-01-09,3.08172369,4.177585125,4.281811237,4.079739094,4.081865788,5083349,0.023449898152310356,4.064849274714286,4.426523677633333,0.011411087415597506,Low Risk
2012-01-10,3.160177946,4.283937931,4.320098877,4.232889175,4.177585125,7395415,0.025457962630982767,4.108606270571429,4.4057491701,0.012754023232522891,Low Risk
2012-01-11,3.141349077,4.258413792,4.313717842,4.213745117,4.283937931,5570881,-0.005958101963919438,4.139297076857143,4.382847635066667,0.01382891680773611,Low Risk
2012-01-12,3.147625208,4.266921997,4.296700954,4.213745117,4.258413792,4908696,0.0019979751653029787,4.175457477714286,4.354061166566667,0.012544310441337378,Low Risk
2012-01-15,3.124088764,4.235015869,4.371149063,4.235015869,4.266921997,3568088,-0.007477551270548832,4.197943755714285,4.325203792366667,0.013432554069808625,Low Risk
2012-01-16,3.196267605,4.332860947,4.371149063,4.235015869,4.266921997,3568088,0.023103827949316313,4.233800207,4.304429284866667,0.014736712322895773,Low Risk
2012-01-17,3.207251549,4.347751141,4.362639904,4.309463024,4.313717842,5856733,0.0034365732439001206,4.271783828857143,4.285569183166667,0.014454934195471947,Low Risk
2012-01-18,3.175869226,4.30520916,4.343496799,4.254158974,4.343496799,7569555,-0.009784824296593664,4.290015833857143,4.267772619066666,0.014431126902824826,Low Risk
2012-01-19,3.131934404,4.245650768,4.317972183,4.186092854,4.30520916,4834204,-0.013834029843047269,4.284546239142857,4.249621510633333,0.012367727394953723,Low Risk
2012-01-22,3.095844984,4.19672823,4.245650768,4.158441067,4.245650768,3445719,-0.011522977435811654,4.275734016,4.2309741260000004,0.012891080851704682,Low Risk
2012-01-23,3.13350296,4.247777939,4.275430202,4.179711819,4.19672823,3232450,0.012164168419359411,4.272999150571429,4.2210477592,0.013947463631102879,Low Risk
2012-01-24,3.202544451,4.341370106,4.41369009,4.243524075,4.247777939,11890897,0.022033206147785034,4.288192613,4.212823065266667,0.015839481531681982,Low Risk
2012-01-26,3.503812075,4.749769211,4.775293827,4.403055191,4.341370106,18582982,0.09407147859510312,4.347750936428571,4.217998973666667,0.03782086958667523,Medium Risk
2012-01-29,3.646600485,4.943333149,5.045433044,4.749769211,4.749769211,14231336,0.04075228277443976,4.432834080428572,4.229272484933333,0.03873628566047153,Medium Risk
2012-01-30,3.615219593,4.900792122,4.998637199,4.798692226,4.943333149,7033346,-0.008605737407887504,4.517917360714286,4.2466436625999995,0.03859191357509508,Medium Risk
2012-01-31,3.70308876,5.019907951,5.102863789,4.900792122,4.900792122,8311366,0.02430542370187072,4.628525529714286,4.267134531466667,0.03572080613029516,Medium Risk
2012-02-01,3.712503195,5.032670975,5.100737095,4.966731071,5.019907951,2090100,0.0025424816798598204,4.747945921857143,4.2941484691,0.03367800486256406,Medium Risk
2012-02-02,3.582267523,4.856122971,5.530406952,4.69233799,5.032670975,6025396,-0.035080378764479225,4.834852355000001,4.314568432300001,0.0410219717859292,Medium Risk
2012-02-05,3.582267523,4.856122971,4.856122971,4.856122971,4.856122971,0,0.0,4.908388478571429,4.339667964133333,0.04168022198107737,Medium Risk
2012-02-06,3.539901972,4.798692226,4.871013165,4.679574966,4.856122971,5429448,-0.011826460191178612,4.915377480714286,4.3605842671333335,0.0247711200412467,Medium Risk
2012-02-07,3.470860958,4.70510006,4.798692226,4.668940067,4.798692226,8822136,-0.01950368175164552,4.881344182285715,4.380933340566667,0.018666871474872414,Low Risk
2012-02-08,3.543040037,4.802946091,4.828471184,4.702972889,4.70510006,7857020,0.02079573861389883,4.867366177857143,4.404969350666667,0.0213317394577878,Medium Risk
2012-02-09,3.546178102,4.807199955,4.871013165,4.764658928,4.802946091,13511852,0.0008856780649633134,4.836979321285715,4.4321959815,0.017964588669610128,Low Risk
2012-02-12,3.656015635,4.956096172,5.102863789,4.785929203,4.807199955,5486121,0.0309735851210291,4.826040063714286,4.464811221900001,0.022790609425154793,Medium Risk
2012-02-13,3.819202185,5.177311897,5.253887177,5.083721161,4.956096172,9735713,0.04463507513227505,4.871924196,4.5048003198,0.023393832549048966,Medium Risk
2012-02-14,3.819202185,5.177311897,5.177311897,5.177311897,5.177311897,0,0.0,4.917808328285714,4.542591444766667,0.023393832549048966,Medium Risk
2012-02-15,3.701519728,5.017780781,5.109245777,4.970984936,5.100737095,5938041,-0.030813503063711667,4.949106693285714,4.576057497766667,0.02707876824183536,Medium Risk
2012-02-16,3.662291527,4.964603901,5.017780781,4.898664951,5.017780781,5258001,-0.010597688962689644,4.986178670571428,4.605623897033333,0.025821886084639457,Medium Risk
2012-02-19,3.759576797,5.096483231,5.190074921,4.977366924,4.964603901,5935272,0.02656391781294687,5.028112547714286,4.639444478466667,0.026384823289948796,Medium Risk
2012-02-20,3.82861805,5.190074921,5.232615948,5.104990959,5.096483231,8848073,0.018363974874030298,5.082808971428571,4.6763847829,0.026337267461184474,Medium Risk
2012-02-21,3.728193521,5.053940773,5.126262188,4.951841831,5.190074921,4965774,-0.02622970767708499,5.096786771571429,4.705596637833334,0.02803656515705023,Medium Risk
2012-02-22,3.739177465,5.068830967,5.14753294,4.981620789,5.053940773,3952032,0.002946254154688299,5.081289495857143,4.7317597390333335,0.021391277331106587,Medium Risk
2012-02-23,3.922763109,5.317698956,5.477230072,5.136898041,5.068830967,16199536,0.04909770923911738,5.10134479,4.767069244499999,0.029123365766683357,Medium Risk
2012-02-26,3.999650002,5.421926022,5.487865925,5.379384995,5.317698956,8012468,0.019600031303464327,5.159079824428572,4.805569378666666,0.024960494596246486,Medium Risk
2012-02-27,3.892950773,5.277285099,5.381512165,5.215600014,5.421926022,8443063,-0.026677037350400057,5.203748567,4.840311686333333,0.027889454751644914,Medium Risk
2012-02-28,3.892950773,5.277285099,5.277285099,5.277285099,5.277285099,0,0.0,5.229577405285714,4.8717924914,0.02690626064873205,Medium Risk
2012-02-29,3.885104179,5.266648769,5.315571785,5.226234913,5.232615948,4719155,-0.0020154927771508513,5.240516526428571,4.902422412333333,0.026354017667364824,Medium Risk
2012-03-01,3.930609226,5.328334808,5.3878932,5.104990959,5.104990959,10298094,0.011712578853385835,5.279715674285714,4.9365266006,0.0232000648927192,Medium Risk
2012-03-04,3.889811993,5.273031235,5.385766029,5.232615948,5.326208115,5243103,-0.010379147518464249,5.308887141142857,4.970772616166667,0.02419110660690668,Medium Risk
2012-03-05,3.968267441,5.379384995,5.451704979,5.234743118,5.273031235,9659726,0.020169377965006285,5.317699432428571,5.010194508333333,0.01697842020582313,Low Risk
2012-03-06,4.074966431,5.524025917,5.717589855,5.421926022,5.379384995,16509854,0.02688800339340669,5.332285131714285,5.0527361076,0.018416362793377092,Low Risk
2012-03-07,4.114194393,5.577202797,5.636761189,5.54742384,5.524025917,9165541,0.0096264718520509,5.375130517142858,5.093930530633333,0.013060004104699718,Low Risk
2012-03-08,4.081243038,5.532534122,5.585711002,5.477230072,5.577202797,7294070,-0.008009153804489078,5.4115946632857135,5.120022694333334,0.01418047693653713,Low Risk
2012-03-11,3.958853006,5.366621971,5.479356766,5.290047169,5.532534122,4246041,-0.029988455080693366,5.4258765492857135,5.1341323217333334,0.019889475185399012,Low Risk
2012-03-12,3.910210848,5.300683022,5.381512165,5.217727184,5.366621971,7367015,-0.01228686301295645,5.421926294142857,5.147462018400001,0.02017557324489559,Medium Risk
2012-03-13,3.781543732,5.126262188,5.319826126,5.070958138,5.300683022,7800346,-0.032905350739910744,5.400959287428571,5.151007159633333,0.023520395250177024,Medium Risk
2012-03-14,3.849015951,5.217727184,5.309191227,5.073084831,5.126262188,7449630,0.017842434242655303,5.377865314428571,5.157175699933333,0.023138736740877578,Medium Risk
2012-03-15,3.954144239,5.360240936,5.398528099,5.296429157,5.217727184,5027319,0.027313377448521026,5.35446746,5.1739796321,0.023234102309757348,Medium Risk
2012-03-18,3.903933048,5.292173862,5.343224049,5.264522076,5.360240936,1907977,-0.012698510162640897,5.313749040714286,5.1885146618,0.022565180406892038,Medium Risk
2012-03-19,3.883535624,5.264522076,5.296429157,5.211345196,5.292173862,2463748,-0.005225033553517777,5.2754616055714285,5.204042323466666,0.022574052727818737,Medium Risk
2012-03-20,3.932177782,5.330461979,5.464468002,5.211345196,5.264522076,2547924,0.012525335072789856,5.270295892428572,5.224887720766666,0.020973475420350825,Medium Risk
2012-03-21,4.049861431,5.489993095,5.570821762,5.404910088,5.330461979,4428601,0.029928196960881115,5.297340188571428,5.2477892875666665,0.02307600461118694,Medium Risk
2012-03-22,4.031031609,5.464468002,5.509137154,5.42830801,5.489993095,2512618,-0.00464938526484604,5.345655304857144,5.269698222466667,0.01694538318083443,Low Risk
2012-03-25,3.902364731,5.290047169,5.424053192,5.16029501,5.464468002,1351829,-0.031919087628688114,5.355986731285715,5.280829922366666,0.022339307246144153,Medium Risk
2012-03-26,3.808219433,5.162423134,5.275157928,5.060323238,5.290047169,4175409,-0.02412531134842899,5.327727045285714,5.280333630266666,0.02112178285600089,Medium Risk
2012-03-27,3.825477839,5.185820103,5.273031235,5.102863789,5.162423134,9653313,0.004532168013487103,5.312533651142857,5.280617237133334,0.021101694671580837,Medium Risk
2012-03-28,3.921194315,5.315571785,5.477230072,5.173058033,5.185820103,5417351,0.025020474953409755,5.319826466714285,5.290543603933333,0.02346394339160081,Medium Risk
2012-03-29,3.918055534,5.311317921,5.364494801,5.281538963,5.315571785,6661211,-0.0008002646134899205,5.317091601285715,5.302100737933333,0.022966637742494515,Medium Risk
2012-04-01,3.976113081,5.390019894,5.487865925,5.245378971,5.311317921,6752501,0.014817786125892907,5.302809715428572,5.311885293366667,0.020196365897171987,Medium Risk
2012-04-02,4.04829216,5.487865925,5.54955101,5.364494801,5.390019894,12171253,0.01815318550288092,5.306152275857143,5.321811660166667,0.021573755883231186,Medium Risk
2012-04-03,4.023746967,5.262394905,5.315571785,5.211345196,5.487865925,10282340,-0.04108537327285389,5.302201952428571,5.3287601312333335,0.02402988158486691,Medium Risk
2012-04-04,3.970076561,5.192202091,5.25601387,5.162423134,5.262394905,4029180,-0.013338568326239919,5.306456089142857,5.332872502033333,0.02256333214730443,Medium Risk
2012-04-05,4.0188694,5.25601387,5.290047169,5.14753294,5.192202091,6410807,0.012289925908432808,5.316483770142858,5.3308163325,0.02295048575515976,Medium Risk
2012-04-08,3.882249355,5.077339172,5.285792828,4.992256165,5.25601387,1989017,-0.033994335330778,5.282450539714286,5.319330104166666,0.023966255996350733,Medium Risk
2012-04-09,3.797676325,4.966731071,5.230488777,4.849741936,5.058196068,1658884,-0.021784658706664906,5.233223846857143,5.308978303233334,0.024473670296554385,Medium Risk
2012-04-10,3.862732649,5.051814079,5.083721161,4.917808056,4.966731071,3611425,0.01713058484216856,5.184908730428572,5.301462602566668,0.024865648676952266,Medium Risk
2012-04-11,3.919657469,5.126262188,5.207090855,5.04117918,5.051814079,1773454,0.014736905958094404,5.133251053714285,5.296783049866667,0.02427152905975488,Medium Risk
2012-04-12,4.022121906,5.260268211,5.296429157,5.151786804,5.126262188,3079564,0.026141078642776483,5.132947240285715,5.2945141633,0.022923554012106676,Medium Risk
2012-04-15,4.022121906,5.260268211,5.260268211,5.260268211,5.260268211,0,0.0,5.142670971714286,5.294088729166666,0.022155139492037023,Medium Risk
2012-04-17,4.022121906,5.260268211,5.260268211,5.260268211,5.260268211,0,0.0,5.143278734714285,5.2901181697,0.021692799775591257,Medium Risk
2012-04-18,3.970076561,5.192202091,5.243251801,5.104990959,5.168804169,1512171,-0.012939667193711313,5.159687723142857,5.2790573755,0.017119894918609026,Low Risk
2012-04-19,3.963570356,5.183692932,5.211345196,5.158167839,5.173058033,1182353,-0.001638834323253735,5.190682274714285,5.265940380000001,0.013507140830228314,Low Risk
2012-04-22,4.012362957,5.247506142,5.338970184,5.168804169,5.183692932,2600348,0.012310376181055904,5.218638283714285,5.256439447333333,0.012969440623391051,Low Risk
2012-04-23,4.196147919,5.487865925,5.568695068,5.302810192,5.247506142,7332399,0.04580457392440351,5.270295960428571,5.260480912466666,0.020039609575347225,Medium Risk
2012-04-24,4.161993027,5.443196774,5.524025917,5.368749142,5.487865925,2647404,-0.008139621413947085,5.296428612285714,5.265231370866667,0.019608619653028857,Low Risk
2012-04-26,4.161993027,5.443196774,5.509137154,5.385766029,5.443196774,2541028,0.0,5.322561264142857,5.275795857066667,0.019608619653028857,Low Risk
2012-04-29,4.145729065,5.421926022,5.445323944,5.332589149,5.443196774,385439,-0.003907768335989936,5.345655237142857,5.282602485,0.019830942415915688,Low Risk
2012-04-30,4.161993027,5.443196774,5.509137154,5.392147064,5.421926022,1988975,0.003923098897641086,5.3815116204285705,5.2853676796,0.018326753483288414,Low Risk
2012-05-02,4.160367012,5.44107008,5.509137154,5.377257824,5.443196774,3467227,-0.00039070680122343937,5.418279784428571,5.290330886866667,0.018235592697902554,Low Risk
2012-05-03,4.129463673,5.400654793,5.404910088,5.317698956,5.44107008,1210443,-0.007427819602720542,5.440158163142857,5.294868644100001,0.018810058157985667,Low Risk
2012-05-06,4.152235508,5.430435181,5.48148489,5.351733208,5.400654793,1179668,0.005514218023821682,5.431953771142857,5.298201084166666,0.00527746822771473,Low Risk
2012-05-07,4.223796368,5.524025917,5.604855061,5.364494801,5.430435181,5115299,0.017234481746040364,5.443500791571429,5.2993355115666665,0.007974028141884103,Low Risk
2012-05-08,4.246566296,5.553804874,5.604855061,5.492119789,5.524025917,4348952,0.005390806894724376,5.459301948714286,5.3023134073,0.007993752597138727,Low Risk
2012-05-09,4.227049828,5.528279781,5.555932045,5.500627995,5.553804874,2568789,-0.004595965032818228,5.474495342857142,5.310254494366666,0.008095098784976966,Low Risk
2012-05-10,4.238434792,5.543169975,5.583583832,5.519772053,5.528279781,3547638,0.0026934588316560593,5.4887772287142855,5.322946055733334,0.008080167567873069,Low Risk
2012-05-13,4.270961761,5.585711002,5.615490913,5.581457138,5.543169975,495030,0.00767449441237833,5.509440217571429,5.3362757523666655,0.008152145718596255,Low Risk
2012-05-14,4.270961761,5.585711002,5.615490913,5.581457138,5.585711002,495030,0.0,5.535876818857143,5.345280392933334,0.0068250278130047234,Low Risk
2012-05-15,4.230302334,5.532534122,5.572948933,5.509137154,5.577202797,4435164,-0.009520163141444216,5.550462381857143,5.352654266299999,0.008689943008577249,Low Risk
2012-05-16,4.210785389,5.507009029,5.53466177,5.392147064,5.532534122,2546491,-0.004613634988440585,5.548031397857143,5.356553904133333,0.006150805268637726,Low Risk
2012-05-17,4.153862,5.432561874,5.470849037,5.390019894,5.507009029,4039457,-0.013518618656326864,5.530710969285715,5.354710435766666,0.007229042769322499,Low Risk
2012-05-20,4.074166775,5.328334808,5.402782917,5.296429157,5.432561874,2868232,-0.019185619679515487,5.502147401714287,5.356908432533333,0.009477193718790564,Low Risk
2012-05-21,4.202653408,5.49637413,5.532534122,5.383638859,5.328334808,4585417,0.03153693002693925,5.495462281000001,5.367047500500001,0.01687170556020159,Low Risk
2012-05-22,4.173378468,5.458086967,5.532534122,5.300683022,5.49637413,4186993,-0.006965894623334301,5.477230276,5.3737832704,0.016507727970957085,Low Risk
2012-05-23,4.160367012,5.44107008,5.509137154,5.381512165,5.458086967,4180063,-0.003117738339987075,5.4565672871428585,5.3859076340000005,0.0164495548241506,Low Risk
2012-05-24,4.256325722,5.566567898,5.623999119,5.489993095,5.44107008,6618693,0.023064914833811345,5.461429255142858,5.4059021948999995,0.018927636328696713,Low Risk
2012-05-27,4.085552216,5.343224049,5.54742384,5.217727184,5.566567898,5534987,-0.04012236140697123,5.438031400857143,5.415615860566666,0.02460005582952307,Medium Risk
2012-05-28,3.996098518,5.226234913,5.343224049,5.16029501,5.343224049,3768400,-0.0218948587832275,5.408556120714286,5.418948284733333,0.0253306048630304,Medium Risk
2012-05-29,3.950559378,5.166676998,5.275157928,5.064577103,5.226234913,6444346,-0.01139595062056098,5.385462147857142,5.4158285776333335,0.02478102283229082,Medium Risk
2012-05-30,3.999352217,5.230488777,5.275157928,5.211345196,5.166676998,2278127,0.012350642206722329,5.347478525999999,5.414835929833333,0.020942663850619256,Medium Risk
2012-05-31,3.989593744,5.217727184,5.381512165,5.124135017,5.230488777,5730565,-0.002439847124061534,5.313141414142857,5.4134178956,0.021008927906303092,Medium Risk
2012-06-03,3.966823101,5.187946796,5.273031235,5.130516052,5.217727184,2056086,-0.0057075402660607955,5.276980945,5.413276052433333,0.020967909998380337,Medium Risk
2012-06-04,4.025373936,5.264522076,5.290047169,5.211345196,5.187946796,3334425,0.014760228470161119,5.233831541857143,5.415970357233333,0.019167896949399556,Low Risk
2012-06-05,3.939175129,5.151786804,5.234743118,5.09435606,5.264522076,3562118,-0.02141415125105839,5.206483364,5.412779712633333,0.014687050236247537,Low Risk
2012-06-06,3.974954844,5.198583126,5.232615948,5.115626812,5.151786804,3577566,0.009083512920927905,5.202533108714285,5.403136952666667,0.013395486326499626,Low Risk
2012-06-07,3.950559378,5.166676998,5.209218025,5.111372948,5.198583126,3030318,-0.006137466156966087,5.202533108714285,5.3939196268,0.012829920055207356,Low Risk
2012-06-10,3.939175129,5.151786804,5.230488777,5.10711813,5.166676998,320533,-0.002881967269439012,5.191289969714286,5.3842059611333335,0.011636271986535926,Low Risk
2012-06-11,3.906646013,5.109245777,5.20070982,5.04117918,5.151786804,1725111,-0.008257528624237787,5.1757926258571425,5.373783286299999,0.011869566636325954,Low Risk
2012-06-12,3.922909975,5.130516052,5.192202091,5.053940773,5.109245777,1468393,0.00416309489274358,5.167588233857144,5.363360595566666,0.012070108445495399,Low Risk
2012-06-13,3.953812599,5.170930862,5.20070982,5.109245777,5.130516052,2518208,0.007877338183991167,5.154218060428571,5.354355954966667,0.010727957407916055,Low Risk
2012-06-14,3.92941618,5.139025211,5.211345196,5.104990959,5.170930862,3850033,-0.006170194854947186,5.1523949757142855,5.3456349689,0.007226747637560801,Low Risk
2012-06-17,3.92941618,5.139025211,5.139025211,5.139025211,5.139025211,0,0.0,5.143886702142857,5.3359213032333335,0.0059585863037259,Low Risk
2012-06-18,3.797676325,4.966731071,5.317698956,4.696591854,5.139025211,3283868,-0.03352661894539988,5.115322998285714,5.317344808366666,0.013558297974562214,Low Risk
2012-06-19,3.594374657,4.700846195,4.892282963,4.490264893,4.966731071,4984307,-0.05353317346946007,5.050902911285713,5.2889128524,0.022481503799248497,Medium Risk
2012-06-20,3.648046255,4.771039963,4.860376835,4.679574966,4.700846195,4519825,0.01493215584774088,5.002587794999999,5.263671525133334,0.024843209205879895,Medium Risk
2012-06-21,3.509801149,4.590238094,4.734879017,4.500901222,4.771039963,5458323,-0.03789569368568291,4.925405229571429,5.2319071291,0.026054285820918194,Medium Risk
2012-06-24,3.623650312,4.739133835,4.915680885,4.573221207,4.590238094,1863930,0.03243747665172836,4.86371994,5.2036878902,0.030921931939351995,Medium Risk
2012-06-25,3.973329782,5.196455956,5.211345196,4.892282963,4.739133835,4011654,0.0964990939109025,4.871924332142856,5.190712722,0.05157850200138541,High Risk
2012-06-26,4.135971546,5.409163952,5.530406952,5.275157928,5.196455956,9170290,0.04093328179841493,4.910515580857143,5.186600383,0.05350549545602425,High Risk
2012-06-27,4.194521904,5.485739231,5.530406952,5.424053192,5.409163952,5641551,0.014156583102216125,4.984659603714285,5.1858913897333325,0.050188403410532594,High Risk
2012-06-28,4.22217083,5.521899223,5.562314034,5.468721867,5.485739231,5384273,0.0065916352340738005,5.101952893428572,5.188869301366667,0.04067610954728051,Medium Risk
2012-07-01,4.22217083,5.521899223,5.521899223,5.521899223,5.521899223,0,0.0,5.209218502,5.195321448533333,0.04160873886356396,Medium Risk
2012-07-02,4.523057461,5.915409088,6.072813034,5.551678181,5.521899223,7959385,0.07126349994960779,5.398528644,5.209289280466666,0.03550756038336956,Medium Risk
2012-07-03,4.780029774,6.251486778,6.413146019,5.88350296,5.915409088,8746751,0.05681393881646635,5.614579064428573,5.235735940833334,0.03612833587345169,Medium Risk
2012-07-04,4.718226433,6.170658112,6.35145998,6.066431046,6.251486778,3222398,-0.01292951083003957,5.753750801000001,5.2600555419,0.03142696522457107,Medium Risk
2012-07-05,4.711721897,6.162149906,6.274885178,6.064303875,6.170658112,3647281,-0.0013788166262937995,5.861320223,5.2799082755,0.03197461109921663,Medium Risk
2012-07-08,4.721479416,6.17491293,6.262123108,6.089828968,6.162149906,859878,0.002071196610710979,5.959773608571429,5.3076312382,0.03261327514187172,Medium Risk
2012-07-09,4.480771542,5.860105038,6.083447933,5.72184515,6.17491293,5199094,-0.0509817540050721,6.0080887249999995,5.328760242366666,0.04178888432841036,Medium Risk
2012-07-10,4.448241711,5.817563057,5.955822945,5.740987778,5.860105038,5201374,-0.0072595935950184876,6.050326415571428,5.350456444333333,0.042145710826087084,Medium Risk
2012-07-11,4.641786098,6.070685863,6.168530941,5.851595879,5.817563057,2544046,0.04351010956304613,6.072508812000001,5.378463013866667,0.03609918353273889,Medium Risk
2012-07-12,4.690577984,6.134498119,6.200438023,6.034524918,6.070685863,3078929,0.01051153978975039,6.055796146428571,5.409022045033334,0.02825519622161708,Medium Risk
2012-07-15,4.571848392,5.979220867,6.062177181,5.957950115,6.134498119,606625,-0.025312136215197234,6.028447968571428,5.4353978474,0.029392578340635342,Medium Risk
2012-07-16,4.630400181,6.055796146,6.085575104,5.955822945,5.979220867,2566118,0.012806899210334732,6.013254574285715,5.461773649733333,0.030093736330766976,Medium Risk
2012-07-17,4.718226433,6.170658112,6.191928864,6.081320763,6.055796146,9256182,0.018967277502540902,6.012646743142857,5.495736026666667,0.031142744651933195,Medium Risk
2012-07-18,4.710095406,6.160023212,6.18980217,6.115354061,6.170658112,5849281,-0.0017234628473936642,6.055492196571428,5.527784029533334,0.021774872643953395,Medium Risk
2012-07-19,4.752381802,6.215326786,6.274885178,6.168530941,6.160023212,2361735,0.008977819092023331,6.112315586428572,5.562739022466667,0.02080136351516146,Medium Risk
2012-07-22,4.727985859,6.183421135,6.219581127,6.16640377,6.215326786,3593781,-0.005133382700305944,6.128420625285714,5.5971268335,0.014904183817241247,Low Risk
2012-07-24,4.596245289,6.011126995,6.206819057,5.855851173,6.183421135,6856197,-0.0278638857419502,6.110796178999999,5.6271895407666666,0.018246873699993334,Low Risk
2012-07-25,4.471011639,5.847342014,5.945188046,5.766512871,6.011126995,5049767,-0.027246967355079144,6.091956342857143,5.6510837395,0.018655606645452388,Low Risk
2012-07-26,4.471011639,5.847342014,5.847342014,5.847342014,5.847342014,0,0.0,6.062177181142857,5.6736307779,0.01743134943827737,Low Risk
2012-07-29,4.471011639,5.847342014,5.847342014,5.847342014,5.847342014,0,0.0,6.015989167142857,5.6972413379999995,0.014303752771227593,Low Risk
2012-07-30,4.391316891,5.743114948,5.796291828,5.719717026,5.796291828,6359812,-0.01782469124440722,5.956430843714286,5.717377662566666,0.014500147465581873,Low Risk
2012-07-31,4.471011639,5.847342014,5.847342014,5.847342014,5.847342014,0,0.018148176894195123,5.903861590571428,5.746731360666667,0.016729678601077203,Low Risk
2012-08-01,4.524683475,5.917535782,5.955822945,5.847342014,5.847342014,4148593,0.012004388973988256,5.865877968714286,5.787287680233334,0.018477424671128336,Low Risk
2012-08-02,4.471011639,5.847342014,5.847342014,5.847342014,5.847342014,0,-0.011861992996056947,5.842480114285714,5.823164415266666,0.016185510335700107,Low Risk
2012-08-05,4.604378223,6.021762848,6.060050011,5.962204933,5.947315216,1857814,0.029829080218395587,5.867397376285714,5.870881907066666,0.01678565905666846,Low Risk
2012-08-06,4.549079895,5.94944191,5.983475208,5.870739937,6.021762848,3792979,-0.01200992796055056,5.8819830757142855,5.911225509566666,0.01787986466271,Low Risk
2012-08-07,4.531189442,5.926043987,5.964332104,5.885630131,5.94944191,4521682,-0.003932792916369499,5.893226214714285,5.935545110600001,0.018036725232812138,Low Risk
2012-08-08,4.521430492,5.913281918,5.955822945,5.857977867,5.926043987,28384744,-0.002153556238866261,5.917535781857143,5.9523490428,0.016018290305246517,Low Risk
2012-08-09,4.458000183,5.83032608,5.849469185,5.753750801,5.913281918,10211863,-0.01402873043266939,5.915104934142858,5.9638352711,0.015995166159063993,Low Risk
2012-08-12,4.51492548,5.904773235,5.945188046,5.855851173,5.83032608,593851,0.012768952195552075,5.913281713142857,5.9765977381666655,0.01609554675376157,Low Risk
2012-08-13,4.563717842,5.968585968,6.040906906,5.849469185,5.904773235,11430125,0.010806974368084976,5.930602278,5.991487296333333,0.015631527853812985,Low Risk
2012-08-14,4.563717842,5.968585968,5.968585968,5.968585968,5.968585968,0,0.0,5.923005580857143,5.993259859,0.010251375334951296,Low Risk
2012-08-15,4.651544094,6.083447933,6.098338127,6.060050011,6.047287941,30181484,0.019244418295358612,5.942149298428572,5.987658564166666,0.01149961885378343,Low Risk
2012-08-16,4.666181087,6.102591991,6.125989914,6.087701797,6.083447933,8884000,0.0031469091559330753,5.967370441857143,5.985389693466668,0.011066433427721846,Low Risk
2012-08-19,4.666181087,6.102591991,6.102591991,6.102591991,6.102591991,0,0.0,5.994414737999999,5.9834044296333335,0.010887061138433043,Low Risk
2012-08-22,4.659676075,6.094083786,6.125989914,6.019636154,6.128117085,3106897,-0.001394195288255795,6.032094410285715,5.980710124833334,0.007939445606696755,Low Risk
2012-08-23,4.693831444,6.138751984,6.168530941,6.085575104,6.094083786,5324830,0.007329764336784672,6.065519945857142,5.989998356366667,0.007460234748828401,Low Risk
2012-08-26,4.727985859,6.183421135,6.225962162,6.155768871,6.138751984,3221928,0.007276585064264651,6.096210684,6.002193625633334,0.0071621894454029006,Low Risk
2012-08-27,4.801172733,6.279139042,6.328062057,6.181293964,6.183421135,10431220,0.015479765151076075,6.140575408857143,6.009142064933332,0.007699635009634444,Low Risk
2012-08-28,4.892252922,6.398255825,6.487593174,6.272758007,6.279139042,20495430,0.018970241334560267,6.185547964857142,6.017933988466666,0.007629106857852132,Low Risk
2012-08-29,4.801172733,6.279139042,6.279139042,6.279139042,6.279139042,0,-0.018617071004659258,6.210768972142857,6.027931260966667,0.012477911731506725,Low Risk
2012-08-30,4.893879414,6.400382996,6.423780918,6.366350174,6.408891201,5294272,0.019309009274842026,6.253310544285715,6.039417489299999,0.013500168460920364,Low Risk
2012-09-02,5.13946867,6.721571922,6.80665493,6.423780918,6.400382996,11608581,0.05018276659392584,6.342951706571428,6.057781282966666,0.020482952835469442,Medium Risk
2012-09-03,5.152479172,6.73858881,7.39372921,6.679030895,6.721571922,4626699,0.002531682796445889,6.428642681714286,6.0770668029,0.0208314539906363,Medium Risk
2012-09-04,5.150853634,6.736462116,6.80665493,6.679030895,6.73858881,6297360,-0.0003155993131446211,6.507648536142857,6.094437980566666,0.021404732080194538,Medium Risk
2012-09-05,5.110193253,6.683285236,6.742843151,6.604582787,6.736462116,5766548,-0.00789388837706051,6.565383706714286,6.111100117266667,0.022650359230118072,Medium Risk
2012-09-06,5.105312347,6.676902771,6.719445229,6.615218163,6.683285236,4687407,-0.000954989166947473,6.605190413285714,6.133292643133333,0.02246425598085045,Medium Risk
2012-09-09,5.171996117,6.764113903,6.810908794,6.702427864,6.676902771,8002430,0.013061614792233778,6.674472536285713,6.1638517061,0.01961321243519643,Low Risk
2012-09-10,5.279340267,6.904500961,7.019362926,6.742843151,6.764113903,9541733,0.020754685685842045,6.7464893884285715,6.199090337666666,0.019724477810013276,Low Risk
2012-09-11,5.347648621,6.993837833,7.038506985,6.917263031,6.904500961,7424615,0.012938932517298163,6.785384518571429,6.2373068649666665,0.01007091819727793,Low Risk
2012-09-12,5.464751244,7.146987915,7.232070923,7.021490097,6.993837833,10574745,0.021897860038643024,6.843727247857143,6.284102630533334,0.011590683006069736,Low Risk
2012-09-13,5.391562939,7.051270008,7.125717163,6.987456799,7.146987915,4880394,-0.013392761837348055,6.888699803857143,6.324233563666666,0.014042607662469196,Low Risk
2012-09-16,5.616007328,7.344807148,7.455414772,7.125717163,7.051270008,6049058,0.04162897459138115,6.983202934142858,6.371809275866666,0.017544107100284964,Low Risk
2012-09-17,5.617634296,7.346933842,7.444778919,7.253342152,7.344807148,3246112,0.00028955069304692493,7.078921658571429,6.421795670133334,0.01737628717492649,Low Risk
2012-09-18,5.59649086,7.319282055,7.376712799,7.238452911,7.346933842,3067092,-0.003763717980135306,7.1582313945714295,6.465046310366666,0.01862745341484242,Low Risk
2012-09-19,5.59649086,7.319282055,7.421380997,7.242706776,7.319282055,3597053,0.0,7.217485836571429,6.510707648533333,0.018556614341005122,Low Risk
2012-09-20,5.53956604,7.244833946,7.298010826,7.189529896,7.319282055,8054347,-0.010171504314298585,7.253342424142858,6.554667313833333,0.019661138884027877,Low Risk
2012-09-23,5.529807091,7.232070923,7.263977051,7.198038101,7.244833946,2190787,-0.0017616722612457947,7.265497139571429,6.598626947333333,0.01830135963057925,Low Risk
2012-09-24,5.61112833,7.338425159,7.417127132,7.232070923,7.232070923,6497687,0.014705917175364513,7.306519304,6.648896916633333,0.01746784209538719,Low Risk
2012-09-25,5.804671764,7.591547966,7.763841152,7.38096714,7.338425159,9447510,0.03449279668534411,7.341767992285715,6.705122741,0.015075957908709024,Low Risk
2012-09-26,5.850210667,7.651105881,7.765967846,7.50008297,7.591547966,2168531,0.007845292589435005,7.385221140714286,6.7612067381,0.014967007960479606,Low Risk
2012-09-27,5.715218544,7.474557877,7.695775032,7.334170818,7.651105881,4602981,-0.02307483476845129,7.407403401000001,6.811405801733334,0.01842646344497436,Low Risk
2012-09-30,5.635524273,7.370330811,7.466050148,7.349061012,7.474557877,2338496,-0.01394424495938651,7.414696080428571,6.854301897666668,0.01954339112872224,Low Risk
2012-10-01,5.528180599,7.229944229,7.43414402,7.072539806,7.370330811,7939099,-0.01904752793327502,7.412568978,6.891880305599999,0.02065703893871765,Medium Risk
2012-10-02,5.580226898,7.298010826,7.442652225,7.104445934,7.229944229,4051070,0.009414539703775038,7.421988964142857,6.9317276001,0.020938282325993013,Medium Risk
2012-10-03,5.633898258,7.368204117,7.444778919,7.274612904,7.298010826,2860456,0.009618140158127675,7.426243100999999,6.974198277799999,0.02048626752686386,Medium Risk
2012-10-04,5.72497797,7.4873209,7.636216164,7.317153931,7.368204117,6055837,0.016166325078477817,7.411353520142858,7.019150575,0.016173606860607745,Low Risk
2012-10-07,5.72497797,7.4873209,7.4873209,7.4873209,7.4873209,0,0.0,7.387955665714285,7.0626139005,0.015652382201297957,Low Risk
2012-10-08,5.767263412,7.54262495,7.614945889,7.444778919,7.4873209,7479676,0.007386360320151386,7.397679533285715,7.104730097433333,0.013172905944793038,Low Risk
2012-10-09,5.720097065,7.480939865,7.593675137,7.423508167,7.54262495,2810665,-0.00817819862566549,7.413480826714285,7.1408195654333335,0.012199994353693988,Low Risk
2012-10-10,5.99984026,7.846796989,8.008455276,7.529861927,7.480939865,7255477,0.04890523525148005,7.50160264957143,7.193074830333333,0.01809277178025092,Low Risk
2012-10-11,6.058391094,7.923371792,7.976549149,7.846796989,7.846796989,4361923,0.009758733800217634,7.590939930428571,7.2438411235333335,0.01808535184602223,Low Risk
2012-10-14,6.02098465,7.874448776,7.923371792,7.821271896,7.923371792,3325925,-0.006174519798426759,7.663260596,7.282270352,0.01936466020228528,Low Risk
2012-10-15,6.112062931,7.993566036,8.078648567,7.829781055,7.874448776,4743324,0.015127060114105806,7.735581329714287,7.3241029262,0.019310683594971817,Low Risk
2012-10-16,6.147845745,8.040362358,8.172241211,7.912736893,7.993566036,7963358,0.005854248503014414,7.8145872522857145,7.3675662676,0.01895176956819372,Low Risk
2012-10-17,6.313738823,8.257324219,8.401965141,8.082902908,8.040362358,6890103,0.026984089937703848,7.916687147857142,7.420034233699999,0.019861093117100624,Low Risk
2012-10-18,6.325122833,8.272212982,8.3977108,8.176494598,8.257324219,6286406,0.0018030977838729978,8.029726164571429,7.473211240733334,0.018374618221823867,Low Risk
2012-10-21,6.16085577,8.057377815,8.176494598,7.976549149,8.272212982,3275410,-0.025970700641711142,8.059809139714286,7.5163200378,0.016808810587070244,Low Risk
2012-10-22,6.208023071,8.119064331,8.253069878,8.029726028,8.057377815,1680345,0.007655904615166742,8.087765216714287,7.5568054834666665,0.016705369951529637,Low Risk
2012-10-23,6.203142643,8.112682343,8.189256668,8.040362358,8.119064331,2244739,-0.0007860496899418923,8.121798583428571,7.594100300466667,0.016298479776837002,Low Risk
2012-10-24,6.328378201,8.276468277,8.346660614,8.12757206,8.112682343,7797826,0.0201888755254076,8.162213189285714,7.631749645866667,0.01695382236024063,Low Risk
2012-10-25,6.328378201,8.276468277,8.276468277,8.276468277,8.276468277,0,0.0,8.195942606285714,7.672589588166668,0.01705474967494324,Low Risk
2012-10-28,6.328378201,8.276468277,8.276468277,8.276468277,8.276468277,0,0.0,8.198677471714285,7.703644959133333,0.013804321845093741,Low Risk
2012-10-30,6.188505173,8.093539238,8.348788261,8.019090652,8.380694389,3458845,-0.02210230654883949,8.173152651142857,7.728531805666667,0.01615923369477868,Low Risk
2012-10-31,6.164108276,8.061632156,8.114809036,8.016963959,8.093539238,3364828,-0.0039422903950588895,8.173760414142857,7.753276809033334,0.01271959203411296,Low Risk
2012-11-01,5.965686321,7.802128792,8.146716118,7.721300125,8.061632156,4788339,-0.03218992866188519,8.128483908571429,7.7693717002666665,0.01699528988375603,Low Risk
2012-11-04,5.941290855,7.770223141,7.931880951,7.646852016,7.802128792,1993770,-0.0040893520025862,8.07956116542857,7.786884673433334,0.01688656261513494,Low Risk
2012-11-05,5.986829281,7.829781055,8.019090652,7.657486916,7.770223141,5038268,0.007664891074458335,8.015748705142856,7.8068083445,0.014076681566759655,Low Risk
2012-11-06,6.16085577,8.057377815,8.10417366,7.880830765,7.829781055,4194351,0.029068087396219244,7.984450067714286,7.830773433033333,0.019862510217265133,Low Risk
2012-11-07,6.217781067,8.131826401,8.210528374,8.019090652,8.057377815,5627028,0.009239803284562642,7.963786942571429,7.8487827141999995,0.020444445424322125,Medium Risk
2012-11-08,6.217781067,8.131826401,8.131826401,8.131826401,8.131826401,0,0.0,7.969256537285714,7.864806731533333,0.01849688704402734,Low Risk
2012-11-11,6.217781067,8.131826401,8.131826401,8.131826401,8.131826401,0,0.0,7.979284286571429,7.886715682333333,0.01838735574840712,Low Risk
2012-11-12,6.217781067,8.131826401,8.131826401,8.131826401,8.131826401,0,0.0,8.026383945000001,7.912098868666666,0.01121901604666805,Low Risk
2012-11-13,6.264945984,8.193511009,8.212655067,8.082902908,8.210528374,542081,0.007585578559868633,8.08685364042857,7.944217761333333,0.010302376781409477,Low Risk
2012-11-14,6.277957439,8.210528374,8.276468277,8.172241211,8.246687889,2964270,0.0020769319747429016,8.141246114571429,7.974635012933333,0.010515427254102209,Low Risk
2012-11-18,6.033995152,7.891466141,8.089284897,7.806383133,8.210528374,2035424,-0.03886013402138211,8.117544446857142,7.9920770804,0.016332159203667988,Low Risk
2012-11-19,6.004720688,7.853178978,7.963787079,7.657486916,7.891466141,4016064,-0.004851717325514482,8.077737672142858,8.004272349666667,0.015437407543601055,Low Risk
2012-11-20,6.001467705,7.84892416,8.165859222,7.593675137,7.853178978,2986314,-0.0005417956233926269,8.037323066285714,8.016325791666667,0.01541028943313514,Low Risk
2012-11-21,6.001467705,7.84892416,8.165859222,7.593675137,7.853178978,2986314,0.0,7.996908460428571,8.026535765333334,0.01541028943313514,Low Risk
2012-11-22,6.089294434,7.963787079,8.082902908,7.870194912,8.061632156,1693758,0.014634224596712153,7.972902843,8.042630672466666,0.01709318086947623,Low Risk
2012-11-25,5.495654106,7.187403202,7.770223141,7.168259144,7.963787079,3346761,-0.0974892810792588,7.829173156285714,8.020650879566666,0.038779932791751515,Medium Risk
2012-11-26,5.663173676,7.406492233,7.529861927,6.470576763,7.187403202,4798268,0.030482362661807372,7.714310850428572,8.003421560933333,0.04251985909167561,Medium Risk
2012-11-27,5.681064129,7.429890156,7.527735233,7.249087811,7.406492233,3427012,0.0031591099084327112,7.648371424,7.988602940266666,0.04134270763796898,Medium Risk
2012-11-28,5.394814968,7.055523872,7.425635815,6.781129837,7.429890156,4838981,-0.050386516642871304,7.534420694571429,7.957334868133333,0.04427930476756668,Medium Risk
2012-11-29,5.292351723,6.921517849,7.019362926,6.70030117,7.055523872,8316452,-0.01899306492772368,7.401934078714285,7.920040051166667,0.043870683391049416,Medium Risk
2012-12-02,5.362286568,7.012981892,7.123589993,6.934279919,6.921517849,1599718,0.013214448766207365,7.2825137547142855,7.8785619736,0.044991206740360994,Medium Risk
2012-12-03,5.306988239,6.940660954,7.019362926,6.855577946,7.012981892,4129036,-0.010312437578442801,7.136352879714286,7.834176906,0.04319998764176772,Medium Risk
2012-12-04,5.552577496,7.26184988,7.402237892,6.998093128,6.940660954,5105205,0.046276417783365886,7.146988119428571,7.8076593081666665,0.032237040865989317,Medium Risk
2012-12-05,5.653414249,7.39372921,7.495829105,7.232070923,7.26184988,2182503,0.018160569576522345,7.1451648304285715,7.7834814708,0.030718127049185983,Medium Risk
2012-12-06,5.292351723,6.921517849,7.232070923,6.785385132,7.39372921,7302532,-0.06386646678395191,7.072540215142857,7.743775987666667,0.03896624636776675,Medium Risk
2012-12-09,5.602995872,7.327789783,7.438397884,7.185276031,6.921517849,5599954,0.058696942327281176,7.111435345285714,7.7121533712,0.04157515218078579,Medium Risk
2012-12-10,5.602995872,7.327789783,7.327789783,7.327789783,7.327789783,0,0.0,7.169474193,7.680530754733334,0.04025830908141337,Medium Risk
2012-12-11,5.602995872,7.327789783,7.327789783,7.327789783,7.327789783,0,0.0,7.214446748857142,7.648908138266666,0.040331016752090366,Medium Risk
2012-12-12,5.292351723,6.921517849,6.921517849,6.921517849,6.921517849,0,-0.05544262950098877,7.211712019571428,7.609840758633333,0.046667913686321866,Medium Risk
2012-12-13,5.347648621,6.993837833,7.338425159,6.904500961,7.26184988,15047013,0.010448572925438437,7.173424584285714,7.574247614533333,0.04260439628851525,Medium Risk
2012-12-16,5.542818546,7.249087811,7.338425159,7.104445934,6.993837833,4984622,0.036496410711100324,7.152761527285714,7.555812915166666,0.0447448655315589,Medium Risk
2012-12-17,5.510289669,7.20654583,7.253342152,7.151241779,7.249087811,5093814,-0.00586859783039817,7.193479810285715,7.537023671466667,0.03585636370792773,Medium Risk
2012-12-18,5.528180599,7.229944229,7.253342152,7.157622814,7.20654583,4566537,0.0032468258097513303,7.1795018740000005,7.5170291106,0.027514738748585073,Medium Risk
2012-12-19,5.669678688,7.414999962,7.468176842,7.229944229,7.229944229,7974227,0.02559573450895014,7.191960471,7.4956165155,0.029397369788161123,Medium Risk
2012-12-20,5.757503986,7.529861927,7.657486916,7.363949776,7.414999962,5525908,0.015490487604671532,7.220827920142857,7.475551033033333,0.029796078980749256,Medium Risk
2012-12-23,5.682690144,7.43201685,7.700028896,7.302265167,7.529861927,1803862,-0.012994272398163642,7.293756348857143,7.452224048,0.017325099435966735,Low Risk
2012-12-24,5.684317112,7.43414402,7.470304012,7.276740074,7.43201685,1973997,0.0002862170582942358,7.356657232714285,7.428967968633334,0.017735886052109042,Low Risk
2012-12-25,5.598117352,7.321409225,7.421380997,7.232070923,7.43414402,8287995,-0.015164462068088858,7.366988863285714,7.4019540627666665,0.014848939857581683,Low Risk
2012-12-26,5.576973438,7.293756962,7.421380997,7.232070923,7.321409225,835459,-0.0037769044387763184,7.379447596428571,7.3719622612,0.014695892898565127,Low Risk
2012-12-27,5.690821648,7.442652225,7.551133156,7.306519032,7.293756962,3110715,0.020414069700393833,7.409834453,7.346366389566667,0.01631815796934159,Low Risk
2012-12-30,5.679437637,7.427762985,7.512845993,7.019362926,7.442652225,1118467,-0.002000528783272504,7.411657742000001,7.330909617700001,0.013373632870569658,Low Risk
2012-12-31,5.622512817,7.353314877,7.43201685,7.317153931,7.427762985,2746342,-0.01002295147951604,7.386436734857143,7.314247481,0.011951798804363957,Low Risk
2013-01-02,5.819309235,7.610692024,7.644724846,7.444778919,7.353314877,1422231,0.03500151310057942,7.411961759714286,7.3063064098,0.017810076630008477,Low Risk
2013-01-03,5.946169853,7.776604176,7.84892416,7.604310036,7.610692024,3685333,0.021799877261726275,7.460884639142857,7.303895743666667,0.018974429885991115,Low Risk
2013-01-06,5.99984026,7.846796989,7.88933897,7.785111904,7.776604176,1903858,0.009026152213922334,7.535940034,7.299996074,0.016372846164752347,Low Risk
2013-01-08,6.170614719,8.070140839,8.199892998,7.838288784,7.846796989,8379501,0.028463059553228254,7.646852016428572,7.3294206619,0.01636535870225165,Low Risk
2013-01-09,6.343013763,8.295611382,8.35517025,8.082902908,8.070140839,11239215,0.02793886098125875,7.768703324571429,7.359057966866668,0.017038916921186743,Low Risk
2013-01-10,6.186879158,8.091411591,8.295611382,7.993566036,8.295611382,5628725,-0.024615399829731377,7.863510268285714,7.381108681366667,0.022296809143907147,Medium Risk
2013-01-13,5.955927372,7.789365768,8.085029602,7.657486916,8.091411591,10181968,-0.03732918781884276,7.925803252714287,7.405570077899999,0.028439242221293865,Medium Risk
2013-01-14,5.990082741,7.83403492,7.870194912,7.755332947,7.789365768,4391804,0.005734632745519219,7.957709380714285,7.4359873136,0.025955920401755116,Medium Risk
2013-01-15,5.954301357,7.787239075,7.840415955,7.657486916,7.83403492,5219155,-0.005973402656213822,7.959228652,7.461795886366668,0.024962127428779915,Medium Risk
2013-01-16,6.016104221,7.868068218,7.934008121,7.776604176,7.787239075,5758890,0.010379691983451789,7.962267398999999,7.492709461833333,0.02504461644628201,Medium Risk
2013-01-17,6.01447916,7.865941048,7.946770191,7.778730869,7.868068218,6008655,-0.00027035479879722324,7.9330960002857145,7.5128458341,0.021882754408637094,Medium Risk
2013-01-20,6.134833336,8.023344994,8.082902908,7.870194912,7.865941048,5393337,0.020010821977876736,7.894200802,7.5338330269,0.020121852626992984,Medium Risk
2013-01-21,6.100677967,7.978675842,8.061632156,7.916991234,8.023344994,4954341,-0.005567397641931704,7.878095695,7.569071626666666,0.01815248601965225,Low Risk
2013-01-22,6.081162453,7.953151226,7.976549149,7.927626133,7.978675842,1115515,-0.0031991042756289723,7.901493617571428,7.5899170081000005,0.009612063780448847,Low Risk
2013-01-23,6.102304459,7.980803013,8.053124428,7.912736893,7.953151226,2210203,0.0034768340515898277,7.9224604880000005,7.611684115766666,0.009543284295699615,Low Risk
2013-01-27,6.18199873,8.085029602,8.187129974,7.861687183,7.980803013,1833913,0.013059661894952779,7.965001991857143,7.6369254430666675,0.009372144956977376,Low Risk
2013-01-28,6.012852669,7.863813877,8.125445366,7.693647861,8.085029602,3588355,-0.02736115214040502,7.964394228857143,7.6683353106666665,0.015127287034571404,Low Risk
2013-01-29,5.694074631,7.44690609,7.789365768,7.338425159,7.863813877,12483108,-0.053015978445187795,7.904532091999999,7.683437585899999,0.02512779635446491,Medium Risk
2013-01-30,5.80304575,7.589420795,7.657486916,7.466050148,7.44690609,3477133,0.01913743818944824,7.842542920714286,7.694782018700001,0.024970020957465828,Medium Risk
2013-01-31,5.760757923,7.534117222,7.625580788,7.470304012,7.589420795,5188309,-0.007286929331476011,7.779034546428571,7.7057010651,0.02495470336675599,Medium Risk
2013-02-03,5.855090141,7.657486916,7.710663795,7.6085639,7.534117222,1498420,0.016374804156186196,7.736796787857144,7.719952488,0.026609013343080648,Medium Risk
2013-02-04,5.921773911,7.744698048,7.806383133,7.657486916,7.657486916,2940542,0.011389001764766427,7.7030675071428565,7.730942424199999,0.027195060881611544,Medium Risk
2013-02-05,5.972192287,7.810636997,7.84892416,7.702156067,7.744698048,2302325,0.008514076157821071,7.6638685635714285,7.740301593200001,0.026771974829182227,Medium Risk
2013-02-06,5.749373436,7.519227028,7.763841152,7.423508167,7.810636997,8962437,-0.037309372988647005,7.614641870857143,7.743208599133334,0.028395974362959896,Medium Risk
2013-02-07,5.79653883,7.580912113,7.612819195,7.483067036,7.519227028,3147573,0.008203647099668254,7.633785588428572,7.7481008689,0.019567270898376555,Low Risk
2013-02-10,5.829068661,7.623454094,7.678758144,7.55325985,7.580912113,1924003,0.005611723281562453,7.638647488285714,7.7581690312,0.018302533266018134,Low Risk
2013-02-11,5.773769379,7.551133156,7.604310036,7.472431183,7.623454094,5079432,-0.009486636517811564,7.6410783360000005,7.7667482376666666,0.018482229295792876,Low Risk
2013-02-12,5.806298256,7.593675137,7.629835129,7.551133156,7.551133156,4678672,0.005633853902602404,7.631962367571428,7.7717823347333335,0.017353196022633823,Low Risk
2013-02-13,5.708712578,7.466050148,7.585166931,7.38096714,7.593675137,6070604,-0.016806748602945953,7.592155524714286,7.773058573499999,0.017253117875404133,Low Risk
2013-02-14,5.687569618,7.438397884,7.495829105,7.408618927,7.466050148,2193152,-0.0037037340296204313,7.538978508571428,7.775894673733333,0.01623531800957369,Low Risk
2013-02-17,5.677811146,7.425635815,7.444778919,7.410746098,7.438397884,1405001,-0.0017157013108227703,7.525608335285715,7.769726133433334,0.009111995833932528,Low Risk
2013-02-18,5.679437637,7.427762985,7.508592129,7.402237892,7.425635815,3346597,0.00028646301178736344,7.5037298884285715,7.7580980937333335,0.008106145824818363,Low Risk
2013-02-19,5.542818546,7.249087811,7.44690609,7.149115086,7.427762985,3138687,-0.024055045154352084,7.450248990857143,7.738174454466667,0.01036519508065136,Low Risk
2013-02-20,5.593238354,7.315027237,7.400111198,7.232070923,7.249087811,6483479,0.009096237722481693,7.416519573857142,7.7130040010666665,0.011921249955305604,Low Risk
2013-02-21,5.591611385,7.312900066,7.338425159,7.278866768,7.315027237,4507870,-0.00029079467937453973,7.376408849428572,7.6802469572,0.01127758449301243,Low Risk
2013-02-24,5.573720455,7.289502144,7.332044125,7.238452911,7.312900066,2577199,-0.003199540782566457,7.351187705999999,7.6535166423000005,0.010074774878982815,Low Risk
2013-02-25,5.560709,7.27248621,7.334170818,7.251214981,7.289502144,2369036,-0.002334306741922809,7.3274860382857145,7.6362873237,0.010080483006087132,Low Risk
2013-02-26,5.555830002,7.266105175,7.334170818,7.227817059,7.27248621,1821755,-0.0008774213956193044,7.3046959468571435,7.6173563322,0.01010563212725101,Low Risk
2013-02-27,5.559082508,7.270359039,7.317153931,7.227817059,7.266105175,2807604,0.0005854393650446266,7.282209668857143,7.600126997666667,0.010122718290408245,Low Risk
2013-02-28,5.521675587,7.221436024,7.323535919,7.127843857,7.270359039,4470574,-0.006729105775597155,7.278259413571429,7.5785725911999995,0.004880185086966686,Low Risk
2013-03-03,5.476136684,7.161878109,7.232070923,7.125717163,7.221436024,871612,-0.008247378333348543,7.2563809667142865,7.555103826566667,0.0033322525836182674,Low Risk
2013-03-04,5.324879646,6.964058876,7.232070923,6.710937023,7.161878109,5748608,-0.02762113931419885,7.206546510999999,7.519794289299999,0.009644085228211202,Low Risk
2013-03-05,5.079290867,6.642869949,6.913009167,6.572677135,6.964058876,8252868,-0.046120937906901305,7.114170483142857,7.475267426200001,0.017406640822758054,Low Risk
2013-03-06,5.152479172,6.73858881,6.796020031,6.679030895,6.642869949,5607109,0.014409263124955496,7.037899426000001,7.434782012333333,0.020070947872539845,Medium Risk
2013-03-07,5.295604706,6.92577219,7.072539806,6.761987209,6.73858881,7145852,0.027777830830428618,6.989280428142857,7.399614318233334,0.024770173827850732,Medium Risk
2013-03-10,5.336264133,6.97894907,7.017236233,6.857705116,6.92577219,1863225,0.007678115673048103,6.947650432571428,7.362744967166666,0.025251738780340274,Medium Risk
2013-03-11,5.3427701,6.987456799,7.017236233,6.981075764,6.97894907,9553209,0.001219055894328358,6.914224828999999,7.333533064566667,0.02536833509786481,Medium Risk
2013-03-12,5.365539551,7.017236233,7.055523872,6.944915771,6.987456799,3402608,0.0042618415908148854,6.893561703857143,7.3192107360000005,0.025493663658174806,Medium Risk
2013-03-13,5.282592297,6.908754826,7.042760849,6.749224186,7.017236233,4591148,-0.015459278182747171,6.885661125285715,7.296521870366666,0.023869142491614394,Medium Risk
2013-03-14,5.171996117,6.764113903,6.955551147,6.706683159,6.908754826,7451417,-0.02093588883132269,6.902981690142858,7.270855093066666,0.01675227783819331,Low Risk
2013-03-17,5.113444805,6.687539101,6.804528236,6.602456093,6.764113903,1455450,-0.011320744017341067,6.895688874571428,7.238523499233334,0.016578628803411682,Low Risk
2013-03-18,5.053268909,6.608837128,6.732207775,6.572677135,6.687539101,3532415,-0.011768450518402362,6.850412437142857,7.200661468566667,0.010923845505243284,Low Risk
2013-03-19,5.167117119,6.757731915,6.789638996,6.608837128,6.608837128,6260860,0.02252964993934703,6.818809986428572,7.165564632499999,0.014886663428062413,Low Risk
2013-03-20,5.121577263,6.698174,6.740715981,6.636488914,6.757731915,4288465,-0.008813299454481283,6.777483872285715,7.1381961982333335,0.014726790729534601,Low Risk
2013-03-21,5.100434303,6.670522213,6.70030117,6.636488914,6.698174,2132768,-0.004128257492265752,6.727953298,7.107849868233333,0.014086611627260926,Low Risk
2013-03-24,5.10368681,6.674776077,6.70030117,6.621599197,6.670522213,1443142,0.0006377107914743441,6.694527762428571,7.076227267666667,0.013811088029295763,Low Risk
2013-03-25,5.072785854,6.634362221,6.710937023,6.583312035,6.674776077,4361782,-0.006054713376716592,6.675991807857143,7.0456682365,0.011936610185393631,Low Risk
2013-03-26,5.023992062,6.570549011,6.64499712,6.530135155,6.634362221,4014635,-0.00961858998262255,6.659278937857143,7.0115640323,0.011747627680855514,Low Risk
2013-03-27,4.988211632,6.52375412,6.604582787,6.423780918,6.570549011,9678695,-0.007121914914820393,6.647124222428571,6.9801541647,0.011254902873995661,Low Risk
2013-03-28,4.980079174,6.51311779,6.551405907,6.40463686,6.52375412,11604284,-0.001630400196627968,6.6121793474285715,6.9493114949,0.0037629376294049492,Low Risk
2013-03-31,4.874362469,6.374857903,6.547152042,6.306791782,6.51311779,3655635,-0.021227911341059946,6.565991333571428,6.9142855645,0.007136876913276609,Low Risk
2013-04-01,4.854845047,6.349332809,6.419527054,6.287648201,6.374857903,2694473,-0.004004025562356128,6.520107133000001,6.878337891966667,0.007145417405910609,Low Risk
2013-04-02,4.857613087,6.111100197,6.200438023,6.015381813,6.349332809,4764395,-0.03752088907078743,6.439582007285715,6.840404971500001,0.012723366818504176,Low Risk
2013-04-03,4.624284744,5.817563057,6.043034077,5.679303169,6.111100197,6316269,-0.048033435966914784,6.3228964124285705,6.790489498833334,0.018002313310749387,Low Risk
2013-04-04,4.749402523,5.974967003,6.040906906,5.849469185,5.817563057,5223433,0.027056680685326295,6.237813268428572,6.745891730066666,0.024984279565294008,Medium Risk
2013-04-07,4.789981842,6.026017189,6.143005848,5.953695774,5.955822945,1265669,0.008544011368492699,6.166707992571429,6.703775564899999,0.026288307454205604,Medium Risk
2013-04-08,4.947223186,6.223834991,6.359969139,6.015381813,6.026017189,7149040,0.03282728804044899,6.125381878428571,6.668820524266667,0.031112863759694485,Medium Risk
2013-04-09,4.989492893,6.277011871,6.372731209,6.179166794,6.223834991,8247033,0.008544069705719526,6.111403873857142,6.635850747466666,0.030724923828664708,Medium Risk
2013-04-10,4.97089529,6.253614902,6.29615593,6.211072922,6.277011871,9223903,-0.0037274055682601226,6.097729887142856,6.601959276233333,0.030721791438842672,Medium Risk
2013-04-11,5.04528904,6.347206116,6.381238937,6.306791782,6.253614902,9345741,0.014965938176024984,6.131459304142857,6.5728182793,0.026677641866807867,Medium Risk
2013-04-14,5.207603931,6.551405907,6.636488914,6.332315922,6.347206116,9767423,0.0321716023188936,6.236293996999999,6.5524692059,0.013894325705038619,Low Risk
2013-04-15,5.238038063,6.589693069,6.657760143,6.515244961,6.551405907,17250724,0.005844113850294486,6.324112006428572,6.539990345666666,0.013697480834782035,Low Risk
2013-04-16,5.194077492,6.534389019,6.596074104,6.498229027,6.589693069,5515782,-0.008392507726978637,6.3967365535714285,6.5363743146666655,0.016135180563377288,Low Risk
2013-04-17,5.160261631,6.491847038,6.534389019,6.438670158,6.534389019,13065973,-0.0065104757118531476,6.435023988857144,6.528149588933333,0.014317830311287123,Low Risk
2013-04-18,5.156880856,6.487593174,6.530135155,6.455687046,6.491847038,3355633,-0.0006552625123636968,6.465107032142858,6.513543621733334,0.014480362710380446,Low Risk
2013-04-21,5.129827976,6.453559875,6.542897224,6.421654224,6.487593174,1497179,-0.005245905235919168,6.493670599714286,6.496030648566667,0.014640134546510501,Low Risk
2013-04-22,5.167025566,6.500356197,6.534389019,6.466322899,6.453559875,5827698,0.007251241625770177,6.5155491827142855,6.479793961833334,0.014006103992818075,Low Risk
2013-04-23,5.150118351,6.479084969,6.525880814,6.445052147,6.500356197,3006022,-0.003272317293907312,6.505217620142858,6.461855586366666,0.006068843887851088,Low Risk
2013-04-24,5.158570766,6.489719868,6.551405907,6.445052147,6.479084969,4238778,0.0016414198997056761,6.4909357342857135,6.447887754433333,0.005382328614002202,Low Risk
2013-04-28,5.158570766,6.489719868,6.489719868,6.489719868,6.489719868,0,0.0,6.484554427,6.438741286600001,0.00464989585598191,Low Risk
2013-04-29,5.170406342,6.504610062,6.521626949,6.455687046,6.515244961,4503610,0.002294427849408809,6.486377716142856,6.432643651966667,0.00405415190102323,Low Risk
2013-04-30,5.172098637,6.506737232,6.515244961,6.496101856,6.504610062,4776082,0.00032702498377679134,6.489112581571429,6.4292403221,0.004033019871586988,Low Risk
2013-05-02,5.265090466,6.623725891,6.679030895,6.481212139,6.506737232,7106159,0.017979619405045666,6.513422012428571,6.424773454633334,0.007028485411529689,Low Risk
2013-05-07,5.484892368,6.900247097,7.040634155,6.508863926,6.623725891,7604866,0.04174707869112204,6.570549283857143,6.4315092245333325,0.01611523076182342,Low Risk
2013-05-08,5.615082741,7.064032078,7.125717163,6.913009167,6.900247097,5157902,0.02373610375072044,6.654113156571428,6.444626220033332,0.016011216787891223,Low Risk
2013-05-09,5.635372162,7.089557171,7.146987915,7.053397179,7.064032078,5481566,0.003613388602734968,6.739804199857143,6.4584522565,0.01580366416414517,Low Risk
2013-05-12,5.699621201,7.170385838,7.208673,7.08743,7.089557171,3046227,0.011401088255643232,6.837042195571429,6.4763197104,0.014819831491431953,Low Risk
2013-05-13,5.675950527,7.14060688,7.198038101,7.055523872,7.170385838,6480814,-0.004153048200305154,6.927898883857144,6.495321639366667,0.01586425170651466,Low Risk
2013-05-14,5.650589466,7.108701229,7.166131973,7.053397179,7.14060688,1706141,-0.004468198787047628,7.013893740571428,6.514819876333333,0.016614743142941722,Low Risk
2013-05-15,5.753726959,7.238452911,7.327789783,7.119336128,7.108701229,5357603,0.01825251587036414,7.101711886285714,6.5389977137,0.016629136119799683,Low Risk
2013-05-16,5.806139946,7.304391861,7.344807148,7.232070923,7.238452911,4752336,0.009109536362362114,7.1594468525714285,6.569982178966667,0.010705253296825751,Low Risk
2013-05-19,5.856863976,7.368204117,7.389474869,7.338425159,7.304391861,2151141,0.008736149047631203,7.202900001000001,6.6039445559,0.00831445141915664,Low Risk
2013-05-20,5.860245705,7.372458935,7.414999962,7.295884132,7.368204117,4009435,0.0005774565867662229,7.243314538714286,6.645989847166666,0.008540084423774585,Low Risk
2013-05-21,5.84841013,7.357569218,7.402237892,7.317153931,7.372458935,4152547,-0.002019640547512913,7.270055021571429,6.6973233858666665,0.008536718799240523,Low Risk
2013-05-22,5.929567814,7.459669113,7.583038807,7.340551853,7.357569218,5657493,0.013876851440312254,7.315635340571428,6.7468134562,0.008485453031426558,Low Risk
2013-05-23,5.84841013,7.357569218,7.444778919,7.327789783,7.459669113,843334,-0.013686920083636145,7.351187910428572,6.791198523833334,0.010826715436203154,Low Risk
2013-05-26,5.875462055,7.391602039,7.412872791,7.327789783,7.357569218,1652500,0.004625552270271616,7.3730663572857145,6.830124092099999,0.009135006996466067,Low Risk
2013-05-27,5.95661974,7.493701935,7.614945889,7.372458935,7.391602039,2677905,0.013812959012307946,7.400110653571429,6.8706804275666675,0.009805008695248016,Low Risk
2013-05-28,6.05637598,7.61920023,7.670249939,7.508592129,7.493701935,3217843,0.0167471693014436,7.4359672411428575,6.9161999385,0.010897061154093753,Low Risk
2013-05-29,6.058066368,7.621326923,7.651105881,7.544752121,7.61920023,5012040,0.00027912286536668773,7.471519810857143,6.958670632066667,0.010917110530824404,Low Risk
2013-05-30,6.200092793,7.800002098,7.872322083,7.653233051,7.621326923,11485741,0.02344410321262913,7.534724507999999,7.0002905051,0.012405043906486942,Low Risk
2013-06-02,6.179803371,7.774477005,7.885085106,7.717045784,7.800002098,3395316,-0.003272446940308593,7.579697064,7.039783302966667,0.012838814756151569,Low Risk
2013-06-03,6.1358428,7.719172955,7.891466141,7.55538702,7.774477005,3964594,-0.0071135395942945046,7.631354740714285,7.079276100833334,0.011308721507712125,Low Risk
2013-06-04,5.895750999,7.417127132,7.593675137,7.332044125,7.719172955,3956560,-0.03912929853506575,7.635001182571429,7.110118770633334,0.020857192908396098,Medium Risk
2013-06-05,5.829811096,7.334170818,7.427762985,7.242706776,7.417127132,4151555,-0.011184426601250852,7.612211023,7.138338025433333,0.020368339701523065,Medium Risk
2013-06-06,5.755417824,7.240580082,7.38096714,7.181021214,7.334170818,5325286,-0.012760915763006642,7.558122430428571,7.164572032333334,0.018603979474918608,Low Risk
2013-06-09,5.466293812,6.876849174,7.242706776,6.619472027,7.240580082,3093762,-0.0502350507667515,7.451768466285714,7.177121798233333,0.024213507601051534,Medium Risk
2013-06-10,5.244800091,6.598200798,6.827926159,6.445052147,6.876849174,4587486,-0.04051977423810815,7.2800825662857145,7.1810923258666675,0.019119668434867114,Low Risk
2013-06-11,5.495036602,6.913009167,7.019362926,6.562040806,6.598200798,6147333,0.04771124411603589,7.157015732285714,7.195201969166666,0.03286279292149823,Medium Risk
2013-06-12,5.227894306,6.576931,7.019362926,6.423780918,6.913009167,7053594,-0.04861532205169139,6.993838310142857,7.198109006899999,0.03465041211401973,Medium Risk
2013-06-13,5.298905849,6.666267872,6.764113903,6.468450069,6.576931,4314092,0.013583367683194458,6.8865727015714295,7.203497600566667,0.03603417549161822,Medium Risk
2013-06-16,5.263400555,6.621599197,6.774748802,6.562040806,6.666267872,572695,-0.006700702080637888,6.784776755714286,7.2073263327333335,0.03614416077670936,Medium Risk
2013-06-17,5.293834209,6.659886837,6.70030117,6.562040806,6.621599197,2243733,0.005782234602382363,6.701820577857142,7.2085316976,0.03691573792489741,Medium Risk
2013-06-18,5.38344574,6.772622108,6.851324081,6.621599197,6.659886837,2007061,0.016927505490586192,6.686930996999999,7.2042775313,0.0336923552984023,Medium Risk
2013-06-19,5.283688545,6.647123814,6.721571922,6.593946934,6.772622108,2602412,-0.018530237181217823,6.693919999285714,7.190380589166667,0.030325520155950584,Medium Risk
2013-06-20,5.231275082,6.581184864,6.604582787,6.468450069,6.647123814,10393097,-0.009919922036222828,6.646516527428572,7.173434845599999,0.02248202955438422,Medium Risk
2013-06-23,5.052052021,6.355713844,6.481212139,6.277011871,6.581184864,1124875,-0.0342599432563212,6.614914076571429,7.146279112466667,0.01829488589861186,Low Risk
2013-06-24,4.933698654,6.206819057,6.33869791,6.147261143,6.355713844,2554013,-0.023426917991369645,6.549278531571429,7.1151528517,0.017448260850373883,Low Risk
2013-06-25,4.857613087,6.111100197,6.232344151,6.040906906,6.206819057,4919598,-0.015421564431147505,6.476350103,7.081899483966667,0.017483207021317806,Low Risk
2013-06-26,4.830559731,6.077066898,6.219581127,6.030271053,6.111100197,3119544,-0.005569095237009436,6.393090111714286,7.043186616866667,0.016111190343602037,Low Risk
2013-06-27,4.864375591,6.119607925,6.208946228,6.05792284,6.077066898,4341863,0.007000256491170198,6.299802371285715,7.003693819,0.01322855106894135,Low Risk
2013-06-30,5.050361633,6.353587151,6.483338833,6.096210957,6.119607925,2274390,0.03823434913928736,6.257868562285714,6.969873253466667,0.023565717288512183,Medium Risk
2013-07-02,5.493346214,6.910881996,6.987456799,6.381238937,6.353587151,14690402,0.08771341790948539,6.304968152571428,6.9544873555,0.04237759047234395,Medium Risk
2013-07-03,5.366537094,6.75135088,6.87046814,6.679030895,6.910881996,8427412,-0.023084045725615843,6.361487729142857,6.934280077566667,0.04070863067083087,Medium Risk
2013-07-04,5.902514935,7.425635815,7.425635815,6.987456799,6.75135088,9729512,0.09987407660850223,6.535604408857142,6.933145634300001,0.04981915312868305,Medium Risk
2013-07-07,5.83995676,7.346933842,7.593675137,7.136353016,7.425635815,6618223,-0.010598684740371844,6.712152072428572,6.932791121766667,0.04916432527131831,Medium Risk
2013-07-08,5.623535633,7.074666977,7.359695911,6.955551147,7.346933842,8754311,-0.037058570398924906,6.854666369428572,6.9222266197,0.05392124378475676,High Risk
2013-07-09,5.870389938,7.385221004,7.4873209,7.219308853,7.074666977,6289533,0.0438966283515001,7.035468237857143,6.918610588666667,0.05388229365106536,High Risk
2013-07-10,5.8450284,7.353314877,7.43414402,7.242706776,7.385221004,7838595,-0.004320267055341831,7.178286484428571,6.909747743566667,0.05498055059032124,High Risk
2013-07-11,5.728364468,7.20654583,7.444778919,7.093811035,7.353314877,3415974,-0.019959575981040922,7.220524175,6.895921707133334,0.048300853426431097,Medium Risk
2013-07-14,5.811212063,7.310772896,7.38096714,7.129971027,7.20654583,1736450,0.014462832605062426,7.300441605857143,6.879614067066667,0.04645745348056068,Medium Risk
2013-07-15,5.836574078,7.342679024,7.389474869,7.287374973,7.310772896,2275885,0.004364261953405446,7.288590635714286,6.865220801033334,0.025967052255471888,Medium Risk
2013-07-16,5.817976475,7.319282055,7.359695911,7.249087811,7.342679024,3827735,-0.003186434940642857,7.284640380428571,6.8518911043666675,0.025674926946570083,Medium Risk
2013-07-17,5.765562534,7.253342152,7.338425159,7.221436024,7.319282055,2385481,-0.009009067078506017,7.310165405428571,6.846431605033333,0.02067637538244198,Medium Risk
2013-07-18,5.767252445,7.255468845,7.295884132,7.210800171,7.253342152,3114593,0.00029320180344916125,7.2916293827142855,6.843808205933333,0.010752085609029445,Low Risk
2013-07-21,5.875462055,7.391602039,7.417127132,7.317153931,7.255468845,2192122,0.01876283902642828,7.297098977285714,6.848842271166666,0.013325192313161281,Low Risk
2013-07-22,5.94816637,7.483067036,7.519227028,7.402237892,7.391602039,9015044,0.012374177683999621,7.336602006714286,6.8690495332333334,0.01014749545519356,Low Risk
2013-07-24,5.90082407,7.423508167,7.538371086,7.257596016,7.483067036,5762820,-0.007959152138216963,7.352707045428572,6.896559778866666,0.01036032865444263,Low Risk
2013-07-25,5.834882736,7.340551853,7.412872791,7.274612904,7.423508167,2417313,-0.01117481278848298,7.352403163857143,6.910811201733334,0.011436710772273288,Low Risk
2013-07-28,5.856863976,7.368204117,7.497955799,7.344807148,7.340551853,522016,0.0037670551960884424,7.359392029857142,6.9371869723,0.01141431851782561,Low Risk
2013-07-29,5.865317345,7.37883997,7.43201685,7.317153931,7.368204117,1750963,0.0014434796907241143,7.377320289571428,6.960939375566666,0.010535379301160577,Low Risk
2013-07-30,5.87208128,7.387348175,7.43414402,7.342679024,7.37883997,3860061,0.0011530545498468214,7.396160193857143,6.9864643415,0.010510330768488797,Low Risk
2013-07-31,5.926185608,7.455414772,7.546878815,7.361823082,7.387348175,2993794,0.009213941916308865,7.405276298571429,7.012981939333334,0.008492525144572471,Low Risk
2013-08-01,6.11217165,7.689393044,7.814890862,7.497955799,7.455414772,3036632,0.031383669340402376,7.43475144257143,7.043540970533333,0.013934595399732321,Low Risk
2013-08-04,6.318446159,7.948896885,8.076521873,7.763841152,7.689393044,2750357,0.03374828670027341,7.509806973714285,7.086933406233333,0.016635975933670822,Low Risk
2013-08-05,6.511196613,8.191384315,8.295611382,8.040362358,7.948896885,4801159,0.03050579640271689,7.631354468285714,7.140606721266667,0.015220647815544663,Low Risk
2013-08-06,6.426656723,8.085029602,8.165859222,8.044615746,8.191384315,5144197,-0.012983728868055211,7.733758109,7.1982505798666665,0.018423628882479545,Low Risk
2013-08-07,6.477380276,8.148842812,8.242433548,8.004200935,8.085029602,4484636,0.00789276145435669,7.843758515,7.262984705033333,0.017873563220673228,Low Risk
2013-08-11,6.477380276,8.148842812,8.148842812,8.148842812,8.148842812,0,0.0,7.952543463142858,7.330909458866667,0.018020874750170265,Low Risk
2013-08-12,6.58220911,8.280721664,8.306246758,8.187129974,8.148842812,6331233,0.016183752103525073,8.070444447714285,7.404364617733334,0.01788820824267828,Low Risk
2013-08-13,6.443564415,8.106301308,8.295611382,8.076521873,8.280721664,4124179,-0.02106342455130239,8.130002771142857,7.4705877305,0.02075672189925093,Medium Risk
2013-08-14,6.369170189,8.012709618,8.114809036,7.90210104,8.106301308,3174107,-0.011545547894652786,8.139118875857143,7.525891812733334,0.018206286238773486,Low Risk
2013-08-15,6.369170189,8.012709618,8.012709618,8.012709618,8.012709618,0,0.0,8.113593919142858,7.562619400133333,0.012933284386066082,Low Risk
2013-08-18,6.024251461,7.578784943,7.934008121,7.444778919,8.012709618,8047751,-0.05415454892128113,8.041273253571429,7.590200535566666,0.023354200475024615,Medium Risk
2013-08-19,6.020869732,7.574531078,7.657486916,7.476685047,7.578784943,7125985,-0.0005612858831585132,7.959228720142858,7.595163711,0.022542199201197537,Medium Risk
2013-08-20,6.086809635,7.657486916,7.702156067,7.6085639,7.574531078,8186570,0.010951943710541201,7.889035020714286,7.605515480133334,0.02371470679512078,Medium Risk
2013-08-21,6.102026939,7.676630974,7.72768116,7.636216164,7.657486916,1323255,0.0025000444937097743,7.8027363507142855,7.6255809467,0.021819692855976673,Medium Risk
2013-08-22,6.118934631,7.697902203,7.734062195,7.657486916,7.676630974,3266445,0.002770906804305584,7.744393621428571,7.636003653333333,0.021765837957746708,Medium Risk
2013-08-25,6.181494236,7.776604176,7.842543125,7.742569923,7.697902203,1923505,0.010223820844246223,7.710664272571429,7.650113296633334,0.022573091072298598,Medium Risk
2013-08-26,6.174730301,7.768095016,7.827653885,7.721300125,7.776604176,2955234,-0.001094199962788478,7.6757193294285715,7.668831602833333,0.022544234827909806,Medium Risk
2013-08-27,6.091883183,7.663868904,7.763841152,7.614945889,7.768095016,3586729,-0.013417203546728595,7.687874181,7.680601469766667,0.008179773692544953,Low Risk
2013-08-28,5.961692333,7.50008297,7.646852016,7.423508167,7.663868904,3464679,-0.021371181586171906,7.677238737000001,7.685848267966667,0.01199740515113963,Low Risk
2013-08-29,5.970146656,7.510718822,7.529861927,7.466050148,7.50008297,4320669,0.0014180979120554937,7.656271866428571,7.6922294935333335,0.010855141122668492,Low Risk
2013-09-01,6.029323101,7.585166931,7.646852016,7.54049778,7.510718822,1104373,0.009912248183480132,7.64320557457143,7.7032903195,0.01177095177654269,Low Risk
2013-09-02,5.96676445,7.506464958,7.551133156,7.449032784,7.585166931,1551906,-0.01037577336345119,7.6158573967142855,7.7116568566,0.011994495830029792,Low Risk
2013-09-03,5.917731762,7.444778919,7.519227028,7.408618927,7.506464958,911249,-0.008217721570025871,7.568453788571428,7.713429419266666,0.010387981651295487,Low Risk
2013-09-04,5.904205799,7.427762985,7.497955799,7.319282055,7.444778919,1954966,-0.0022856197860453564,7.519834927,7.7115859509,0.010300468644245667,Low Risk
2013-09-05,5.902514935,7.425635815,7.525608063,7.344807148,7.427762985,1082747,-0.00028638097423094866,7.485801628571429,7.7116568725,0.009986369542476793,Low Risk
2013-09-08,5.932949066,7.463922977,7.510718822,7.38096714,7.425635815,817200,0.005156078611161963,7.480635915285715,7.7157692433000005,0.007120566840246377,Low Risk
2013-09-09,6.036087513,7.593675137,7.721300125,7.449032784,7.463922977,4839907,0.017383909292717714,7.4924868174285715,7.723284943966666,0.009910711052962982,Low Risk
2013-09-10,6.22545433,7.831908226,7.8872118,7.721300125,7.593675137,6440077,0.03137256792027032,7.527735573857143,7.7383872191666665,0.014946133572902557,Low Risk
2013-09-12,6.296467304,7.921245098,7.965913773,7.870194912,7.827653885,3089098,0.011406782283712502,7.586989879571429,7.756183783266667,0.013485748371012815,Low Risk
2013-09-15,6.264341831,7.880830765,7.965913773,7.804255962,7.921245098,3365209,-0.005102017738373488,7.649283000428572,7.770364316366666,0.012908414354049656,Low Risk
2013-09-16,6.331973553,7.965913773,8.010582924,7.912736893,7.880830765,1610404,0.010796197829531673,7.726161684428571,7.779581674,0.012049829586737372,Low Risk
2013-09-17,6.364098072,8.006327629,8.059505463,7.912736893,7.965913773,3487259,0.005073348413207723,7.809117657857143,7.781496032133333,0.011434125123712797,Low Risk
2013-09-18,6.362407207,8.004200935,8.091411591,7.912736893,8.006327629,2348139,-0.0002656266516368744,7.886300223285714,7.775256586133334,0.012052554804173478,Low Risk
2013-09-19,6.323518753,7.95527792,8.019090652,7.870194912,8.004200935,4892086,-0.0061121672728221554,7.9379577637142855,7.770931530066667,0.012924544499135123,Low Risk
2013-09-22,6.387769699,8.036108017,8.082902908,7.923371792,7.95527792,2085238,0.010160562310059351,7.967129162428571,7.767173703566667,0.007559269587666345,Low Risk
2013-09-23,6.402986526,8.055251122,8.102046967,7.976549149,8.036108017,3245985,0.00238213634753337,7.986272880142857,7.7640539805666675,0.006754133277406136,Low Risk
2013-09-24,6.472308636,8.142461777,8.187129974,8.082902908,8.055251122,3371979,0.010826559430508143,8.023648738999999,7.759445317666666,0.006475442998135233,Low Risk
2013-09-25,6.457091331,8.123317719,8.178622246,8.087157249,8.142461777,1844556,-0.0023511388231598485,8.046135017,7.760012531366667,0.006315370592619588,Low Risk
2013-09-26,6.458781719,8.125445366,8.146716118,8.099920273,8.123317719,4756675,0.0002619184763663629,8.063151836571429,7.763770389633334,0.006290552747657534,Low Risk
2013-09-29,6.428347111,8.087157249,8.163731575,8.048870087,8.125445366,2211186,-0.004712125339025874,8.07500273857143,7.766251977333334,0.006778245139164647,Low Risk
2013-09-30,6.399605274,8.05099678,8.136079788,8.004200935,8.087157249,3067891,-0.004471344860330406,8.08867686142857,7.7819923719,0.006493787348829076,Low Risk
2013-10-01,6.504432201,8.182875633,8.242433548,8.082902908,8.082902908,2597532,0.016380437926345692,8.109643663714285,7.802270523733333,0.008073348882176095,Low Risk
2013-10-02,6.538249016,8.225418091,8.253069878,8.148842812,8.182875633,1169072,0.005198961820760628,8.133953230714287,7.8212015629,0.008129716025099248,Low Risk
2013-10-03,6.570374012,8.265831947,8.295611382,8.210528374,8.221162796,1893285,0.004913288972413499,8.151577540714285,7.840841595333333,0.007463123158744635,Low Risk
2013-10-07,6.578828812,8.276468277,8.295611382,8.248815536,8.265831947,3063519,0.0012867827543794341,8.173456191857143,7.860127131133334,0.007218111488888217,Low Risk
2013-10-08,6.561919689,8.255196571,8.295611382,8.223291397,8.276468277,1923063,-0.0025701428783472258,8.191992078285715,7.876080210966666,0.007452707781256517,Low Risk
2013-10-09,6.587281227,8.287102699,8.327516556,8.255196571,8.255196571,2572893,0.0038649749555430546,8.220555714,7.893380467066667,0.006784891727786681,Low Risk
2013-10-10,6.702253342,8.431743622,8.50406456,8.278594971,8.295611382,5741622,0.017453738447992695,8.274948120000001,7.918976291000001,0.00750616738891021,Low Risk
2013-10-13,6.77495718,8.523208618,8.582766533,8.476412773,8.431743622,2633624,0.010847696526415929,8.323567117857143,7.953080479266666,0.006539454408763153,Low Risk
2013-10-14,6.578828812,8.276468277,8.276468277,8.276468277,8.276468277,0,-0.028949231687103616,8.330860001571429,7.9786054611,0.014725294855981568,Low Risk
2013-10-20,6.842588425,8.608291626,8.621053696,8.518955231,8.523208618,2448408,0.04009238456481801,8.379782812857142,8.0127096176,0.020970804175085643,Medium Risk
2013-10-21,6.920364857,8.706137657,8.7976017,8.533843994,8.608291626,6118787,0.011366486551695143,8.441164152857143,8.052698707566666,0.02093896972610125,Medium Risk
2013-10-22,7.015048504,8.82525444,8.872050285,8.729536057,8.706137657,2883469,0.013681931953399173,8.522600991285714,8.098714558266666,0.020540806255327188,Medium Risk
2013-10-23,6.959252357,8.75506115,8.795475006,8.733790398,8.82525444,3506934,-0.007953684562549634,8.589452198571427,8.142957830433334,0.02156673942459004,Medium Risk
2013-10-24,7.001522064,8.808238029,8.869922638,8.752932549,8.75506115,1596432,0.006073844384285154,8.643237113857142,8.1890445709,0.02116733201225258,Medium Risk
2013-10-27,7.102967262,8.935861588,8.97202301,8.791220665,8.808238029,2328417,0.014489113325481862,8.702187538142857,8.238109191266666,0.02133744436824912,Medium Risk
2013-10-28,7.026885986,8.840144157,8.986911774,8.75506115,8.935861588,2150469,-0.010711606268447582,8.782712663857142,8.2796581586,0.01686512588003874,Low Risk
2013-10-29,7.015048504,8.82525444,8.929480553,8.742298126,8.840144157,3028287,-0.001684329659738526,8.813707351571429,8.312769699066667,0.010431440108361632,Low Risk
2013-10-30,7.108041763,8.942243576,8.997548103,8.861414909,8.923100471,3340410,0.013256177121619528,8.847436768571429,8.346802981666666,0.010686982923941574,Low Risk
2013-10-31,7.211177826,9.071994781,9.193239212,8.933734894,8.942243576,4565286,0.014509916208079954,8.882685388714286,8.386508448866667,0.010817354569924744,Low Risk
2013-11-03,7.211177826,9.071994781,9.071994781,9.071994781,9.071994781,0,0.0,8.927961621714285,8.4233778158,0.009714335014896127,Low Risk
2013-11-04,7.228086948,9.093265533,9.146443367,9.048598289,9.054979324,1797450,0.0023446609608448465,8.968679836571429,8.459609079266666,0.009756323092757884,Low Risk
2013-11-06,7.442815304,9.363405228,9.469758987,9.125171661,9.125171661,5376295,0.029707665966604235,9.029757499428571,8.504915889033333,0.01335796852781936,Low Risk
2013-11-07,7.547643185,9.495284081,9.53144455,9.401693344,9.363405228,4656933,0.014084497016708664,9.123348917142858,8.556249427733333,0.011033599149961689,Low Risk
2013-11-10,7.551025391,9.499539375,9.546334267,9.444233894,9.486776352,1817792,0.0004481481505660412,9.21967533642857,8.605030473,0.010670479513762232,Low Risk
2013-11-11,7.605130196,9.567605019,9.671832085,9.465504646,9.499539375,6622821,0.007165152047174939,9.309012685428572,8.655442269566667,0.010668181008509855,Low Risk
2013-11-12,7.579768658,9.535698891,9.67821312,9.444233894,9.567605019,5888311,-0.003334808234311426,9.375256129714286,8.7018835067,0.011445352131044787,Low Risk
2013-11-13,7.490158081,9.422964096,9.539953232,9.320863724,9.535698891,4576193,-0.011822394592010621,9.425394603285714,8.7452050526,0.013391992264896166,Low Risk
2013-11-14,7.464796543,9.391057014,9.525062561,9.337880135,9.422964096,1753450,-0.003386098225031331,9.46793624342857,8.787392107533332,0.013787311839217687,Low Risk
2013-11-17,7.52059269,9.461251259,9.529317856,9.420837402,9.391057014,766698,0.007474584053249522,9.481914247857143,8.8331952412,0.008679465265334831,Low Risk
2013-11-18,7.569625854,9.522935867,9.57185936,9.444233894,9.461251259,1952686,0.006519709318714151,9.485864503,8.882259877433334,0.007198732126439782,Low Risk
2013-11-19,7.591603756,9.550587654,9.614400864,9.486776352,9.522935867,1749003,0.0029037040032813266,9.493157114285713,8.927850278133333,0.007258901007926967,Low Risk
2013-11-20,7.664308071,9.64205265,9.729263306,9.337880135,9.550587654,3200476,0.00957689718304322,9.503792490142857,8.975071430100002,0.007658251824711895,Low Risk
2013-11-21,7.610203266,9.573986053,9.673958778,9.518681526,9.64205265,2032429,-0.007059347160897289,9.509262084714285,9.018676566966667,0.008134956031162538,Low Risk
2013-11-24,7.618658066,9.584622383,9.650561333,9.57185936,9.573986053,969977,0.0011109615097741887,9.532356125714285,9.062281703833332,0.00604273981027098,Low Risk
2013-11-25,7.669380188,9.648433685,9.865395546,9.465504646,9.584622383,4820745,0.006657675122723861,9.569124221571428,9.108722940966667,0.005602814429559109,Low Risk
2013-11-26,7.34306097,9.237908363,9.650561333,9.063487053,9.648433685,14290624,-0.04254839027791901,9.537218093571427,9.1404164631,0.018137888861377988,Low Risk
2013-11-27,7.378566265,9.282575607,9.442107201,9.118790627,9.237908363,3913961,0.004835211851516252,9.502880913571428,9.168777529266666,0.017997098884194044,Low Risk
2013-11-28,7.297409534,9.180477142,9.305974007,9.103901863,9.282575607,1976009,-0.010998937075503812,9.450007983285714,9.190686480066665,0.01793922898789096,Low Risk
2013-12-01,7.397165298,9.305974007,9.359150887,9.271941185,9.180477142,1930637,0.013669971947956716,9.40199674857143,9.225003337733334,0.018567851564771247,Low Risk
2013-12-02,7.442815304,9.363405228,9.454870224,9.295338631,9.305974007,1524963,0.006171435784883883,9.37191377357143,9.250173791133333,0.018980784655030614,Low Risk
2013-12-03,7.508757114,9.446361542,9.544206619,9.305974007,9.363405228,2951732,0.008859630869326285,9.352162224857143,9.274847920633334,0.01948084752358015,Low Risk
2013-12-04,7.53580904,9.480395317,9.561223984,9.422964096,9.446361542,1974345,0.003602844846524178,9.328156743714286,9.296685949866665,0.01929027504833538,Low Risk
2013-12-05,7.535802364,9.480383873,9.480383873,9.480383873,9.480383873,0,-1.2071226586085615e-06,9.362796102285714,9.320863373966667,0.007780079260216246,Low Risk
2013-12-08,8.136036873,10.23550797,10.51309204,9.763296127,9.740962029,7227651,0.07965121530053065,9.498929297,9.368439038666668,0.029792993859665242,Medium Risk
2013-12-09,8.123354912,10.2195549,10.36951447,10.11426544,10.23550797,5622725,-0.0015586007110500733,9.647368976714287,9.411228815733333,0.02864191700941246,Medium Risk
2013-12-10,8.067558289,10.14936066,10.28974915,10.07278728,10.2195549,4721107,-0.006868620080508703,9.767852784285713,9.454869365833334,0.029916613397599993,Medium Risk
2013-12-11,8.08024025,10.16531467,10.25146103,10.10469341,10.14936066,1848825,0.0015719226594121949,9.882411276,9.499538040166668,0.030137102058725117,Medium Risk
2013-12-12,8.174079895,10.28336716,10.34398937,10.20998287,10.16531467,4809419,0.011613264697884595,10.001983507142857,9.544242159633335,0.030104498170693526,Medium Risk
2013-12-15,8.232410431,10.3567524,10.44927979,10.30570221,10.28336716,1394804,0.007136304564272722,10.127177376142855,9.587067413600002,0.02995829155375822,Medium Risk
2013-12-16,8.123354912,10.2195549,10.35994244,10.07278728,10.3567524,4048862,-0.01324715458100545,10.232773237142856,9.625319417566667,0.031309934450840946,Medium Risk
2013-12-17,8.189295769,10.30251122,10.35994244,10.20998287,10.2195549,6637763,0.008117410279776305,10.24234513,9.665627607133333,0.008876141785794357,Low Risk
2013-12-18,8.245092392,10.37270546,10.55138016,10.20998287,10.30251122,5654195,0.006813313618502459,10.264223781428571,9.6992709482,0.009041700380478806,Low Risk
2013-12-19,8.245092392,10.37270546,10.55776119,10.22912693,10.37270546,5443070,0.0,10.29613018142857,9.7285183275,0.00823500377381103,Low Risk
2013-12-22,8.267916679,10.40141964,10.49394798,10.30570221,10.37270546,1802232,0.0027682440334133585,10.329859462857142,9.758581003,0.008209324351213266,Low Risk
2013-12-23,8.280597687,10.41737366,10.46842289,10.34079933,10.40141964,1262814,0.0015338310107830821,10.34900324857143,9.786906624366669,0.00735011810832722,Low Risk
2013-12-24,8.338931084,10.49075794,10.59604836,10.20998287,10.41737366,3505995,0.007044412766125108,10.368146897142859,9.818741926,0.00733922831389637,Low Risk
2013-12-25,8.404870987,10.57371426,10.64071655,10.50671101,10.49075794,630250,0.007907562110807786,10.418741091428572,9.8571002648,0.0033550959825664963,Low Risk
2013-12-26,8.331323624,10.48118591,10.64390755,10.4205637,10.57371426,1122571,-0.008750789715401108,10.444266047142857,9.893437894666667,0.0058070214667010865,Low Risk
2013-12-29,8.288205147,10.42694473,10.5290451,10.37589455,10.48118591,684876,-0.005175099503601843,10.452014514285713,9.925627677033333,0.006075517318004514,Low Risk
2013-12-30,8.255236626,10.38546658,10.44608879,10.33760834,10.42694473,1513492,-0.003977977353295303,10.453837531428572,9.9543787008,0.006338913600725044,Low Risk
2013-12-31,8.262845039,10.3950386,10.49075794,10.3535614,10.38546658,1781497,0.0009216745272122573,10.452925954285714,9.982527065666666,0.006251699645030841,Low Risk
2014-01-02,8.275527,10.41099167,10.48118591,10.37589455,10.3950386,375704,0.001534681169918839,10.452014241428571,10.008158366333333,0.006251736024283926,Low Risk
2014-01-05,8.369364738,10.5290451,10.62476444,10.36951447,10.41099167,1466185,0.011339306930787219,10.457483835714285,10.0399936679,0.007204561858285059,Low Risk
2014-01-06,8.28313446,10.4205637,10.62157345,10.36951447,10.5290451,2555487,-0.010303061575830719,10.435605184285714,10.067858378466667,0.007387497819853476,Low Risk
2014-01-08,8.298352242,10.43970776,10.5290451,10.36951447,10.4205637,3365944,0.0018371424570819972,10.429679734285713,10.094234180966668,0.0068535936141413175,Low Risk
2014-01-09,8.392189026,10.55776119,10.61519241,10.49713898,10.43970776,2505118,0.011308116349034725,10.4483678,10.138229275199999,0.007768681698937652,Low Risk
2014-01-12,8.491100311,10.68219471,10.74919796,10.5290451,10.55776119,3456566,0.011785976000087794,10.490757532857142,10.1848832453,0.008089902744652542,Low Risk
2014-01-14,8.513925552,10.7109108,10.8193922,10.44608879,10.68219471,3829647,0.0026882200502411635,10.535882132857143,10.235897700566666,0.00800275061081487,Low Risk
2014-01-15,8.47081089,10.65666962,10.72048187,10.53861713,10.7109108,3317731,-0.005064105285985554,10.570978982857143,10.280920887666666,0.008739311727064752,Low Risk
2014-01-16,8.3820467,10.54499817,10.6853857,10.47480488,10.65666962,2568341,-0.010479019617012475,10.573257992857142,10.320307319066668,0.00929644399637623,Low Risk
2014-01-19,8.270453453,10.40461063,10.59285831,10.34398937,10.54499817,799866,-0.01331318770631884,10.570978982857143,10.352248955333332,0.009915154908597486,Low Risk
2014-01-20,8.280597687,10.41737366,10.51309204,10.30570221,10.40461063,1424184,0.0012266706034342878,10.567788397142857,10.383481566766667,0.009897158150485247,Low Risk
2014-01-21,8.270453453,10.40461063,10.49713898,10.30570221,10.41737366,2260146,-0.0012251677262001825,10.545909745714287,10.414289125333333,0.008488171627272587,Low Risk
2014-01-22,8.404870987,10.57371426,10.69814777,10.43651676,10.40461063,4298534,0.016252759090514823,10.530412538571428,10.425562668333333,0.009772750094787949,Low Risk
2014-01-23,8.34400177,10.49713898,10.57690525,10.43651676,10.57371426,1521556,-0.007242041738320881,10.499873707142857,10.434815471,0.00979834727385049,Low Risk
2014-01-26,8.333856583,10.48437691,10.58009529,9.890920639,9.890920639,2194247,-0.0012157665078376123,10.475260462857142,10.445982679333332,0.009760310714986124,Low Risk
2014-01-27,8.364291191,10.52266407,10.56095123,10.44927979,10.48437691,2519344,0.0036518297967218505,10.472069877142857,10.457894326,0.009230052194300752,Low Risk
2014-01-28,8.47588253,10.66305065,10.75238895,10.5290451,10.52266407,6668726,0.01334135339359932,10.508989880000001,10.470550442333332,0.008412503790546493,Low Risk
2014-01-29,8.511389732,10.7077198,10.77791405,10.62795353,10.66305065,3092355,0.004189152941892704,10.550467900000001,10.482249355666669,0.008350941189665536,Low Risk
2014-01-30,8.526607513,10.72686386,10.80024815,10.66943169,10.7077198,4155549,0.0017878745762474058,10.596504075714288,10.499159654333333,0.008113126286565433,Low Risk
2014-02-02,8.526607513,10.72686386,10.79705715,10.68219471,10.72686386,1921714,0.0,10.61838259,10.513304742333332,0.006270449318822699,Low Risk
2014-02-03,8.506318092,10.70133877,10.78429508,10.56095123,10.72686386,3568604,-0.0023795482382490407,10.647553988571428,10.524259185999998,0.005253360050259506,Low Risk
2014-02-04,8.323713303,10.47161388,10.67900372,10.37908554,10.70133877,5911155,-0.021466929973659732,10.645730698571429,10.527556133333333,0.010633709836449914,Low Risk
2014-02-05,8.371901512,10.5322361,10.62157345,10.40780163,10.47161388,2847195,0.005789195504599887,10.647098131428569,10.531916682,0.01078978011531133,Low Risk
2014-02-06,8.379508972,10.54180813,10.65347862,10.49713898,10.5322361,4749033,0.0009088316962433396,10.629777771428573,10.536064497666667,0.00916286816439763,Low Risk
2014-02-09,8.371901512,10.5322361,10.57690525,10.51628304,10.54180813,2152732,-0.0009080064711820546,10.604708671428572,10.537447103,0.008822731264667035,Low Risk
2014-02-10,8.47081089,10.65666962,10.72048187,10.49713898,10.5322361,4537597,0.011814539554425796,10.594680922857142,10.540212281666667,0.010292990967862582,Low Risk
2014-02-11,8.488562584,10.67900372,10.73643494,10.60881138,10.65666962,3191533,0.0020957860941925865,10.58784376,10.546806208666668,0.010353553811790718,Low Risk
2014-02-12,8.610300064,10.83215427,11.74467087,10.71729183,10.67900372,11692169,0.014341276959495275,10.606531688571428,10.560313193333334,0.01171219606046561,Low Risk
2014-02-13,8.754862785,11.01401901,11.10335732,10.88320446,10.83215427,4517774,0.016789341756669796,10.684018135714286,10.581264940999999,0.007042521929129952,Low Risk
2014-02-16,8.79036808,11.05868816,11.16397858,10.97892284,11.01401901,1563808,0.004055663056278025,10.759225572857146,10.603386593000002,0.007132827000460186,Low Risk
2014-02-17,8.803049088,11.07464123,11.21502781,10.93425369,11.05868816,2482624,0.0014425824988628655,10.835344587142858,10.625508244999999,0.0070591586730459855,Low Risk
2014-02-18,9.003407478,11.32670021,11.43518066,11.16716862,11.07464123,3256298,0.022760013147622438,10.94883946,10.652096748666668,0.008170460074000331,Low Risk
2014-02-19,9.317892075,11.72233677,11.80848408,11.35860634,11.32670021,10061652,0.03492955164918232,11.101077624285713,10.695489184333333,0.012386891562260267,Low Risk
2014-02-20,9.173330307,11.54047203,11.74148083,11.47346878,11.72233677,6861337,-0.015514375978809225,11.224144525714285,10.732181326666666,0.016318278072699963,Low Risk
2014-02-23,9.348325729,11.76062393,11.94567966,11.48623085,11.54047203,3529749,0.019076507393086084,11.356783048571428,10.772276751333333,0.016563710783807608,Low Risk
2014-02-24,9.353398323,11.76700592,11.85315228,11.64576244,11.76062393,3300603,0.0005426574336520051,11.464352607142857,10.808437125000001,0.01690476051207368,Low Risk
2014-02-25,9.257023811,11.64576244,11.7287178,11.58833122,11.76700592,2927753,-0.010303681397315079,11.548220361428573,10.839598846333335,0.018488584352038893,Low Risk
2014-02-26,9.22659111,11.60747528,11.64576244,11.51813698,11.64576244,2928875,-0.003287647347888112,11.624339511428571,10.871292368333334,0.018832757979420262,Low Risk
2014-02-27,9.284921646,11.68085861,11.77976799,11.62661839,11.60747528,6264738,0.006322075061959698,11.67493356857143,10.909154382999999,0.01750130633363413,Low Risk
2014-03-02,9.333108902,11.74148083,11.80529308,11.64576244,11.68085861,836022,0.0051898770479168466,11.677668434285716,10.953716723000001,0.011461496147343854,Low Risk
2014-03-03,9.114998817,11.46708679,11.7095747,11.30117512,11.74148083,2316132,-0.023369628071010617,11.667184828571427,10.988707160666667,0.013474480629678204,Low Risk
2014-03-04,9.188548088,11.55961514,11.67766762,11.36179733,11.46708679,3264478,0.008069037210103769,11.638469287142856,11.027207311000002,0.011216966315105976,Low Risk
2014-03-05,9.317892075,11.72233677,11.80529308,11.63619041,11.55961514,3757652,0.014076734219025333,11.63208798,11.065494728,0.012856402373485662,Low Risk
2014-03-06,9.333108902,11.74148083,11.85315228,11.64576244,11.72233677,3950354,0.0016331266005762402,11.645762035714286,11.106972789666665,0.012104641913878693,Low Risk
2014-03-09,9.325500488,11.7319088,11.77657795,11.65214252,11.74148083,540609,-0.0008152319233485361,11.663538252857142,11.148557186000001,0.011986228593523924,Low Risk
2014-03-10,9.297603607,11.69681168,11.77338696,11.62661839,11.7319088,2727209,-0.0029915950250141154,11.665817262857143,11.187695439666667,0.011889495210847223,Low Risk
2014-03-11,9.393978119,11.81805611,11.88186836,11.74148083,11.69681168,4161702,0.010365596481929584,11.676756588571427,11.226195621666667,0.012397540319496985,Low Risk
2014-03-12,9.28238678,11.67766762,11.90739346,11.61704731,11.81805611,5862929,-0.011879152433640017,11.706839564285714,11.258527215666668,0.008901602676744325,Low Risk
2014-03-13,9.378759384,11.79891205,11.8435812,11.69681168,11.67766762,4508127,0.010382589567145217,11.741024837142856,11.294262155333334,0.009175637897231064,Low Risk
2014-03-16,9.406657219,11.83400917,11.90101242,11.80529308,11.79891205,2596464,0.0029746064595845834,11.756978037142856,11.331166999,0.007790265306691908,Low Risk
2014-03-17,9.508106232,11.96163368,12.04459,11.80529308,11.83400917,7351853,0.010784553921382445,11.788428444285714,11.373176829333335,0.00856855573669878,Low Risk
2014-03-18,9.632630348,11.82443714,11.97120476,10.76834202,11.96163368,4075787,-0.0114697158992082,11.801646778571428,11.418270938000001,0.0101035360710315,Low Risk
2014-03-19,9.656022072,11.85315228,11.96482372,11.82124615,11.82443714,1188405,0.0024284572415596006,11.82398115,11.462301477333334,0.009938079772246658,Low Risk
2014-03-20,9.967924118,12.23602676,12.57104206,11.58195019,11.85315228,10842764,0.03230149001342286,11.883691242857143,11.518775431666665,0.015136259012150972,Low Risk
2014-03-23,9.91334343,12.16902447,12.40513039,12.02863693,12.23602676,2131977,-0.005475820812931853,11.95388507857143,11.573335044,0.014098823864954133,Low Risk
2014-03-24,9.770385742,11.99353981,12.08606815,11.96482372,12.16902447,1838962,-0.014420602114213699,11.981689044285716,11.617897383666667,0.015822168828912485,Low Risk
2014-03-25,9.905546188,12.15945244,12.24878883,12.01268291,11.99353981,4555562,0.013833499753064249,12.02818094,11.667245674333333,0.016404236232655953,Low Risk
2014-03-26,9.986121178,12.25836086,12.34769917,12.15626144,12.15945244,2282208,0.00813428240194658,12.070570537142856,11.714785893999998,0.01625135257481749,Low Risk
2014-03-27,9.791181564,12.0190649,12.47532272,11.58195019,12.25836086,9063282,-0.01952104059693993,12.098374502857142,11.748287423666666,0.017716127799082902,Low Risk
2014-03-30,9.650823593,11.84677124,11.96482372,11.64895344,12.0190649,1247757,-0.014335030340005828,12.097462925714284,11.774556859666665,0.018821011622854274,Low Risk
2014-03-31,9.242749214,11.34584427,11.96482372,11.16716862,11.84677124,77391697,-0.04228383918722478,11.97029399857143,11.783596961,0.018646814179910036,Low Risk
2014-04-01,9.622232437,11.81167412,11.93291759,11.64576244,11.34584427,3093264,0.04105731040498406,11.91924394857143,11.799762757999998,0.027133502522732982,Medium Risk
2014-04-02,9.645627022,11.84039021,11.96482372,11.7095747,11.81167412,3562972,0.002431161722568964,11.897365434285714,11.803697872666667,0.026793428739936124,Medium Risk
2014-04-03,9.42989254,11.57556915,11.76700592,11.43199062,11.84039021,3482075,-0.022365906469563934,11.813953535714287,11.804867776666667,0.02682814974367464,Medium Risk
2014-04-06,9.42989254,11.57556915,11.57556915,11.57556915,11.57556915,0,0.0,11.716411862857143,11.798699284000001,0.02624855163765973,Medium Risk
2014-04-07,9.294733047,11.40965557,11.58195019,11.23098183,11.44475269,2652948,-0.014333081842459516,11.629353387142856,11.786787605666666,0.02593578857791883,Medium Risk
2014-04-08,9.510468483,11.67447758,11.77338696,11.5085659,11.61066532,2903288,0.023210342185640442,11.604740007142857,11.787744777,0.027995150239770242,Medium Risk
2014-04-09,9.546854973,11.71914577,11.80529308,11.54685307,11.65533447,4996251,0.0038261403727841703,11.658068792857145,11.791467126666667,0.02155298531239121,Medium Risk
2014-04-10,9.671616554,11.87229633,11.99672985,11.68085861,11.77657795,5257131,0.013068406435565505,11.66672910857143,11.797848384,0.015442672521861543,Low Risk
2014-04-13,9.746994972,11.96482372,12.04459,11.88186836,11.88186836,1777287,0.007793554627354871,11.684505324285714,11.805293146999999,0.01566649729676442,Low Risk
2014-04-14,9.510468483,11.67447758,11.67447758,11.67447758,11.67447758,0,-0.024266645860788416,11.6986351,11.812206173333333,0.01615981182298029,Low Risk
2014-04-15,9.715805054,11.92653656,11.96482372,11.83719921,11.93291759,3235462,0.021590600373571522,11.748773301428571,11.824436887333333,0.017837396638116922,Low Risk
2014-04-16,9.721001625,11.93291759,11.96482372,11.80529308,11.92653656,1948251,0.0005350279159332949,11.823525018571429,11.831456248,0.016026470032335347,Low Risk
2014-04-17,9.692412376,11.89782143,11.99672985,11.82762814,11.93291759,3428481,-0.0029411214596345436,11.855431282857143,11.836667601333335,0.014463801207594381,Low Risk
2014-04-22,9.643026352,11.83719921,12.03182697,11.72552776,11.89782143,2429593,-0.005095237002561093,11.87229606,11.840177281666666,0.014748650414404055,Low Risk
2014-04-23,9.619633675,11.80848408,11.84996223,11.80210304,11.83719921,2675881,-0.0024258381979194166,11.863180024285713,11.843899695,0.013863870981689123,Low Risk
2014-04-24,9.619633675,11.80848408,11.80848408,11.80848408,11.80848408,0,0.0,11.84084579,11.843580627333333,0.013373575528513577,Low Risk
2014-04-27,9.598840714,11.78295898,11.83719921,11.74148083,11.80848408,2242686,-0.0021615899066359523,11.856343132857143,11.847090339333333,0.00911693680476476,Low Risk
2014-04-28,9.598840714,11.78295898,11.86910629,11.72552776,11.78295898,4668443,0.0,11.835832049999999,11.846558570333334,0.0020239475834004116,Low Risk
2014-04-29,9.630029678,11.82124615,11.96163368,11.78295898,11.78295898,6434765,0.003249368012312237,11.819878987142857,11.846133136333334,0.002682441168746357,Low Risk
2014-04-30,9.744395256,11.96163368,12.12435532,11.88505936,11.82124615,2672518,0.011875865557541054,11.828995022857143,11.846133136333332,0.005535966145868478,Low Risk
2014-05-04,9.713204384,11.92334557,12.02863693,11.80848408,11.96163368,2319032,-0.00320090976068077,11.841301645714285,11.849430084,0.005239394921994021,Low Risk
2014-05-05,9.671616554,11.87229633,11.91696453,11.85315228,11.92334557,2472989,-0.004281452692979415,11.85041768142857,11.850068219,0.005485612138699178,Low Risk
2014-05-06,9.715805054,11.92653656,12.04459,11.87548733,11.87229633,3167158,0.004568638491859511,11.867282321428572,11.839751879000001,0.005646347879699513,Low Risk
2014-05-07,9.757390976,11.97758675,12.041399,11.88505936,11.92653656,3308118,0.0042803868284120306,11.895086288571429,11.833370621666667,0.005484990743511567,Low Risk
2014-05-08,9.624832153,11.81486511,11.88505936,11.76062393,11.97758675,1899822,-0.013585511288407126,11.899644307142855,11.827414798333333,0.00819272845037047,Low Risk
2014-05-11,9.617034912,11.80529308,11.80529308,11.77976799,11.81486511,749130,-0.0008101683693280126,11.897365297142857,11.815609486333333,0.008101846874097077,Low Risk
2014-05-12,9.591043472,11.77338696,11.80848408,11.7095747,11.80529308,1482313,-0.002702696136706151,11.87047290857143,11.799443689666667,0.006122943596843245,Low Risk
2014-05-13,9.585843086,11.76700592,11.88505936,11.74148083,11.77338696,8134077,-0.0005419884712596357,11.848138672857143,11.791041723666666,0.006136391866903341,Low Risk
2014-05-14,9.798976898,12.02863693,12.12435532,11.84996223,11.76700592,4846804,0.02223428897535551,11.870473044285715,11.797103913333334,0.01080557304986668,Low Risk
2014-05-15,9.811974525,12.04459,12.12435532,11.99672985,12.02863693,3589499,0.0013262575047230385,11.887337821428572,11.820395437666665,0.010742443613468742,Low Risk
2014-05-18,9.822370529,12.05735207,12.12435532,11.99672985,12.04459,906739,0.0010595686528143133,11.898732867142858,11.828584702666667,0.01067010229795682,Low Risk
2014-05-19,9.832769394,12.07011509,12.20412064,11.99034882,12.05735207,1933947,0.00105852594548983,11.935197150000002,11.836242198666667,0.00856175705132505,Low Risk
2014-05-20,10.04330444,12.32855511,12.47213268,12.12435532,12.07011509,8948489,0.021411562199113998,12.00994886857143,11.861341730666668,0.010722144181250582,Low Risk
2014-05-21,9.944533348,12.20731068,12.29345798,12.12435532,12.32855511,1452213,-0.009834439552584229,12.07193797142857,11.882399781666667,0.011981049961735208,Low Risk
2014-05-22,10.03290653,12.31579208,12.41470242,12.23602676,12.20731068,2140327,0.00888659286584148,12.150335994285713,11.912604332,0.011749814724217246,Low Risk
2014-05-25,9.999116898,12.27431393,12.33174515,12.16583347,12.31579208,950454,-0.0033678832616342858,12.185432708571428,11.932598877,0.009909727367203287,Low Risk
2014-05-26,9.991318703,12.2647419,12.31579208,12.17221355,12.27431393,2104136,-0.0007798423646803165,12.21688298,11.950785414666667,0.009998263326818534,Low Risk
2014-05-27,9.991318703,12.2647419,12.2647419,12.2647419,12.2647419,0,0.0,12.246510098571429,11.963866933666667,0.010034018555331196,Low Risk
2014-05-28,9.817173004,12.05097103,12.2200737,11.94567966,12.2647419,4143313,-0.017429707998991906,12.243775232857145,11.966738510666666,0.012581143609634337,Low Risk
2014-05-29,9.380507469,11.51494694,12.25197983,11.13526344,12.05097103,7919307,-0.044479742641950426,12.127545494285714,11.961420822666666,0.01745708490698355,Low Risk
2014-06-01,9.123185158,11.19907475,11.51494694,10.5290451,11.51494694,2836238,-0.027431493314375666,11.98351179,11.937172095666666,0.018722311778761536,Low Risk
2014-06-02,9.351917267,11.47984982,11.61066532,11.32670021,11.19907475,6034842,0.02507127385679797,11.864091467142856,11.922069836666667,0.02238505043096086,Medium Risk
2014-06-03,9.284337997,11.39689445,11.65533447,11.16716862,11.47984982,6636741,-0.007226172058059199,11.738745827142859,11.905372270666666,0.022248108649871527,Medium Risk
2014-06-04,9.240149498,11.34265327,11.48623085,11.23736286,11.39689445,4677808,-0.004759294756827348,11.60701888,11.888887406,0.02201315516397014,Medium Risk
2014-06-05,9.479276657,11.63619041,11.7095747,11.42241859,11.34265327,5867358,0.025879054310544047,11.51722581,11.883144283666667,0.025965862379558696,Medium Risk
2014-06-08,9.479276657,11.63619041,11.63619041,11.63619041,11.63619041,0,0.0,11.457971435714285,11.877401161333333,0.025654859112362274,Medium Risk
2014-06-09,9.575447083,11.7542429,11.83719921,11.61385632,11.63619041,3239997,0.010145286888614935,11.49215657285714,11.876443958666666,0.018979983403055862,Low Risk
2014-06-10,9.492272377,11.65214252,11.7095747,11.60747528,11.7542429,3426108,-0.008686257453468071,11.55688054,11.87208341,0.014821712816188142,Low Risk
2014-06-11,9.728798866,11.94248962,12.12435532,11.67766762,11.65214252,8869746,0.024917915267655077,11.62297194,11.876124858999999,0.014788512639785914,Low Risk
2014-06-12,9.830168724,12.0669241,12.12435532,11.96482372,11.94248962,2976691,0.010419475667084566,11.71869046142857,11.879634539666666,0.013668935668177491,Low Risk
2014-06-15,9.731398582,11.94567966,12.07649612,11.90101242,12.0669241,1000366,-0.010047667408465744,11.804837088571428,11.880379009333334,0.014622229189460064,Low Risk
2014-06-16,9.731398582,11.94567966,12.07649612,11.90101242,12.0669241,1000366,0.0,11.849049838571428,11.882825120333333,0.01229219146344681,Low Risk
2014-06-17,9.554653168,11.7287178,11.86910629,11.66171455,11.8882494,2598855,-0.01816237051178382,11.862268037142856,11.876231161666665,0.014878065126842923,Low Risk
2014-06-18,9.565050125,11.74148083,11.77338696,11.70319271,11.7287178,3106813,0.001088186297738325,11.860444884285714,11.868360964333332,0.01435791803463234,Low Risk
2014-06-19,9.453285217,11.60428429,11.72552776,11.53409004,11.74148083,3793413,-0.011684773154801431,11.853607994285714,11.861341603666666,0.014698605384266233,Low Risk
2014-06-22,9.367511749,11.49899387,11.6425724,11.35860634,11.60428429,1764165,-0.00907340921410682,11.79025145857143,11.85113163,0.009652004403265697,Low Risk
2014-06-23,9.427292824,11.57237816,11.64576244,11.42241859,11.49899387,2775899,0.0063818009496861006,11.719602038571427,11.844431336666668,0.00861766374497856,Low Risk
2014-06-24,9.266143799,11.3745594,11.48623085,11.26288795,11.57237816,1949292,-0.017094045602809693,11.63801343,11.831349786,0.009541105159938768,Low Risk
2014-06-25,9.169971466,11.25650692,11.32670021,11.21183777,11.3745594,1930759,-0.010378642007003891,11.539560181428572,11.805612119,0.009079038992236133,Low Risk
2014-06-26,9.149178505,11.23098183,11.35860634,11.10335732,11.25650692,4006124,-0.0022675853336570073,11.468455042857144,11.778491846666666,0.008178671815773031,Low Risk
2014-06-29,9.14398098,11.22459984,11.29479408,11.14802456,11.23098183,452303,-0.0005682486265762288,11.394614901428572,11.750733438999998,0.007955363660213946,Low Risk
2014-06-30,9.253148079,11.35860634,11.47984982,11.23098183,11.22459984,3590678,0.011938643863494747,11.35951805142857,11.727016480666666,0.010063161814709147,Low Risk
2014-07-02,9.193366051,11.28522205,11.45432472,11.16716862,11.35860634,2242821,-0.006460677287632777,11.328979219999999,11.692238712,0.009846861137569236,Low Risk
2014-07-03,9.180368423,11.26926899,11.35860634,11.17035961,11.28522205,2564981,-0.001413623934852004,11.28567791,11.660970655666665,0.009067005283466907,Low Risk
2014-07-06,9.27134037,11.38094139,11.47027779,11.16716862,11.26926899,1929129,0.009909462636759736,11.286589622857141,11.629808966,0.008140086420864178,Low Risk
2014-07-07,9.333722115,11.45751572,11.5309,11.35860634,11.38094139,2007030,0.006728294907772936,11.315305165714287,11.602582359,0.006947441462607268,Low Risk
2014-07-08,9.398701668,11.53728104,11.58195019,11.48623085,11.45751572,3289899,0.00696183378223636,11.359062195714285,11.578333663666665,0.006753332881046765,Low Risk
2014-07-09,9.554653168,11.7287178,11.80210304,11.53728104,11.53728104,3661887,0.01659288348236343,11.431079047142857,11.560466193666667,0.007892177582432902,Low Risk
2014-07-10,9.713204384,11.92334557,12.15626144,11.61385632,11.7287178,7056001,0.016594121652411253,11.511756080000001,11.556212011666668,0.008608025701086246,Low Risk
2014-07-13,9.624832153,11.81486511,11.96482372,11.74148083,11.92334557,654926,-0.009098156164570548,11.587419374285714,11.566209284,0.009322817796532311,Low Risk
2014-07-14,9.796379089,12.02544594,12.12116528,11.7319088,11.81486511,4680551,0.017823379957318863,11.695444652857145,11.593754990333332,0.00939821278559819,Low Risk
2014-07-15,9.905546188,12.15945244,12.2200737,12.09244919,12.02544594,6397283,0.011143578430988565,11.806660517142857,11.616408411000002,0.009421809548654906,Low Risk
2014-07-16,9.876955032,12.12435532,12.18816757,12.06054306,12.15945244,2676805,-0.0028864062895254117,11.901923317142856,11.640657106666668,0.0105343344568749,Low Risk
2014-07-17,9.988718987,12.26155186,12.41151142,12.11159325,12.12435532,4591637,0.011315780210902071,12.005390577142858,11.671287059666666,0.010580126525781821,Low Risk
2014-07-20,10.04070377,12.32536411,12.44022655,12.22326374,12.26155186,1361541,0.005204255605538055,12.090625764285715,11.694259516333334,0.010041020105475168,Low Risk
2014-07-21,9.879553795,12.12754631,12.17859554,12.08925819,12.32536411,2769790,-0.016049651615525407,12.119797298571429,11.710638046333333,0.0122621929535203,Low Risk
2014-07-22,10.16286564,12.47532272,12.63485432,12.12435532,12.12754631,5140342,0.028676568294217386,12.214148385714285,11.734674040333335,0.014431021421109172,Low Risk
2014-07-24,10.58913326,12.99858475,13.13897228,12.5327549,12.47532272,7789273,0.04194376704669334,12.353168215714286,11.779555448,0.0192674907085754,Low Risk
2014-07-27,10.50595951,12.89648533,12.98582268,12.76247883,12.99858475,1431389,-0.007854656638677349,12.45845862857143,11.811355305,0.020591573184228183,Medium Risk
2014-07-30,10.50595951,12.89648533,12.89648533,12.89648533,12.89648533,0,0.0,12.568762915714286,11.839007345999999,0.02035020956571259,Medium Risk
2014-07-31,10.94782734,13.43889141,13.67499638,12.76247883,12.89648533,10620233,0.042058441980176164,12.73695428,11.888781071,0.023927649783122704,Medium Risk
2014-08-03,10.88544369,13.36231613,13.41974735,13.29212189,13.43889141,1453253,-0.005698035475085406,12.885090282857144,11.936002286666668,0.02488753369796753,Medium Risk
2014-08-04,11.25972939,13.82176495,13.94300938,13.25702477,13.36231613,5587306,0.034383920836035475,13.127121517142857,12.005770525,0.022658837748122676,Medium Risk
2014-08-05,11.17395496,13.71647358,13.8855772,13.56013393,13.82176495,2572753,-0.0076177948605615775,13.304428782857142,12.071603616666668,0.02419543447553304,Medium Risk
2014-08-06,11.17395496,13.71647358,13.71647358,13.71647358,13.71647358,0,0.0,13.40698433,12.142009926333335,0.021082911090445373,Medium Risk
2014-08-07,11.42087841,14.01958275,14.05467987,13.87600517,13.69095039,4005488,0.02209818494762117,13.567426818571429,12.226029555666667,0.02038131188230636,Medium Risk
2014-08-10,11.36109734,13.94619942,14.02277374,13.78347778,14.01958275,1363644,-0.005234344795318591,13.717385974285715,12.305156930999999,0.020989391886801437,Medium Risk
2014-08-11,11.67040062,14.32588291,14.46946144,13.95896244,13.94619942,4873118,0.027224871706301945,13.844099045714286,12.403534381333333,0.017903385233454396,Low Risk
2014-08-12,11.75617504,14.43117332,14.61303902,14.30035782,14.32588291,2611621,0.007349662890690167,13.99679293,12.509356594666666,0.0167208346173929,Low Risk
2014-08-13,11.77177048,14.45031738,14.53646374,14.29397678,14.43117332,4025255,0.001326576819188352,14.086586134285714,12.616667779666667,0.013413606955592034,Low Risk
2014-08-14,12.11226559,14.86828804,14.99591255,14.50136662,14.45031738,4310648,0.02892466988846154,14.251131057142857,12.738124053000002,0.014118676737068573,Low Risk
2014-08-17,12.28641033,15.08205986,15.20330334,14.7757597,14.86828804,2533639,0.014377702357184052,14.446214811428572,12.862239170333332,0.013150635691965996,Low Risk
2014-08-18,11.98490429,14.71194839,14.97357941,14.43755531,15.08205986,7316067,-0.02453984889567995,14.54512418857143,12.976463381666667,0.01880111701406218,Low Risk
2014-08-19,12.05768204,14.80128479,14.96081638,14.52051067,14.71194839,2262889,0.006072370404774041,14.667279241428572,13.094197241666668,0.01803895496536582,Low Risk
2014-08-20,11.98230553,14.7087574,14.91933823,14.36417007,14.80128479,3929415,-0.006251307998783595,14.721975597142857,13.205124441999999,0.016688978661277734,Low Risk
2014-08-21,11.94851398,14.66727924,14.81723785,14.44712639,14.7087574,2748738,-0.002819963568098549,14.755705014285713,13.312116559333333,0.01678043794446247,Low Risk
2014-08-24,12.0238924,14.75980663,14.83638191,14.67366028,14.66727924,492399,0.0063084222019624825,14.799917764285713,13.419534079,0.016830842260589444,Low Risk
2014-08-25,11.98230553,14.7087574,14.80447578,14.60027599,14.75980663,1851489,-0.0034586652304943177,14.777127672857144,13.518868732333333,0.012445861653598863,Low Risk
2014-08-26,11.98230553,14.7087574,14.7087574,14.7087574,14.7087574,0,0.0,14.72379875,13.611715793333333,0.010414648449824263,Low Risk
2014-08-27,11.87573814,14.57794189,14.74066257,14.38969517,14.59070396,2288100,-0.008893715930075707,14.704654964285712,13.703818352666667,0.005817782577523267,Low Risk
2014-08-28,12.01089573,14.74385357,14.99591255,14.4216013,14.57794189,3908579,0.01138100846140766,14.696450504285716,13.794431940333334,0.007134693166913261,Low Risk
2014-08-31,12.06807804,14.81404781,14.99591255,14.69280434,14.74385357,1006979,0.004760915432775681,14.711491991428572,13.882918452666669,0.006873082270311108,Low Risk
2014-09-01,12.13825607,14.90019417,15.07567883,14.74066257,14.81404781,3483141,0.00581518036831552,14.744765552857144,13.975446414333334,0.006839728000969324,Low Risk
2014-09-02,12.40597439,15.22882843,15.46174431,14.91614819,14.90019417,4332744,0.022055703184168607,14.811768667142857,14.074355633333335,0.010167981363175467,Low Risk
2014-09-03,12.44236374,15.27349663,15.3532629,15.12353802,15.22882843,2590073,0.002933134364558665,14.8924457,14.172626717333335,0.00960305825834604,Low Risk
2014-09-04,12.36698723,15.18096924,15.31816578,15.00229359,15.27349663,3210100,-0.006058035840873499,14.959904534285714,14.274407481666666,0.010413394371668628,Low Risk
2014-09-07,12.45016098,15.28306866,15.31497478,15.18735027,15.18096924,325413,0.006725487574994915,15.060636930000001,14.367999013,0.00855508733394612,Low Risk
2014-09-08,12.44756126,15.27987766,15.37878704,15.17139721,15.28306866,4128962,-0.00020879314691235606,15.1372118,14.444042110000002,0.008642240623759569,Low Risk
2014-09-09,12.37998199,15.1969223,15.31497478,15.15544415,15.27987766,5077480,-0.00542905917481018,15.191908155714286,14.520723342333334,0.009530516815093324,Low Risk
2014-09-10,12.4267683,15.25435257,15.34688091,15.18735027,15.1969223,4142304,0.003779072424421104,15.242502212857143,14.599318917,0.009485830690230611,Low Risk
2014-09-11,12.45275879,15.2862587,15.375597,15.18735027,15.25435257,5015404,0.0020916082707271855,15.250706537142857,14.660897826666666,0.004771625421939934,Low Risk
2014-09-14,12.25262165,15.0405817,15.29583073,14.87467003,15.2862587,2180908,-0.016071754692990936,15.217432975714285,14.716840012333334,0.00769768172031093,Low Risk
2014-09-15,12.32539845,15.12991905,15.31178379,14.87147903,15.0405817,2414593,0.005939753646629242,15.21014009142857,14.760445148999999,0.008016126977703573,Low Risk
2014-09-16,12.4735527,15.31178379,15.39474106,15.17139721,15.12991905,2711353,0.012020205752521829,15.214242252857144,14.813622156,0.008996287449367318,Low Risk
2014-09-17,12.6191082,15.49045944,15.63403702,15.31816578,15.31178379,4054227,0.01166915967796589,15.244325364285714,14.872755018,0.009952985812669037,Low Risk
2014-09-18,12.84523869,15.76804256,15.95309925,15.50641155,15.49045944,5283650,0.017919618270534565,15.325913972857142,14.931037011666666,0.010914375419373854,Low Risk
2014-09-21,12.80884933,15.72337437,15.95309925,15.62765598,15.76804256,1326478,-0.0028328303801837817,15.392917087142857,14.990276176666667,0.011348963212355774,Low Risk
2014-09-22,12.97000122,15.92119312,15.98500538,15.63722801,15.72337437,3593364,0.012581189339194054,15.483622004285715,15.043453183666665,0.011682399518229877,Low Risk
2014-09-23,13.06877041,16.0424366,16.23706436,15.81271172,15.92119312,3203026,0.007615225761421929,15.626744132857143,15.097161959666666,0.006575291127797073,Low Risk
2014-09-24,12.91281796,15.85099888,16.08072472,15.76166153,16.0424366,1824059,-0.011933207203698615,15.729755537142859,15.143851343,0.010427299816466755,Low Risk
2014-09-25,12.92581463,15.86695194,15.95309925,15.64999008,15.85099888,3107731,0.0010064387816044462,15.809065272857142,15.177140139666667,0.010324671669146333,Low Risk
2014-09-28,12.8296442,15.74889946,15.87014294,15.68189621,15.86695194,656091,-0.0074401485834462155,15.845985275714286,15.199368126333331,0.010826708449755848,Low Risk
2014-09-29,13.1675396,16.16367912,16.24025536,15.79356766,15.74889946,4223320,0.026337056824413896,15.902504784285714,15.247759150666667,0.013070502869452195,Low Risk
2014-09-30,13.22212219,16.23068237,16.3519268,15.96586227,16.16367912,5430430,0.004145296965038847,15.974977355714286,15.295405736666668,0.012758796816425687,Low Risk
2014-10-01,13.13634777,16.12539291,16.20834923,16.01691055,16.23068237,4431925,-0.006487063057472819,16.004148754285715,15.342626920333334,0.012810228538529282,Low Risk
2014-10-02,12.92321587,15.8637619,16.07753372,15.63722801,16.12539291,4092928,-0.016224783573350998,15.978623797142857,15.382509675666665,0.014135529968652666,Low Risk
2014-10-09,12.53333569,15.38516903,15.53193665,15.20330334,15.58298683,6103939,-0.030168939310668774,15.912076675714285,15.403355089,0.017625394599785547,Low Risk
2014-10-12,12.16684818,14.93529129,15.44260025,14.71832943,15.38516903,3160649,-0.02924100080556602,15.778982297142857,15.410906218666668,0.019740307072764314,Low Risk
2014-10-13,12.21363354,14.99272156,15.15544415,14.71513939,14.93529129,4677097,0.003845272843017833,15.670956882857142,15.420371690666665,0.0202887933996629,Medium Risk
2014-10-14,11.96410942,14.6864233,14.99591255,14.52689171,14.99272156,7383862,-0.020429797136844896,15.459920337142858,15.423987737666666,0.014390245108575157,Low Risk
2014-10-15,12.0602808,14.80447578,14.96400738,14.67685127,14.6864233,3040609,0.008038204918143776,15.256176538571427,15.426008478,0.0152365546933434,Low Risk
2014-10-16,11.82115269,14.51093864,14.78533173,13.91429329,14.80447578,8966527,-0.01982759432769321,15.025540214285714,15.415904839,0.015126985141905427,Low Risk
2014-10-19,11.75357628,14.42798328,14.76299763,13.99086761,14.51093864,2998373,-0.005716746659746197,14.820428982857143,15.400164475999999,0.015485919897666577,Low Risk
2014-10-20,11.68079853,14.33864498,14.5747509,14.07382393,14.42798328,4462756,-0.00619201577006534,14.670925547142858,15.370491694333333,0.013695871631461094,Low Risk
2014-10-21,11.77437019,14.45350838,14.66727924,14.1759243,14.33864498,2523205,0.00801075695508291,14.602099417142858,15.343158752666666,0.012085259980192631,Low Risk
2014-10-22,12.21103477,14.98953247,15.15863514,14.67366028,14.45350838,3302750,0.03708608843661243,14.601643832857144,15.336777527,0.01993974745645504,Low Risk
2014-10-23,12.16164875,14.92891026,15.13630009,14.80447578,14.98953247,1957760,-0.004044302924145815,14.636284827142857,15.324972247,0.017989117420685034,Low Risk
2014-10-26,12.10706806,14.86190701,14.96400738,14.77256966,14.92891026,922610,-0.004488154113935994,14.64448928857143,15.311039891999998,0.017966987599252734,Low Risk
2014-10-27,12.088871,14.83957291,15.02781868,14.51731968,14.86190701,3743278,-0.001502774844774124,14.691437041428571,15.299128245666667,0.015667117708550667,Low Risk
2014-10-28,11.99790096,14.72790146,14.84276295,14.64494514,14.83957291,2606935,-0.007525246897418958,14.734282495714284,15.281579875333334,0.01585452503083898,Low Risk
2014-10-29,12.28381252,15.07886887,15.15544415,14.93210125,14.72790146,2651929,0.023830103083810394,14.840028765714285,15.274666881,0.01696015418965794,Low Risk
2014-10-30,12.54892921,15.40431213,15.64041805,15.05972481,15.07886887,3917379,0.02158273692846291,14.975857872857143,15.286791228666665,0.017804610808419403,Low Risk
2014-11-02,12.81404877,15.72975636,15.77761459,15.5542717,15.40431213,903050,0.021126826518023778,15.081604142857142,15.306785805666667,0.014333585508901639,Low Risk
2014-11-03,13.10256004,16.0839138,16.27216148,15.63722801,15.72975636,5813042,0.022515125593464802,15.246604648571429,15.332523472666669,0.014438597440603523,Low Risk
2014-11-04,13.26370907,16.28173256,16.4380722,16.06477165,16.0839138,3848076,0.012299168129090488,15.44943687,15.358899243333331,0.012776238850704655,Low Risk
2014-11-05,13.21692467,16.22430229,16.36787987,15.95309925,16.28173256,2893998,-0.0035272824798197044,15.647255352857144,15.374107901,0.013180766972273699,Low Risk
2014-11-06,13.08176517,16.05838966,16.51145744,15.96905231,16.22430229,2741066,-0.0102261796553349,15.837325095714286,15.385275077333334,0.013898346055331105,Low Risk
2014-11-09,13.02198315,15.98500538,16.27216148,15.95309925,16.05838966,611207,-0.004569840535305514,15.966773168571427,15.387402152666668,0.01418676277158011,Low Risk
2014-11-10,13.21692467,16.22430229,16.43169212,16.02010155,15.98500538,3826591,0.014970086297212193,16.083914619999998,15.393464342333333,0.013363363799954231,Low Risk
2014-11-11,13.22472191,16.23387337,16.55931664,16.0871048,16.22430229,3377478,0.000589922440356716,16.155931335714286,15.406226825333334,0.012067859892411098,Low Risk
2014-11-12,13.00119114,15.95948029,16.27216148,15.66594315,16.23387337,3353715,-0.016902502178381962,16.13815512,15.409311103666665,0.011485955663926179,Low Risk
2014-11-13,12.87123108,15.79994869,15.95309925,15.63403702,15.95948029,2849762,-0.00999603978958885,16.069328852857144,15.411012744666667,0.010183954557519978,Low Risk
2014-11-16,12.7646637,15.66913414,15.85737991,15.5734148,15.79994869,1457751,-0.008279428785917142,15.990019117142856,15.394527912,0.010286602418186968,Low Risk
2014-11-17,12.78285885,15.69146824,15.79356766,15.57022476,15.66913414,2457008,0.0014253563598634056,15.937601771428573,15.376554107666665,0.010226701044427211,Low Risk
2014-11-18,12.94920635,15.89566803,15.94671822,15.64680004,15.69146824,3337611,0.0130134278626306,15.924839292857143,15.368896611666667,0.011875498493922842,Low Risk
2014-11-19,12.92841339,15.87014294,15.94990826,15.82547379,15.89566803,2145814,-0.0016057890710743372,15.8742451,15.369109313,0.009668333899190891,Low Risk
2014-11-20,12.9024229,15.83823681,15.92119312,15.7329464,15.87014294,1280287,-0.0020104500709682283,15.817725591428573,15.384211572333333,0.009551830367588474,Low Risk
2014-11-23,12.86343193,15.79037666,15.92119312,15.54150867,15.83823681,2366408,-0.00302181048144079,15.79356793,15.412714418,0.007526931772790953,Low Risk
2014-11-24,12.7204771,15.61489296,15.7744236,15.50641155,15.79037666,2270029,-0.011113332112243524,15.767131397142858,15.433453464666666,0.007745874220706936,Low Risk
2014-11-25,12.51513958,15.36283398,15.50641155,15.28306866,15.61489296,6621296,-0.016142216321667346,15.72337423142857,15.456000487333334,0.009283857690915389,Low Risk
2014-11-26,12.69188595,15.57979679,15.86695194,15.40750313,15.36283398,3584739,0.014122577272035253,15.707421167142856,15.481844521000001,0.01127018203244045,Low Risk
2014-11-27,12.87902737,15.80952072,15.88928699,15.64041805,15.57979679,2125790,0.014744988852964491,15.695114408571428,15.525130590333333,0.01164103572318262,Low Risk
2014-11-30,12.86343193,15.79037666,15.94352722,15.64999008,15.80952072,1547075,-0.0012109196944712908,15.683719225714286,15.570543703,0.011636972728457639,Low Risk
2014-12-01,12.73347569,15.63084602,15.63084602,15.63084602,15.63084602,3252665,-0.010103029423238596,15.654091969999998,15.613617071,0.012182503805348984,Low Risk
2014-12-02,12.79845333,15.7106123,15.7106123,15.7106123,15.7106123,5835969,0.005103132607021887,15.642697061428573,15.655520534999999,0.012433137156235367,Low Risk
2014-12-03,13.05317402,16.02329254,16.02329254,16.02329254,16.02329254,10417856,0.01990248591393229,15.701039858571429,15.689979204,0.013561141432649172,Low Risk
2014-12-04,13.22472191,16.23387337,16.23387337,16.23387337,16.23387337,4288539,0.013142169717885066,15.825474057142857,15.733477974333335,0.010583255068356659,Low Risk
2014-12-07,13.30789661,16.33597374,16.49550438,16.14453506,16.23387337,1964787,0.00628934128491343,15.933499335714286,15.782613532000001,0.010230983966199798,Low Risk
2014-12-08,13.33648777,16.37107086,16.46359825,16.11901093,16.33597374,3509998,0.0021484559511786294,16.013720784285717,15.833663463666666,0.00970266144918181,Low Risk
2014-12-09,13.25071144,16.2657795,16.41254807,16.01691055,16.37107086,4237646,-0.006431549951766535,16.081635475714286,15.884926065,0.010436045328252099,Low Risk
2014-12-10,13.02458477,15.98819637,16.26897049,15.79994869,16.2657795,2855561,-0.01706546741273607,16.132685525714287,15.915236981666668,0.012216652939217436,Low Risk
2014-12-11,12.76986122,15.67551517,15.95309925,15.53831768,15.98819637,4290855,-0.019557002726505845,16.12767165,15.924277083,0.014875683646632786,Low Risk
2014-12-14,12.23962593,15.02462864,15.49365044,14.84276295,15.67551517,3398380,-0.041522496896668204,15.98500537857143,15.900772825666667,0.018659847785796817,Low Risk
2014-12-15,12.5359354,15.38835907,15.5989399,14.84914494,15.02462864,5506212,0.024208946438226242,15.86421762142857,15.877587667999999,0.021151007976318748,Medium Risk
2014-12-16,12.13305664,14.89381313,15.15544415,14.67685127,15.38835907,8523011,-0.03213766573488208,15.658194677142857,15.831323687000001,0.0219710879465036,Medium Risk
2014-12-17,11.78996277,14.47265053,15.13949108,14.03872681,14.89381313,8578984,-0.02827768794491381,15.386991772857142,15.772935295,0.021500565334639447,Medium Risk
2014-12-18,12.09926891,14.85233498,14.99591255,14.58113194,14.47265053,8295792,0.026234617440182184,15.185071127142859,15.732733472333333,0.02706592708632769,Medium Risk
2014-12-21,12.47615433,15.31497478,15.43940926,14.94167328,14.85233498,39121168,0.031149297441983803,15.088896614285716,15.710399118999998,0.031507156754240914,Medium Risk
2014-12-22,12.33579731,15.14268208,15.22563839,14.99591255,15.31497478,4879822,-0.01124994996563744,15.01277760142857,15.674345112000001,0.03105140240402183,Medium Risk
2014-12-23,12.34619236,15.15544415,15.25116253,15.05972481,15.14268208,2469338,0.0008427879508119407,15.031465531428571,15.638397471333333,0.026418946336939222,Medium Risk
2014-12-24,12.45535851,15.28944969,15.31497478,15.18735027,15.15544415,1383267,0.008842072767626608,15.017335619999999,15.616063118,0.02481070568196436,Medium Risk
2014-12-25,12.42156982,15.24797153,15.31497478,15.2224474,15.28944969,862500,-0.002712861537922384,15.067929677142857,15.597663879333334,0.020748139374752984,Medium Risk
2014-12-28,12.41117382,15.23521042,15.27987766,15.18735027,15.24797153,563031,-0.0008369054188547276,15.176866804285714,15.583199755333334,0.015714930952508834,Low Risk
2014-12-29,12.81664753,15.7329464,15.94671822,15.25116253,15.23521042,5685070,0.032670108667918196,15.302668435714285,15.584582360666667,0.017121190265005543,Low Risk
2014-12-30,12.93621063,15.87971497,15.94352722,15.64360905,15.7329464,2463953,0.009328740228848664,15.383345605714284,15.584050592,0.013985280068015136,Low Risk
2014-12-31,12.78545761,15.69465923,15.90524006,15.5734148,15.87971497,7589271,-0.011653593301240495,15.462199484285714,15.578201135,0.01406534539580938,Low Risk
2015-01-04,12.85043716,15.7744236,16.01691055,15.49045944,15.69465923,768875,0.005082261986774084,15.550625120000001,15.576074027999999,0.013936566382142112,Low Risk
2015-01-05,12.92841339,15.87014294,15.94352722,15.73932838,15.7744236,5020648,0.006068008722676765,15.633581298571428,15.578732903999999,0.013875521254793072,Low Risk
2015-01-06,12.6373024,15.51279354,15.63084602,15.31497478,15.87014294,1623540,-0.022517087675330005,15.671413014285715,15.57532959,0.017385438999571255,Low Risk
2015-01-08,12.89202404,15.82547379,15.95629025,15.60213089,15.51279354,9137565,0.020156282567272532,15.755736352857143,15.590750917000001,0.018472155741217373,Low Risk
2015-01-11,12.86343193,15.79037666,15.93714619,15.69784927,15.82547379,603378,-0.002217761721748812,15.763940675714284,15.597770246000001,0.014148725765203207,Low Risk
2015-01-12,13.15974236,16.15410805,16.30406761,15.77761459,15.79037666,5877779,0.02303500403010661,15.803139687142858,15.609256490333333,0.01633623932740555,Low Risk
2015-01-13,13.31049728,16.33916473,16.43169212,16.04881859,16.15410805,6832286,0.011455703987320875,15.895211901428572,15.627549426,0.015285252087316169,Low Risk
2015-01-14,13.76795292,16.90071297,17.38568687,16.3519268,16.33916473,10865875,0.03436823419553092,16.056110382857145,15.669878324333332,0.0186684637225187,Low Risk
2015-01-15,13.64319229,16.74756241,17.22296524,16.43488312,16.90071297,11605616,-0.009061781019052528,16.181456021428573,15.704443328,0.020032326604696428,Medium Risk
2015-01-18,13.5912075,16.68375015,16.91028595,16.49231339,16.74756241,1977205,-0.0038102416601174527,16.348735537142858,15.726458581666666,0.01617682494560049,Low Risk
2015-01-19,13.61719894,16.71565628,17.0187664,16.36787987,16.68375015,4583983,0.00191240756503408,16.475904464285716,15.742518012,0.015839350475379994,Low Risk
2015-01-20,13.97589111,17.1559639,17.28996849,16.93581009,16.71565628,4481213,0.026341030984635694,16.670988355714286,15.769851017333334,0.01644883112289971,Low Risk
2015-01-21,14.12664413,17.34101868,17.53883743,17.05386353,17.1559639,4507136,0.010786615143204115,16.840547017142857,15.802182611333334,0.015718855672409545,Low Risk
2015-01-22,14.24880505,17.49097824,17.61222076,17.36016273,17.34101868,4616513,0.008647678822522264,17.005091804285716,15.843022569333334,0.015719817396035146,Low Risk
2015-01-26,14.27739811,17.52607536,17.7717514,17.23572731,17.49097824,12067250,0.0020065841669012485,17.09442928857143,15.894285202333332,0.011515232624610428,Low Risk
2015-01-27,14.51392555,17.81642151,17.97276115,17.54840851,17.52607536,8202829,0.01656652410970816,17.247123445714287,15.965648747,0.010201966880105608,Low Risk
2015-01-28,14.38136482,17.65369987,17.78132439,17.55798149,17.81642151,11124759,-0.009133239237108737,17.385687691428572,16.053284454666667,0.01143320839864705,Low Risk
2015-01-29,14.34757614,17.61222076,17.72389221,17.51650238,17.65369987,3553018,-0.0023495986850036177,17.513768331428572,16.127413177666668,0.011924366361849797,Low Risk
2015-02-01,14.19162369,17.420784,17.69198608,17.27401543,17.61222076,2965379,-0.01086954124688122,17.551599774285712,16.21164554,0.010341516037574106,Low Risk
2015-02-02,14.43075085,17.71432114,17.86747169,17.51331139,17.420784,3297807,0.016849823750756387,17.60492869714286,16.319701227,0.011378895131627762,Low Risk
2015-02-03,14.56330967,17.87704277,18.02062035,17.80365944,17.71432114,8073929,0.00918588009746335,17.660080772857143,16.42052482,0.01142433469351421,Low Risk
2015-02-04,14.79723644,18.16419983,18.24396324,17.96319008,17.87704277,6143978,0.016062894948256634,17.75124141142857,16.515498988333334,0.012379238305333528,Low Risk
2015-02-05,14.71666336,18.06528854,18.18653297,17.99828529,18.16419983,3088572,-0.005445397591180345,17.786793844285715,16.612919203666667,0.011788647693557417,Low Risk
2015-02-08,14.64908028,17.98233223,18.33011055,17.83237457,18.06528854,1649585,-0.00459202795550806,17.833741324285715,16.707148806333333,0.011180360044497092,Low Risk
2015-02-09,14.56590843,17.88023376,17.99509621,17.80365944,17.98233223,5697218,-0.00567771013760221,17.872028895714287,16.793508275333334,0.011496759198973127,Low Risk
2015-02-10,14.5581131,17.87066269,18.02700233,17.72070122,17.88023376,3575853,-0.0005352877444707582,17.93629728,16.880931313999998,0.010117053814852374,Low Risk
2015-02-11,14.4957304,17.79408646,18.02700233,17.54840851,17.87066269,4569763,-0.004285024642250668,17.947692325714286,16.966227182,0.008571724725641954,Low Risk
2015-02-12,14.51132393,17.81323051,18.02381134,17.50374031,17.79408646,5206771,0.0010758658525704679,17.93857628857143,17.035569985666665,0.007736809275831657,Low Risk
2015-02-15,14.46973896,17.76218033,17.86747169,17.55798149,17.81323051,580871,-0.0028658574856111896,17.881144931428572,17.098318830999997,0.0025752169943745935,Low Risk
2015-02-16,14.23061085,17.46864319,17.80365944,17.26125336,17.76218033,2341895,-0.016525963285274115,17.795909881428575,17.157451629666664,0.00570125926407518,Low Risk
2015-02-17,14.1578331,17.37930679,17.70793915,17.22934723,17.46864319,4989550,-0.005114100679046496,17.70976339,17.210947735999998,0.005701922919066865,Low Risk
2015-02-18,14.19941902,17.43035507,17.62817574,17.28996849,17.37930679,5184732,0.002937302426203381,17.645495005714285,17.262954807000003,0.006381900593899205,Low Risk
2015-02-19,14.27219772,17.51969337,17.59307861,17.45269012,17.43035507,5284913,0.005125443494479409,17.59535653142857,17.329851468,0.007149801908797468,Low Risk
2015-02-22,14.29559135,17.54840851,17.61222076,17.50054932,17.51969337,569240,0.0016390206948013741,17.560259681428573,17.387282625333334,0.00729489224839303,Low Risk
2015-02-23,14.57890415,17.89618683,18.13548279,17.58031464,17.54840851,6363412,0.019818225669969936,17.572110584285713,17.45747629766667,0.01106216858970474,Low Risk
2015-02-24,14.72965908,18.08124352,18.1737709,17.80365944,17.89618683,3425356,0.01034056538177075,17.61769104,17.521714146666667,0.011468133584882753,Low Risk
2015-02-25,14.5243206,17.82918358,18.08124352,17.67922401,18.08124352,3883207,-0.01394040955873388,17.66919681,17.57138144166667,0.01076971875536353,Low Risk
2015-02-26,14.35797596,17.62498474,17.83556557,17.45269012,17.82918358,7071682,-0.011453067331084199,17.704293659999998,17.595523834,0.011781920804154184,Low Risk
2015-03-01,14.17342854,17.39845085,17.60584068,17.2867775,17.62498474,2736850,-0.012852997794992604,17.699735914285714,17.617220115333335,0.013032671210529851,Low Risk
2015-03-02,14.40475941,17.68241501,17.7717514,17.51650238,17.39845085,4938175,0.016321232415930975,17.722981862857143,17.650508944000002,0.014407994036511043,Low Risk
2015-03-03,14.37356949,17.6441288,17.7717514,17.54840851,17.68241501,4495370,-0.0021652138567241908,17.736656189999998,17.681458028,0.014469547287258513,Low Risk
2015-03-04,14.31118679,17.56755257,17.67284393,17.54521751,17.6441288,2465317,-0.004340040297144077,17.68970843857143,17.69517765033333,0.01183773606548762,Low Risk
2015-03-05,14.459342,17.74941826,17.93128395,17.54840851,17.56755257,4462117,0.010352363499430695,17.64230483,17.70879096966667,0.01183988364134025,Low Risk
2015-03-08,14.49833107,17.79727745,17.93128395,17.72070122,17.74941826,1443826,0.002696380765777384,17.63774681142857,17.719000943333338,0.010804506390509684,Low Risk
2015-03-09,14.63348579,17.96319008,18.0844326,17.74303627,17.79727745,5791987,0.009322360145596287,17.68606186,17.733571433999998,0.010025414387073824,Low Risk
2015-03-10,14.68287182,18.02381134,18.12272072,17.96319008,17.96319008,2692834,0.003374749124739118,17.775399072857144,17.740484428333335,0.007325532363538475,Low Risk
2015-03-11,14.68287182,18.02381134,18.15462685,17.93128395,18.02381134,3823745,0.0,17.82416997714286,17.75282147733333,0.005528343953360775,Low Risk
2015-03-12,15.01816654,18.43540192,18.69703293,18.10676765,18.02381134,9411904,0.022835934766281207,17.937208994285715,17.78026084933333,0.008882888051496628,Low Risk
2015-03-15,15.17412281,18.62683868,18.8884697,18.50559425,18.43540192,3553174,0.010384192372411283,18.08853558142857,17.820462672,0.0075865691245840545,Low Risk
2015-03-16,14.85961914,18.24077415,18.53750038,18.10676765,18.62683868,4055788,-0.020726250795016776,18.15872928,17.838011105666666,0.013249867270383542,Low Risk
2015-03-17,14.94019222,18.33968353,18.50559425,18.03657341,18.24077415,5971068,0.005422433235926949,18.236215862857144,17.85343246433333,0.013245778530880655,Low Risk
2015-03-18,15.02076626,18.43859291,18.49921417,18.34606361,18.33968353,6370959,0.005393189028491507,18.304130552857142,17.862578900333332,0.013083359309450919,Low Risk
2015-03-19,15.03116226,18.45135307,18.50559425,18.38754272,18.43859291,7975841,0.0006920354531543271,18.365207942857143,17.875447717999997,0.013137483201127991,Low Risk
2015-03-22,14.96618462,18.37158966,18.44816399,18.30139542,18.45135307,1560022,-0.004322903024910674,18.41489056,17.888422965666667,0.013424003976428508,Low Risk
2015-03-23,15.0259676,18.44497299,18.50559425,18.23439217,18.37158966,5600852,0.003994391958349386,18.416257855714285,17.907247606666665,0.010254427187824763,Low Risk
2015-03-24,15.06755352,18.49602318,18.56940651,18.40987587,18.44497299,3181619,0.002767702074038203,18.397569927142857,17.928092956333334,0.009347751347881407,Low Risk
2015-03-25,14.91420174,18.3077774,18.44178391,18.18653297,18.49602318,4304489,-0.010177635385078654,18.40714182,17.945215987666664,0.0058141452598611,Low Risk
2015-03-26,14.80503464,18.1737709,18.29820442,17.9504261,18.3077774,4510885,-0.007319648752119878,18.383440015714285,17.95723400066667,0.006021184627425729,Low Risk
2015-03-29,14.83102798,18.20567703,18.34606361,18.12272072,18.1737709,780143,0.0017556141857164587,18.35016631857143,17.972017224000002,0.005481907125959311,Low Risk
2015-03-30,14.81283283,18.18334198,18.25991631,18.10038567,18.20567703,3288270,-0.0012268178746219771,18.31187902,17.995840516999998,0.005383530535625885,Low Risk
2015-03-31,14.91641903,17.95999908,18.14186478,17.86747169,18.18334198,5148275,-0.012282830089521468,18.253080365714286,18.015196926666665,0.006632996682292897,Low Risk
2015-04-01,15.08601665,18.16419983,18.26629829,17.88661575,17.95999908,2805307,0.01136975280958663,18.212969914285715,18.039658418666665,0.008335820877432013,Low Risk
2015-04-02,14.65672779,17.64731789,18.1737709,17.38887787,18.16419983,3292159,-0.028456080908464743,18.091726301428572,18.043912569333333,0.012549215671090052,Low Risk
2015-04-05,14.13999367,17.02514648,17.71113014,16.69013214,17.64731789,4851586,-0.03525586232866351,17.908493312857143,18.026470501666665,0.016645441017232122,Low Risk
2015-04-06,13.91474915,16.7539444,17.03791046,16.5720787,17.02514648,6863706,-0.015929500537254615,17.705660955714286,17.988395754,0.01671489361240879,Low Risk
2015-04-07,14.22479248,17.12724686,17.35378075,16.91028595,16.7539444,3526530,0.02228146704366507,17.551599502857144,17.956595865333334,0.020731753359664307,Medium Risk
2015-04-08,14.3413868,17.26763344,17.45269012,16.94538116,17.12724686,4558709,0.008196681063076694,17.420783997142856,17.937877527333335,0.021571691218229862,Medium Risk
2015-04-09,14.57722855,17.5515995,17.71751213,17.31230354,17.26763344,3162783,0.016444990043754215,17.3624412,17.93543135266667,0.023111047194883272,Medium Risk
2015-04-14,14.76007366,17.7717514,18.02381134,17.61222076,17.5515995,9137556,0.012543124630892022,17.306377138571428,17.947874704333334,0.023236975234323103,Medium Risk
2015-04-15,14.81307602,17.83556557,17.99509621,17.7302742,17.7717514,3002068,0.003590764273238678,17.333269664285716,17.952979723,0.020334296390330336,Medium Risk
2015-04-16,14.78922367,17.80684853,17.92490196,17.6441288,17.83556557,3815838,-0.001610099768762252,17.444941385714284,17.958403714,0.01267987534569559,Low Risk
2015-04-19,14.39438534,17.3314476,17.6441288,16.95814323,17.80684853,2177040,-0.026697645526611247,17.527441842857144,17.950533548333336,0.016058048426299786,Low Risk
2015-04-20,14.04989624,16.91666603,17.22615623,16.7539444,17.3314476,3078072,-0.02393230961272974,17.497358867142857,17.922775140666666,0.017210377708831524,Low Risk
2015-04-21,14.00484848,16.86242676,17.04748154,16.7507534,16.91666603,2443619,-0.003206262386678871,17.43947219857143,17.891613451,0.01665508281489436,Low Risk
2015-04-22,14.23009109,17.13362885,17.45269012,16.7507534,16.86242676,3997182,0.01608321826152137,17.379762105714285,17.86396141,0.01658413177886458,Low Risk
2015-04-23,14.49243164,17.44949913,17.95999908,17.32825661,17.13362885,4282217,0.018435690580515862,17.333726067142855,17.844817669666668,0.017639413310622663,Low Risk
2015-04-26,14.34668732,17.27401543,17.45907211,17.20063019,17.44949913,1237963,-0.010056661150708912,17.25350461857143,17.819824472666667,0.017611211568242975,Low Risk
2015-04-27,14.3546381,17.28358841,17.54840851,17.14958191,17.27401543,5140941,0.0005541838282356881,17.178753172857142,17.781430689,0.017687724997555283,Low Risk
2015-04-28,14.1505928,17.03791046,17.38887787,16.83052063,17.28358841,3603117,-0.014214522133485619,17.136819295714286,17.728466415000003,0.0155292718335648,Low Risk
2015-04-29,14.34933853,17.27720642,17.5962677,16.97728729,17.03791046,6135719,0.01404491240647121,17.188325065714285,17.696347490666668,0.013182554756621367,Low Risk
2015-04-30,14.65937901,17.65050888,17.83556557,17.30911255,17.27720642,5038042,0.021606644669584396,17.300908225714288,17.673375002333334,0.0144791373633337,Low Risk
2015-05-03,14.49243164,17.44949913,17.70155907,17.24849129,17.65050888,893315,-0.011388326045815411,17.34603255142857,17.640405209666664,0.015197029150484426,Low Risk
2015-05-04,14.79982567,17.8196125,17.87385178,17.48459625,17.44949913,3554356,0.02121054405302014,17.39890589,17.619347190666666,0.015703298649475828,Low Risk
2015-05-05,14.92702007,17.97276115,18.02381134,17.74303627,17.8196125,2856755,0.00859438722362782,17.498726707142858,17.606052907,0.014643855503922646,Low Risk
2015-05-06,14.70177746,17.70155907,17.99509621,17.61222076,17.97276115,2729779,-0.015089616878372736,17.558436801428574,17.581272443,0.016631758550582635,Low Risk
2015-05-07,14.76537418,17.77813339,17.86747169,17.61222076,17.70155907,1957660,0.004325851734143571,17.664182934285712,17.557342783333336,0.014697307006887393,Low Risk
2015-05-10,14.77597141,17.79089546,17.86747169,17.72070122,17.77813339,944368,0.0007178520781703224,17.737567082857144,17.54011338533333,0.01436917610086571,Low Risk
2015-05-11,14.90847015,17.9504261,18.16738892,17.83556557,17.79089546,4872636,0.008966982036327398,17.7804124,17.532668558666668,0.012502227234010479,Low Risk
2015-05-12,14.92436981,17.96957016,18.05890846,17.79727745,17.9504261,3587929,0.0010664961318103128,17.854708261428573,17.52479832966667,0.010995610614928786,Low Risk
2015-05-13,14.8766737,17.91213989,18.09081459,17.73984528,17.96957016,3791078,-0.0031959734978992405,17.86792646,17.51575826,0.008250279306899224,Low Risk
2015-05-14,14.79452515,17.81323051,18.07486153,17.54521751,17.91213989,6104760,-0.005521918687963034,17.845136368571428,17.510865974333335,0.007727510194150134,Low Risk
2015-05-17,14.70707607,17.70793915,17.83556557,17.56436157,17.81323051,2007528,-0.005910851484288049,17.84604780857143,17.495657285,0.005421988494466912,Low Risk
2015-05-18,15.41990662,18.56621742,18.82784843,17.74303627,17.70793915,7575913,0.04846855767516001,17.958631241428574,17.526287269333334,0.019247734479117446,Low Risk
2015-05-19,15.31390953,18.43859291,18.79913139,18.20567703,18.56621742,5588431,-0.006874017852582126,18.05115944857143,17.573402150333333,0.019824553908699548,Low Risk
2015-05-20,15.26356125,18.37796974,18.44178391,18.26629829,18.43859291,1328534,-0.003287841447333073,18.112237111428573,17.627536328333335,0.019985723343322433,Low Risk
2015-05-21,15.31390953,18.43859291,18.55345345,18.32053947,18.37796974,2880490,0.003298687007197154,18.179240361428572,17.671247863333335,0.019957562047109346,Low Risk
2015-05-24,15.43050766,18.57897949,18.69703293,18.38116074,18.43859291,2344447,0.007613736074397526,18.274503161428573,17.71495939833333,0.019738163329332706,Low Risk
2015-05-25,15.26620865,18.38116074,18.56621742,18.25034523,18.57897949,1931878,-0.01064744972168541,18.355636051428572,17.742611439666668,0.020297905831956998,Medium Risk
2015-05-26,15.00651836,18.06847954,18.42582893,17.93766594,18.38116074,4827203,-0.01701096053850193,18.40714182142857,17.752502377666666,0.02165042417554985,Medium Risk
2015-05-27,14.93496895,17.98233223,18.13867378,17.88661575,18.06847954,4896590,-0.004767822871276195,18.32372965142857,17.757394599666668,0.00825681538763623,Low Risk
2015-05-28,15.04361725,18.11314964,18.34287262,17.89937782,17.98233223,8075411,0.007274774391152317,18.277237755714285,17.767604636666665,0.009257169897165405,Low Risk
2015-05-31,14.91641903,17.95999908,18.14824677,17.87066269,18.11314964,1672837,-0.008455214197634175,18.21752766142857,17.788556352666667,0.009532058481992166,Low Risk
2015-06-01,14.86342144,17.89618683,18.18334198,17.80365944,17.95999908,4041631,-0.003553020783339522,18.140041078571425,17.821207045999998,0.009090012235116107,Low Risk
2015-06-02,15.13636398,18.22481918,18.40987587,17.86747169,17.89618683,4250252,0.01836326101877206,18.089446748571426,17.866620126666668,0.011897108413005545,Low Risk
2015-06-03,15.28741169,18.40668678,18.50878525,18.18653297,18.22481918,2549470,0.00997911684081787,18.093093325714285,17.909055391,0.012148082863285612,Low Risk
2015-06-04,15.02771568,18.09400558,18.39392281,17.95680809,18.40668678,2153656,-0.01698737006486939,18.09673990285714,17.930538939333335,0.012142494608786828,Low Risk
2015-06-07,15.08866787,18.16738892,18.25034523,18.02700233,18.09400558,740426,0.0040556713479249495,18.123176572857144,17.96031805566667,0.01199001073072261,Low Risk
2015-06-08,15.24501324,18.3556366,18.42901993,18.18653297,18.16738892,3128144,0.010361845658115598,18.157817567142857,17.996052995333333,0.012289756526652006,Low Risk
2015-06-09,15.29801178,18.41944885,18.56940651,18.18653297,18.3556366,4760651,0.0034764389484589486,18.223453248571428,18.042104275,0.011398558706009955,Low Risk
2015-06-10,15.35365868,18.4864502,18.64598274,18.31415749,18.41944885,5529342,0.0036375328352999947,18.307776587142857,18.082412401,0.010954400670954946,Low Risk
2015-06-11,15.50205421,18.6651268,18.76084518,18.50559425,18.4864502,2279955,0.009665273649994699,18.370677675714287,18.116232998333334,0.009549181399017108,Low Risk
2015-06-14,15.42520618,18.5725975,18.706604,18.50559425,18.6651268,590822,-0.004957335730502499,18.39437920714286,18.153669610666668,0.009517250759391836,Low Risk
2015-06-15,15.53915119,18.709795,18.82465744,18.50878525,18.5725975,2101810,0.007387092731643952,18.482349124285715,18.183342360666668,0.005166570955247841,Low Risk
2015-06-16,15.44110489,18.59174156,18.64279175,18.54069138,18.709795,478624,-0.0063097131743026225,18.54297093,18.203975041,0.006680347175391641,Low Risk
2015-06-17,15.35630608,18.48964119,18.63322067,18.37796974,18.59174156,4605434,-0.005491705533367974,18.562114442857144,18.230244445,0.00658295165145555,Low Risk
2015-06-18,15.26620865,18.38116074,18.49602318,18.34606361,18.48964119,3104901,-0.0058670933029610906,18.556644712857143,18.250345356666667,0.006948047165069689,Low Risk
2015-06-21,15.29801178,18.41944885,18.50559425,18.36201668,18.38116074,760541,0.0020830082790517235,18.54707309142857,18.271297136333335,0.0068258621259766825,Low Risk
2015-06-22,15.35630608,18.48964119,18.60131454,18.39392281,18.41944885,4739213,0.0038107730894456626,18.52200371857143,18.289270972666664,0.005626186109197193,Low Risk
2015-06-23,15.45700645,18.61088562,18.6651268,18.50559425,18.48964119,2452567,0.006557424709008108,18.527473450000002,18.310648154666662,0.006057383908384177,Low Risk
2015-06-24,15.36425877,18.49921417,18.61726761,18.44178391,18.61088562,4399013,-0.006000329714562103,18.497390474285712,18.330217297333334,0.0055419958176479555,Low Risk
2015-06-25,15.19996452,18.30139542,18.50240326,18.19291306,18.49921417,3732503,-0.010693359630421506,18.455912454285713,18.346489460999997,0.006351152325413433,Low Risk
2015-06-28,15.26620865,18.38116074,18.59174156,18.31734848,18.30139542,1476985,0.004358428314861218,18.440415247142855,18.368930180666666,0.006594267851963119,Low Risk
2015-06-29,14.95881939,18.01104927,18.34606361,17.83556557,18.38116074,9748701,-0.02013536986239306,18.38754218,18.35042457566667,0.009826730022368838,Low Risk
2015-06-30,14.95881939,18.01104927,18.01104927,18.01104927,18.01104927,0,0.0,18.329199382857144,18.336173121,0.009682583185407644,Low Risk
2015-07-02,14.92436981,17.96957016,18.12272072,17.88023376,18.01104927,13601043,-0.0023029813187558368,18.25490352142857,18.322559801666667,0.00921365181647514,Low Risk
2015-07-05,14.70442295,17.70474815,18.18653297,17.54840851,17.96957016,1172599,-0.014737247894192285,18.12545531142857,18.298098309666667,0.008632127857939093,Low Risk
2015-07-06,14.0975914,16.9740963,17.54840851,16.76670647,17.70474815,5168926,-0.04126869491786589,17.90758133,18.244602203333336,0.015478932922920184,Low Risk
2015-07-07,14.03929806,16.90390396,17.18148804,16.67098808,16.9740963,1642088,-0.004135262270192119,17.707939692857142,18.19536031066667,0.01577469995909094,Low Risk
2015-07-08,13.49606133,16.24982643,16.91028595,15.67551517,16.90390396,3909864,-0.038693874003766004,17.403463362857142,18.134738540333334,0.01705046330515178,Low Risk
2015-07-09,13.69215679,16.4859333,16.87199783,16.11263084,16.24982643,6746754,0.014529808734701666,17.185589652857143,18.084858576,0.02073425951614173,Medium Risk
2015-07-12,14.07109451,16.94219017,17.07938766,16.7507534,16.4859333,2652863,0.027675525655560085,17.032895495714286,18.045826593666668,0.02556302475148891,Medium Risk
2015-07-13,13.95714855,16.80499458,16.91666603,16.43488312,16.94219017,5337373,-0.008097866251255859,16.866527555714285,18.007326443666667,0.025425413995493758,Medium Risk
2015-07-14,14.14529324,17.03152847,17.10172272,16.7507534,16.80499458,4589794,0.013480152517847621,16.770353315714285,17.978504498333333,0.026618707540732946,Medium Risk
2015-07-15,14.46328449,17.41440392,17.52926445,17.06981659,17.03152847,3021563,0.02248039280058811,16.833254404285714,17.95149065633333,0.022869304668384206,Medium Risk
2015-07-16,14.56133175,17.53245544,17.62817574,17.31549454,17.41440392,4292322,0.006778958415247116,16.923047472857142,17.922349611666668,0.022601353082089635,Medium Risk
2015-07-19,14.56133175,17.53245544,17.53245544,17.53245544,17.53245544,0,0.0,17.10628018857143,17.903631273666665,0.012463450719329413,Low Risk
2015-07-20,14.56133175,17.53245544,17.53245544,17.53245544,17.53245544,0,0.0,17.255783351428573,17.88246682433333,0.012972865667522612,Low Risk
2015-07-21,14.67527676,17.66965294,17.93128395,17.48459625,17.53245544,5171549,0.007825344286173763,17.359706604285716,17.859600702333335,0.01001842773947992,Low Risk
2015-07-22,14.82897568,17.85470963,17.93128395,17.68879509,17.66965294,2865327,0.010473136661392823,17.50966589714286,17.840776061666663,0.007871105395399852,Low Risk
2015-07-26,14.59843159,17.57712555,17.86747169,17.41440392,17.85470963,1084334,-0.015546826901827182,17.587608337142857,17.81046524,0.01167306313686015,Low Risk
2015-07-27,14.57722855,17.5515995,17.62817574,17.41121292,17.57712555,2663570,-0.0014522311926026266,17.607207705714284,17.773347663333332,0.008673396029285409,Low Risk
2015-07-28,14.6726284,17.66646194,17.78451538,17.51650238,17.5515995,2620866,0.006544271933734747,17.626351491428572,17.743143144666664,0.008648447102874974,Low Risk
2015-07-29,14.90847015,17.9504261,18.12272072,17.70793915,17.66646194,3310297,0.016073629284936386,17.686061585714285,17.717830848,0.01028108854727731,Low Risk
2015-07-30,14.9482193,17.99828529,18.09081459,17.75579834,17.9504261,2104252,0.0026661868489015195,17.75260870714286,17.698048972333332,0.01018232366149132,Low Risk
2015-08-02,14.78922367,17.80684853,17.93128395,17.57074356,17.99828529,1526950,-0.010636388795679408,17.772208077142857,17.675289217,0.011295326770402321,Low Risk
2015-08-03,14.6461277,17.63455582,17.79408646,17.54521751,17.80684853,2163545,-0.009675643037549975,17.740757532857142,17.650402386333333,0.011092017642325142,Low Risk
2015-08-04,14.83957577,17.86747169,18.02700233,17.67603493,17.63455582,3738978,0.013207923827366352,17.78223555285714,17.63200314766667,0.010421394081379107,Low Risk
2015-08-05,14.83957577,17.86747169,17.86747169,17.86747169,17.86747169,0,0.0,17.82736015142857,17.61126416433333,0.010346349911121546,Low Risk
2015-08-06,14.83957577,17.86747169,17.86747169,17.86747169,17.86747169,0,0.0,17.85607583,17.5864837,0.01022520424491246,Low Risk
2015-08-09,14.46593475,17.41759491,17.54521751,17.26125336,17.5069313,727075,-0.02517853604613718,17.77995708857143,17.550429724666667,0.012226762875468521,Low Risk
2015-08-10,14.47123337,17.42397499,17.54840851,17.23253822,17.41759491,3946916,0.0003663008603065343,17.69791276,17.521182377,0.01204001030288015,Low Risk
2015-08-11,14.58518028,17.56117058,17.70155907,17.28039742,17.42397499,3764042,0.00787395471347585,17.66281591,17.493849371666666,0.012506564494093052,Low Risk
2015-08-12,14.26188946,17.17191505,17.27401543,17.08257866,17.56117058,1416947,-0.022165693808777975,17.59672437142857,17.465878230999998,0.014526174506986022,Low Risk
2015-08-13,14.27513885,17.18786812,17.2867775,17.06981659,17.17191505,5307855,0.0009290210179557779,17.499638147142857,17.438438859333335,0.012780737453502845,Low Risk
2015-08-16,13.84320068,16.66779709,17.18148804,16.4380722,17.18786812,1466555,-0.030258030045904327,17.32825606142857,17.395046423666667,0.015463995835028143,Low Risk
2015-08-17,13.72660446,16.52741051,16.69970322,16.32640266,16.66779709,2595993,-0.008422623532189921,17.13681875,17.355801835666668,0.014893710748083428,Low Risk
2015-08-18,13.23371983,15.93395519,16.46359825,15.66594315,16.52741051,4895224,-0.03590733827546211,16.924870218571428,17.321130465333333,0.017001367925710296,Low Risk
2015-08-19,12.8150301,15.42983723,15.98500538,15.18735027,15.93395519,5214898,-0.031637967722940474,16.639993395714285,17.271994907666667,0.01726220627002902,Low Risk
2015-08-20,12.6348362,15.21287537,15.31816578,14.99591255,15.42983723,5115845,-0.01406118916006216,16.304522651428574,17.237429872333333,0.013573260697675183,Low Risk
2015-08-23,11.97765446,14.4216013,14.99272156,14.1982584,15.21287537,3294930,-0.05201344589730905,15.911620687142857,17.168618805666664,0.018190226883680757,Low Risk
2015-08-24,12.07835197,14.54284477,14.83638191,14.23016357,14.4216013,4860657,0.008407074046624663,15.533760208571428,17.088640625666663,0.02005527108142651,Medium Risk
2015-08-25,12.54473972,15.10439396,15.37878704,14.67685127,14.54284477,2514950,0.03861343491463254,15.310416904285717,17.031953938333334,0.030375829039350384,Medium Risk
2015-08-26,12.7037344,15.29583073,15.52555561,15.00229359,15.10439396,2748503,0.012674243700672161,15.134476935714286,16.974097347,0.0319766098342888,Medium Risk
2015-08-27,12.96077633,15.60532093,15.69465923,15.41069412,15.29583073,2851354,0.020233631338047564,15.087529184285716,16.913794580666668,0.031598012866947044,Medium Risk
2015-08-30,12.83093071,15.44898129,15.63403702,15.18735027,15.60532093,1886592,-0.010018354681796238,15.09026405,16.84434544233333,0.029249199708468874,Medium Risk
2015-08-31,13.28141785,15.99138641,16.27216148,15.31497478,15.44898129,5393813,0.035109442481563224,15.201479912857142,16.792976474666666,0.031007457456758113,Medium Risk
2015-09-01,12.97667599,15.62446499,15.84142685,15.3532629,15.99138641,5020400,-0.022944941144724673,15.373317582857144,16.729376793,0.022468143661562613,Medium Risk
2015-09-02,12.84417915,15.46493435,15.57022476,15.31497478,15.62446499,2897283,-0.010210310567568381,15.505044665714285,16.655886173333336,0.023977546131586078,Medium Risk
2015-09-03,13.20987129,15.90524006,16.11263084,15.63084602,15.46493435,4606095,0.028471230464680364,15.619451251428572,16.590903854333334,0.022129691227888788,Medium Risk
2015-09-06,13.25756836,15.96267128,16.20834923,15.79356766,15.90524006,4928929,0.003610836415127938,15.714714187142858,16.537088712,0.022049442457827185,Medium Risk
2015-09-07,13.16217232,15.84780884,16.18920517,15.49045944,15.96267128,3262058,-0.0071956903694379015,15.749355317142857,16.480295690000002,0.021597690928448845,Medium Risk
2015-09-08,12.76733303,15.37240601,15.95309925,15.09163189,15.84780884,3750641,-0.02999801643240918,15.738415991428573,16.403827159,0.024621391643529243,Medium Risk
2015-09-09,13.08002472,15.74889946,15.90524006,15.52555561,15.37240601,3016416,0.024491510942079353,15.70377499857143,16.330442937666668,0.02228136066068537,Medium Risk
2015-09-10,13.11182308,15.78718662,15.87333393,15.65956211,15.74889946,2990628,0.0024311006681605463,15.727020945714285,16.256739648666667,0.02027345475321777,Medium Risk
2015-09-13,13.20456982,15.89885902,16.01372147,15.57022476,15.78718662,1386859,0.007073609927339852,15.789010184285715,16.193139998333333,0.019629484342042657,Low Risk
2015-09-14,13.38741398,16.11901093,16.3519268,15.92119312,15.89885902,6346989,0.013847025734555096,15.819548880000001,16.142621835333333,0.017239326816270075,Low Risk
2015-09-15,13.5013628,16.25620842,16.3519268,16.14134598,16.11901093,2972826,0.008511532785467235,15.861482757142856,16.088913059666666,0.017412524445047383,Low Risk
2015-09-16,13.65240574,16.4380722,16.52741051,16.31363869,16.25620842,2331559,0.011187343032355246,15.945806094285714,16.041266410000002,0.017047182346629598,Low Risk
2015-09-17,13.68155384,16.47316933,16.52741051,16.3519268,16.4380722,7117231,0.0021351122913306764,16.10305799714286,15.994789664666667,0.00770413727277276,Low Risk
2015-09-20,13.65505505,16.4412632,16.59122276,16.27216148,16.47316933,2007672,-0.0019368543697231289,16.201967102857143,15.962245274333334,0.005573598801922683,Low Risk
2015-09-21,13.80875397,16.62631989,16.90709305,16.51145744,16.4412632,2620058,0.011255624811115528,16.321843284285716,15.935656771,0.0055827293309972555,Low Risk
2015-09-27,13.80875397,16.62631989,16.62631989,16.62631989,16.62631989,0,0.0,16.425766265714287,15.904495081333332,0.0062591162128358465,Low Risk
2015-09-28,14.30958843,17.22934723,17.34420967,16.68694115,16.89433289,7497771,0.03626944170385493,16.58438573714286,15.906409487333333,0.012901428454905002,Low Risk
2015-09-29,14.14529324,17.03152847,17.22934723,16.9740963,17.22934723,4816139,-0.011481500567563696,16.695145744285714,15.901198165666669,0.015199190006688835,Low Risk
2015-09-30,14.06314564,16.93261909,17.12405777,16.76670647,17.03152847,4373106,-0.005807428274815396,16.7657953,15.910025565666668,0.015725249880045505,Low Risk
2015-10-01,14.03399754,16.89752388,17.00281334,16.83690071,16.93261909,3617146,-0.002072639195003445,16.826417378571428,15.922362678000002,0.01590334031575839,Low Risk
2015-10-04,14.00749588,16.86561584,16.96771622,16.69332314,16.89752388,1218126,-0.0018883263741243939,16.887039184285715,15.953418033,0.01590046015204513,Low Risk
2015-10-05,13.92004967,16.76032639,16.87837982,16.65503502,16.86561584,8820680,-0.006242846451553041,16.90618297,15.997767671666667,0.015899967859271093,Low Risk
2015-10-07,14.17179298,17.0634346,17.22934723,16.81775665,16.76032639,4628548,0.01808486320295355,16.96862792857143,16.059452979333333,0.01708724104004496,Low Risk
2015-10-08,14.49243164,17.44949913,17.5515995,17.14319992,17.0634346,4682720,0.022625253300410986,17.000078199999997,16.160382907000002,0.013079202200980456,Low Risk
2015-10-11,14.53483105,17.50054932,17.58031464,17.40802193,17.44949913,2106255,0.0029255962947516423,17.067081178571428,16.258973058666665,0.011683810141286827,Low Risk
2015-10-12,14.59047985,17.56755257,17.70793915,17.49097824,17.50054932,5386577,0.0038286369630367023,17.157785961428573,16.341078345666666,0.010883330513387865,Low Risk
2015-10-13,14.59047985,17.56755257,17.56755257,17.56755257,17.56755257,0,0.0,17.253504345714287,16.416802407,0.010674789081128,Low Risk
2015-10-15,14.51628113,17.47821426,17.73984528,17.08257866,17.66327095,4487084,-0.005085415833766205,17.341018405714287,16.479232184666667,0.01110908985882623,Low Risk
2015-10-18,14.32283878,17.24530029,17.420784,17.08576965,17.47821426,1305899,-0.013325959193270731,17.41030039142857,16.539109484666668,0.012550181869317048,Low Risk
2015-10-19,14.35728645,17.2867775,17.46864319,17.06981659,17.24530029,4619572,0.0024051312127080227,17.442206520000003,16.582289187666667,0.010945302428987008,Low Risk
2015-10-20,14.33608627,17.26125336,17.43354607,17.06981659,17.2867775,7111639,-0.0014765123227853394,17.415314267142858,16.636848800000003,0.006030228479124885,Low Risk
2015-10-21,14.29103947,17.20701218,17.3729248,17.06981659,17.26125336,4178053,-0.0031423662505120076,17.37338039,16.694918061,0.005710183626019285,Low Risk
2015-10-22,14.24599171,17.1527729,17.32506561,16.87837982,17.20701218,7102691,-0.0031521614230647366,17.31412615142857,16.736502489,0.005007533841981203,Low Risk
2015-10-25,14.20889187,17.1081028,17.22934723,17.00281334,17.1527729,866320,-0.0026042494855159637,17.24849047,16.77468353966667,0.004805788502608074,Low Risk
2015-10-26,14.03929806,16.90390396,17.14319992,16.7507534,17.1081028,5502143,-0.011935796878657978,17.166446141428573,16.809886710333334,0.0057276544071061435,Low Risk
2015-10-27,13.94124794,16.78585052,16.94857216,16.62312889,16.90390396,6254822,-0.006983797368900868,17.100810459999998,16.857001527333335,0.004518480706396966,Low Risk
2015-10-28,13.88030243,16.71246719,16.87837982,16.59122276,16.78585052,11473663,-0.004371737369671225,17.01876613,16.889120451666667,0.0035870450967093142,Low Risk
2015-10-29,13.99159908,16.84647369,16.94219017,16.76351738,16.71246719,6021030,0.008018355307837677,16.959511891428573,16.924430020666666,0.006024503000639767,Low Risk
2015-11-01,13.95449829,16.80180359,16.94219017,16.62312889,16.84647369,983357,-0.0026515994279869837,16.901624950000002,16.954528173,0.006031573401558367,Low Risk
2015-11-02,14.07109451,16.94219017,17.06981659,16.69332314,16.80180359,4530401,0.008355447035671482,16.871541702857144,16.981967481,0.007495545455026011,Low Risk
2015-11-03,14.08699417,16.96133423,17.13043785,16.87837982,16.94219017,1903573,0.0011299637064574597,16.850574764285714,17.00547167466667,0.0075563423674436265,Low Risk
2015-11-04,14.12409496,17.00600433,17.06981659,16.91028595,16.96133423,2013173,0.0026336430492002183,16.865160531428568,17.024402745666666,0.005942338112166399,Low Risk
2015-11-05,14.15854359,17.04748154,17.11448479,16.94219017,17.00600433,2246365,0.0024389744466213337,16.902536391428573,17.043546486,0.004827962343228353,Low Risk
2015-11-08,13.83790112,16.66141701,16.91666603,16.44764519,17.04748154,2506039,-0.022646426047984947,16.89524350857143,17.050884946333333,0.010544369813922797,Low Risk
2015-11-09,13.18867207,15.87971497,16.59441376,15.31497478,16.66141701,13424046,-0.04691690025709283,16.757135119999997,17.025998115666667,0.01970684974083467,Low Risk
2015-11-10,12.39899445,14.92891026,15.63084602,14.77256966,15.87971497,5678329,-0.05987542671869506,16.48957893,16.96941779466667,0.02737921702231483,Medium Risk
2015-11-11,12.38309288,14.9097662,15.25116253,14.64494514,14.92891026,13269831,-0.0012823481196275743,16.199232648571428,16.892098427,0.026140481108916935,Medium Risk
2015-11-12,12.40694427,14.93848228,15.14268208,14.84914494,14.9097662,8701327,0.001925991300923302,15.91025379857143,16.822330220666668,0.026238047018680932,Medium Risk
2015-11-15,11.94055748,14.3769331,14.76299763,14.29397678,14.93848228,2880879,-0.037590778599497776,15.534672194285715,16.737140687666667,0.025441741620527626,Medium Risk
2015-11-16,11.65436459,14.03234577,14.40883923,13.44527245,14.3769331,14206609,-0.023968069379136314,15.103938512857143,16.641634750666665,0.02278755546194964,Medium Risk
2015-11-17,11.34962368,13.6654253,14.25887966,13.01453781,14.03234577,18469689,-0.02614819189992057,14.675939697142855,16.534961732666666,0.02270940211763481,Medium Risk
2015-11-18,11.18268013,13.46441555,13.71328354,13.08154106,13.6654253,7517388,-0.01470936656468358,14.330896922857145,16.425098038,0.021389920574934555,Medium Risk
2015-11-19,11.56161785,13.92067432,14.13444614,13.71966457,13.46441555,10143605,0.033886266233071005,14.186863217142857,16.320339362000002,0.023744800202189074,Medium Risk
2015-11-22,11.70471287,14.09296799,14.23016357,13.95896244,13.92067432,1916307,0.012376819257416516,14.070177758571429,16.208454990666667,0.025075606817068927,Medium Risk
2015-11-23,11.22772884,13.51865578,14.21421146,13.07835102,14.09296799,9213190,-0.04075168625995018,13.86734540142857,16.075725205999998,0.027411316179158488,Medium Risk
2015-11-24,10.95743561,13.19321346,13.52822781,12.96029758,13.51865578,4138101,-0.024073571018907836,13.698242595714287,15.929913902333334,0.0258937008762609,Medium Risk
2015-11-25,11.25157642,13.54737186,13.73880863,13.32083797,13.19321346,6156048,0.02684398316405323,13.628960608571429,15.795907878666668,0.028898665605392088,Medium Risk
2015-11-26,11.3840723,13.70690346,13.82495594,13.54737186,13.54737186,4686274,0.01177583384058667,13.634886060000001,15.670197518666667,0.02772859628156979,Medium Risk
2015-11-29,11.68881416,14.07382393,14.16316128,13.71966457,13.70690346,2789721,0.026769027087026664,13.721944399999998,15.56448164,0.02829694853313141,Medium Risk
2015-11-30,11.40527153,13.7324276,14.11849308,13.48036861,14.07382393,9423751,-0.024257538796707112,13.695052011428572,15.44600331,0.027505770059025207,Medium Risk
2015-12-01,11.61461544,13.98448658,14.10254002,13.61756516,13.7324276,3818721,0.018355019763585112,13.679554667142856,15.336777750666666,0.028099081157537217,Medium Risk
2015-12-02,12.06775379,14.5300827,14.865098,14.15039921,13.98448658,8991130,0.03901438332246587,13.824044227142858,15.247546768,0.025204171910933,Medium Risk
2015-12-03,12.24794865,14.74704456,14.92891026,14.54922581,14.5300827,4954488,0.014931908130158211,14.046020098571429,15.167355823333333,0.020033856778112806,Medium Risk
2015-12-06,12.24794865,14.74704456,14.86828804,14.45350838,14.74704456,933194,0.0,14.217401912857143,15.088653882,0.02022616090606313,Medium Risk
2015-12-07,12.030653,14.48541355,14.94805431,14.23016357,14.74704456,4296180,-0.01774125038651131,14.328617640000001,15.008037535000001,0.02322514041903693,Medium Risk
2015-12-08,11.66496277,14.04510784,14.35778904,13.80262089,14.48541355,3695413,-0.030396488749194206,14.324515341428574,14.916679445666665,0.025524877269048507,Medium Risk
2015-12-09,11.65966415,14.03872681,14.27802372,13.85686207,14.04510784,5595144,-0.0004543240303094276,14.368272371428572,14.827554766333332,0.0232400214340903,Medium Risk
2015-12-10,11.8352232,14.25010586,14.45749569,13.96294975,14.03872681,4991852,0.015056853293094363,14.406217982857143,14.741009172,0.022917175820468157,Medium Risk
2015-12-13,11.32511139,13.63591099,13.95896244,13.48036861,14.25010586,2185857,-0.04310107419791476,14.278479167142859,14.635479418666668,0.022369471903701373,Medium Risk
2015-12-14,11.36154556,13.67978191,13.80341911,13.55215836,13.63591099,2520317,0.003217307595522856,14.126013074285714,14.526732476666666,0.02067050215620327,Medium Risk
2015-12-15,11.36154556,13.67978191,13.67978191,13.67978191,13.67978191,0,0.0,13.973546981428571,14.417347399333332,0.02067050215620327,Medium Risk
2015-12-16,11.2323637,13.52423954,13.63192272,13.42852116,13.52822781,2150566,-0.011370237553736007,13.836236408571429,14.301288573,0.02043686837072331,Medium Risk
2015-12-17,11.71597481,14.10652828,14.34981346,13.66382885,13.52423954,11841046,0.04305519273581271,13.845010757142857,14.203256797666667,0.026051687729244564,Medium Risk
2015-12-20,11.9478426,14.3857069,14.53726101,14.05866814,14.10652828,2494777,0.01979073904355455,13.894579341428571,14.127399794,0.026981526695132027,Medium Risk
2015-12-21,12.20289993,14.69280434,14.77655792,14.34981346,14.3857069,4447707,0.021347400036351383,13.957821981428571,14.087836106333333,0.027518086561310103,Medium Risk
2015-12-22,12.10021496,14.56916809,14.84834671,14.40564823,14.69280434,3012365,-0.008414748276706518,14.091144424285716,14.075844700666666,0.01940041833194072,Low Risk
2015-12-24,12.05052853,14.5093441,14.63298035,14.3976717,14.56916809,5286087,-0.004106204941177305,14.20965330857143,14.062497297333334,0.019994196470352096,Low Risk
2015-12-27,11.86834431,14.28998756,14.47743702,14.15837479,14.5093441,1461243,-0.01511829469948267,14.296825544285714,14.040880806666667,0.0218135822537588,Medium Risk
2015-12-28,11.89815807,14.32588291,14.50535488,14.16635227,14.28998756,1820348,0.0025119231104495654,14.411346025714286,14.039179133666666,0.02051534765060867,Medium Risk
2015-12-29,11.98427963,14.42957783,14.71673393,14.11849308,14.32588291,2819838,0.007238291744491088,14.457495961428572,14.052420202333334,0.013814858737914664,Low Risk
2015-12-30,12.48114014,15.02781868,15.17538548,14.68881607,14.42957783,5644924,0.04145934531474782,14.549226215714286,14.097833315,0.01941345956109081,Low Risk
2015-12-31,12.61694908,15.19133854,15.31497478,15.05573654,15.02781868,4868435,0.010881144062353076,14.620445387142857,14.155397414666668,0.018451076881120156,Low Risk
2016-01-03,12.92831421,15.56623554,16.3519268,15.15544415,15.19133854,3522460,0.024678338845050884,14.762883594285713,14.210249455333333,0.018702367070945233,Low Risk
2016-01-04,12.82563114,15.44260025,15.76166153,15.15544415,15.56623554,7409296,-0.007942529822467237,14.896205901428571,14.255237197333333,0.01922163134996546,Low Risk
2016-01-05,12.90181541,15.53433037,15.74969673,15.17937374,15.44260025,9151743,0.005940069581222174,15.07396916,14.322426350333334,0.016211548928329184,Low Risk
2016-01-06,12.59707546,15.16740894,15.49444675,14.88025284,15.53433037,5610872,-0.023620035190483724,15.194187164285713,14.388232866333333,0.021070589911770413,Medium Risk
2016-01-10,12.31552029,14.82840633,14.94406605,14.66887474,14.75661659,1681516,-0.022350726570440793,15.251162664285713,14.430934015333332,0.024088742983107973,Medium Risk
2016-01-11,12.01409245,14.46547318,14.93210125,14.2102232,14.82840633,4878196,-0.024475533103360814,15.170827592857142,14.456219672666666,0.019527322922610436,Low Risk
2016-01-12,11.52054214,13.87121964,14.35380077,13.58007526,14.46547318,7831656,-0.041080822770569125,14.982239178571428,14.449466196333333,0.022074659546405362,Medium Risk
2016-01-13,11.15949154,13.43649769,13.99884415,13.08154106,13.87121964,5324921,-0.03133985051656207,14.677990914285715,14.439601866,0.015419342446335159,Low Risk
2016-01-14,10.44401264,12.57503033,13.16130733,12.30781555,13.43649769,3978033,-0.06411398117837941,14.268338068571428,14.392619991,0.021206526776482718,Medium Risk
2016-01-17,10.29164124,12.39157009,12.95790482,11.52611446,12.57503033,4592486,-0.014589248310783232,13.819372314285713,14.321336237333334,0.016514870425953346,Low Risk
2016-01-18,10.29164124,12.39157009,12.39157009,12.39157009,12.39157009,0,0.0,13.422823907142856,14.242820421666668,0.0203884087806455,Medium Risk
2016-01-19,10.93756104,13.16928291,13.3647089,12.96588135,12.87415123,5346883,0.06276144300935793,13.185806275714286,14.190228366666668,0.0402334921371887,Medium Risk
2016-01-20,10.15914536,12.23203945,12.96189308,11.92893028,13.16928291,11041718,-0.0711689061891373,12.866744314285715,14.115115896666667,0.04539003186264832,Medium Risk
2016-01-21,10.02665043,12.07250786,12.20412064,11.78535175,12.23203945,6356086,-0.013042108852910905,12.60978548857143,14.049362564,0.04473942734779394,Medium Risk
2016-01-24,10.38770199,12.5072298,12.76646709,12.26793289,12.07250786,4230124,0.03600924886869361,12.477032932857142,13.998312663666667,0.048659450142729044,Medium Risk
2016-01-26,10.32807827,12.43544102,12.61890125,12.12435532,12.5072298,6878873,-0.0057397826015797015,12.457091602857144,13.937823835666666,0.042252831761120054,Medium Risk
2016-01-27,10.41751289,12.5431242,12.68271446,12.35567474,12.43544102,8258633,0.008659377647066258,12.47874219,13.901397609333333,0.04190278043470577,Medium Risk
2016-01-28,10.420825,12.54711246,12.61092472,12.50324059,12.5431242,5429314,0.0003179638450840905,12.50096252857143,13.863641961,0.041899794690863065,Medium Risk
2016-01-31,10.52019787,12.6667614,13.08154106,12.28388596,13.00177574,6288413,0.009535974143966675,12.42917374142857,13.829874610666668,0.03304399369516756,Medium Risk
2016-02-01,10.41420174,12.53913593,12.56705379,12.36365223,12.6667614,3729193,-0.010075619644970946,12.473044667142856,13.797037823666665,0.01669903823167652,Low Risk
2016-02-02,10.6526947,12.82629204,12.94992828,12.47532272,12.53913593,7156219,0.022900789305025038,12.580728121428573,13.754363282333335,0.016224344562999336,Low Risk
2016-02-03,10.73881721,12.92998695,13.08154106,12.63086605,12.82629204,3974229,0.008084558629775307,12.641122,13.705839284000001,0.011016728799322738,Low Risk
2016-02-04,11.23898792,13.53221607,13.79943085,13.00177574,12.92998695,5229020,0.0465761583773292,12.797804150000001,13.667153008333333,0.018120576593351107,Low Risk
2016-02-07,11.19592762,13.48036861,13.63990021,13.40060329,13.53221607,1947992,-0.0038314094108313768,12.931696208571427,13.630859692333333,0.019124381258560186,Low Risk
2016-02-08,11.41785812,13.74758339,13.95896244,13.38066196,13.48036861,3111946,0.019822512850411034,13.103192055714286,13.605467668666668,0.018811758135364984,Low Risk
2016-02-09,10.92762375,13.15731812,13.55614567,12.96189308,13.74758339,4787784,-0.04293592941064539,13.173271587142859,13.567712020666667,0.02851014973434276,Medium Risk
2016-02-10,11.13961697,13.41256809,13.48036861,13.12142372,13.15731812,2384752,0.019399847877205723,13.29804761,13.537268193333334,0.027947194285601162,Medium Risk
2016-02-11,10.5831337,12.74253845,13.31286144,12.36763954,13.41256809,5912990,-0.04995535795263206,13.286082811428571,13.481033547333334,0.035015578275787565,Medium Risk
2016-02-14,10.37114048,12.48728848,12.82230282,12.32376862,12.74253845,1951653,-0.02003132821623932,13.222840172857143,13.396349207333333,0.035488726770836795,Medium Risk
2016-02-15,10.47382355,12.61092472,12.74652576,12.49127579,12.48728848,2403392,0.009900967707923147,13.091227122857143,13.310335413333332,0.02877749419206008,Medium Risk
2016-02-16,10.66925526,12.84623337,12.96189308,12.63086605,12.61092472,4271944,0.018659111462842937,13.000636374285715,13.219668674333333,0.0307264079364504,Medium Risk
2016-02-17,10.82493782,13.03368187,13.12142372,12.77843189,12.84623337,7362097,0.014591709071528403,12.898650442857143,13.139371395000001,0.030036886715958232,Medium Risk
2016-02-18,10.76200294,12.95790482,13.03767014,12.85022068,13.03368187,1791383,-0.005813940431860565,12.870162828571427,13.053490543333334,0.025628697910453385,Medium Risk
2016-02-21,10.95412254,13.1892252,13.33679104,12.96588135,12.95790482,2216010,0.017851680747258403,12.838256701428573,12.987551085333335,0.025420157593310223,Medium Risk
2016-02-22,11.12967968,13.40060329,13.51227474,13.20517826,13.1892252,5218702,0.01602657372170735,12.932265964285715,12.939957650666667,0.014693708585594658,Low Risk
2016-02-23,11.06343079,13.32083797,13.50828743,13.16529465,13.40060329,1998663,-0.005952367835522998,13.051344462857143,12.901803143666665,0.010765658690248136,Low Risk
2016-02-24,10.94087315,13.17327118,13.32083797,13.03767014,13.32083797,1429748,-0.011077890920401234,13.131679671428572,12.878538195,0.013218685766805738,Low Risk
2016-02-25,10.92762375,13.15731812,13.28095531,13.08154106,13.17327118,2963504,-0.001211017353398236,13.17612035,12.869232209333335,0.012225084141258571,Low Risk
2016-02-28,11.08330536,13.34476662,13.39262676,13.16928291,13.15731812,1081404,0.0142467103318773,13.220561028571428,12.894890085666667,0.012173444181690469,Low Risk
2016-02-29,11.08330536,13.34476662,13.44048595,13.16130733,13.34476662,6549611,0.0,13.275827000000001,12.926663303333333,0.011622842681889437,Low Risk
2016-03-01,10.97399616,13.21315384,13.33280182,13.08154106,13.34476662,3498068,-0.009862501439534266,13.279245377142855,12.954049428333331,0.010924233567614117,Low Risk
2016-03-02,10.901124,13.12541199,13.29690838,12.98183441,13.21315384,5139129,-0.00664049257750865,13.239932334285713,12.952587064333333,0.008601640562677414,Low Risk
2016-03-03,11.01043224,13.25702477,13.50030994,13.00576401,13.12541199,2678047,0.010027325626065897,13.230816162857142,12.986753241666666,0.0097138341841222,Low Risk
2016-03-06,11.27542591,13.576087,13.65984058,13.46042728,13.25702477,1448974,0.0240674084521606,13.28836128,13.036872546333333,0.012190037862252973,Low Risk
2016-03-07,11.4112339,13.7396059,13.85925484,13.56013393,13.576087,4698795,0.012044626702819583,13.371545248571428,13.077951749666665,0.012207175343438568,Low Risk
2016-03-08,11.60335445,13.97092628,14.11450386,13.7396059,13.7396059,6106081,0.016836027298279266,13.460996628571428,13.129134591666666,0.012524317222363015,Low Risk
2016-03-09,11.75903606,14.15837479,14.36177731,13.83931255,13.97092628,6653395,0.013417042380957866,13.577226367142856,13.182976278,0.012364615330494313,Low Risk
2016-03-10,12.25589657,14.75661659,14.95602989,14.35778904,14.15837479,12906808,0.042253564330175575,13.797721045714287,13.256626415666666,0.014863899487249229,Low Risk
2016-03-13,12.38176823,14.9081707,15.25116253,14.69679165,14.75661659,4498609,0.010270247863097604,14.052400861428572,13.331340059,0.01158282717684445,Low Risk
2016-03-14,13.22643185,15.92518139,16.39579773,14.96400738,14.9081707,12644038,0.06821834217393286,14.433566092857143,13.444208241000002,0.021334878111543495,Medium Risk
2016-03-15,13.11381054,15.78958035,16.03286552,15.5542717,15.92518139,6517263,-0.00851488197711514,14.74977942857143,13.542984517999999,0.025214053592452337,Medium Risk
2016-03-16,13.07406044,15.7417202,15.95309925,15.5183773,15.78958035,4916020,-0.003031122356586202,15.035795757142855,13.636708959666665,0.02680712446502545,Medium Risk
2016-03-17,13.32911777,16.04881859,16.3519268,15.65796661,15.7417202,11105026,0.019508566160386875,15.332637515714286,13.720595710333333,0.026774871710468807,Medium Risk
2016-03-20,13.4185524,16.15650177,16.66699982,15.91321564,16.04881859,3928743,0.0067097262889552756,15.618084227142857,13.809800149,0.027179335877216992,Medium Risk
2016-03-21,13.55104733,16.31603241,16.54336357,15.95309925,16.15650177,3809070,0.009874083033012848,15.840857915714285,13.895415116333334,0.02532262740867053,Medium Risk
2016-03-22,13.72682571,16.25222015,16.67098808,15.97303963,16.31603241,8405541,-0.003911015766362991,16.03286498,13.998578517333332,0.02628680607946754,Medium Risk
2016-03-23,13.77398396,16.30805588,16.50746918,15.94911098,16.25222015,6083968,0.003435575538890401,16.087561335714287,14.095094777000002,0.009566603552595481,Low Risk
2016-03-24,13.59208298,16.09268951,16.42371559,15.99298191,16.30805588,5742522,-0.013206133924530183,16.130862644285713,14.206766478999999,0.010646892027713772,Low Risk
2016-03-27,13.26870155,15.70981407,16.03286552,15.35884571,16.09268951,4474641,-0.023791886356974712,16.126304625714283,14.314183998666667,0.01466506429348422,Low Risk
2016-03-28,13.18448925,15.61010742,15.79356766,15.43462276,15.70981407,1703897,-0.006346774669370725,16.063631601428572,14.414156755333332,0.011862966503098525,Low Risk
2016-03-29,13.25859737,15.69784927,15.95309925,15.31497478,15.61010742,9729983,0.005620835759758025,15.998109815714287,14.509210618666666,0.011706908662448359,Low Risk
2016-03-30,12.96553326,15.35087013,15.55825996,15.07567883,15.69784927,9055852,-0.022103610120853157,15.860229489999998,14.586450227333334,0.011608234843205032,Low Risk
2016-03-31,12.9284811,15.30699921,15.49045944,15.11954975,15.35087013,5095581,-0.002857878389203705,15.725197927142858,14.664753373666665,0.011685921993859929,Low Risk
2016-04-03,12.95879745,15.34289265,15.50641155,15.23919773,15.30699921,1151016,0.00234490375987928,15.587317465714287,14.736542288666666,0.011506712666329529,Low Risk
2016-04-04,13.11037922,15.52236462,15.66993237,15.31497478,15.34289265,10213646,0.011697401141628871,15.505842481428571,14.807267666333333,0.013525264291893083,Low Risk
2016-04-05,13.38323402,15.84541607,15.95309925,15.5542717,15.52236462,10816799,0.02081199984078208,15.525214195714284,14.891420269666668,0.013736053394320786,Low Risk
2016-04-06,13.29902077,15.74570942,16.19239616,15.39474106,15.84541607,6030833,-0.00629246020170926,15.54458591,14.977168210999999,0.013731022096652286,Low Risk
2016-04-07,13.36975956,15.82946301,15.91321564,15.5542717,15.74570942,3086580,0.0053191372815259985,15.563387872857144,15.066239707333333,0.013715727549533988,Low Risk
2016-04-10,13.19796371,15.62606144,16.05280685,15.43462276,15.82946301,2159176,-0.012849555911751631,15.602700917142856,15.142282868,0.011324393951690884,Low Risk
2016-04-11,13.37649441,15.83743858,15.94911098,15.58617783,15.62606144,9441824,0.013527218026860632,15.678477970000001,15.225371933333331,0.011696422734573296,Low Risk
2016-04-12,13.30238724,15.74969673,15.85339165,15.59415436,15.83743858,2276147,-0.005540154082163462,15.736592838571427,15.309923363000001,0.012349134933926094,Low Risk
2016-04-13,13.38323402,15.84541607,15.97303963,15.70981407,15.74969673,4662304,0.006077535437090331,15.782743045714287,15.400590165666667,0.01192638069217937,Low Risk
2016-04-14,13.38660049,15.84940434,16.05280685,15.67391968,15.84541607,10608025,0.0002516986605072269,15.78331279857143,15.487002818,0.008978152255935524,Low Risk
2016-04-17,13.3158617,15.7656498,15.89327526,15.67391968,15.84940434,2268635,-0.005284396700551253,15.786161424285714,15.559988244666666,0.008866470706257857,Low Risk
2016-04-18,13.65271664,16.1644783,16.53139877,15.79755592,15.7656498,9085597,0.025297308075433733,15.834020751428572,15.640817324666667,0.013024065338636124,Low Risk
2016-04-19,14.2489481,16.87040138,17.18946457,16.39579773,16.1644783,12834549,0.043671256621997,16.011783599999998,15.737466494666668,0.018058159652042147,Low Risk
2016-04-20,14.30621624,16.93820381,17.24928856,16.61116409,16.87040138,8933112,0.004019017003376257,16.169035775714285,15.830127462,0.018205918639292315,Low Risk
2016-04-21,14.46453667,17.12565231,17.26524162,16.94617844,16.93820381,7178457,0.011066610255883846,16.36560085857143,15.909095319333334,0.016912176047764432,Low Risk
2016-04-24,14.46453667,17.12565231,17.1974411,16.95415688,17.12565231,1111708,0.0,16.54849175,15.983011373000002,0.017424534277693852,Low Risk
2016-04-26,14.46453667,17.12565231,17.12565231,17.12565231,17.12565231,0,0.0,16.73081288857143,16.02302707033333,0.017451345269460548,Low Risk
2016-04-27,15.36393547,18.19052124,18.62524223,17.6082325,17.98711967,10461633,0.062179758804177254,17.077223094285714,16.103058433333334,0.02414251937613928,Medium Risk
2016-04-28,15.21909046,18.0190258,18.38594627,17.6201973,18.19052124,10580371,-0.00942773644236694,17.34215845142857,16.17896862,0.02653515335509583,Medium Risk
2016-05-01,15.21909046,18.0190258,18.0190258,18.0190258,18.0190258,0,0.0,17.506247654285715,16.244642193666667,0.023931868646867648,Medium Risk
2016-05-03,14.86539459,17.60025787,18.16659164,17.28917122,18.0190258,9179470,-0.023240320239732437,17.600826805714284,16.292767397,0.027026402140609623,Medium Risk
2016-05-04,14.67338753,17.3729248,17.54840851,17.14958191,17.60025787,9199355,-0.012916462456353806,17.636151447142858,16.32799714333333,0.027757308246857994,Medium Risk
2016-05-05,14.73738766,17.44870186,17.54840851,17.28119469,17.3729248,6668078,0.004361790594983761,17.682301382857144,16.367879867000003,0.027744173197457513,Medium Risk
2016-05-08,14.78454876,17.50453758,17.64811516,17.30911255,17.44870186,2476373,0.0031999927815833384,17.736427850000002,16.40776259033333,0.027712967216217257,Medium Risk
2016-05-09,14.97655392,17.73187065,17.86348343,17.58829117,17.50453758,6372459,0.012987093715617126,17.670906337142856,16.462401961666668,0.012276121768318392,Low Risk
2016-05-10,15.0742445,17.84753036,17.99509621,17.54840851,17.73187065,5280857,0.006522702104191147,17.64640698857143,16.533659171333333,0.01248753607783066,Low Risk
2016-05-11,14.78791428,17.50852585,17.84354019,17.14958191,17.84753036,6087301,-0.018994477284082878,17.573478424285714,16.596939785666667,0.014116035315483737,Low Risk
2016-05-12,14.81486225,17.54043198,17.70793915,17.26922989,17.50852585,10391089,0.0018223196100772832,17.564931868571428,16.658359209333334,0.011329320905455718,Low Risk
2016-05-15,14.55548668,17.23333549,17.64811516,17.06981659,17.54043198,1273833,-0.017507920577449765,17.54499053857143,16.721108054666665,0.012266783210065082,Low Risk
2016-05-16,14.75423241,17.46864319,17.59227943,17.02993393,17.23333549,7367227,0.01365421685990742,17.5478393,16.793162854000002,0.013404732059468679,Low Risk
2016-05-17,14.8889761,17.62817574,17.78770447,17.38887787,17.46864319,9725209,0.009132509506595499,17.565501894285713,16.869338957,0.01380459910583162,Low Risk
2016-05-18,15.08098221,17.8555069,17.94723511,17.66805649,17.62817574,9762045,0.012895898211643386,17.583164215714287,16.947110366333334,0.01379153479033664,Low Risk
2016-05-19,14.71043968,17.41679573,17.71192741,17.22934723,17.8555069,6375352,-0.02457007647315801,17.521630697142857,16.999489688333334,0.01648799861624345,Low Risk
2016-05-22,14.58580399,17.26922989,17.46864319,17.14958191,17.41679573,4166946,-0.008472617023682738,17.48744556,17.050273704000002,0.01525971713015453,Low Risk
2016-05-23,14.23547173,16.85444832,17.26922989,16.67098808,17.26922989,9582569,-0.0240185331159547,17.389447894285716,17.084439880999998,0.017219236240293444,Low Risk
2016-05-24,14.30958271,16.94219017,17.14958191,16.72682381,16.85444832,7039888,0.005205857132439151,17.347855705714288,17.128310838666668,0.016724452929559628,Low Risk
2016-05-25,14.40053368,17.04987526,17.14958191,16.91028595,16.94219017,5622583,0.006356031240322135,17.288031715714286,17.16872539466667,0.015763211576714634,Low Risk
2016-05-26,14.39716244,17.04588509,17.14958191,16.87439156,17.04987526,8457473,-0.00023402927817084418,17.20484733714286,17.211931673333332,0.01490067169684435,Low Risk
2016-05-29,14.35000706,16.99005127,17.10969925,16.94617844,17.04588509,747089,-0.0032755013720440207,17.081210818571428,17.250086179999997,0.012829155694623994,Low Risk
2016-05-30,14.16810608,16.77468491,17.02993393,16.59122276,16.99005127,3765219,-0.012676027669220602,16.98948070142857,17.280928865666667,0.01073043557677831,Low Risk
2016-05-31,14.34326935,16.98207474,17.14958191,16.66301155,16.77468491,11417460,0.012363262327292235,16.94845853714286,17.321476363666665,0.012455573884820319,Low Risk
2016-06-01,14.51843262,17.18946457,17.34899521,16.98207474,16.98207474,8473698,0.012212278721839942,16.99631800142857,17.355642572666667,0.008982272162363686,Low Risk
2016-06-02,14.34326935,16.98207474,16.98207474,16.98207474,16.98207474,0,-0.012064938332165709,17.002015797142857,17.359365018,0.010475291185395757,Low Risk
2016-06-05,14.40390396,17.05386353,17.24928856,16.99005127,17.15357018,583061,0.004227327408405923,17.00258555,17.363220341999998,0.010302465801452491,Low Risk
2016-06-06,14.71717739,17.42477226,17.54840851,17.0099926,17.05386353,14628287,0.021749249332711162,17.05671228857143,17.373191007,0.01314859107020398,Low Risk
2016-06-07,14.82160282,17.54840851,17.66805649,17.39286613,17.42477226,4970617,0.007095429894588445,17.13647760857143,17.38728288033333,0.012876256031378359,Low Risk
2016-06-08,14.83844376,17.56834984,17.73187065,17.35298347,17.54840851,2906928,0.0011363611685146768,17.249858312857146,17.402039464666668,0.010632344072918545,Low Risk
2016-06-09,14.86202335,17.5962677,17.72389221,17.45667839,17.56834984,6324849,0.00158909973072352,17.337600164285714,17.382231013333335,0.01044979034678496,Low Risk
2016-06-12,14.50832653,17.17749977,17.48060799,17.06981659,17.5962677,3296390,-0.02379867919376999,17.335890907142858,17.354180145666668,0.014474120968199333,Low Risk
2016-06-13,14.63296413,17.32506561,17.50852585,17.19345284,17.17749977,8865176,0.008590647182409983,17.38488960285714,17.331048139333333,0.013691101005070809,Low Risk
2016-06-14,14.63296413,17.32506561,17.32506561,17.32506561,17.32506561,0,0.0,17.423632757142858,17.321875064,0.013718128913079256,Low Risk
2016-06-15,14.13778591,16.7387886,17.14958191,16.5513401,17.32506561,5799788,-0.033839814705325044,17.32563509142857,17.300737190666666,0.016429896934048484,Low Risk
2016-06-16,14.13778591,16.7387886,16.7387886,16.7387886,16.7387886,0,0.0,17.209975104285714,17.277073415333334,0.01571935289054583,Low Risk
2016-06-19,14.08052158,16.67098808,16.87040138,16.5513401,16.74676514,1504417,-0.004050503391864302,17.081780567142857,17.249288432,0.015412182644927752,Low Risk
2016-06-20,13.88514423,16.43966866,16.7507534,16.07274628,16.67098808,3913067,-0.013875567476262174,16.91655213285714,17.206215032333333,0.015019214585904675,Low Risk
2016-06-21,13.97946644,16.5513401,16.7866478,16.19239616,16.43966866,4756828,0.0067928035722346625,16.82710075142857,17.163008690333335,0.014633950497604506,Low Risk
2016-06-22,13.77735329,16.31204414,16.54336357,16.13656044,16.5513401,3023176,-0.014457799704085561,16.682383398571428,17.123125966666667,0.013568747737563796,Low Risk
2016-06-23,14.00978184,16.5872345,16.75474167,16.3519268,16.31204414,2925999,0.016870378576599343,16.576978954285714,17.091352717333333,0.01650797745383293,Low Risk
2016-06-26,13.41018295,15.8773222,16.25222015,15.67790794,15.95309925,5390175,-0.04279871367345778,16.45391232571429,17.046152274333334,0.019154065145873197,Low Risk
2016-06-27,13.48429012,15.96506405,16.23227882,15.79755592,15.8773222,2275838,0.005526237289560143,16.343380247142857,16.99603296966667,0.019616281843461415,Low Risk
2016-06-28,13.4708147,15.94911098,16.05280685,15.85339165,15.96506405,3827501,-0.0009992487314824938,16.240254947142855,16.940064144333334,0.019715261531804647,Low Risk
2016-06-29,13.41691685,15.88529778,16.07274628,15.753685,15.94911098,3865011,-0.004001050596489142,16.161059107142858,16.874390507,0.019420128822598918,Low Risk
2016-06-30,13.41691685,15.88529778,15.88529778,15.88529778,15.88529778,0,0.0,16.065910204285714,16.823340575333333,0.018911800856834436,Low Risk
2016-07-03,13.39670753,15.86136913,15.95309925,15.69386101,15.88529778,1998631,-0.0015063394046114231,16.001528060000002,16.77641188333333,0.018541461699435168,Low Risk
2016-07-04,13.6594553,16.17245483,16.43169212,15.88928699,15.86136913,10070509,0.01961278988278603,15.94227382142857,16.753678767,0.019073439201275643,Low Risk
2016-07-05,13.6594553,16.17245483,16.17245483,16.17245483,16.17245483,0,0.0,15.984435625714285,16.728020922333332,0.008009178687058843,Low Risk
2016-07-10,14.37695408,17.0219574,17.34899521,16.5513401,16.17245483,7000084,0.05252774417549588,16.13542039,16.727090327,0.02060622973680885,Medium Risk
2016-07-11,14.46116734,17.12166405,17.42876053,16.81456566,17.0219574,7503429,0.005857531402351901,16.30292797142857,16.729616292333333,0.020189575920885692,Medium Risk
2016-07-12,14.25568581,16.87837982,17.14559364,16.67896461,17.12166405,4646429,-0.014209146335866785,16.444796834285714,16.725893910666667,0.02171076938951059,Medium Risk
2016-07-13,14.39716244,17.04588509,17.22535896,16.93022537,16.87837982,3521876,0.009924250537454604,16.610595021428573,16.734933916666666,0.02135401376133324,Medium Risk
2016-07-14,14.38705921,17.0339222,17.14160538,16.91028595,17.04588509,3492477,-0.0007018051533749237,16.778102602857143,16.736662165333332,0.021281825047675448,Medium Risk
2016-07-17,14.37021732,17.01398087,17.12166405,16.85046005,17.0339222,996182,-0.0011706834025576596,16.898320608571428,16.73081270866667,0.02123695385710112,Medium Risk
2016-07-18,14.51843262,17.18946457,17.33703041,17.06981659,17.01398087,3492096,0.010314088239597119,17.043607714285713,16.737725703,0.020989374365885115,Medium Risk
2016-07-19,14.49485493,17.16154671,17.24928856,17.02993393,17.18946457,3939214,-0.0016241262132575818,17.063549044285715,16.741315142333335,0.008519841733395785,Low Risk
2016-07-20,14.49485493,17.16154671,17.16154671,17.16154671,17.16154671,0,0.0,17.06924656714286,16.732540957333335,0.008269981278433211,Low Risk
2016-07-21,14.25231838,16.87439156,17.02993393,16.81057739,17.05785179,3810592,-0.016732474925041263,17.068676815714287,16.710073725666668,0.009030943895846927,Low Risk
2016-07-24,14.29274082,16.92225075,17.0099926,16.85046005,16.87439156,138057,0.0028362024094219507,17.051014767142856,16.688537089333334,0.008080248638559514,Low Risk
2016-07-25,14.46116734,17.12166405,17.22934723,16.90629768,16.92225075,3643271,0.011784088472982734,17.063549317142858,16.672716967666666,0.009425997177680754,Low Risk
2016-07-26,14.50495911,17.17351151,17.34899521,17.07779312,17.12166405,3660585,0.0030281787943386984,17.08633940857143,16.672584025666666,0.009415328932107987,Low Risk
2016-07-27,15.34035873,18.16260338,18.34606361,17.54840851,17.54840851,10992449,0.05759403773794647,17.22535923857143,16.700501951333333,0.02342889497716699,Medium Risk
2016-07-28,16.01743698,18.96424675,19.36307335,18.05890846,18.16260338,8075561,0.04413702998562097,17.482887815714285,16.755141322666667,0.02644491820017987,Medium Risk
2016-07-31,16.01743698,18.96424675,18.96424675,18.96424675,18.96424675,0,0.0,17.740416392857146,16.829323261,0.02644491820017987,Medium Risk
2016-08-01,15.85237503,18.76882172,18.98418808,18.64518547,18.89245796,4394772,-0.010304919176397198,18.011049272857143,16.89699103166667,0.025258035935175817,Medium Risk
2016-08-02,15.82206154,18.73292732,18.84459877,18.67310333,18.76882172,3480858,-0.001912448236521258,18.269717354285714,16.965722339666666,0.025717018017246726,Medium Risk
2016-08-03,16.13533592,19.10383606,19.2633667,18.74489021,18.73292732,4197275,0.019799828060187874,18.552884784285713,17.054527919666665,0.025733412665890052,Medium Risk
2016-08-04,16.56987953,19.61832428,19.76190186,19.18758965,19.10383606,6416395,0.026931147146789458,18.90214375142857,17.15676072566667,0.02529992633759706,Medium Risk
2016-08-07,16.53956032,19.58242989,19.73797226,19.43087578,19.61832428,1242828,-0.0018296358795838463,19.10497611,17.265773583999998,0.019729533951909402,Low Risk
2016-08-08,16.59345818,19.64624214,19.82571411,19.50266457,19.58242989,2599948,0.0032586482044592024,19.20240402285714,17.367740505333334,0.013270153958452368,Low Risk
2016-08-09,16.44524193,19.47075653,19.54254532,19.33116722,19.64624214,3463760,-0.008932273599677742,19.27476256285714,17.487521649666668,0.014240188868918226,Low Risk
2016-08-10,16.67093658,19.73797226,19.98923302,19.34313393,19.47075653,7137080,0.013723952101618808,19.41321264,17.613285256666664,0.013108095189673234,Low Risk
2016-08-11,16.67093658,19.73797226,19.73797226,19.73797226,19.73797226,0,0.0,19.55679048857143,17.739580632666666,0.012902612608144643,Low Risk
2016-08-14,16.93368149,20.04905701,20.31228256,19.34313393,20.26841164,1738638,0.01576072485573543,19.69182205285714,17.878372607000003,0.012342399087082621,Low Risk
2016-08-15,17.45580482,20.66724014,21.09797478,20.3322258,20.04905701,9448942,0.03083352646918347,19.841667175714285,18.037770685666665,0.013433274786595931,Low Risk
2016-08-16,17.47264862,20.68718147,20.93844223,20.38008308,20.66724014,7004005,0.0009648762904439501,19.999488829999997,18.198631097,0.013146709925940945,Low Risk
2016-08-17,17.21663666,20.38407135,20.55955696,20.10090446,20.68718147,3272760,-0.014652074302125784,20.104893002857143,18.339018314333334,0.0157047003283675,Low Risk
2016-08-18,17.01115608,20.14078712,20.73902893,19.84565544,20.38407135,6677864,-0.011935016603049742,20.20061165857143,18.471296057333333,0.016194337803390434,Low Risk
2016-08-21,17.02462769,20.15674019,20.34020042,19.94137383,20.14078712,1016757,0.0007920777825092262,20.260435648571427,18.575788817,0.01575925644158844,Low Risk
2016-08-22,16.73830414,19.81773758,20.34020042,19.55451012,20.15674019,4559284,-0.01681832512621184,20.271830694285715,18.665657934666665,0.01749835579922522,Low Risk
2016-08-23,16.51935005,19.55850029,19.73797226,19.43486214,19.81773758,4387485,-0.013081073909345764,20.201751162857143,18.754995283666666,0.016742107616219064,Low Risk
2016-08-24,16.6810379,19.74993706,19.86559677,19.54653549,19.55850029,1097176,0.009787906391671486,20.070707865714287,18.84513034933333,0.010164679200478083,Low Risk
2016-08-25,16.49239731,19.52659225,19.6980896,19.42289734,19.74993706,2079608,-0.01130863401343929,19.904909405714285,18.928219351,0.009727632334800984,Low Risk
2016-08-28,16.43850517,19.46278191,19.56248856,19.36706161,19.52659225,707426,-0.0032678687188748556,19.773296628571426,19.00984605233333,0.00941047336783693,Low Risk
2016-08-29,16.43850517,19.46278191,19.46278191,19.46278191,19.46278191,0,0.0,19.676438741428573,19.085623296999998,0.009352645830008844,Low Risk
2016-08-30,16.29028702,19.2872963,19.42289734,19.13574219,19.2872963,2680895,-0.009016471068292398,19.55223247142857,19.156481616666667,0.009099138779772632,Low Risk
2016-08-31,16.46882057,19.49867439,19.56248856,19.24342537,19.2872963,3675779,0.010959446399960271,19.506652015714284,19.234385872666667,0.009752357868722441,Low Risk
2016-09-01,16.35765648,19.36706161,19.5226059,19.25937843,19.49867439,1307239,-0.006749832186925486,19.479303632857146,19.317474874333335,0.008833463696001659,Low Risk
2016-09-04,16.6069355,19.66219521,19.86160851,19.34313393,19.36706161,1934031,0.015238945687435113,19.466769082857144,19.408806356333333,0.010126716704396946,Low Risk
2016-09-05,16.6844101,19.75392532,19.86160851,19.64225388,19.66219521,914826,0.004665303595060788,19.499245235714287,19.496548398666665,0.0090521162310847,Low Risk
2016-09-06,16.62377548,19.68213654,19.74993706,19.54254532,19.75392532,2353631,-0.0036341526474902297,19.53058161142857,19.580169233,0.009086544746929211,Low Risk
2016-09-07,16.60019302,19.65421867,19.80178452,19.50266457,19.68213654,2317683,-0.0014184369640594108,19.55792972,19.629889742666666,0.009144779873138621,Low Risk
2016-09-08,16.72483063,19.80178452,19.8975029,19.62231255,19.65421867,1092991,0.007508100549692198,19.631428037142857,19.65780766833333,0.008066426783374355,Low Risk
2016-09-13,16.72483063,19.80178452,19.80178452,19.80178452,19.80178452,0,0.0,19.674729484285713,19.685725594,0.007487004091198967,Low Risk
2016-09-14,16.58334923,19.63427734,19.74196053,19.55451012,19.80178452,823707,-0.0084591961815772,19.71290316,19.714574114666668,0.007847881427811317,Low Risk
2016-09-15,16.20607376,19.18758965,19.71404266,19.0639534,19.63427734,3531223,-0.022750401365166817,19.645102365714283,19.729729525666666,0.009996655978758383,Low Risk
2016-09-18,16.10165024,19.0639534,19.34313393,19.02407074,19.18360138,128797,-0.0064435529555949556,19.546534948571427,19.728400103666665,0.009356519686962581,Low Risk
2016-09-19,16.28018188,19.2753315,19.5226059,19.11580086,19.11978912,940888,0.011087841832429168,19.488419942857142,19.716967011,0.011195897775449801,Low Risk
2016-09-20,16.41829109,19.4388504,19.5226059,19.34313393,19.2753315,1498274,0.00848332491713566,19.457653047142855,19.712181027999996,0.012013633363763541,Low Risk
2016-09-21,16.41829109,19.4388504,19.4388504,19.4388504,19.4388504,0,0.0,19.405805315714286,19.70526797,0.011393396259469132,Low Risk
2016-09-22,16.41829109,19.4388504,19.4388504,19.4388504,19.4388504,0,0.0,19.353957584285713,19.704204432333334,0.011393396259469132,Low Risk
2016-09-25,16.25323486,19.24342537,19.32718086,19.12377739,19.15967178,330195,-0.010053322391945563,19.29812158857143,19.687719536,0.01154534121705104,Low Risk
2016-09-26,16.25323486,19.24342537,19.24342537,19.24342537,19.24342537,0,0.0,19.30609812,19.671234639666668,0.007484935124071673,Low Risk
2016-09-27,16.50587463,19.54254532,19.92542076,19.41492271,19.55451012,1687669,0.015544007589538555,19.374468394285714,19.654350916666665,0.008639680171347591,Low Risk
2016-09-28,16.35429001,19.36307335,19.56248856,19.22747231,19.54254532,969351,-0.009183653769825217,19.387002944285715,19.610878690333333,0.00908949526468793,Low Risk
2016-09-29,16.20270538,19.18360138,19.44682884,19.04401207,19.36307335,5379335,-0.009268774990205841,19.350538798571428,19.560759353999995,0.009027127436791751,Low Risk
2016-10-02,16.20270538,19.18360138,19.18360138,19.18360138,19.18360138,0,0.0,19.31407465285714,19.52074368833333,0.009027127436791751,Low Risk
2016-10-03,16.20270538,19.18360138,19.18360138,19.18360138,19.18360138,0,0.0,19.277610507142857,19.488837497000002,0.009027127436791751,Low Risk
2016-10-04,16.94042015,20.05703354,20.30031967,19.74594879,19.74993706,3435229,0.04553014539337763,19.393840245714284,19.485513942,0.019258522299880638,Low Risk
2016-10-05,17.49286079,20.71111107,21.09797478,19.98524475,20.05703354,7191633,0.03261088080126928,19.603509631428572,19.515293058333334,0.021368848016281496,Medium Risk
2016-10-09,17.49286079,20.71111107,20.71111107,20.71111107,20.71111107,0,0.0,19.770447595714284,19.553713417666668,0.021593795925707763,Medium Risk
2016-10-10,17.82971191,21.10993767,21.41703606,20.81879425,21.11392784,3509444,0.019256649179854923,20.01999964142857,19.599046771333335,0.020345611327681295,Medium Risk
2016-10-11,17.59728432,20.83474731,20.93844223,20.59943962,21.10993767,3263375,-0.013036057439008042,20.25587763142857,19.64265194,0.021057554091260044,Medium Risk
2016-10-12,17.27390289,20.45187378,20.96636009,20.28037643,20.83474731,6074897,-0.018376682198407823,20.43705940285714,19.675621669,0.02377996982140051,Medium Risk
2016-10-13,17.94761467,21.24952888,21.53668404,20.53961563,20.45187378,9307540,0.03900156575286662,20.732191902857146,19.735179901333332,0.025695169865280493,Medium Risk
2016-10-16,17.71181107,20.97034836,21.67627335,20.57949829,21.24952888,4016731,-0.013138198102018328,20.862665448571427,19.791281636666664,0.023555544382681218,Medium Risk
2016-10-17,17.3951683,20.59545135,20.77891159,20.29234123,20.97034836,8019259,-0.01787748126850852,20.84614263142857,19.82784086866667,0.021944301177985775,Medium Risk
2016-10-18,17.51980782,20.7430172,20.99826622,20.5196743,20.59545135,4096728,0.0071649728618352615,20.85070065,19.873706055,0.022142922491066426,Medium Risk
2016-10-19,17.44906807,20.65926361,20.73902893,20.46383858,20.7430172,802615,-0.004037676351153041,20.786318641428572,19.906941668333335,0.02053351811269098,Medium Risk
2016-10-20,17.53328133,20.75897026,20.87861824,20.69914627,20.65926361,3467995,0.004826244143171676,20.775493348571427,19.940443166333335,0.020170625766235836,Medium Risk
2016-10-23,17.51980782,20.7430172,20.87861824,20.61938095,20.75897026,964346,-0.0007684899491734454,20.817085265714287,19.975805855,0.018583065651001974,Low Risk
2016-10-24,17.45580482,20.66724014,20.83075905,20.53961563,20.7430172,4224084,-0.003653135861064638,20.73390116,20.00957323733333,0.009029365756076175,Low Risk
2016-10-25,17.41874886,20.62336922,20.73902893,20.49973106,20.66724014,1021002,-0.0021227275486623842,20.68433271142857,20.036959394,0.008064686981365575,Low Risk
2016-10-26,17.34801483,20.53961563,20.73902893,20.41996765,20.62336922,1424124,-0.004061101224856034,20.676356180000003,20.061553764333336,0.00456183678020447,Low Risk
2016-10-27,17.46928024,20.68319321,20.7430172,20.41996765,20.53961563,2645946,0.006990275893492992,20.66780989571429,20.096517626666664,0.004513914115591271,Low Risk
2016-10-30,17.48275375,20.69914627,20.83474731,20.65926361,20.68319321,406163,0.0007713054671021347,20.67350741857143,20.14690284733333,0.00422541115034483,Low Risk
2016-10-31,17.41201401,20.61539268,20.7430172,20.41597939,20.69914627,2687477,-0.004046234028568962,20.652996335714285,20.19861749,0.003957765217995551,Low Risk
2016-11-01,17.48949432,20.7071228,20.75099373,20.56354523,20.61539268,1743673,0.004449593632479987,20.647868564285716,20.246343866666667,0.004464196438930725,Low Risk
2016-11-02,17.48949432,20.7071228,20.7071228,20.7071228,20.7071228,0,0.0,20.653566087142856,20.28861961333333,0.004204513277446587,Low Risk
2016-11-03,18.58090019,21.9993248,22.88870811,21.13785553,22.88870811,10392493,0.0624037444738581,20.85013117,20.373968760000004,0.023680003947571908,Medium Risk
2016-11-06,19.92831993,23.5946331,24.19686317,22.34231567,21.9993248,7362509,0.0725162392256693,21.286562237142856,20.51249485,0.03243893112337301,Medium Risk
2016-11-07,21.49132347,25.44519234,25.95170403,24.74325752,25.52495956,17278899,0.0784313632747271,21.966847827142857,20.719220415666666,0.038224315354189034,Medium Risk
2016-11-08,21.99997139,26.04742241,26.32261467,25.51698112,25.44519234,11030200,0.02366773502644315,22.730887275714284,20.946020317,0.036165982896031415,Medium Risk
2016-11-09,21.92586327,25.95968056,26.20296669,25.32554436,26.04742241,4860657,-0.0033685425228990873,23.49435697285714,21.159924825,0.036048134904490124,Medium Risk
2016-11-10,22.64336777,26.80918312,27.25587082,25.92378616,25.95968056,7338172,0.03272392193103335,24.366079875714284,21.408128484,0.03369024524693545,Medium Risk
2016-11-13,23.35412979,27.65070915,27.91792488,27.31968117,26.80918312,5945615,0.03138946928122599,25.358020782857142,21.690365409666665,0.029624819462859366,Medium Risk
2016-11-14,22.71073532,26.88894844,27.51909637,26.37446022,27.65070915,3467070,-0.027549409523914492,26.05653844571429,21.947210311666666,0.03791961892657554,Medium Risk
2016-11-15,22.30314255,26.40636826,26.9168663,26.21891975,26.88894844,5985244,-0.017947157029097993,26.458214897142856,22.187969207666665,0.03626984666962259,Medium Risk
2016-11-16,22.75116158,26.93680763,27.27980042,26.52202606,26.40636826,5439597,0.020087554819248066,26.671302795714286,22.417295010666667,0.02454552555272098,Medium Risk
2016-11-17,23.18906975,27.45528412,27.83815765,27.04847908,26.93680763,6012740,0.019247881824814517,26.872425897142854,22.642100778999996,0.024141720803390068,Medium Risk
2016-11-20,23.3372879,27.63076782,27.87804031,27.12026978,27.45528412,3526873,0.006391618430645396,27.11115264857143,22.872756004,0.023666502421985307,Medium Risk
2016-11-21,23.60340118,27.94584274,28.11733627,27.63076782,27.63076782,4752633,0.011403046127872685,27.273532594285715,23.100619506333334,0.021396326399465686,Medium Risk
2016-11-22,23.60340118,27.94584274,27.94584274,27.94584274,27.94584274,0,0.0,27.31569453571429,23.337656020666667,0.01828756093566065,Low Risk
2016-11-23,23.22275734,27.49516678,27.83815765,27.31968117,27.60683823,2270460,-0.01612676218759823,27.402297155714283,23.572432454,0.01555155345511037,Low Risk
2016-11-24,22.71747208,26.89692497,27.51909637,26.70947647,27.49516678,2607099,-0.02175807169262789,27.472376685714288,23.760678990333336,0.016459281725315567,Low Risk
2016-11-27,22.42441177,26.54994583,27.10830307,26.40237808,26.89692497,2326053,-0.012900327468177597,27.417110714285712,23.94666557266667,0.015353001169136314,Low Risk
2016-11-28,22.66357803,26.83311272,27.12026978,26.53798103,26.54994583,4230408,0.01066544134640135,27.328229085714288,24.15458761833333,0.013621902218314157,Low Risk
2016-11-29,22.36040878,26.47416878,26.80120659,26.2827301,26.83311272,2264939,-0.013376902774774324,27.163000651428572,24.345626004333333,0.013351048950354674,Low Risk
2016-11-30,23.1823349,27.44730759,27.63874435,26.72144127,26.47416878,6457756,0.036758049632710676,27.091781344285714,24.571894137,0.02042762133670458,Medium Risk
2016-12-01,23.1823349,27.44730759,27.44730759,27.44730759,27.44730759,0,0.0,27.02056203714286,24.79483871466667,0.02042762133670458,Medium Risk
2016-12-04,23.52592278,27.85411072,27.99768829,27.53106117,27.72249794,1775960,0.014821239885409065,27.071839742857144,25.031875165333336,0.020308063597869172,Medium Risk
2016-12-05,23.13180351,27.3874836,27.87804031,26.92085457,27.85411072,5824799,-0.016752540574377472,27.14191954714286,25.25588328066667,0.019398615244066615,Low Risk
2016-12-06,23.48213387,27.80226326,27.91792488,27.21997643,27.3874836,2427430,0.015144862012806515,27.320822037142857,25.49517974866667,0.018504307873382433,Low Risk
2016-12-07,23.11496353,27.36754227,27.75839233,27.02853775,27.80226326,5752346,-0.015636172707760965,27.397169115714288,25.72277730333333,0.020172249056389705,Medium Risk
2016-12-08,22.93642807,27.15616226,27.39944839,26.96073723,27.36754227,2431414,-0.007723748370043304,27.494596755714287,25.938542938333335,0.019509891289869158,Low Risk
2016-12-11,22.93642807,27.15616226,27.15616226,27.15616226,27.15616226,0,0.0,27.453004565714288,26.153776804666666,0.013032797432343845,Low Risk
2016-12-12,22.93642807,27.15616226,27.15616226,27.15616226,27.15616226,0,0.0,27.41141237571429,26.371802457333335,0.013032797432343845,Low Risk
2016-12-13,22.72757912,26.90888977,27.31968117,26.72144127,27.23592949,2088506,-0.00910557565655079,27.276380811428567,26.578528023,0.011039457166077448,Low Risk
2016-12-14,22.78484535,26.97669029,27.16015053,26.76132393,26.90888977,1548406,0.0025196327525780493,27.217696052857143,26.787513606,0.009928724514008403,Low Risk
2016-12-15,22.78484535,26.97669029,26.97669029,26.97669029,26.97669029,0,0.0,27.099757057142856,26.953425789,0.006649541573734762,Low Risk
2016-12-18,22.57936478,26.73340607,26.90888977,26.67358208,26.74537086,2094805,-0.009018312379490911,27.00916617142857,27.05805155466667,0.005041561492004517,Low Risk
2016-12-19,23.24296761,27.51909637,27.95780563,26.62173462,26.73340607,5940979,0.02938983150679375,27.06101390142857,27.127181689,0.012956358402352175,Low Risk
2016-12-20,23.91667557,28.31675148,28.61587143,27.81821632,27.51909637,6716803,0.02898551243381542,27.226812361428568,27.202825991333334,0.016397022793320618,Low Risk
2016-12-21,24.20300102,28.65575409,28.87511063,28.22900963,28.31675148,4273775,0.011971804401342823,27.441039765714287,27.292695109,0.016277408651570093,Low Risk
2016-12-22,24.20300102,28.65575409,28.91100311,28.41645813,28.65575409,4512173,0.0,27.69059181142857,27.354247474666668,0.015014156960718884,Low Risk
2016-12-25,23.99415207,28.4084816,28.67569542,28.32871628,28.65575409,578979,-0.008629069373759402,27.895133427142856,27.379506556333332,0.016361972295119657,Low Risk
2016-12-26,23.81225204,28.19311523,28.5959301,28.07745552,28.4084816,773452,-0.0075810588201236095,28.06890841857143,27.422978782666668,0.017174086617328835,Low Risk
2016-12-27,23.75835419,28.12930107,28.29681015,27.99768829,28.19311523,1586322,-0.002263466079551746,28.26832199,27.480409876333333,0.016329387742948183,Low Risk
2016-12-28,24.14910698,28.59194183,28.85516739,28.07346535,28.12930107,2852860,0.016446934065255103,28.421585627142857,27.53558101633333,0.01399123847086052,Low Risk
2016-12-29,24.61733627,29.14631271,29.33376122,28.57598877,28.59194183,4206217,0.019389060151847604,28.54009437428571,27.591948636,0.01157504520647041,Low Risk
2017-01-02,24.2400589,28.69962692,29.11041832,28.45634079,29.14631271,1224559,-0.015325636365890793,28.54636192142857,27.627577272666663,0.013024184965623643,Low Risk
2017-01-03,24.48932838,28.99475861,29.11440659,28.6198597,28.69962692,1139653,0.010283467824257153,28.594791138571427,27.662541135,0.013555040203264087,Low Risk
2017-01-04,24.70154953,29.24601936,29.51323318,29.04660606,28.99475861,2452905,0.008665730016229167,28.714439390000003,27.705880355666668,0.012906457546233721,Low Risk
2017-01-05,24.86660576,29.4414444,29.67276573,29.0545826,29.24601936,3099831,0.0066821073184164526,28.89277212857143,27.770756276333334,0.011810225360833785,Low Risk
2017-01-09,24.87334442,29.44942093,29.67276573,29.11041832,29.6049633,2311475,0.00027092862332511736,29.08136068,27.855839475,0.0115408571710818,Low Risk
2017-01-10,25.57063103,30.2749939,30.94901276,29.43346786,29.44942093,5828850,0.028033589249933044,29.321796690000003,27.980007743999998,0.013794337668123036,Low Risk
2017-01-11,25.92432976,30.69376373,31.02478981,30.31088829,30.2749939,1952691,0.013832201961236468,29.542861121428576,28.108696111000004,0.013195765176278292,Low Risk
2017-01-12,25.68179512,30.40660667,30.92907143,30.15534592,30.69376373,3210267,-0.009355550610410601,29.786715371428574,28.239777374000003,0.011567740984677354,Low Risk
2017-01-15,25.65147591,30.37071228,30.7097168,30.16332245,30.40660667,901219,-0.0011804799657376686,29.983280181428572,28.337224197,0.012048997482511212,Low Risk
2017-01-16,26.07928467,30.87722397,31.26807594,29.91206169,30.37071228,2973837,0.01667763618219631,30.216309411428572,28.451554742999996,0.012632484558990015,Low Risk
2017-01-17,26.45993233,31.32789993,31.5073719,31.1085434,30.87722397,2133052,0.014595740874823182,30.485803058571427,28.567347716666667,0.012862406078980692,Low Risk
2017-01-18,26.28139496,31.11651993,31.60707855,30.7097168,31.32789993,1441891,-0.006747340245350508,30.72396005857143,28.691648927666666,0.013887295563624608,Low Risk
2017-01-19,25.54031563,30.2390995,30.86525917,29.95593262,31.11651993,2981740,-0.028197897193319,30.718832287142853,28.77287680233333,0.0163913428111584,Low Risk
2017-01-22,25.39883614,30.07159233,30.59006882,29.52120972,30.2390995,1687160,-0.005539423222573059,30.629950658571428,28.863011804333333,0.015251908170316854,Low Risk
2017-01-23,26.28139496,31.11651993,31.44754791,30.51030159,30.07159233,3419255,0.03474799699773645,30.731366838571425,28.995023726666666,0.020357564761373625,Medium Risk
2017-01-24,25.9950695,30.77751732,31.38772392,30.51030159,31.11651993,3605029,-0.01089461838157424,30.789481844285714,29.115735562,0.02104756970708423,Medium Risk
2017-01-26,26.04896355,30.84132957,31.34783936,30.7097168,30.77751732,4201606,0.002073339747859837,30.784354072857145,29.23857447233333,0.020061502961624084,Medium Risk
2017-01-29,26.37234688,31.22420311,31.47546577,30.72965813,30.84132957,897566,0.012414300723676774,30.76954024142857,29.382418250333334,0.01981248076476489,Low Risk
2017-01-30,26.22076035,31.04473114,31.39968872,30.4385128,31.22420311,6481892,-0.005747847891193203,30.7592847,29.518019612,0.019761861270658432,Low Risk
2017-01-31,25.74916458,30.4863739,30.9091301,30.19124031,31.04473114,3944823,-0.0179855717700379,30.794609614285715,29.63500906566667,0.017606750406722525,Low Risk
2017-02-01,25.65821266,30.37868881,30.9091301,30.11546326,30.4863739,1842488,-0.003532236741346284,30.83848054,29.756518490333335,0.01749286268298278,Low Risk
2017-02-02,25.94454193,30.71769333,30.8732357,30.41059685,30.37868881,2115328,0.011159287424163278,30.781505311428567,29.863138389000003,0.011167379040885553,Low Risk
2017-02-05,26.07928467,30.87722397,31.06866074,30.70572853,30.71769333,1003305,0.005193444647231926,30.79574911857143,29.948487472,0.01062296955750975,Low Risk
2017-02-06,25.9950695,30.77751732,30.91311836,30.64989281,30.87722397,2037655,-0.003229132583190464,30.786633082857144,30.019212913,0.010681857810557542,Low Risk
2017-02-07,26.66540909,31.57118416,32.10561371,30.71769333,30.77751732,1824956,0.025787227466987916,30.836201804285714,30.116393915333333,0.014003168377921572,Low Risk
2017-02-08,27.23469353,32.24520111,32.81951523,31.82643318,31.57118416,4096407,0.02134911844244236,31.007697514285717,30.244284565666664,0.015298313773379304,Low Risk
2017-02-09,27.02247238,31.99394035,32.30901337,31.54725456,32.24520111,3658988,-0.007792190817568878,31.223064150000003,30.37097873633333,0.0129986660178514,Low Risk
2017-02-12,26.34876442,31.19628525,31.99394035,30.91311836,31.99394035,2280321,-0.024931442994329367,31.339863641428572,30.473211542333335,0.017591042695149484,Low Risk
2017-02-13,26.26455307,31.0965786,31.41165352,30.73364639,31.19628525,2309304,-0.0031961064979683096,31.393990108571433,30.556699434666665,0.017444463279163103,Low Risk
2017-02-14,25.73232269,30.46643066,31.11253166,29.88015556,31.0965786,4584641,-0.02026422096481062,31.33530535,30.60070336633333,0.019204213389645636,Low Risk
2017-02-15,25.52684021,30.22314644,30.49036026,29.91206169,30.46643066,2613373,-0.007985320719548938,31.256109510000005,30.651487350333337,0.019348704938347786,Low Risk
2017-02-16,25.98833084,30.76954079,30.94901276,30.51030159,30.22314644,3011946,0.018078671957094894,31.141589028571428,30.710646756333333,0.01761669969203832,Low Risk
2017-02-19,25.63126755,30.34678268,30.7097168,30.17129898,30.76954079,946404,-0.013739500140261929,30.870386395714288,30.747338867,0.01397109507671727,Low Risk
2017-02-20,25.17988205,29.81235313,30.31088829,29.52918625,30.34678268,2990094,-0.01761074825082576,30.55873107857143,30.759702491333332,0.014369850712025997,Low Risk
2017-02-21,25.60768509,30.31886482,30.7097168,29.70467186,29.81235313,5397062,0.01698999363758036,30.433385302857143,30.788683954333333,0.0157543708211687,Low Risk
2017-02-22,25.04513741,29.65282249,30.31088829,29.51323318,30.31886482,4837823,-0.021967917794885383,30.22713443,30.767944907333334,0.01713925250665428,Low Risk
2017-02-23,24.82281494,29.38959694,29.91206169,29.07452393,29.65282249,2306982,-0.008876913827975952,30.073301041428575,30.724472680999998,0.01614231398643014,Low Risk
2017-02-26,24.80260468,29.36566734,29.71264648,29.15827751,29.38959694,522128,-0.000814220080964434,29.950804027142855,30.689774703333335,0.01615001015386617,Low Risk
2017-02-27,24.26363754,28.72754478,29.31381989,28.44038773,29.36566734,2792806,-0.02173022504858224,29.659090311428574,30.635002453333335,0.01394102281402807,Low Risk
2017-02-28,24.19963074,28.65176582,29.19018364,28.36461067,28.72754478,9047856,-0.0026378502089310363,29.416945045714282,30.560820515,0.014033205670140032,Low Risk
2017-03-01,24.23668671,28.69563675,29.0067234,28.53610611,28.65176582,1381870,0.0015311771803387941,29.257414134285714,30.473078409,0.013731111932448732,Low Risk
2017-03-02,24.88344955,29.46138573,29.75252914,28.89903831,28.69563675,2561729,0.02668520607057112,29.134917121428572,30.417907269,0.01655881718870216,Low Risk
2017-03-05,25.15629768,29.78443527,30.06760406,29.63686943,29.46138573,758729,0.010965184834162311,29.15371894714286,30.402751794666667,0.015218164185322033,Low Risk
2017-03-06,25.27420044,29.92402649,30.19124031,29.61294174,29.78443527,2722600,0.004686717029703136,29.230066025714283,30.397832933333333,0.014643475922599214,Low Risk
2017-03-07,25.24051857,29.88414383,30.23112297,29.15827751,29.92402649,4005300,-0.0013327972428218704,29.304134095714286,30.35675373,0.014665332744986579,Low Risk
2017-03-08,25.21356583,29.8522377,29.97587395,29.52120972,29.88414383,1353367,-0.0010676608365125517,29.464804512857143,30.325911076,0.010417329499266315,Low Risk
2017-03-09,25.77274513,30.51429176,30.78948212,29.91206169,29.8522377,2782985,0.022177702946536648,29.73087964714286,30.315009815666667,0.011348516849943386,Low Risk
2017-03-12,26.291502,31.12848473,31.49939537,30.66983223,30.51429176,2534504,0.0201280427817474,30.07842935857143,30.311819202999995,0.011459689320127357,Low Risk
2017-03-13,26.27802849,31.11253166,31.5073719,30.72168159,31.12848473,1954606,-0.000512491055648101,30.31430734857143,30.314079220333333,0.010079042262002761,Low Risk
2017-03-14,25.93780327,30.7097168,31.28801537,30.51030159,31.11253166,1777778,-0.012947029332167181,30.446490424285713,30.32152398366667,0.012591642337085727,Low Risk
2017-03-15,25.73569107,30.47042084,31.00883675,30.10748672,30.7097168,2773855,-0.007792190385813025,30.52454676,30.324581718,0.013408972859898902,Low Risk
2017-03-16,26.41276741,31.2720623,31.82244492,30.4504776,30.47042084,3223062,0.02630884109574394,30.722820827142858,30.343060683666668,0.015878244783000473,Low Risk
2017-03-19,26.33866119,31.18432045,31.86232758,30.80942345,31.2720623,1728905,-0.0028057583525599172,30.91311836285714,30.353297233,0.016031234755041094,Low Risk
2017-03-20,26.11296844,30.91710663,31.11651993,30.7097168,31.18432045,2202210,-0.008568851786539433,30.970663344285715,30.357950210000002,0.015165475017454426,Low Risk
2017-03-21,25.6683197,30.39065361,30.77352905,30.11945152,30.91710663,4211765,-0.017027887709555656,30.865258898571426,30.318599191666667,0.014225270944815776,Low Risk
2017-03-22,25.6851635,30.41059685,30.7097168,30.23511124,30.39065361,1815489,0.0006562293873613179,30.764982497142856,30.257445716333336,0.01427070629580919,Low Risk
2017-03-23,25.94791031,30.72168159,30.91710663,30.31088829,30.41059685,2875240,0.01022948485800601,30.766691752857145,30.215037091000003,0.014312290696139906,Low Risk
2017-03-26,25.95464706,30.72965813,30.97294235,30.35077095,30.72168159,959106,0.00025963878235746307,30.80372565142857,30.199482853666666,0.013885467502952793,Low Risk
2017-03-27,25.73569107,30.47042084,30.82936478,30.25505257,30.72965813,2180860,-0.008436061634767067,30.689205442857144,30.178610928333335,0.00869145336465825,Low Risk
2017-03-28,25.73569107,30.47042084,30.47042084,30.47042084,30.47042084,0,0.0,30.587219784285715,30.178743934333333,0.008801970564746372,Low Risk
2017-03-29,25.6380043,30.35475922,30.55018425,30.19124031,30.54619789,1784144,-0.0037958655250395212,30.50688444,30.183131026999998,0.008502831428167488,Low Risk
2017-03-30,25.44262886,30.12343979,30.51030159,29.91206169,30.35475922,4264485,-0.007620532527485513,30.46871103714286,30.161594327,0.006297593816629734,Low Risk
2017-04-02,25.2034626,29.8402729,30.12343979,29.67276573,30.12343979,2022982,-0.009400217636964636,30.387236187142857,30.14471066766667,0.006909248172102751,Low Risk
2017-04-03,25.73906136,30.4744072,30.91311836,30.08355713,29.8402729,3974517,0.021250955114421988,30.351911274285715,30.166779136666666,0.010607544544995825,Low Risk
2017-04-04,26.44206047,31.12050819,31.50338364,30.7097168,30.4744072,2887872,0.02120142930950908,30.407746997142855,30.193500582333336,0.013590595478275755,Low Risk
2017-04-05,26.85209656,31.60309029,31.90221024,31.3079567,31.12050819,4084886,0.015506883661850601,30.56955691857143,30.258509509,0.013572828042097746,Low Risk
2017-04-06,26.42850876,31.10455513,31.5073719,30.76555252,31.60309029,1123904,-0.015774886424880674,30.66014753142857,30.315674782,0.015737606053943403,Low Risk
2017-04-09,25.90664482,30.49036026,30.75757408,30.23112297,31.10455513,745121,-0.019746139027965626,30.67951910857143,30.353164546,0.017900503011646623,Low Risk
2017-04-10,25.93036842,30.51827812,30.88918877,30.31088829,30.49036026,949671,0.0009156290631511244,30.735924584285716,30.41285565733333,0.017520044388693316,Low Risk
2017-04-11,26.26585007,30.91311836,31.00883675,30.71370316,30.51827812,1221946,0.012937828223710923,30.889188221428572,30.488234075333335,0.01712889667674928,Low Risk
2017-04-12,26.19807625,30.83335304,31.26807594,30.59006882,30.91311836,2416711,-0.0025803064922499397,30.940466198571425,30.559491284999996,0.015713181784716094,Low Risk
2017-04-13,26.07608604,30.68977547,30.9091301,30.55816269,30.83335304,748596,-0.00465656686166227,30.878932952857145,30.600437609666667,0.013229674862985541,Low Risk
2017-04-18,26.09980392,30.71769333,31.02080154,30.33481789,30.68977547,1292721,0.0009096795128817892,30.75244767285714,30.631546211666667,0.010986308428590838,Low Risk
2017-04-19,25.82870674,30.39863014,30.51429176,30.31088829,30.71769333,764987,-0.010386951473611794,30.651601245714286,30.647366333333334,0.010183187551738753,Low Risk
2017-04-20,26.01508522,30.61798668,30.81739998,30.38267708,30.39863014,1829718,0.007216000819436852,30.669833591428567,30.671827761666666,0.007688134759235671,Low Risk
2017-04-23,25.37462044,29.8642025,30.31886482,29.50924492,30.61798668,1936814,-0.024618998887094734,30.576394217142855,30.672226588333334,0.012237446377601054,Low Risk
2017-04-24,25.62538338,30.15933418,30.31886482,29.76050758,29.8642025,1879607,0.009882456429231468,30.468710762857143,30.660394669000002,0.011611658859643766,Low Risk
2017-04-26,25.51355934,30.02772141,30.51827812,29.79640007,30.15933418,2895013,-0.004363914972873473,30.35362053,30.623702558333335,0.01160865324042416,Low Risk
2017-04-27,25.04252434,29.47335052,30.2271347,29.09446526,30.02772141,2025361,-0.018461969938730727,30.179845537142857,30.569063186999998,0.012896201572683947,Low Risk
2017-04-30,24.94764519,29.36167908,29.78044891,28.91499138,29.47335052,1585495,-0.0037888953250911905,29.98612921571429,30.524128596333334,0.012614708201005286,Low Risk
2017-05-02,25.19501686,29.65282249,29.72062492,29.51323318,29.36167908,2335606,0.009915761602282247,29.87958526571429,30.496875317999997,0.013811810802327289,Low Risk
2017-05-03,25.39156723,29.88414383,30.01176834,29.51323318,29.65282249,2320424,0.007800988930413366,29.77475057285714,30.450611369,0.013888728182928625,Low Risk
2017-05-04,25.57455444,30.09951019,30.2510643,29.55710411,29.88414383,1036826,0.00720671006086504,29.808365957142858,30.414451027,0.010594308431513452,Low Risk
2017-05-07,25.39495277,29.8881321,30.29094696,29.79241371,30.09951019,220142,-0.00702264218472981,29.769622802857146,30.380151876,0.01019663469966141,Low Risk
2017-05-08,25.73382187,30.28695869,30.35077095,30.09153366,29.8881321,3163814,0.013343978428146608,29.806656699999998,30.376695378666668,0.011417369241566954,Low Risk
2017-05-09,25.93714523,30.52625465,30.59006882,30.31088829,30.28695869,1982671,0.007900957057104918,29.957071575714284,30.380550638666666,0.0074909696950013595,Low Risk
2017-05-10,26.1404686,30.76555252,31.08860207,30.53024483,30.52625465,2648139,0.007839083855641027,30.15762492428571,30.382013002999997,0.006416154013557043,Low Risk
2017-05-11,26.06591797,30.67781067,31.08062553,30.29094696,30.76555252,4283506,-0.0028519510560702788,30.30405180714286,30.38028475433333,0.007128844431901332,Low Risk
2017-05-14,26.02525139,30.62995148,30.7097168,30.51030159,30.67781067,685877,-0.0015600588488801082,30.410595757142858,30.385602442333333,0.007365449135514643,Low Risk
2017-05-15,25.92697906,30.51429176,30.62995148,30.38267708,30.62995148,1646872,-0.003776033405587409,30.469850267142856,30.387064806333335,0.007622180691359518,Low Risk
2017-05-16,26.11335564,30.73364639,30.9091301,30.43053627,30.51429176,3615844,0.0071885866375422935,30.590638022857142,30.399694378666666,0.006655351356566704,Low Risk
2017-05-17,26.36072922,31.02478981,31.12848473,30.7097168,30.73364639,1274902,0.009473116736800069,30.696042468571427,30.429739379333334,0.005864587182982096,Low Risk
2017-05-18,26.10319138,30.72168159,31.05270767,30.70572853,31.02478981,1389264,-0.009769871830116461,30.723960602857144,30.459119669,0.007268970469187778,Low Risk
2017-05-21,26.10657883,30.72566986,30.9091301,30.6379261,30.72168159,888406,0.00012981939117873154,30.718263080000003,30.467495091,0.006601949849593936,Low Risk
2017-05-22,25.8083744,30.37470055,30.58608055,30.21516991,30.72566986,5517974,-0.01142267399211061,30.674961634285715,30.442634836333333,0.007858203488820218,Low Risk
2017-05-23,25.93714523,30.52625465,30.62995148,30.33880615,30.37470055,2657991,0.004989484579462022,30.66014780142857,30.406740315,0.008216470416448343,Low Risk
2017-05-24,26.15402222,30.78150558,31.0965786,30.36273575,30.52625465,2279732,0.008361685143709607,30.698321204285712,30.395971996666667,0.00866727171424271,Low Risk
2017-05-25,26.84192848,31.59112549,31.9061985,30.99288368,30.78150558,4442444,0.026302154321068638,30.82081821857143,30.432664171000003,0.012843872939393352,Low Risk
2017-05-28,27.25535393,32.07769394,32.24121475,31.5073719,31.59112549,3097136,0.015402061257805633,30.971233094285715,30.484644698333334,0.013445648159000689,Low Risk
2017-05-29,27.2485714,32.06971741,32.32496643,31.75065613,32.07769394,1622724,-0.00024866282516822213,31.163809640000004,30.523197999999997,0.012137420794128873,Low Risk
2017-05-30,27.23502159,32.05376434,32.30901337,31.76660919,32.06971741,2387693,-0.0004974496593171951,31.35353742285714,30.56387837666667,0.012192038648186201,Low Risk
2017-05-31,28.04153061,33.00297546,33.7009201,32.10561371,32.05376434,15370031,0.02961309348666652,31.72900526714286,30.640985042999997,0.012213015534282872,Low Risk
2017-06-01,28.40751076,33.43370819,33.65705109,33.13458633,33.00297546,2861580,0.013051330190577692,32.14435577285714,30.731518871666665,0.011816644438031763,Low Risk
2017-06-04,28.44817352,33.48156738,33.59722519,33.30608368,33.43370819,722284,0.0014314652065521294,32.53007888714286,30.834283446333334,0.012551249693206553,Low Risk
2017-06-05,28.3803997,33.40180206,33.50549698,33.12262344,33.48156738,3026295,-0.0023823651711014637,32.78874696857143,30.927077292333333,0.011822288281038228,Low Risk
2017-06-06,28.77009964,33.86045456,34.10373688,33.40578842,33.40180206,5847106,0.013731369917590497,33.04342705714286,31.060285694333334,0.011665009725554676,Low Risk
2017-06-07,28.48544884,33.5254364,33.90033722,33.36590576,33.86045456,2452546,-0.009894083359287431,33.25138691285714,31.172489101666667,0.013239561658651,Low Risk
2017-06-08,28.64810562,33.71687317,33.89634705,33.42573166,33.5254364,2982713,0.005710194722476469,33.48897388857143,31.295460827,0.012901308945270914,Low Risk
2017-06-11,28.42106628,33.44966125,33.58925247,33.3619194,33.71687317,2165926,-0.007925169058611181,33.55278614428571,31.428004518,0.009425303341082708,Low Risk
2017-06-12,28.08897018,33.05881119,33.50151062,32.90326691,33.44966125,2657933,-0.011684724011965852,33.49922943,31.551242255,0.009208582851970275,Low Risk
2017-06-13,27.96020508,32.90725708,33.14256287,32.71980667,33.05881119,3888789,-0.00458437870403039,33.417185101428565,31.659723408,0.009162018990604206,Low Risk
2017-06-14,27.91614914,32.85540771,33.06279755,32.64801788,32.90725708,4412343,-0.001575621142593242,33.339128765714285,31.758765537333332,0.009167830394439205,Low Risk
2017-06-15,27.67216301,32.56825256,32.70385361,32.50444031,32.85540771,3850569,-0.008739966112567998,33.154528479999996,31.84105694966667,0.005997774864367844,Low Risk
2017-06-18,27.72298813,32.62807465,32.7636795,32.50444031,32.56825256,679810,0.0018368222209588225,33.02633394428572,31.932388367999998,0.0062095494951258335,Low Risk
2017-06-19,27.7568779,32.66795731,32.70385361,32.59616852,32.62807465,2132353,0.0012223418153787247,32.876488821428566,32.01175498866667,0.005208784738943728,Low Risk
2017-06-20,27.750103,32.65998459,32.7756424,32.50842667,32.66795731,1716990,-0.00024405321472475983,32.76367787,32.082879319999996,0.005174186246926585,Low Risk
2017-06-21,27.45528603,32.31300354,32.59218216,32.22526169,32.65998459,5932773,-0.010624042061129546,32.65713392,32.13446102066667,0.004899207617374685,Low Risk
2017-06-22,27.4417305,32.29705048,32.4924736,32.10561371,32.31300354,3029400,-0.0004937040278613081,32.56996154857143,32.188435681,0.004956333592871704,Low Risk
2017-06-27,27.4417305,32.29705048,32.29705048,32.29705048,32.29705048,0,0.0,32.49019623,32.24400564766667,0.0050486916431717165,Low Risk
2017-06-28,27.09608078,31.89024544,32.30502701,31.31194687,32.29705048,4795446,-0.012595733478879656,32.393338070000006,32.28987077033334,0.005976376055980847,Low Risk
2017-06-29,27.09608078,31.89024544,31.89024544,31.89024544,31.89024544,0,0.0,32.28793389714286,32.328424072,0.005765976704245654,Low Risk
2017-07-02,27.5806675,32.46056747,32.70385361,31.86631584,31.89024544,1230191,0.01788390218171987,32.25830677714286,32.37628332733333,0.009885934275074348,Low Risk
2017-07-03,27.64166069,32.53235626,32.69189072,32.32496643,32.46056747,1558573,0.002211569162071658,32.24007415857143,32.43663914966667,0.009955078377512151,Low Risk
2017-07-04,27.47900581,32.34091949,32.68391037,32.18537903,32.53235626,640256,-0.0058845036759720415,32.24406215142857,32.490480804,0.009292191475180681,Low Risk
2017-07-05,27.46545029,32.32496643,32.50842667,32.14948273,32.34091949,2568576,-0.0004932778737143373,32.24805014428572,32.555489666666666,0.00929218647825968,Low Risk
2017-07-06,27.45867157,32.3169899,32.58420563,32.30103683,32.32496643,6195550,-0.0002467606584302118,32.250898632857144,32.615180841666664,0.009293363857712341,Low Risk
2017-07-09,27.78737831,32.70385361,33.06279755,31.91417503,32.3169899,2316319,0.011970907909340855,32.36712837142857,32.67925910933334,0.008271332492683916,Low Risk
2017-07-10,28.27196121,33.27417755,33.46162415,32.74373627,32.70385361,3636060,0.017439043936571474,32.56483295857143,32.735360844666666,0.009525387659915273,Low Risk
2017-07-11,28.91921043,34.03593826,34.53845978,33.1505394,33.27417755,4271012,0.0228934496985036,32.78988592857143,32.80063565533333,0.010674843377882562,Low Risk
2017-07-12,28.99036407,34.11968994,34.39886856,33.89634705,34.03593826,1794843,0.0024606837443474916,33.01664788285714,32.868968073,0.010657236336605588,Low Risk
2017-07-13,29.52239609,34.74584961,35.0170517,34.29916382,34.11968994,2216106,0.018351856980562076,33.36020932857143,32.95870424866667,0.009715608318743869,Low Risk
2017-07-16,29.60033607,34.83758163,34.93330002,34.69400406,34.74584961,385793,0.0026400856801498396,33.71915435714286,33.019857787666666,0.009191374049365047,Low Risk
2017-07-17,29.94936752,35.24837112,35.4158783,34.69799042,34.83758163,3566968,0.011791561606166567,34.137923102857144,33.080346552,0.007804373377576121,Low Risk
2017-07-18,29.33940315,34.53048325,35.32813644,33.89634705,35.24837112,4785056,-0.020366554458814856,34.39887019428571,33.11531041433333,0.014699389251721606,Low Risk
2017-07-19,29.29535294,34.4786377,34.65810776,34.13963318,34.53048325,2059649,-0.0015014429315871602,34.570935930000005,33.15120493566666,0.014388020596715517,Low Risk
2017-07-20,29.46139526,34.67406082,34.70198059,34.49857712,34.4786377,2722039,0.005667947837741938,34.662096295714285,33.178325144333336,0.012153338259273935,Low Risk
2017-07-24,29.47495461,34.69001389,34.8176384,34.52250671,34.67406082,2932568,0.0004600865783450647,34.743571145714284,33.217144394,0.012183953548953895,Low Risk
2017-07-25,29.44106483,34.65013123,34.88942719,34.52250671,34.69001389,1523846,-0.0011496870576780394,34.729897091428576,33.248252996,0.009965422139592124,Low Risk
2017-07-26,29.47156143,34.68602753,34.69799042,34.35898972,34.65013123,2972939,0.0010359643304587163,34.708246505714285,33.289465205333336,0.009903424043338317,Low Risk
2017-07-27,28.86837196,33.97611237,34.6182251,33.86045456,34.68602753,1704473,-0.020466891441690338,34.52649525571429,33.320041911333334,0.010663191580003315,Low Risk
2017-07-30,28.68199539,33.75675964,34.09975052,33.52145004,33.97611237,632684,-0.0064560867827152535,34.41596331142857,33.348358663333336,0.00842433609940472,Low Risk
2017-07-31,28.43123055,33.46162415,33.92027664,32.94314957,33.75675964,3902536,-0.008743004161166024,34.27067566142857,33.368565878,0.008623070375564005,Low Risk
2017-08-01,28.40073586,33.42573166,33.50151062,33.06279755,33.46162415,2428368,-0.0010726463795990293,34.09234292428572,33.39714851466667,0.00765476444532441,Low Risk
2017-08-02,28.40751076,33.43370819,33.53740311,33.30608368,33.42573166,2787347,0.00023863441737459468,33.91287068142857,33.424002966,0.007627889180292751,Low Risk
2017-08-03,28.19741058,33.1864357,33.34197617,32.94314957,33.43370819,2555819,-0.007395903816435179,33.70377132,33.441285579,0.0074338203356913955,Low Risk
2017-08-06,28.49561691,33.53740311,33.86045456,33.22232819,33.1864357,509754,0.010575628343239218,33.53968211714285,33.470532863,0.009540788573670559,Low Risk
2017-08-07,28.97342491,34.09975052,34.30315018,33.45763779,33.53740311,2809024,0.016767768457073062,33.55734471,33.53009109566667,0.009702586774603143,Low Risk
2017-08-08,29.02764511,34.16356277,34.24731445,33.90432358,34.09975052,1372377,0.0018713406704418123,33.61545944285714,33.592308171999996,0.009196394678814626,Low Risk
2017-08-09,28.80060005,33.89634705,34.22338486,33.5254364,34.16356277,578104,-0.007821658466916293,33.67756271428571,33.64561805766667,0.00902622517730912,Low Risk
2017-08-10,28.39056778,33.41376877,34.00004196,32.98303223,33.89634705,1724404,-0.014236881611111696,33.67585372999999,33.696402168666665,0.010917320859182171,Low Risk
2017-08-13,28.00086594,32.95511627,33.30209351,32.89928055,33.41376877,414367,-0.013726452204690931,33.60748345571428,33.731897863,0.01208043262361076,Low Risk
2017-08-14,27.6348877,32.52437973,33.17845917,32.22526169,32.95511627,2177405,-0.01307039964511092,33.51290403142857,33.734024938333334,0.012678814119821372,Low Risk
2017-08-15,27.6348877,32.52437973,32.52437973,32.52437973,32.52437973,0,0.0,33.36818640571428,33.733759054,0.01138234003017143,Low Risk
2017-08-16,27.59083366,32.47253418,32.69986343,32.34490967,32.46854401,2012915,-0.0015940519213708537,33.13572692857143,33.73814621033333,0.006976651787571712,Low Risk
2017-08-17,27.48239517,32.34490967,32.70784378,32.24520111,32.47253418,3924774,-0.003930229445369249,32.87591934285714,33.738810985,0.006036774014069981,Low Risk
2017-08-20,27.32312584,32.15745926,32.38479233,31.92613983,32.34490967,446664,-0.0057953604419510585,32.627506801428574,33.733493297,0.006082212349547233,Low Risk
2017-08-21,27.59761238,32.48051071,32.70385361,31.98596382,32.15745926,3348400,0.010045925811117629,32.49418422142857,33.72604853366667,0.008156593609921032,Low Risk
2017-08-22,27.68910599,32.5881958,32.70784378,32.38479233,32.48051071,403918,0.0033153755173822574,32.44176701142857,33.703182475333335,0.007268028577119691,Low Risk
2017-08-23,27.56372452,32.44062805,32.5164032,32.30901337,32.5881958,531763,-0.004528257744173758,32.42980248571428,33.65000546833333,0.005524310756263125,Low Risk
2017-08-24,27.56033325,32.43663788,32.50444031,32.36883926,32.44062805,2028824,-0.00012299915999935962,32.417267935714285,33.593903733,0.005523188058213699,Low Risk
2017-08-27,27.42139816,32.27312088,32.44461441,32.10561371,32.43663788,403021,-0.005041120494822304,32.38878032142857,33.511479442,0.005797095992821631,Low Risk
2017-08-28,27.67893982,32.5762291,32.90326691,32.20531845,32.27312088,948527,0.009391971143015043,32.421825954285715,33.43610102433333,0.006734236726576391,Low Risk
2017-08-29,28.06186295,33.02690506,33.14256287,32.74373627,32.5762291,2328224,0.013834503638114448,32.54603249714285,33.36205215566667,0.007462244969961503,Low Risk
2017-08-30,28.54983521,33.60121536,33.78068924,33.10268021,33.02690506,2800576,0.01738916495374454,32.706133161428575,33.33107655933333,0.008864172639005167,Low Risk
2017-09-03,28.54983521,33.60121536,33.60121536,33.60121536,33.60121536,0,0.0,32.85085024142857,33.301829148,0.009049050911712424,Low Risk
2017-09-04,28.54983521,33.60121536,33.60121536,33.60121536,33.60121536,0,0.0,33.01664842857143,33.26606763266667,0.008444617320602444,Low Risk
2017-09-05,28.44478416,33.47757721,33.88837051,33.30608368,33.60121536,2665064,-0.003679573749798992,33.165354047142856,33.22565307666666,0.008903286255925123,Low Risk
2017-09-06,27.93987274,32.88332748,33.30209351,32.70385361,33.47757721,3928162,-0.01775067909700745,33.25252641857143,33.16675961833333,0.011958461563162232,Low Risk
2017-09-07,28.07202911,33.03886795,33.11065674,32.72379684,32.88332748,1183614,0.004730070887582816,33.318617682857145,33.111854298999994,0.011652202194117656,Low Risk
2017-09-10,27.84498405,32.77165222,33.14256287,32.70385361,33.03886795,986383,-0.008087920276336091,33.28215299142857,33.07170562733333,0.010885589432496446,Low Risk
2017-09-11,27.91614914,32.85540771,33.06279755,32.71980667,32.77165222,2799796,0.0025557298557223884,33.17560904142857,33.041660563,0.007663054809734242,Low Risk
2017-09-12,27.79076958,32.70784378,32.90326691,32.50444031,32.85540771,2890144,-0.004491313311418499,33.04798453,33.01653455066666,0.007539842505386879,Low Risk
2017-09-13,27.49255943,32.35687256,32.50842667,32.29705048,32.70784378,2279203,-0.010730490898779643,32.870221272857144,32.980905914,0.00772289658162915,Low Risk
2017-09-14,27.82465553,32.74772644,32.90326691,32.38479233,32.35687256,2743627,0.012079470266331604,32.765956877142855,32.95803985566667,0.010193098116379385,Low Risk
2017-09-17,27.77382278,32.68790054,32.90725708,32.50842667,32.74772644,2553364,-0.0018268718626807123,32.73803874285714,32.941422017,0.007896495628462608,Low Risk
2017-09-18,27.62810707,32.5164032,32.70385361,32.42467499,32.68790054,4958336,-0.005246508254335369,32.66340092142857,32.907388686666664,0.00762244908661799,Low Risk
2017-09-19,27.62810707,32.5164032,32.5164032,32.5164032,32.5164032,0,0.0,32.626936775714285,32.85461044266667,0.007190755672654185,Low Risk
2017-09-20,27.8653183,32.79558563,33.02291489,32.57224274,32.60813522,2842238,0.008585895195198034,32.618390764285714,32.80901120466667,0.008014885789194244,Low Risk
2017-09-24,27.68232536,32.58021545,32.79558563,32.50444031,32.79558563,718769,-0.006567047846920859,32.60015814571428,32.765140151333334,0.008234100545963637,Low Risk
2017-09-25,27.66199493,32.55628586,32.70385361,32.3528862,32.58021545,2676004,-0.0007344822515590321,32.62864576,32.736557387666664,0.006934301899827157,Low Risk
2017-09-26,27.6348877,32.52437973,32.69587708,32.42467499,32.55628586,3091624,-0.0009800297901673138,32.59673908714286,32.722199503,0.004876153475432896,Low Risk
2017-09-27,27.5332222,32.40473175,32.5762291,32.22526169,32.52437973,3758128,-0.003678716734746401,32.55628640285714,32.718211237,0.004979714456533734,Low Risk
2017-09-28,27.65860748,32.5522995,32.72379684,32.30502701,32.40473175,2806436,0.004553895126750751,32.561414445714284,32.719141896000004,0.00504010257117234,Low Risk
2017-10-01,27.67893982,32.5762291,32.78361893,32.46455765,32.5522995,628951,0.0007351124303831558,32.56996100285714,32.722598393333335,0.005043663672942682,Low Risk
2017-10-02,27.82126427,32.74373627,32.94314957,32.50444031,32.5762291,4714386,0.0051420061384575,32.56255395142857,32.735892613333334,0.004194112597576578,Low Risk
2017-10-03,27.50950432,32.3768158,32.70385361,32.23323822,32.74373627,3025009,-0.01120582168676243,32.53349685857143,32.743204498,0.0055209743004595024,Low Risk
2017-10-04,26.93003654,31.6948204,32.38479233,31.22819138,32.3768158,4107628,-0.021064313557357384,32.410430364285716,32.717014821,0.009409059918237381,Low Risk
2017-10-05,26.93003654,31.6948204,31.6948204,31.6948204,31.6948204,0,0.0,32.29192188857143,32.687235641,0.00946488609841168,Low Risk
2017-10-08,26.95036697,31.71875,31.98596382,31.51135826,31.6948204,1206148,0.0007550003343763656,32.193924495714285,32.66317303933333,0.009609531820590114,Low Risk
2017-10-09,26.67588234,31.39569855,32.02185822,31.1085434,31.71875,6086546,-0.01018487330049267,32.028695788571426,32.62847506166667,0.009284686322398728,Low Risk
2017-10-10,26.1404686,30.76555252,31.1085434,30.59006882,31.39569855,2420307,-0.020071094420671787,31.770027705714284,32.578222782999994,0.010366166054181208,Low Risk
2017-10-11,26.13708305,30.76156425,31.08860207,30.58608055,30.76555252,3131461,-0.00012963427188272814,31.486860274285714,32.51773395466667,0.009390217972137163,Low Risk
2017-10-12,26.38445282,31.05270767,31.34783936,30.90514183,30.76156425,2553933,0.009464519347386569,31.29770197,32.451927375,0.011529674574076835,Low Risk
2017-10-15,26.42172813,31.0965786,31.3079567,30.92508316,31.05270767,681412,0.0014127891991326802,31.212238855714283,32.368439483,0.009561202401990753,Low Risk
2017-10-16,25.93036842,30.51827812,31.38772392,30.11147499,31.0965786,7162144,-0.01859691663956886,31.044161387142857,32.26567490833333,0.011145212330181975,Low Risk
2017-10-17,25.59827423,30.12742805,30.51030159,29.88015556,30.51827812,4563306,-0.012807081332149584,30.81682968,32.149881998,0.011088601751142034,Low Risk
2017-10-18,25.54066658,30.05962753,30.39065361,29.89212036,30.12742805,2365890,-0.0022504582829797615,30.625962391428573,32.035950342,0.011146739556717484,Low Risk
2017-10-19,25.82870674,30.39863014,30.64989281,29.91604805,30.05962753,2200585,0.011277671676459544,30.573544908571428,31.953127097333333,0.010911672102621112,Low Risk
2017-10-22,26.11335564,30.73364639,30.96895409,30.31088829,30.39863014,2477359,0.011020767990435498,30.569556642857147,31.87628637866667,0.011938137565723192,Low Risk
2017-10-23,26.29634857,30.94901276,31.14842606,30.53024483,30.73364639,3256934,0.007007511157871349,30.554743084285715,31.815531729999996,0.011643627659692114,Low Risk
2017-10-24,26.33362389,30.99288368,31.31194687,30.7097168,30.94901276,2077823,0.001417522437313412,30.539929524285718,31.753447595666664,0.011643751929187734,Low Risk
2017-10-25,26.15741348,30.78549385,30.96895409,30.6738224,30.99288368,739918,-0.006691530615262731,30.578103199999997,31.689369264666666,0.009147992159842635,Low Risk
2017-10-26,25.86936951,30.44648933,30.71370316,30.21118164,30.78549385,1839384,-0.011011826597675411,30.62368338285714,31.62568982366667,0.008701435669901907,Low Risk
2017-10-29,25.79820442,30.36273575,30.61000824,30.23112297,30.44648933,565098,-0.0027508452318498744,30.666984557142857,31.546190133999996,0.008739721838846196,Low Risk
2017-10-30,26.17435646,30.80543518,31.18830872,30.2510643,30.36273575,3415930,0.014580353814132252,30.725099562857142,31.483441288666665,0.00942026801368675,Low Risk
2017-10-31,26.71315575,31.43956947,31.70279694,31.13646126,30.80543518,3826466,0.02058514305331749,30.825945717142854,31.447546831,0.011435205269916307,Low Risk
2017-11-01,26.66910553,31.38772392,31.5073719,31.26807594,31.43956947,2920468,-0.0016490540702051026,30.88861874,31.40992418833333,0.011436168535384185,Low Risk
2017-11-02,26.47933769,31.16437912,31.54725456,30.95698929,31.38772392,2904100,-0.007115673649011778,30.913118088571427,31.355550638,0.011959929027650185,Low Risk
2017-11-05,26.31668091,30.97294235,31.1085434,30.51429176,31.16437912,366466,-0.00614280712164561,30.939896445714286,31.301974868,0.011903932164340948,Low Risk
2017-11-06,26.10319138,30.72168159,30.9091301,30.59006882,30.97294235,3141378,-0.008112266415011726,30.979209625714287,31.24082139233333,0.01146144324365735,Low Risk
2017-11-07,26.14385414,30.76954079,30.91710663,30.59006882,30.72168159,1763534,0.0015578313921325027,31.037324631428568,31.182326761000002,0.011319821423977876,Low Risk
2017-11-08,25.88631439,30.46643066,31.0846138,30.2749939,30.76954079,3781148,-0.009850979969727391,30.988895414285714,31.117716724666668,0.010517216536222606,Low Risk
2017-11-09,26.39800835,31.06866074,31.25610924,30.7097168,30.46643066,2910210,0.019767004764055907,30.93590845285714,31.06826209933333,0.010231113802205276,Low Risk
2017-11-12,26.20485306,30.84132957,31.28801537,30.62995148,31.06866074,623322,-0.007317057272034799,30.85785211714286,31.010432115000004,0.0104529643000553,Low Risk
2017-11-13,25.82192802,30.39065361,30.70174026,30.30690002,30.84132957,2166327,-0.014612727994657515,30.747319901428572,30.931996026333334,0.011354762848129587,Low Risk
2017-11-14,25.82192802,30.39065361,30.39065361,30.39065361,30.39065361,0,0.0,30.664135795714284,30.86579062,0.011356563094288376,Low Risk
2017-11-15,25.30006981,29.77646065,30.31088829,29.37364388,30.26701736,3184025,-0.02020992927239651,30.529104232857147,30.801845295,0.013110894871848034,Low Risk
2017-11-16,24.89342499,29.29786682,29.72461128,29.03862953,29.77646065,4281294,-0.01607289179279947,30.318865094285716,30.721946842333335,0.013468504588884492,Low Risk
2017-11-19,24.80192947,29.19018364,29.50924492,29.11440659,29.29786682,663249,-0.003675461447810613,30.13654409142857,30.637661297,0.013445190482130727,Low Risk
2017-11-20,24.91714478,29.32578468,29.6049633,29.13833618,29.19018364,1667698,0.004645432919242909,29.887561797142858,30.568664167999998,0.009136342747625604,Low Risk
2017-11-21,24.8392067,29.23405457,29.67276573,29.04660606,29.32578468,3538580,-0.003127967793562947,29.657951082857146,30.517614236333333,0.00933708737295009,Low Risk
2017-11-22,24.8392067,29.23405457,29.39358521,29.12637138,29.23405457,1916357,0.0,29.49272264857143,30.466697247000003,0.009133754672714324,Low Risk
2017-11-23,24.94425201,29.35769081,29.51323318,29.21411324,29.23405457,2362517,0.004229185510479017,29.345156534285714,30.410196685000003,0.009681023020025494,Low Risk
2017-11-26,24.89342499,29.29786682,29.39358521,29.2181015,29.35769081,869975,-0.0020377621110316824,29.276785987142855,30.350239625666667,0.006934184886862354,Low Risk
2017-11-27,24.89342499,29.29786682,29.29786682,29.29786682,29.29786682,0,0.0,29.27678598714286,30.309559249,0.0033394503354609254,Low Risk
2017-11-28,25.22212791,29.68472862,29.95593262,28.79933167,28.88308525,4575233,0.013204435748745746,29.347435270000002,30.294802601333334,0.005581129609807248,Low Risk
2017-11-29,25.53050232,30.04766273,30.30291176,29.77646065,29.68472862,4444284,0.012226290313985588,29.450560705714288,30.294403774666666,0.0067076161785056985,Low Risk
2017-11-30,25.53050232,30.04766273,30.04766273,30.04766273,30.04766273,0,0.0,29.566790442857144,30.282704861,0.006283313765165187,Low Risk
2017-12-03,25.88631439,30.46643066,30.7097168,30.11147499,30.04766273,1341482,0.013936788819913781,29.74284417,30.27379767,0.006992577198198037,Low Risk
2017-12-04,25.54405594,30.0636158,30.51030159,29.83229637,30.46643066,4591975,-0.013221596730360163,29.843690597142857,30.244284438,0.010116055296748654,Low Risk
2017-12-05,25.21534729,29.67675209,29.91206169,29.51323318,30.0636158,5263990,-0.012868169702993648,29.89781706428571,30.200413385,0.011784794423750732,Low Risk
2017-12-06,24.77142906,29.15428925,29.69270515,28.91499138,29.67675209,4137636,-0.0176051219626574,29.87730598285714,30.146039898333335,0.013938788480883087,Low Risk
2017-12-07,24.64265823,29.00273323,29.23405457,28.91499138,29.15428925,2070737,-0.0051984124428621215,29.77987807,30.097914695,0.012564974355583632,Low Risk
2017-12-10,24.82226181,29.21411324,29.31381989,28.99475861,29.00273323,527975,0.007288278946804505,29.660799571428573,30.059627278,0.0116572990489978,Low Risk
2017-12-11,24.82226181,29.21411324,29.21411324,29.21411324,29.21411324,0,0.0,29.541721072857143,30.006583213333336,0.0116572990489978,Low Risk
2017-12-12,24.91036797,29.31780815,29.51323318,28.91898155,28.92695618,3133134,0.003549479977301706,29.37763214285714,29.935857836,0.009453331506913534,Low Risk
2017-12-13,25.06285667,29.49728012,29.67675209,29.31780815,29.31780815,1190795,0.0061216025796253515,29.296727045714288,29.872843042666666,0.009623961053771536,Low Risk
2017-12-14,25.14080048,29.58901024,29.67276573,29.35370255,29.49728012,16919347,0.003109782313041265,29.284192495714287,29.820330746666666,0.008648297193919015,Low Risk
2017-12-17,24.97814178,29.39757347,29.5929985,29.15428925,29.58901024,563885,-0.0064698605477923055,29.318947384285714,29.767818450666667,0.005348879627797801,Low Risk
2017-12-18,24.74093246,29.11839485,29.21411324,29.06255913,29.39757347,2360617,-0.009496655235334273,29.335470472857143,29.714375559333337,0.00635745796090385,Low Risk
2017-12-19,24.56472015,28.91100311,29.11839485,28.71557808,29.11839485,2482707,-0.007122361691582091,29.292169025714283,29.65242430333333,0.006155456402121661,Low Risk
2017-12-20,24.95441818,29.36965561,29.51323318,28.92296982,28.91100311,2719005,0.015864288701949558,29.314389364285717,29.615865134999996,0.009034955318750504,Low Risk
2017-12-21,25.08319092,29.52120972,29.63288116,29.32179642,29.36965561,2116125,0.005160227685761409,29.34344673142857,29.564283434333333,0.009136774862310655,Low Risk
2017-12-24,25.49661064,30.00778008,30.30690002,29.51323318,29.52120972,1003757,0.016482060342884797,29.416375297142856,29.536498451333333,0.010789800287505235,Low Risk
2017-12-25,25.41867065,29.91604805,30.11147499,29.61294174,30.00778008,336624,-0.003056941558337356,29.46309498428571,29.520678266,0.010982124008003717,Low Risk
2017-12-26,25.84565163,30.41857147,30.70174026,29.72860146,29.91604805,2749785,0.016797787567399025,29.60895184142857,29.521608861333334,0.011626716291567104,Low Risk
2017-12-27,25.82192802,30.39065361,30.64191437,29.97188568,30.41857147,1070921,-0.0009177899766770192,29.790703092857143,29.542081960000004,0.010217202688422404,Low Risk
2017-12-28,26.25229263,30.8971653,31.1085434,30.50631332,30.39065361,2794378,0.01666669287538225,30.074440548571427,29.595391909333333,0.008933813008208677,Low Risk
2017-12-31,26.21162987,30.84930611,30.98889542,30.7097168,30.8971653,950754,-0.0015489832007339333,30.285819191428573,29.650695991666666,0.009305964429184736,Low Risk
2018-01-01,26.21162987,30.84930611,30.84930611,30.84930611,30.84930611,0,0.0,30.475547247142856,29.701480039333333,0.009680536438938991,Low Risk
2018-01-02,26.21162987,30.84930611,30.84930611,30.84930611,30.84930611,0,0.0,30.59576525142857,29.755321757333334,0.008765503130178025,Low Risk
2018-01-03,25.53388977,30.051651,30.59006882,29.91206169,30.70174026,1113900,-0.02585650086117941,30.61513710142857,29.78257497166667,0.014305993162967903,Low Risk
2018-01-04,25.63216019,30.16731071,30.46643066,29.95194435,30.051651,3341705,0.0038486973644142886,30.579242707142857,29.809562301666666,0.01262063416213972,Low Risk
2018-01-07,25.63216019,30.16731071,30.16731071,30.16731071,30.16731071,0,0.0,30.54733657857143,29.838543764666667,0.012627794709008959,Low Risk
2018-01-08,26.46239471,31.14443779,31.82643318,30.31088829,30.16731071,6355256,0.03239026141220136,30.582661220000002,29.900096130333335,0.016949691783208373,Low Risk
2018-01-09,27.26551819,32.08966064,32.38479233,31.60707855,31.14443779,5626116,0.030349652042956254,30.759854724285713,29.980260531,0.02006899164074318,Medium Risk
2018-01-10,27.14691162,31.95006943,32.38479233,31.79053879,32.08966064,2345936,-0.004350036965676041,30.917106627142857,30.043674087666666,0.0203446583416617,Medium Risk
2018-01-11,27.08930588,31.88226891,31.97798729,31.64696121,31.95006943,1132487,-0.0021220773916796887,31.064672741428573,30.104827627000002,0.020450547548551596,Medium Risk
2018-01-14,26.76398849,31.49939537,31.71077347,31.35182762,31.88226891,535193,-0.012008980323226393,31.271493365714285,30.139259784,0.017426347445579346,Low Risk
2018-01-15,26.49289131,31.18033218,31.38772392,30.93305969,31.49939537,3305765,-0.010129184584408701,31.416210718571428,30.176483663333336,0.018592417248548928,Low Risk
2018-01-16,26.36751175,31.03276634,31.22420311,30.84930611,31.18033218,1107566,-0.004732657726291167,31.539847237142858,30.221684138333334,0.01888304301853308,Low Risk
2018-01-17,26.42172813,31.0965786,31.20825005,30.98889542,31.03276634,2340525,0.0020562865488968907,31.533010209999997,30.286427116666665,0.014246896397386704,Low Risk
2018-01-18,26.81143188,31.55522919,31.82643318,31.1085434,31.0965786,2019023,0.014749230000498992,31.456662859999998,30.371510315333335,0.008900736899286003,Low Risk
2018-01-21,26.81143188,31.55522919,31.55522919,31.55522919,31.55522919,0,0.0,31.400257111428573,30.44954751366667,0.008890692212015563,Low Risk
2018-01-22,26.45900345,31.14044952,31.5193367,30.84132957,31.53528976,2902535,-0.013144562110531055,31.294282912857142,30.513758723,0.009889428669378836,Low Risk
2018-01-23,26.35056686,31.01282501,31.29998016,30.51827812,31.14044952,3158959,-0.004098351564194136,31.22477286142857,30.570259285000002,0.009155184543892492,Low Risk
2018-01-24,26.59116745,31.2959938,31.7067852,30.91710663,31.01282501,2843098,0.009130699635028217,31.24129595,30.63021640766667,0.009263466462599651,Low Risk
2018-01-25,26.59116745,31.2959938,31.2959938,31.2959938,31.2959938,0,0.0,31.278899872857142,30.68711585966667,0.00898069743878157,Low Risk
2018-01-28,27.13674736,31.93810463,32.10960007,31.7067852,31.2959938,2259899,0.02051734909277747,31.399117877142857,30.771800231666667,0.011591016611274685,Low Risk
2018-01-29,27.4417305,32.29705048,32.58021545,28.91898155,31.93810463,7291169,0.011238796232849735,31.505092347142856,30.87775541933333,0.011108222304714383,Low Risk
2018-01-30,27.26551819,32.08966064,32.50444031,31.64696121,32.29705048,1710381,-0.006421324452783428,31.58143969714286,30.983710670333334,0.011683872147415234,Low Risk
2018-01-31,26.54711151,31.24414444,32.30103683,30.95698929,32.08966064,4052865,-0.026348555364467008,31.59625325714286,31.046193631333335,0.015169108175316979,Low Risk
2018-02-01,26.74704361,31.47945213,31.8942337,31.1085434,31.24414444,1624792,0.007531257271322422,31.66291427428572,31.111468378333335,0.015208881524268351,Low Risk
2018-02-04,26.18452072,30.81739998,31.18830872,30.55816269,31.47945213,1135811,-0.02103124753461194,31.59454372857143,31.138455708333332,0.01708650803087618,Low Risk
2018-02-05,26.13368607,30.75757408,30.9091301,30.6379261,30.81739998,1099254,-0.001941302641975784,31.517626625714286,31.166506576,0.017062984618765414,Low Risk
2018-02-06,25.62538338,30.15933418,30.64989281,29.31381989,30.75757408,1643048,-0.019450165297301703,31.26351656142857,31.157865333000004,0.01465216103939388,Low Risk
2018-02-07,26.07269287,30.68578529,31.02478981,30.33481789,30.15933418,2548718,0.01745566088621131,31.033335819999998,31.167703055666664,0.016130734248009725,Low Risk
2018-02-08,25.82531738,30.39464188,31.01681328,30.23112297,30.68578529,2602453,-0.009487891779483948,30.791190282857144,31.150952274999998,0.016148573160765192,Low Risk
2018-02-11,25.75415611,30.31088829,30.60602188,30.21915817,30.31088829,568649,-0.0027555379770770605,30.657867975714282,31.133005014333335,0.013889968360067702,Low Risk
2018-02-12,25.6016655,30.13141632,30.7097168,29.80437851,30.31088829,1448663,-0.00592103960408219,30.465291431428568,31.10907535466667,0.012884109410543207,Low Risk
2018-02-13,25.01203156,29.43745613,30.31088829,29.03464127,30.13141632,4695945,-0.023031117509712762,30.268156595714284,31.062013688666664,0.013284730054018219,Low Risk
2018-02-14,25.16452217,29.6169281,29.83229637,29.11839485,29.43745613,1304872,0.006096721442485631,30.10520717,31.047522925333332,0.014063685366590946,Low Risk
2018-02-15,25.39495277,29.8881321,30.01176834,29.63288116,29.6169281,2988710,0.009157060417754881,30.066464015714285,31.038216971666667,0.013407325252168362,Low Risk
2018-02-18,25.44239235,29.94396782,30.62995148,29.51323318,29.8881321,2575504,0.0018681568929495018,29.96049009142857,31.03077220866667,0.010838391923390336,Low Risk
2018-02-19,25.73382187,30.28695869,30.4504776,29.5929985,29.94396782,2932084,0.011454422876146397,29.945106778571425,31.002189572000002,0.011743075298758432,Low Risk
2018-02-20,25.73382187,30.28695869,30.28695869,30.28695869,30.28695869,0,0.0,29.941688264285713,30.942099507000002,0.011698906576945793,Low Risk
2018-02-21,26.48611259,31.17235565,31.48743057,30.87722397,30.48238373,4170321,0.029233604108699573,30.090393882857143,30.916175714333335,0.01564159036681136,Low Risk
2018-02-22,26.80126762,31.5432663,31.71077347,31.34783936,31.17235565,3675779,0.01189870454977937,30.391223907142855,30.904875627333336,0.009641168930859877,Low Risk
2018-02-25,26.85209656,31.60309029,31.7067852,31.1085434,31.5432663,1309877,0.0018965692845829274,30.674961362857143,30.908332124666668,0.010043845919016709,Low Risk
2018-02-26,26.54372025,31.24015617,31.5073719,30.9091301,31.60309029,4173192,-0.0114841338827818,30.86810765857143,30.910326257666664,0.012772212718257478,Low Risk
2018-02-27,26.455616,31.13646126,31.40367508,30.71370316,31.24015617,1033196,-0.003319282702548554,31.038463864285717,30.913782755,0.013222196769639769,Low Risk
2018-02-28,26.16079903,30.78948212,31.13646126,30.6618576,31.13646126,9244034,-0.011143820651377423,31.11025292571429,30.903546205666665,0.014289764720327575,Low Risk
2018-03-01,26.09302521,30.7097168,30.94901276,30.67781067,30.78948212,6303642,-0.002590667803021862,31.170646941428572,30.875362459333335,0.01439664714042867,Low Risk
2018-03-04,26.18113327,30.81341171,30.95698929,30.74959946,30.7097168,1516906,0.0033766156384744672,31.119369235714288,30.85063521,0.008285748388378209,Low Risk
2018-03-05,26.57083321,31.2720623,31.74666786,30.78948212,30.81341171,3779122,0.014884771420853538,31.08062580714286,30.85502230266667,0.00913165064705045,Low Risk
2018-03-06,27.42478752,32.27710724,32.64004135,31.9301281,32.22526169,6596741,0.03213874832936736,31.17691394285714,30.897165043666668,0.015659804046753607,Low Risk
2018-03-07,28.40073586,33.42573166,33.74080658,32.50045013,32.27710724,7973620,0.03558634952814299,31.489139012857144,30.968156305666664,0.018236146808907432,Low Risk
2018-03-08,28.86498833,33.97212601,34.23933792,33.69693375,33.42573166,3987769,0.016346518770563145,31.894233977142854,31.057360712666664,0.01736358772925335,Low Risk
2018-03-11,28.46512222,33.50151062,33.85247803,33.11863327,33.97212601,2021056,-0.013852986117544375,32.281666619999996,31.109474245666664,0.01800100222651935,Low Risk
2018-03-12,29.4376812,34.64614487,35.09682083,33.50151062,33.50151062,4559984,0.034166645886011704,32.84401348714285,31.187777392,0.018302243341055374,Low Risk
2018-03-13,29.76299667,35.0290184,35.45576477,34.32707977,34.64614487,3704724,0.011050970647286329,33.44624301428571,31.285755983999998,0.017527204577024513,Low Risk
2018-03-14,29.53934097,34.76579285,35.09682083,34.4188118,35.0290184,5204979,-0.00751449974972751,33.94534737857143,31.40314426433333,0.02016796441925602,Medium Risk
2018-03-15,30.10864067,35.43582153,36.49271393,34.53845978,34.76579285,25679002,0.019272642015986774,34.39659227714286,31.53502324433333,0.01893890106539959,Low Risk
2018-03-18,30.76943398,36.21353531,36.73200989,35.89447403,35.43582153,2919410,0.021947107373864183,34.79484994142857,31.714894421999997,0.016888005407829178,Low Risk
2018-03-19,30.40684509,35.78678894,36.45283127,35.50362396,36.21353531,2616128,-0.01178416761431611,35.05408750285714,31.882534917333334,0.018815815839775884,Low Risk
2018-03-20,30.48869896,35.51957703,35.91441345,35.09283066,35.78678894,4084292,-0.007466775251839586,35.34238270428571,32.061209678999994,0.017724766206614437,Low Risk
2018-03-21,29.9786129,34.92532349,35.89447403,34.54643631,35.51957703,2736401,-0.016730310146939376,35.382265364285715,32.202527619,0.015786199249612432,Low Risk
2018-03-22,29.90329742,34.83758163,35.49564743,34.57834244,34.92532349,1489054,-0.002512270502666003,35.354917254285716,32.35062561066667,0.01520491538882234,Low Risk
2018-03-25,29.85536957,34.78174591,35.09682083,34.62221527,34.83758163,748674,-0.0016027438584290676,35.357196262857144,32.499654197999995,0.014923878204464091,Low Risk
2018-03-26,30.0470829,35.00508881,35.29224396,34.8176384,34.78174591,1870069,0.006421267655106089,35.29566301714286,32.662109947666664,0.012823559324005276,Low Risk
2018-03-27,30.16347504,35.14068985,35.33611679,34.89740372,35.00508881,2751124,0.0038737522060297014,35.14239938,32.85221773833333,0.00829425567280666,Low Risk
2018-03-28,30.3723011,35.38397217,35.89447403,35.09283066,35.14068985,1715390,0.006923094595992829,35.084854127142854,33.04445254066666,0.008476652404389476,Low Risk
2018-03-29,30.4715786,35.49963379,35.69506073,35.34010315,35.38397217,1515790,0.0032687573753535926,35.08200509285714,33.231502597,0.00820180733242083,Low Risk
2018-04-01,30.26959991,35.26432419,35.83464813,34.99711227,35.49963379,450182,-0.00662850781481239,35.13043376428571,33.40884780933333,0.0050680077827683955,Low Risk
2018-04-02,30.08816528,35.052948,35.44778824,34.69799042,35.26432419,2636124,-0.00599405191663771,35.16120038857143,33.56771411966666,0.005652229298923152,Low Risk
2018-04-03,29.96834183,34.91335678,35.17658234,34.70198059,35.052948,941610,-0.0039822961538070745,35.18000194142857,33.72192738933333,0.00589384199722766,Low Risk
2018-04-04,29.9409523,34.88145065,35.29623032,34.52250671,34.91335678,2446468,-0.0009138660083890526,35.162339347142854,33.84556388933333,0.005298995910816018,Low Risk
2018-04-05,30.07104492,35.03300476,35.4876709,34.89740372,34.88145065,14685722,0.004344833921062774,35.14695576285714,33.96188850466667,0.005366265626743996,Low Risk
2018-04-08,30.07104492,35.03300476,35.03300476,35.03300476,35.03300476,0,0.0,35.09681756142857,34.076218987,0.004322538219538417,Low Risk
2018-04-09,30.07104492,35.03300476,35.03300476,35.03300476,35.03300476,0,0.0,35.03015627142857,34.20264727333333,0.0038868183955366752,Low Risk
2018-04-10,30.68040085,35.74291992,35.93435669,35.09682083,35.03300476,2989121,0.020264181301701267,35.09852709,34.356195895333336,0.00871063159839315,Low Risk
2018-04-11,30.45788574,35.48368073,36.01412201,35.09682083,35.74291992,1195040,-0.007252882265361249,35.16006033714286,34.51266918233333,0.008912856486483125,Low Risk
2018-04-12,29.74239731,34.65013123,35.39195251,34.29916382,35.48368073,2687405,-0.02349106639591847,35.12245668714285,34.64401633,0.01308743888360092,Low Risk
2018-04-15,29.76978493,34.68203735,35.05693436,34.33904648,34.65013123,1855446,0.0009208080566338595,35.09396907285714,34.772970517999994,0.013107969222012341,Low Risk
2018-04-16,29.76293564,34.67406082,34.79769897,34.55042648,34.68203735,1604666,-0.0002299902372949747,35.04269136714286,34.88637046866666,0.012924674413887038,Low Risk
2018-04-17,30.08131599,35.04497147,35.21247864,34.69799042,34.67406082,1167529,0.010697064065425366,35.04440089714286,34.97863260966667,0.01372516968761322,Low Risk
2018-04-18,30.25590324,35.24837112,35.53553009,34.77775574,35.04497147,1816793,0.005803961066828567,35.07516752,35.039387258333335,0.013890341236297798,Low Risk
2018-04-19,30.59140205,35.63922501,35.89048386,34.79769897,35.24837112,1218261,0.011088566012578793,35.060353961428575,35.094957225,0.012079857342441285,Low Risk
2018-04-22,30.70095062,35.76684952,35.93435669,35.39593887,35.63922501,484886,0.003581012492953839,35.100806645714286,35.17046852166666,0.011737511775542366,Low Risk
2018-04-23,31.01247597,36.12978363,36.49271393,35.49165726,35.76684952,1453618,0.01014722053719197,35.31218556,35.219923147,0.004754931534574135,Low Risk
2018-04-24,31.6286869,36.84767151,37.29037094,35.90643692,36.12978363,3256124,0.01986969773613345,35.621561868571426,35.28054491733334,0.006466393052721215,Low Risk
2018-04-25,31.6286869,36.84767151,36.84767151,36.84767151,36.84767151,0,0.0,35.93207768142857,35.34994087266667,0.006413779073757359,Low Risk
2018-04-26,32.51876831,37.88462448,38.48685074,36.69212723,36.84767151,3065836,0.028141614585295738,36.337742397142854,35.43156763766667,0.009797118952184729,Low Risk
2018-04-29,32.11138153,37.41001892,37.9883194,37.11488724,37.88462448,385339,-0.012527656444121682,36.64654922571429,35.471450424666656,0.013310361256503119,Low Risk
2018-04-30,32.12849808,37.42995834,37.58948898,37.21858215,37.41001892,701915,0.0005329967900480348,36.90236827285714,35.526222737999994,0.013578559640939857,Low Risk
2018-05-01,32.12849808,37.42995834,37.42995834,37.42995834,37.42995834,0,0.0,37.13995524714285,35.589902115,0.013799181093056492,Low Risk
2018-05-02,32.40237045,37.74901962,38.08802414,37.17470932,37.42995834,3270775,0.008524222151191418,37.371274674285715,35.68402531933334,0.013743066097081794,Low Risk
2018-05-03,31.86490059,37.12286377,37.88063431,36.89154053,37.74901962,2900401,-0.01658734071250556,37.410587854285716,35.76020139066667,0.014649479404943258,Low Risk
2018-05-06,31.06725121,36.19359589,37.84075165,35.85459137,37.12286377,884149,-0.025032225039464007,37.31714848,35.80726305666666,0.017713252324347225,Low Risk
2018-05-07,30.73176003,35.802742,36.45283127,35.4158783,36.19359589,1182007,-0.010798979222398475,37.019736697142854,35.83385149633333,0.01156166985555626,Low Risk
2018-05-08,31.36166,36.53658676,37.05107117,35.69904709,35.802742,1610851,0.020496887082000592,36.89496067428571,35.88038139333333,0.015474472093417183,Low Risk
2018-05-09,30.91320038,36.01412201,36.89154053,35.10479355,36.53658676,1085105,-0.014299768980390537,36.692698341428574,35.901386388,0.01587779859986317,Low Risk
2018-05-10,30.05050468,35.00907516,35.79476547,34.49857712,36.01412201,2915839,-0.027907020743721866,36.34685788714286,35.88503443366666,0.017699317988152673,Low Risk
2018-05-13,30.20797539,35.1925354,35.69506073,34.73787308,35.00907516,870090,0.005240362367801454,35.981645855714284,35.882641473999996,0.01718187400059223,Low Risk
2018-05-14,30.11211777,35.08086395,35.34010315,34.76579285,35.1925354,512156,-0.0031731572826660948,35.689931595714285,35.883572005666664,0.017051618585406162,Low Risk
2018-05-15,29.85536957,34.78174591,35.09682083,34.52250671,35.08086395,1929488,-0.00852653003148185,35.488238741428574,35.879184976666664,0.015347779315606382,Low Risk
2018-05-16,30.20797539,35.1925354,35.69506073,34.69799042,34.78174591,1103444,0.011810490797757645,35.40106637,35.88955446833333,0.01640577926176108,Low Risk
2018-05-17,29.81086349,34.72989655,35.09682083,34.65810776,35.1925354,1834785,-0.013145936907972722,35.14296776857143,35.87945086133334,0.013220283876565687,Low Risk
2018-05-20,29.17069244,33.9840889,35.09682083,33.50151062,34.72989655,1471490,-0.021474514009169887,34.85296303857143,35.844486999333334,0.014115437083446588,Low Risk
2018-05-21,28.9926796,33.77669907,34.10373688,33.50151062,33.9840889,2633780,-0.006102556717358487,34.676909311428574,35.802610143,0.01112199899294144,Low Risk
2018-05-22,28.88997269,33.65705109,34.0199852,33.49752045,33.77669907,1240491,-0.003542323059812169,34.45755441,35.733081182,0.010226603599347933,Low Risk
2018-05-23,28.91051483,33.68098068,33.92027664,33.50151062,33.65705109,1145109,0.0007109829656795075,34.25757108571428,35.672991180333334,0.01052601978324552,Low Risk
2018-05-24,29.16384315,33.97611237,34.2193985,33.760746,33.68098068,1223681,0.008762562254467143,34.14248058,35.650523885,0.011726656168278737,Low Risk
2018-05-27,28.97898293,33.760746,34.05986786,33.54138947,33.97611237,1009870,-0.006338758468145689,33.93793923714286,35.61981417333333,0.009657061255134589,Low Risk
2018-05-28,29.25285339,34.07980728,34.50655365,33.52145004,33.760746,1078433,0.009450658465899986,33.84506934142858,35.600005722,0.010556627754294855,Low Risk
2018-05-29,29.96834183,34.91335678,35.29623032,34.37095261,34.07980728,2290556,0.02445875040171308,33.977821895714285,35.59561856566666,0.011162111867812852,Low Risk
2018-05-30,29.7150116,34.6182251,34.89740372,34.29517365,34.91335678,3679174,-0.00845325993314594,34.0980399,35.57461369833333,0.011542570776887135,Low Risk
2018-05-31,28.83862305,33.59722519,34.49857712,31.9061985,34.6182251,12953254,-0.029493132794956467,34.089493342857146,35.50654703766667,0.017059696535123067,Low Risk
2018-06-03,29.59176636,34.47464752,34.85752106,34.29517365,33.59722519,1279119,0.026115916568644204,34.20287432,35.46347363766667,0.019757202062711258,Low Risk
2018-06-04,29.59176636,34.47464752,34.85752106,34.29517365,33.59722519,1279119,0.0,34.274093627142854,35.408302434,0.019645506532352558,Low Risk
2018-06-05,28.61610222,33.33798981,34.33904648,31.9061985,34.22338486,2478429,-0.032970829051713335,34.213699885714284,35.291313044,0.023738214406892645,Medium Risk
2018-06-06,28.96186829,33.74080658,34.29118729,33.20238876,33.33798981,1836021,0.012082815199588426,34.16527121428571,35.187750879666666,0.02396141989743673,Medium Risk
2018-06-07,29.30420303,34.13963318,34.29916382,33.50549698,33.74080658,1479464,0.011820304267308401,34.05473927142857,35.062917836333334,0.02211237426160564,Medium Risk
2018-06-10,29.27681923,34.10772705,34.29916382,33.90033722,34.13963318,180998,-0.0009345774112970995,33.98181097857143,34.95284144066667,0.021984752233021997,Medium Risk
2018-06-11,28.78727341,33.53740311,34.25928116,33.50151062,34.10772705,10499622,-0.01672125319766804,33.97326496714286,34.823089599666666,0.01972837078234308,Low Risk
2018-06-12,29.05087662,33.8445015,34.25928116,33.34596634,33.53740311,1143572,0.00915689235069106,33.88324410714286,34.70357437166667,0.016797956878041344,Low Risk
2018-06-13,29.40006065,34.25130463,34.31112671,33.7009201,33.8445015,1268661,0.012019770183348655,33.85133798,34.586983872,0.01768799721704575,Low Risk
2018-06-14,29.75266647,34.66209793,35.03699493,34.29916382,34.25130463,3428176,0.011993508114146234,34.04049628285714,34.504958344,0.010926979204672373,Low Risk
2018-06-17,29.75266647,34.66209793,34.66209793,34.66209793,34.66209793,0,0.0,34.17210933285715,34.453908412000004,0.01068972036603892,Low Risk
2018-06-18,29.75266647,34.66209793,34.66209793,34.66209793,34.66209793,0,0.0,34.246747154285714,34.415886943000004,0.010150998056586032,Low Risk
2018-06-19,28.91736031,33.68895721,34.29916382,33.49752045,34.66209793,2875493,-0.028075066949647898,34.18692289142857,34.320965957999995,0.015387591649632408,Low Risk
2018-06-20,28.86943436,33.63312149,33.90033722,33.50151062,33.68895721,1676524,-0.0016573893828754072,34.20059694571428,34.241599274,0.013913038518655435,Low Risk
2018-06-21,29.3487072,34.19147873,34.30315018,33.92027664,33.63312149,1580154,0.01660141001678994,34.25016512142857,34.21434605966667,0.014932987437917447,Low Risk
2018-06-24,29.43771362,34.29517365,34.4188118,33.7966423,34.19147873,1234674,0.003032770849686006,34.256432124285716,34.18443400133333,0.014254192042510046,Low Risk
2018-06-25,29.59176636,34.47464752,34.68203735,34.29916382,34.29517365,3044436,0.0052332107086443536,34.22965349428572,34.164226787,0.013538624171074511,Low Risk
2018-06-26,29.35555267,34.19945526,34.49857712,33.9601593,34.47464752,1287020,-0.007982453187965088,34.16356168428571,34.144817098666664,0.013803906897564904,Low Risk
2018-06-27,29.10222626,33.90432358,34.29916382,33.66502762,34.19945526,3240090,-0.008629718741315351,34.05530820571429,34.101876704666665,0.013996684009741361,Low Risk
2018-06-28,29.19465637,34.01200867,34.29916382,33.70491028,33.90432358,1754259,0.0031761462441775024,34.101458414285716,34.07794710866667,0.008656117546860893,Low Risk
2018-07-01,29.19465637,34.01200867,34.01200867,34.01200867,34.01200867,0,0.0,34.15558515428571,34.07887776766667,0.008581011005839887,Low Risk
2018-07-02,29.25969887,34.08778381,34.21540833,33.90033722,34.01200867,1787068,0.002227893704697115,34.14077159428572,34.089247259000004,0.005606404167091561,Low Risk
2018-07-03,29.444561,34.30315018,34.49060059,33.80062866,34.08778381,326918,0.0063179927213932174,34.141911098571434,34.110783895333334,0.006062586523395339,Low Risk
2018-07-04,29.40006065,34.25130463,34.30714035,34.00004196,34.30315018,283460,-0.001511393260617555,34.11000497142857,34.12979469366667,0.0056212414133555025,Low Risk
2018-07-05,29.03375816,33.82455826,34.09975052,33.7009201,34.25130463,1872431,-0.01245927343819242,34.05644825714286,34.12474289,0.006708859673036725,Low Risk
2018-07-08,28.83862305,33.59722519,34.07980728,33.30209351,33.82455826,766925,-0.00672094719619265,34.01257705857143,34.11929219633333,0.006405258799243247,Low Risk
2018-07-09,28.97898293,33.760746,34.23933792,33.11065674,33.59722519,2541725,0.004867092715997945,33.976682391428575,34.10865682033333,0.006629350254118299,Low Risk
2018-07-10,28.91393661,33.68497086,33.90033722,33.42174149,33.760746,1241120,-0.0022444746925911474,33.929962704285714,34.067710623,0.006624953797017188,Low Risk
2018-07-11,28.95501518,33.73282623,33.86045456,33.60520554,33.68497086,311736,0.0014206742288391805,33.87925447857143,34.038197327333336,0.006558778360321766,Low Risk
2018-07-12,28.5887146,33.30608368,33.60520554,32.90725708,33.73282623,787892,-0.012650661023489329,33.736816407142854,34.02849261033334,0.006718628592391127,Low Risk
2018-07-15,28.70853996,33.4456749,33.58127213,33.10268021,33.30608368,273471,0.004191162832027029,33.62172644571429,33.994193523,0.0074073459984838625,Low Risk
2018-07-16,28.52024841,33.22631836,33.30608368,32.3528862,33.4456749,9130085,-0.006558592124567997,33.53626360285715,33.952582551,0.006478190403947798,Low Risk
2018-07-17,27.64043999,32.20133209,33.47757721,31.82643318,33.22631836,3396170,-0.030848626046813044,33.336850302857144,33.91469396033333,0.012603683058192495,Low Risk
2018-07-18,27.83899498,32.43265152,32.50444031,31.94608116,32.20133209,1025144,0.007183536052281392,33.147122519999996,33.871088791666665,0.012961130704559645,Low Risk
2018-07-19,27.51719666,32.05775452,32.30502701,31.82643318,32.43265152,1127946,-0.01155924608164749,32.91466304285715,33.80169283633334,0.013031925772996849,Low Risk
2018-07-22,27.45215225,31.98197556,32.30103683,31.91018677,32.05775452,59296,-0.0023638261985170494,32.66454151857143,33.73083445333334,0.012699865896095654,Low Risk
2018-07-23,27.45215225,31.98197556,31.98197556,31.98197556,31.98197556,0,0.0,32.47538321571429,33.67898686833333,0.012747297456382648,Low Risk
2018-07-24,28.22926331,32.88731384,33.45763779,31.91018677,31.98197556,1264000,0.02830776598842477,32.39561735,33.647080613,0.01803214920750219,Low Risk
2018-07-25,27.86637878,32.46455765,32.74772644,31.92613983,32.88731384,294463,-0.012854688955648452,32.28679439142858,33.58752238033333,0.018434672204061264,Low Risk
2018-07-26,27.73629379,32.31300354,32.70385361,31.95006943,32.46455765,4463032,-0.004668294317572652,32.30274745571428,33.50921923400001,0.014004968955720676,Low Risk
2018-07-29,27.94169617,32.5522995,32.66397095,32.3289566,32.31300354,24220,0.007405562274759747,32.31984002428572,33.43889261966667,0.014022662837629601,Low Risk
2018-07-30,28.14710045,32.79159546,32.9630928,32.50444031,32.5522995,1053325,0.007351123075038268,32.42467444428571,33.376542537333336,0.01307727899262133,Low Risk
2018-07-31,28.74961472,33.49353027,33.90033722,32.80355835,32.79159546,5016226,0.021405936495412003,32.64061083142857,33.370028306,0.014379357620188517,Low Risk
2018-08-01,28.75988388,33.50549698,33.90033722,33.30608368,33.49353027,5266179,0.00035728422484959665,32.85825674857143,33.36577415566667,0.014352192176939145,Low Risk
2018-08-02,29.40348053,34.2552948,34.51054382,33.50151062,33.50549698,1720876,0.022378352437141036,33.0536826,33.367901358000005,0.012977485201137055,Low Risk
2018-08-05,29.05087662,33.8445015,34.05986786,33.3260231,34.2552948,902202,-0.011992111070665779,33.25081743571428,33.352878953,0.012772073509924327,Low Risk
2018-08-06,28.89682198,33.66502762,33.90033722,33.54138947,33.8445015,1046775,-0.005302896247415645,33.44396373285714,33.325891623,0.01286263143967637,Low Risk
2018-08-07,28.93447685,33.70890045,33.90033722,33.54138947,33.66502762,1244583,0.0013032168128666033,33.60919244,33.309539795999996,0.012953483103440936,Low Risk
2018-08-08,29.25628281,34.08379745,34.30714035,33.54138947,33.70890045,893772,0.011121602751655413,33.793792724285716,33.31552225833333,0.013141106250537571,Low Risk
2018-08-09,29.28708458,34.11968994,34.27523422,33.90033722,34.08379745,1192926,0.0010530660514767032,33.88324410571428,33.319111634,0.01116704292804288,Low Risk
2018-08-12,29.14673042,33.95617294,34.28719711,33.58127213,34.11968994,612284,-0.004792452694838301,33.94762638571429,33.317250443,0.011511619617395677,Low Risk
2018-08-13,29.1535759,33.96414948,34.09975052,33.90033722,33.95617294,974656,0.0002349069199905074,33.90603419714286,33.31312929866667,0.0072045390431978535,Low Risk
2018-08-14,29.02691078,33.81658173,33.90033722,33.7009201,33.96414948,1367724,-0.00434480922558933,33.90204565857143,33.296910350333334,0.0057219263909070025,Low Risk
2018-08-15,29.07826233,33.87640762,34.03992462,33.70890045,33.81658173,754275,0.0017691288397410077,33.93224280142857,33.284413783333335,0.0052563717864451045,Low Risk
2018-08-16,28.90366936,33.67300415,33.90033722,33.58127213,33.87640762,1833569,-0.006004280981668164,33.92711475857143,33.27936197966667,0.005855879059020557,Low Risk
2018-08-19,28.74276543,33.48555374,33.65705109,33.385849,33.67300415,315439,-0.005566786057014106,33.841651371428576,33.275639598000005,0.0033830462244213693,Low Risk
2018-08-20,28.74276543,33.48555374,33.48555374,33.48555374,33.48555374,0,0.0,33.75106048571429,33.26646652266667,0.0032169294467784422,Low Risk
2018-08-21,28.74276543,33.48555374,33.48555374,33.48555374,33.48555374,0,0.0,33.68382917142857,33.259819285333336,0.0032003747205891653,Low Risk
2018-08-22,28.74276543,33.48555374,33.48555374,33.48555374,33.48555374,0,0.0,33.61545835142857,33.251576869,0.003174313969733508,Low Risk
2018-08-23,28.74276543,33.48555374,33.48555374,33.48555374,33.48555374,0,0.0,33.56816863857143,33.25755920433333,0.003067161730038506,Low Risk
2018-08-26,28.74276543,33.48555374,33.48555374,33.48555374,33.48555374,0,0.0,33.51233237,33.258888499,0.00282587486396817,Low Risk
2018-08-27,28.74276543,33.48555374,33.48555374,33.48555374,33.48555374,0,0.0,33.48555374,33.26752967833333,0.0021040473583936363,Low Risk
2018-08-28,28.74276543,33.48555374,33.48555374,33.48555374,33.48555374,0,0.0,33.48555374,33.31033706666667,0.0,Low Risk
2018-08-29,28.74276543,33.48555374,33.48555374,33.48555374,33.48555374,0,0.0,33.48555374,33.34543380733333,0.0,Low Risk
2018-08-30,28.74276543,33.48555374,33.48555374,33.48555374,33.48555374,0,0.0,33.48555374,33.393027114666666,0.0,Low Risk
2018-09-02,29.74582291,34.6541214,35.09682083,34.2193985,34.96520615,841012,0.03489766569408981,33.65249197714286,33.48209864266667,0.013190077823318703,Low Risk
2018-09-03,29.62258148,34.51054382,34.69799042,34.31112671,34.6541214,1270958,-0.0041431602995423145,33.79891913142857,33.56638425133333,0.013539404867596909,Low Risk
2018-09-04,29.6157341,34.50256729,34.69799042,34.35100937,34.51054382,2303539,-0.00023113312967781852,33.94420678142857,33.620226033,0.0135521810232001,Low Risk
2018-09-05,29.32131958,34.1595726,34.57834244,33.74080658,34.50256729,4416949,-0.009941135310803872,34.04049519,33.67672653133334,0.014568082051473133,Low Risk
2018-09-06,29.40690804,34.25928116,34.37494278,34.09975052,34.1595726,806925,0.0029189053729554715,34.15102767857143,33.741602452,0.014511558170945875,Low Risk
2018-09-09,29.32474709,34.16356277,34.29517365,34.09576035,34.25928116,420866,-0.0027939404085267627,34.24788611142857,33.795311227666666,0.014656984084853891,Low Risk
2018-09-10,29.444561,34.30315018,34.37892914,34.09975052,34.16356277,1339732,0.004085856353441608,34.36468560285714,33.845696385000004,0.014600793921073938,Low Risk
2018-09-11,29.444561,34.30315018,34.30315018,34.30315018,34.30315018,0,0.0,34.31454685714285,33.87268371533334,0.004734264267079048,Low Risk
2018-09-12,29.16384315,33.97611237,34.40285873,33.69693375,34.30315018,4371900,-0.009533754430246955,34.23819950714286,33.888370895,0.00560494156163991,Low Risk
2018-09-13,28.96528625,33.74479294,33.98010254,33.54138947,33.97611237,1888528,-0.006808296001641678,34.12994602857143,33.87135416633333,0.005766185996026916,Low Risk
2018-09-16,28.36619377,33.04684448,33.50151062,32.70784378,33.74479294,870604,-0.020683145433459726,33.97098486857143,33.844765599,0.008604572801645253,Low Risk
2018-09-17,28.19844818,32.85142136,33.10268021,32.70385361,33.04684448,1357998,-0.00591351831241449,33.76986204000001,33.81764539033334,0.007923893156640289,Low Risk
2018-09-18,28.20872307,32.86338425,33.10667038,32.32496643,32.85142136,2227281,0.0003641513671175378,33.584122251428575,33.789461517,0.008217954033135988,Low Risk
2018-09-19,27.56170082,32.10960007,32.90326691,31.60707855,32.86338425,3229010,-0.02293690066323595,33.270757950000004,33.723654937666666,0.00924783022702314,Low Risk
2018-09-20,27.72602081,32.30103683,32.70385361,31.7067852,32.10960007,2684468,0.005961978959023506,32.98474175714286,33.66303316733333,0.010449842077171567,Low Risk
2018-09-23,27.79791451,32.38479233,32.88332748,31.98596382,32.30103683,738848,0.002592966301385502,32.75741032285715,33.610653813666666,0.011227523539076207,Low Risk
2018-09-24,27.49323273,32.02983475,32.49646378,31.7067852,32.38479233,1671090,-0.01096062548071941,32.51241629571429,33.54617665600001,0.01133873592272687,Low Risk
2018-09-25,27.77737236,32.36086273,32.7636795,31.9061985,32.02983475,1553448,0.010334988693627256,32.41441890285714,33.497652689333336,0.01132879731115392,Low Risk
2018-09-26,28.29430771,32.9630928,33.10268021,32.50444031,32.36086273,1271316,0.018609827402459977,32.430371965714286,33.467208862,0.013781196146800737,Low Risk
2018-09-27,28.49286461,33.19441223,33.50549698,32.89928055,32.9630928,2723275,0.007017528100397241,32.477661677142855,33.451255798,0.01399272084111126,Low Risk
2018-09-30,28.44493484,33.13857651,33.50151062,32.84743118,33.19441223,711716,-0.0016820819002041354,32.62465831142857,33.439689890333334,0.009331625996803603,Low Risk
2018-10-01,28.47232246,33.17048264,33.50151062,32.92321014,33.13857651,4149718,0.0009628093104836477,32.74886485571429,33.429187520333336,0.009396937301531209,Low Risk
2018-10-02,28.2224102,32.87933731,33.17048264,32.64801788,33.17048264,2856495,-0.008777241294913085,32.81951413857143,33.408980306000004,0.010559123720301176,Low Risk
2018-10-03,28.02043152,32.64402771,32.90326691,32.32496643,32.87933731,1028943,-0.007156762248016091,32.907255989999996,33.38092943833333,0.009841545500350976,Low Risk
2018-10-04,27.88692093,32.48848724,32.70385361,32.26514435,32.64402771,1174069,-0.004764745067054266,32.92548806285714,33.34769388833333,0.00955474202027019,Low Risk
2018-10-08,27.39737892,31.9181633,32.31300354,31.71077347,32.48848724,3127555,-0.017554647459787298,32.77621242,33.295447540333335,0.007812958223735672,Low Risk
2018-10-09,27.45557594,31.98596382,32.20531845,31.72273827,31.9181633,3577085,0.0021241986690381243,32.603576932857145,33.245461209666665,0.006750598180865359,Low Risk
2018-10-10,27.67124557,32.23722458,32.40473175,31.9061985,31.98596382,1050654,0.007855344344599668,32.47481237142857,33.203850237666664,0.008363782552387835,Low Risk
2018-10-11,27.20908928,31.69880867,32.10561371,31.35182762,32.23722458,4750429,-0.01670168313230158,32.26457323285714,33.144292068666665,0.009267517311936898,Low Risk
2018-10-14,27.40764809,31.9301281,32.50444031,31.71077347,31.69880867,948420,0.007297417149273677,32.12897191714286,33.09244454733333,0.010497475077931188,Low Risk
2018-10-15,27.84241676,32.43663788,32.70385361,31.9061985,31.9301281,2176953,0.015863067583496315,32.09934479857143,33.018528429999996,0.012753963872458196,Low Risk
2018-10-16,28.20529938,32.85939789,33.10268021,32.31300354,32.43663788,5163310,0.013033410292521808,32.15233203428572,32.963490232333335,0.01358799291397109,Low Risk
2018-10-17,28.39700508,33.08274078,33.24227142,32.7158165,32.85939789,1517385,0.00679692582157676,32.31870024571429,32.916162682,0.010631755309658182,Low Risk
2018-10-18,27.89377022,32.49646378,33.09869385,32.30502701,33.08274078,1869419,-0.017721536552812833,32.391628811428575,32.86072572133333,0.013766700514039254,Low Risk
2018-10-21,27.55142975,32.09763718,32.69986343,31.9061985,32.49646378,1118706,-0.012272923069415853,32.37168775428571,32.788670922,0.01450643287332725,Low Risk
2018-10-23,28.3251152,32.99898529,33.22232819,32.32496643,32.7277832,2526528,0.028081447395811088,32.55742727142857,32.749851672666665,0.01598513469108912,Low Risk
2018-10-24,27.71232605,32.28508377,32.70784378,31.75065613,32.99898529,1852038,-0.021634044614588177,32.60813522428571,32.682582792333335,0.019008356589819683,Low Risk
2018-10-25,27.38710785,31.9061985,32.10561371,31.78655052,32.28508377,1265667,-0.01173561365673359,32.532358169999995,32.602684403,0.018443422596822093,Low Risk
2018-10-28,26.95233917,31.39968872,31.9061985,31.08860207,31.9061985,966325,-0.01587496485988449,32.32382828857143,32.516803614666664,0.01768280596341868,Low Risk
2018-10-29,27.00026512,31.45552444,31.7067852,31.00883675,31.39968872,1108261,0.0017782252715274893,32.09136881142857,32.440494664666666,0.017155397543389662,Low Risk
2018-10-30,27.10639,31.57916069,31.90221024,31.42760658,31.45552444,1255708,0.003930509892970502,31.960325512857143,32.39157187166667,0.0168609253277993,Low Risk
2018-10-31,27.48638535,32.02185822,32.49646378,31.57118416,31.57916069,7454235,0.014018660418045448,31.949499947142858,32.363919767,0.01761239170553056,Low Risk
2018-11-01,27.39395523,31.91417503,32.10561371,31.82643318,32.02185822,1973705,-0.003362802659988784,31.79452705285714,32.332279459666665,0.01244836640847906,Low Risk
2018-11-04,27.25017166,31.74666786,32.10561371,31.5073719,31.91417503,432242,-0.005248676171091371,31.71761049428571,32.320181719333334,0.010040437559220461,Low Risk
2018-11-05,27.55485153,32.10162354,32.26514435,31.5073719,31.74666786,1656244,0.011180879882113137,31.745528357142856,32.31353460966667,0.01020723634611573,Low Risk
2018-11-06,27.54458427,32.08966064,32.30502701,31.9061985,32.10162354,3550093,-0.000372657164367185,31.844095774285712,32.303696886666664,0.007193457478767205,Low Risk
2018-11-07,27.58223915,32.13352966,32.50444031,31.87429237,32.08966064,1067574,0.001367076470273343,31.94095366285714,32.307153383666666,0.007208017519619063,Low Risk
2018-11-08,28.05809212,32.68790054,32.88332748,32.30901337,32.13352966,1517924,0.01725210040309033,32.09934507,32.318054644,0.009006340146934992,Low Risk
2018-11-11,27.53773689,32.08168411,32.50842667,31.94608116,32.68790054,796188,-0.018545590875687523,32.10789162571429,32.28867435433333,0.01159536154647711,Low Risk
2018-11-12,27.73629379,32.31300354,32.40473175,31.92613983,32.08168411,7642276,0.007210326902006292,32.164867127142855,32.25929406466667,0.011722956465118069,Low Risk
2018-11-13,27.45899773,31.98995209,32.30502701,31.86631584,32.31300354,2138864,-0.009997567994572076,32.19962201714286,32.221006584,0.012323241227971607,Low Risk
2018-11-14,27.56170082,32.10960007,32.18537903,31.9061985,31.98995209,3392519,0.003740173779047451,32.20076152142857,32.18564383166667,0.011615002396393253,Low Risk
2018-11-15,27.85953522,32.45658112,32.54432297,32.04977417,32.10960007,2435235,0.010806146736289879,32.253178732857144,32.17155195866666,0.012289175346687563,Low Risk
2018-11-18,28.41754723,33.10667038,33.30209351,32.70385361,32.45658112,1052063,0.02002950519022484,32.39219883571429,32.186973381,0.01409850325931016,Low Risk
2018-11-19,28.27376556,32.93916321,33.14256287,32.64402771,33.10667038,3806843,-0.0050596199520321905,32.428093502857145,32.201995913333334,0.013189989002056715,Low Risk
2018-11-20,28.27376556,32.93916321,32.93916321,32.93916321,32.93916321,0,0.0,32.55059051714285,32.236029243666664,0.01006164509280241,Low Risk
2018-11-21,27.60620499,32.16144943,32.69986343,31.8942337,32.93916321,3654474,-0.023610611327366526,32.52893993,32.241878764,0.014215970110422058,Low Risk
2018-11-22,27.2056675,31.6948204,32.25716782,31.5073719,32.16144943,1466100,-0.014508955232742982,32.48677826,32.22379862466667,0.01480393705924467,Low Risk
2018-11-25,25.44262314,29.6408577,31.01282501,28.91898155,31.6948204,5648474,-0.0648043646904527,32.13410077857143,32.155200259,0.027871350770646435,Medium Risk
2018-11-26,25.00443077,29.13035965,29.5929985,28.81528664,29.6408577,5963490,-0.01722278265922117,31.65892628285714,32.061874644,0.026174644791677304,Medium Risk
2018-11-27,25.257761,29.42549133,29.63288116,28.91100311,29.13035965,6631175,0.010131412160577336,31.13304356142857,31.96150309233333,0.02415470179165704,Medium Risk
2018-11-28,25.39811897,29.58901024,29.75252914,29.41352654,29.42549133,10215404,0.0055570494360204226,30.65445028,31.852490170666666,0.025294721085770862,Medium Risk
2018-11-29,25.54189873,29.75651741,29.91206169,29.52519798,29.58901024,6815653,0.005661127852581993,30.199786594285715,31.74161605833333,0.025933778155908863,Medium Risk
2018-12-02,25.14821243,29.29786682,29.91206169,29.11440659,29.75651741,639010,-0.015413449890001818,29.790703364285715,31.63499615966667,0.025616618708399864,Medium Risk
2018-12-03,24.81614304,28.91100311,29.62091637,27.91792488,29.29786682,9344747,-0.0132045009412054,29.39301518,31.528775024,0.0256080704040773,Medium Risk
2018-12-04,24.13831139,28.12132645,28.50419998,27.81422806,28.91100311,3591482,-0.02731405261157671,29.175939287142857,31.366186396,0.014357302208621178,Low Risk
2018-12-05,24.4292984,28.46032906,28.69563675,28.0216198,28.12132645,2521869,0.012055000698588891,29.080220631428574,31.23869457233333,0.01525554931624292,Low Risk
2018-12-06,23.76516342,27.68660355,28.51616478,26.98865509,28.46032906,2740984,-0.027186105556574303,28.83180809142857,31.09804140733333,0.016297732321200246,Low Risk
2018-12-09,23.31669998,27.1641407,27.79827499,26.72144127,27.68660355,1459112,-0.018870601049221114,28.48539815714286,30.956856473333335,0.015362256301644827,Low Risk
2018-12-10,24.06642342,28.03757286,28.49622345,27.12425613,27.1641407,7062702,0.03215386673357945,28.239834650000002,30.842924754000002,0.022193988785798657,Medium Risk
2018-12-11,24.50803757,28.55205917,28.89505005,28.31675148,28.03757286,6808367,0.018349887580104918,28.1332907,30.742021369999996,0.023976077887078937,Medium Risk
2018-12-12,25.07974052,29.2181015,29.51722145,28.71557808,28.55205917,4870486,0.02332729580148185,28.17716189857143,30.648562812666665,0.02542616960900638,Medium Risk
2018-12-13,25.0900116,29.2300663,29.46537399,29.11440659,29.2181015,3897226,0.0004094995699841508,28.33555330571429,30.559092521666667,0.022076071809916012,Medium Risk
2018-12-16,24.81271935,28.90701675,29.19417191,28.54009438,29.2300663,544944,-0.011051960905062996,28.399365832857146,30.464437484666668,0.022694789890421705,Medium Risk
2018-12-17,25.56244087,29.78044891,29.91206169,29.11440659,28.90701675,3218875,0.03021523000985571,28.69848659857143,30.387064997,0.02046348540560734,Medium Risk
2018-12-18,25.43235397,29.62889481,29.71264648,29.47335052,29.78044891,1934703,-0.005089046859502178,29.050594328571428,30.305039469333334,0.01761490925001742,Low Risk
2018-12-19,25.50081825,29.70865822,29.93200302,29.51323318,29.62889481,2908177,0.0026920818515674405,29.28932080857143,30.224210421333332,0.015569681419541907,Low Risk
2018-12-20,26.04171371,30.33880615,30.61000824,29.63288116,29.70865822,5359156,0.021210918558946634,29.544570377142858,30.145907275,0.015908051305405894,Low Risk
2018-12-23,25.53163338,29.74455452,30.37470055,29.19816017,30.33880615,792387,-0.019587179108562225,29.61977795142857,30.068002955333334,0.017566497630357662,Low Risk
2018-12-24,25.06947327,29.2061367,29.47335052,28.91499138,29.74455452,982542,-0.01810139128619237,29.616359437142858,29.964440727333333,0.019276327374074042,Low Risk
2018-12-25,24.67578125,28.74748421,28.99077034,28.54408264,29.2061367,517236,-0.015703976691994304,29.59356907428571,29.856358464666663,0.019795714521139138,Low Risk
2018-12-26,24.86749077,28.9708271,29.11839485,28.87511063,28.74748421,518452,0.007769128191130958,29.477908815714283,29.751732699,0.015267955292524386,Low Risk
2018-12-27,25.08658981,29.22607803,29.50924492,29.11839485,28.9708271,1512217,0.008810619355772431,29.42036356142857,29.644049262666666,0.015964860294358868,Low Risk
2018-12-30,25.13109589,29.27792549,29.51323318,29.11440659,29.22607803,350093,0.0017740136034256615,29.35883031428571,29.516424433,0.01592510434406314,Low Risk
2018-12-31,25.36046219,29.54513931,29.90807343,29.31381989,29.27792549,1784470,0.009126801695402476,29.245449337142855,29.403290303,0.013456387155692619,Low Risk
2019-01-01,25.36046219,29.54513931,29.54513931,29.54513931,29.54513931,0,0.0,29.216961450000003,29.290156173000003,0.011496321970060345,Low Risk
2019-01-02,25.98694038,30.2749939,30.59006882,29.71264648,29.54513931,1631988,0.024703034307675953,29.369655335714288,29.227274321999996,0.012187273616727893,Low Risk
2019-01-03,26.1170311,30.42654991,30.62995148,30.27100563,30.2749939,1779436,0.0050059798690826884,29.60952186428571,29.184998639,0.008088019428117994,Low Risk
2019-01-06,26.18891907,30.51030159,30.76954079,30.30690002,30.42654991,1079396,0.002752585496802462,29.829446791428573,29.213980101999997,0.008347537810345869,Low Risk
2019-01-07,26.18891907,30.51030159,30.51030159,30.51030159,30.51030159,0,0.0,30.012907300000002,29.259978166666667,0.008762685579231938,Low Risk
2019-01-08,25.86712265,30.13540459,30.66983223,29.83229637,30.51030159,3096953,-0.012287554709812354,30.135404314285715,29.283641942,0.011213908468849848,Low Risk
2019-01-09,25.50081825,29.70865822,30.50631332,29.50126839,30.13540459,2917256,-0.014160963683945704,30.158764158571426,29.287630208,0.012840223595782116,Low Risk
2019-01-10,25.36388397,29.54912758,30.00778008,29.21411324,29.70865822,3218331,-0.005369836591697763,30.159333911428572,29.280717213666666,0.013058645887528244,Low Risk
2019-01-13,26.05883408,30.35874748,30.51030159,29.92402649,29.54912758,1716431,0.02739911348678814,30.171298708571424,29.316079902333335,0.01391705792346591,Low Risk
2019-01-14,25.79180908,30.04766273,30.37071228,29.63288116,30.35874748,1480078,-0.01024695601177028,30.11717196857143,29.35396855633333,0.014279145546311678,Low Risk
2019-01-15,26.23342514,30.56214905,30.86924744,30.11147499,30.04766273,2372364,0.017122340749862408,30.124578748571427,29.435329309666663,0.015960243903162884,Low Risk
2019-01-16,26.87702179,31.31194687,31.69880867,30.7097168,30.56214905,2829268,0.024533543723424867,30.23909950285714,29.53038323666667,0.01838055843981636,Low Risk
2019-01-17,27.24674988,31.7426796,31.9061985,31.5073719,31.31194687,1849343,0.013756178489580995,30.46871021857143,29.665585771666667,0.017163864081663836,Low Risk
2019-01-20,27.29467773,31.79851532,31.94608116,31.51135826,31.7426796,647011,0.0017590109185363634,30.767261232857145,29.820064925666664,0.014678318365940742,Low Risk
2019-01-21,27.87322998,32.47253418,33.10268021,31.5073719,31.79851532,3311007,0.021196551260871832,31.184890747142852,29.967896969666665,0.013471998758304446,Low Risk
2019-01-22,27.58908653,32.1415062,32.50444031,31.71476173,32.47253418,1673966,-0.01019409135625382,31.439570564285713,30.087545203999998,0.014527294944083634,Low Risk
2019-01-23,28.24295235,32.90326691,33.50151062,31.54725456,32.1415062,3331182,0.023700218193259293,31.847514018571427,30.210384051000002,0.01288722169499806,Low Risk
2019-01-24,28.24295235,32.90326691,32.90326691,32.90326691,32.90326691,0,0.0,32.18195942714286,30.332824071333334,0.013606870847859005,Low Risk
2019-01-27,28.90709496,33.67699432,33.85646439,33.20238876,32.90326691,883359,0.023515215437919013,32.51982334857143,30.49182332366667,0.013438458781712312,Low Risk
2019-01-28,28.85573769,33.61716843,33.98010254,33.18244553,33.67699432,3171519,-0.0017764616827598,32.787607467142855,30.619713974333333,0.014084448443217552,Low Risk
2019-01-29,28.653759,33.38185883,33.90033722,33.10268021,33.61716843,2878184,-0.006999685309307946,33.013799397142854,30.744812775,0.015115213446599449,Low Risk
2019-01-30,28.48258972,33.18244553,33.6211586,32.74772644,33.38185883,2794218,-0.005973702693296001,33.11521530428571,30.860605685333333,0.01435015575263265,Low Risk
2019-01-31,28.42439651,33.11464691,33.41775513,32.90326691,33.18244553,2841702,-0.002043207452528173,33.25423540571428,30.95313371066667,0.013381950817559829,Low Risk
2019-02-03,28.70853996,33.4456749,33.60121536,33.30209351,33.11464691,431068,0.009996422154211038,33.33172226142857,31.07650439,0.01083954881347196,Low Risk
2019-02-04,29.47194862,34.3350563,34.69799042,33.50151062,33.4456749,2312523,0.02659182099506685,33.53626360285715,31.247468376666667,0.014047893454761205,Low Risk
2019-02-05,30.36545372,35.37599945,35.77482605,34.77775574,34.3350563,2691817,0.030317211100655772,33.77897862142857,31.46841888466667,0.01559619389915404,Low Risk
2019-02-06,30.57428169,35.61928177,35.85459137,35.29623032,35.37599945,3244706,0.006877044430754653,34.064994812857144,31.690034040333334,0.015105123322131594,Low Risk
2019-02-07,30.43734932,35.45975113,35.69506073,35.34010315,35.61928177,1269601,-0.004478771948017268,34.36183657,31.897823143666667,0.014701573972199629,Low Risk
2019-02-10,30.30383682,35.30421066,35.63124847,35.11676025,35.45975113,225257,-0.0043863948573628075,34.66494587428571,32.098699316,0.014446559453789424,Low Risk
2019-02-11,30.58112717,35.6272583,36.09388733,35.18456268,35.30421066,3517450,0.00915039973874876,35.02389035857143,32.30143661566667,0.013618563878250617,Low Risk
2019-02-12,30.95427513,36.0619812,36.21353531,35.87453079,35.6272583,2192800,0.012201974576303565,35.397648401428576,32.51866467866667,0.013628292482022745,Low Risk
2019-02-13,31.12201881,36.25740433,36.34913635,36.03406143,36.0619812,5328780,0.005419090230128543,35.67226954857143,32.71807835966667,0.011789734238552379,Low Risk
2019-02-14,31.61927223,36.83670425,37.09095764,36.14374161,36.25341797,3296657,0.015977423941533342,35.88094166285714,32.931750171,0.007815664107310459,Low Risk
2019-02-17,31.9915657,37.2704277,38.07805252,36.89652634,36.83670425,1852536,0.011774219730854574,36.116819652857146,33.157087708,0.008138262713329769,Low Risk
2019-02-18,32.07715225,37.37013626,37.88861084,37.01617432,37.2704277,1709015,0.002675272760553904,36.38973181428572,33.38574886366667,0.0068780897453191705,Low Risk
2019-02-19,31.81611443,37.06602859,37.37512207,36.89154053,37.37013626,903588,-0.008137719056847792,36.641420090000004,33.616769663666666,0.008014826127642052,Low Risk
2019-02-20,31.93593597,37.20561981,37.34022141,37.14080811,37.06602859,6337966,0.0037660150091629596,36.86690030571429,33.866668383333334,0.008033375505451672,Low Risk
2019-02-21,31.7262516,36.96133804,37.19066238,36.59242249,37.20561981,2481066,-0.006565722362575577,36.995379854285716,34.113742065333334,0.008806381114030292,Low Risk
2019-02-24,31.14427757,36.28332901,36.89154053,36.01910782,36.96133804,546199,-0.018343736075416173,36.99908338,34.31122811633334,0.011978359502663277,Low Risk
2019-02-25,30.68211937,35.74491119,36.14374161,35.39593887,36.28332901,4572184,-0.014839261850851826,36.84311294285715,34.50113639833333,0.010803035198053859,Low Risk
2019-02-26,30.3055439,35.30620193,36.1387558,34.64813614,35.74491119,4347407,-0.012273334731986552,36.56250926142858,34.65927149433333,0.008423803871775899,Low Risk
2019-02-27,29.95036697,34.89241791,35.13669968,34.64813614,35.30620193,884326,-0.011719867824366736,36.20854949714286,34.778620529,0.0071346520841575915,Low Risk
2019-02-28,30.03167725,34.98714066,35.1466713,34.52350235,34.89241791,7731160,0.0027147086866929904,35.91156550714286,34.886769231,0.008572642502979063,Low Risk
2019-03-03,30.39968872,35.4158783,35.71998596,34.99212646,34.98714066,516838,0.012254149150581206,35.65588814857143,35.007347997000004,0.010843574521088367,Low Risk
2019-03-04,30.26703453,35.26133347,35.89447403,34.52350235,35.4158783,2209863,-0.004363715864700302,35.41303035285714,35.10030797333334,0.010889020326439076,Low Risk
2019-03-05,29.67222023,34.56837082,35.24637985,34.38391495,35.26133347,2601664,-0.019652196380762654,35.16803632571429,35.181203460666666,0.011131679833615042,Low Risk
2019-03-06,29.42402077,34.27922058,34.64813614,33.98010254,34.56837082,2256576,-0.00836458974319687,34.958651952857146,35.227068583,0.010613138874953344,Low Risk
2019-03-07,30.13865662,35.11177444,35.63024902,34.5484314,34.27922058,3734970,0.024287420948122307,34.93087659714286,35.30068550066667,0.01503680462019032,Low Risk
2019-03-10,30.33549881,35.34109879,35.39593887,35.1466713,35.11177444,245321,0.006531266324687701,34.994973865714286,35.35615564966667,0.014373638314231529,Low Risk
2019-03-11,30.38685036,35.40092468,35.59036636,35.29623032,35.34109879,8054692,0.0016928135244322906,35.05408586857143,35.41561419133334,0.014369354649842648,Low Risk
2019-03-12,30.41680717,35.43582153,35.49564743,35.33113098,35.40092468,2315792,0.0009857609741958928,35.05693490142857,35.48407961466667,0.013610122667335777,Low Risk
2019-03-13,30.29270554,35.29124832,35.64022064,35.1466713,35.43582153,839924,-0.004079860541051694,35.06120845142857,35.554373041,0.01359481395324385,Low Risk
2019-03-14,29.75352097,34.66309357,35.29124832,34.39886856,35.29124832,6982876,-0.01779916494605882,35.07474027285714,35.60598792966667,0.013154740452782965,Low Risk
2019-03-17,29.92041206,34.85752106,35.02203751,34.62321091,34.66309357,594929,0.005609063415167093,35.15735462714286,35.65304946833333,0.012641819512469177,Low Risk
2019-03-18,29.42830086,34.28420639,34.89740372,33.90033722,34.85752106,2450601,-0.016447373552845534,35.03913062,35.651354471333335,0.010024842631503661,Low Risk
2019-03-19,28.91051483,33.68098068,34.62321091,33.47658157,34.28420639,2045004,-0.017594857035277633,34.80197089,35.59485384566666,0.010203857048213662,Low Risk
2019-03-20,29.42830086,34.28420639,34.37394333,33.80062866,33.68098068,1370988,0.017909980583142637,34.64243970571429,35.550351332999995,0.01369764146453155,Low Risk
2019-03-21,29.21006203,34.02995682,34.39886856,33.55136108,34.28420639,3314832,-0.007415938613476558,34.44160189,35.502691522666666,0.013504800956068116,Low Risk
2019-03-24,29.2828064,34.11470413,34.39886856,34.02497101,34.02995682,709010,0.0024903737153785244,34.27352414857143,35.463041305000004,0.013858900633153943,Low Risk
2019-03-25,29.16299438,33.97511673,34.27423859,33.75077438,34.11470413,3065971,-0.004091707771173181,34.175241742857146,35.40796991933334,0.01262086360433038,Low Risk
2019-03-26,29.44450569,33.84549713,33.92027664,33.7009201,33.97511673,2773140,-0.0038151333233110707,34.03066689571428,35.334087117,0.012065845263896546,Low Risk
2019-03-27,29.19295692,33.55634689,33.91030884,32.97804642,33.84549713,4448333,-0.008543241037038851,33.92668696714286,35.244051869,0.011048869650544779,Low Risk
2019-03-28,29.55727386,33.97511673,34.27423859,33.10268021,33.55634689,3275956,0.012479601589909572,33.968706402857144,35.14866561833333,0.010250064713049324,Low Risk
2019-03-31,29.64834976,34.07980728,34.39886856,33.8305397,33.97511673,1130614,0.003081388971580834,33.93950653,35.042311604333335,0.007369845881922856,Low Risk
2019-04-01,30.74996948,35.34608459,36.39300919,34.37892914,34.07980728,5839523,0.037156234470349325,34.127524782857144,34.97484321533333,0.015501157273757355,Low Risk
2019-04-02,31.78653336,36.5375824,36.89154053,35.8795166,35.34608459,3512474,0.033709470902389516,34.47365025,34.95722834233334,0.018649850447850728,Low Risk
2019-04-03,32.08579636,36.88157272,37.08597183,36.49271393,36.5375824,4122147,0.009414698439380143,34.888858248571424,34.94642677266667,0.017619580477709094,Low Risk
2019-04-04,32.10748291,36.90649796,37.26544189,36.59242249,36.88157272,2394492,0.0006758182518200595,35.32614408142857,34.94459877,0.017022526567115857,Low Risk
2019-04-07,31.73449135,36.47776031,37.1358223,36.14374161,36.90649796,188089,-0.011616860815802044,35.74348885571429,34.95107981333334,0.01768459822557255,Low Risk
2019-04-08,31.80389023,36.55752563,36.86162949,36.39300919,36.47776031,5799810,0.0021866835935684392,36.11240441285714,34.978166961333336,0.018074171960918605,Low Risk
2019-04-09,31.9339962,36.70708466,36.89154053,36.21852112,36.55752563,1542942,0.004091059978010847,36.48772975285714,35.02486305233333,0.018007534403419675,Low Risk
2019-04-10,32.01639938,36.8018074,36.89154053,36.44285965,36.70708466,2915187,0.002580502943161367,36.695690154285714,35.08850936866667,0.013831863894768091,Low Risk
2019-04-11,32.23324966,37.05107117,37.16573715,36.84169006,36.8018074,2529312,0.006773139354019797,36.76904569285715,35.15730705233333,0.006704174794225205,Low Risk
2019-04-14,32.18554688,36.99623489,37.29037094,36.71705627,37.05107117,545264,-0.0014800187489425465,36.78542600285714,35.20998560533334,0.005918602003940364,Low Risk
2019-04-15,32.13349915,36.936409,37.09095764,36.64227676,36.99623489,2681185,-0.0016170804996205046,36.789699008571425,35.265821456333335,0.005967821915590552,Low Risk
2019-04-16,32.09446716,36.89154053,37.04110336,36.69212723,36.936409,2264985,-0.0012147491111005326,36.84881046857142,35.34326044666667,0.0032153078631078644,Low Risk
2019-04-17,31.81255913,36.56749344,36.89154053,36.38802338,36.89154053,562059,-0.008783777672187076,36.850234441428576,35.41953620866666,0.005044626622834535,Low Risk
2019-04-18,31.6217289,36.34814072,36.65723038,36.14374161,36.56749344,1674023,-0.0059985713912797944,36.798956735714285,35.460748418,0.005138076523300512,Low Risk
2019-04-21,31.74316216,36.48772812,36.84667587,36.39300919,36.34814072,226371,0.0038402899635301413,36.754088267142855,35.49896939566667,0.005319258994539525,Low Risk
2019-04-22,31.87327957,36.63729095,36.79183578,36.39300919,36.48772812,449491,0.0040989899263699225,36.69497680714285,35.540181604666664,0.004711548721673664,Low Risk
2019-04-23,31.89496231,36.66221619,36.88655853,36.39300919,36.63729095,1186644,0.0006803243185753427,36.647259850000005,35.58106142666667,0.0047903214727199744,Low Risk
2019-04-24,32.33300781,37.16573715,37.44491577,36.41294861,36.66221619,2968736,0.013734056811801176,36.68002101428572,35.643544387666665,0.007410326772700677,Low Risk
2019-04-25,32.33300781,37.16573715,37.16573715,37.16573715,37.16573715,0,0.0,36.719191959999996,35.726965840333335,0.007366422242543187,Low Risk
2019-04-28,32.33300781,37.16573715,37.16573715,37.16573715,37.16573715,0,0.0,36.804655347142855,35.80390637666667,0.006033335917144002,Low Risk
2019-04-29,32.33300781,37.16573715,37.16573715,37.16573715,37.16573715,0,0.0,36.92145483714285,35.899957402000005,0.004987533889970348,Low Risk
2019-04-30,33.12236023,38.07307053,38.33230591,37.36515045,37.16573715,7807116,0.024413167868513552,37.14793232428571,36.04636039700001,0.009474971725381243,Low Risk
2019-05-01,33.12236023,38.07307053,38.07307053,38.07307053,38.07307053,0,0.0,37.35304369285715,36.17265586833334,0.00974441341803916,Low Risk
2019-05-02,32.88381958,37.7988739,38.33729172,37.58948898,38.07307053,1277434,-0.007201852285172228,37.51542336571429,36.29828643766667,0.010798853813616295,Low Risk
2019-05-05,31.9339962,36.70708466,37.43992996,36.54256821,37.7988739,1582508,-0.028884173716085204,37.44990158142857,36.384699122,0.015613561652367077,Low Risk
2019-05-06,31.71714592,36.45781708,36.83171844,35.92438507,36.70708466,1312489,-0.006790721254734566,37.34877014285714,36.46745580033333,0.015703387588079765,Low Risk
2019-05-07,32.74937439,37.64432907,37.89858246,36.59242249,36.45781708,1155005,0.03254478970576913,37.41714041714285,36.59408353166667,0.020652346039834096,Medium Risk
2019-05-08,32.4544487,37.30532455,37.51470947,36.76691055,37.64432907,3521548,-0.00900546054014173,37.43708147428572,36.71904945366666,0.021074708469348963,Medium Risk
2019-05-09,31.86026764,36.62233353,36.89652634,36.51763916,37.30532455,738524,-0.018308137732043983,37.229833331428566,36.80729001366667,0.019171464107070605,Low Risk
2019-05-12,31.83424568,36.59242249,36.83171844,36.39300919,36.62233353,380964,-0.0008167431486991727,37.01831218285714,36.891043854,0.019135730994409562,Low Risk
2019-05-13,30.98417282,35.61529541,36.29330063,34.93728638,36.59242249,2981022,-0.026702989676811506,36.70637239857143,36.90001754800001,0.02077502494729977,Medium Risk
2019-05-14,31.33981323,36.02409363,36.39799118,35.49564743,35.61529541,1540975,0.011478164515946077,36.60880225142857,36.88290125566667,0.019675583412956665,Low Risk
2019-05-15,31.03188324,35.67013168,36.38303757,35.1466713,36.02409363,1185677,-0.009825700366968726,36.49627576571429,36.84251988766666,0.01981844072125081,Low Risk
2019-05-16,30.61118507,35.18655396,36.15370941,34.89740372,35.67013168,2200744,-0.013556936776634831,36.145165035714285,36.785188421,0.012286915720174768,Low Risk
2019-05-19,30.4463768,34.99711227,35.8795166,34.64813614,35.18655396,561776,-0.005383922796627139,35.81542042428571,36.735833486333334,0.012388702671414545,Low Risk
2019-05-20,30.14277458,34.64813614,34.89740372,34.3490181,34.99711227,1159811,-0.009971569291422733,35.53339222571428,36.67218717,0.011729811268119976,Low Risk
2019-05-21,30.57648659,35.1466713,35.4158783,34.89241791,34.64813614,2052165,0.014388513078614329,35.326856341428574,36.62017339133333,0.014357618163902044,Low Risk
2019-05-22,30.22084236,34.73787308,35.25136566,34.52848816,35.1466713,2401663,-0.011631207305825342,35.20151029428571,36.551375580666665,0.011525679158080209,Low Risk
2019-05-23,30.29024124,34.8176384,34.90238953,34.64813614,34.73787308,1252700,0.002296206213210139,35.02915954714286,36.47692782166666,0.009951944934134812,Low Risk
2019-05-26,30.68924904,35.27629089,35.39593887,34.82761002,34.8176384,1085355,0.013172992514047133,34.972896577142855,36.419596354999996,0.011669127566443846,Low Risk
2019-05-27,30.82369804,35.43083572,35.8795166,35.29623032,35.27629089,957964,0.0043809829803793665,35.00779397142857,36.369410579,0.010497724793086511,Low Risk
2019-05-28,30.91044617,35.53054428,36.01910782,35.17160034,35.43083572,5869380,0.0028141746581415994,35.08399854428571,36.32404403733333,0.010112357166439795,Low Risk
2019-05-29,31.07958984,35.72497177,35.94432831,35.19652557,35.53054428,2495515,0.005472122477714114,35.23783220571429,36.29595998166667,0.00858122699962174,Low Risk
2019-05-30,31.09260559,35.7399292,35.89447403,35.39593887,35.72497177,2253349,0.00041868276611367605,35.32258333428571,36.27568626433334,0.007420693061517364,Low Risk
2019-06-02,31.05356789,35.69506073,35.8695488,35.40591049,35.7399292,568737,-0.0012554157493965823,35.45932442714286,36.249264018,0.004675117757595731,Low Risk
2019-06-03,31.15765953,35.81470871,35.84960556,35.27130508,35.69506073,1652273,0.0033519477920214147,35.601763042857144,36.22184461,0.004631583826875606,Low Risk
2019-06-04,31.15765953,35.81470871,35.81470871,35.81470871,35.81470871,0,0.0,35.67867987428571,36.193594360666665,0.002487096608293644,Low Risk
2019-06-05,31.15765953,35.81470871,35.81470871,35.81470871,35.81470871,0,0.0,35.73351887285714,36.148560079333336,0.0023868772654544717,Low Risk
2019-06-06,31.15765953,35.81470871,35.81470871,35.81470871,35.81470871,0,0.0,35.77411379142857,36.103525798,0.0023740649271540002,Low Risk
2019-06-09,31.06223869,35.70502853,35.94432831,35.4108963,35.81470871,377927,-0.0030624339538289913,35.77126475714285,36.05483551066666,0.0019288442690502956,Low Risk
2019-06-10,31.38752556,36.0789299,36.39799118,35.47071838,35.70502853,3377945,0.010471952702287846,35.819693428571426,36.01860860233333,0.004452389468510417,Low Risk
2019-06-11,31.99471283,36.77687836,37.01617432,36.39300919,36.0789299,1655917,0.019345043268591988,35.97423880428571,35.975402196666664,0.00790591084540193,Low Risk
2019-06-12,32.08579636,36.88157272,36.94139481,36.64227676,36.77687836,2586236,0.0028467440595467686,36.126647948571424,35.935685603,0.007918314064233028,Low Risk
2019-06-13,32.09013367,36.88655853,36.94139481,36.79183578,36.88157272,2983591,0.00013518431108816564,36.27976935142857,35.90527509066667,0.007906437528522657,Low Risk
2019-06-16,32.25928116,37.08098602,37.19066238,36.60239029,36.88655853,567613,0.005270957707856239,36.46066611,35.91773846933334,0.00768224931254333,Low Risk
2019-06-17,32.43710327,37.28538513,37.48978424,36.90151215,37.08098602,2384726,0.005512235027670398,36.67076274142857,35.945324070999995,0.00735993325500517,Low Risk
2019-06-18,32.60624695,37.47981262,37.53963852,37.14080811,37.28538513,6436314,0.0052145764170625775,36.924303325714284,35.93984018933334,0.006287747909766109,Low Risk
2019-06-19,32.4544487,37.30532455,37.47981262,37.14080811,37.47981262,1271302,-0.0046555214074598394,37.09950256142857,35.93984018933334,0.007387389615426089,Low Risk
2019-06-20,32.2419281,37.06104279,37.39506149,36.77189255,37.30532455,3572397,-0.0065481740997210824,37.14009748,35.95446383133333,0.0049899264840914444,Low Risk
2019-06-23,32.34601593,37.18069077,37.38508987,37.01617432,37.06104279,563303,0.003228402953418197,37.18282863,35.974072774,0.00501408159552067,Low Risk
2019-06-24,31.94700813,36.72204208,36.92644119,36.43289185,37.18069077,864590,-0.01233566887816051,37.15932628,36.01096432966666,0.007186163234453487,Low Risk
2019-06-25,31.99471283,36.77687836,36.98127747,36.64725876,36.72204208,2237201,0.0014932797005280385,37.11588232857143,36.036057154,0.006801941660356947,Low Risk
2019-06-26,32.10748291,36.90649796,37.14080811,36.67218781,36.77687836,4177872,0.0035244861929604188,37.061755590000004,36.077269363333336,0.00651250395998111,Low Risk
2019-06-27,32.00339127,36.78684998,36.94638062,36.39300919,36.90649796,1561469,-0.003241921791920732,36.96276092714286,36.130612563999996,0.005819894995004283,Low Risk
2019-06-30,32.00339127,36.78684998,36.78684998,36.78684998,36.78684998,0,0.0,36.888693131428575,36.190270487666666,0.005818238360577375,Low Risk
2019-07-01,32.00339127,36.78684998,36.78684998,36.78684998,36.78684998,0,0.0,36.84952273,36.261560949,0.005478362304845713,Low Risk
2019-07-02,31.83857918,36.59740829,36.94139481,36.38802338,36.78684998,988180,-0.005149712196151568,36.76619666142857,36.30991884866667,0.005300857732432726,Low Risk
2019-07-03,31.82122993,36.57746506,36.65224457,36.39799118,36.59740829,864650,-0.0005449355823768931,36.74554280142858,36.37123858133334,0.002880525827656232,Low Risk
2019-07-04,31.76485062,36.51265717,36.84169006,36.29330063,36.57746506,518219,-0.0017717982887468509,36.70779691714286,36.427739206999995,0.0027542459891499445,Low Risk
2019-07-07,32.00339127,36.78684998,36.89154053,36.01910782,36.51265717,709084,0.0075095276885321915,36.69070434857143,36.478091176666666,0.003987418249073021,Low Risk
2019-07-08,31.86460114,36.62731934,36.84169006,36.04901886,36.78684998,696824,-0.004336621376571537,36.667914257142854,36.517973964,0.004133633451641763,Low Risk
2019-07-09,32.09880447,36.89652634,36.99124908,36.64725876,36.62731934,1102359,0.007349896330141936,36.68358230857143,36.56350669933333,0.005129027736908793,Low Risk
2019-07-10,32.14216995,36.94638062,37.21060562,36.65224457,36.89652634,1283331,0.0013511916959496606,36.7063724,36.60422032766667,0.005135278864869192,Low Risk
2019-07-11,31.6217289,36.34814072,36.91148376,36.09887314,36.94638062,1360355,-0.01619211110698493,36.67076274714286,36.624494045,0.00806616310269026,Low Risk
2019-07-14,31.40053368,36.09388733,36.89154053,35.70004654,36.34814072,496294,-0.006994948984009652,36.60168021428571,36.637788265,0.008374962023926043,Low Risk
2019-07-15,31.04489136,35.68508911,36.14374161,35.22145081,36.09388733,2132454,-0.011325968196842617,36.48345620571429,36.63346761166667,0.009103290022270217,Low Risk
2019-07-16,31.45691299,36.15869522,36.39300919,35.64520645,35.68508911,1589866,0.01327182085884937,36.393719811428575,36.644933828666666,0.010404296715569665,Low Risk
2019-07-17,31.26174545,35.93435669,36.14374161,35.74491119,36.15869522,1140430,-0.006204276139806897,36.294725147142856,36.648922094666666,0.010485538457661918,Low Risk
2019-07-18,31.2834301,35.95928192,36.26338959,35.79476547,35.93435669,3561425,0.0006936322866448741,36.16083308714286,36.65374120166666,0.009696751552308737,Low Risk
2019-07-21,31.12730026,35.77981186,35.89447403,35.39593887,35.95928192,304167,-0.004990924468382674,35.994180407142856,36.65623397933334,0.00944698057007432,Low Risk
2019-07-22,31.43956947,36.1387558,36.33318329,35.65019226,35.77981186,611572,0.010032024243293414,35.96426827571428,36.658228175999994,0.009251327212555118,Low Risk
2019-07-23,31.43956947,36.1387558,36.1387558,36.1387558,36.1387558,0,0.0,35.970678057142855,36.636957424,0.008837726280458117,Low Risk
2019-07-24,31.35716248,36.04403305,36.39300919,35.59535217,36.1387558,1313618,-0.002621084979355981,36.02195576285714,36.609039435,0.007446791544016021,Low Risk
2019-07-25,31.18367577,35.84461975,36.01910782,35.64022064,36.04403305,843584,-0.005532491320363042,35.97708783857143,36.57430814233333,0.005647727442553113,Low Risk
2019-07-28,30.73262215,35.32614517,35.83963394,35.02203751,35.84461975,494268,-0.014464502165628446,35.89020047857143,36.515813447333336,0.00743876420831704,Low Risk
2019-07-29,30.82369804,35.43083572,35.59535217,35.19652557,35.32614517,1517187,0.0029635429933325685,35.81470816428571,36.45399513366667,0.007643366336332871,Low Risk
2019-07-30,30.88875961,35.50561523,35.89447403,35.26133347,35.43083572,1225755,0.002110577085761234,35.775537217142855,36.388188553999996,0.0076650472373972905,Low Risk
2019-07-31,31.37884903,36.0689621,36.64227676,35.1466713,35.50561523,1829568,0.015866416237283243,35.76556668857143,36.34697647233333,0.00923109451263168,Low Risk
2019-08-01,31.6737709,36.4079628,36.89154053,36.0689621,36.0689621,909546,0.009398681865592229,35.80402483142857,36.32520713933334,0.009928908181788319,Low Risk
2019-08-04,32.08579636,36.88157272,37.1358223,36.39300919,36.4079628,896848,0.013008415840284338,35.923673355714286,36.315236537666664,0.010680757398196284,Low Risk
2019-08-05,31.91664696,36.68714142,37.14080811,36.39300919,36.88157272,2324824,-0.005271773562263604,36.044033594285715,36.31407318233333,0.01064507311487726,Low Risk
2019-08-06,31.90797424,36.67717361,36.92145538,36.49769974,36.68714142,2153396,-0.0002716976470282795,36.23703765714286,36.31074969066666,0.007596433874467775,Low Risk
2019-08-07,32.12482834,36.92644119,37.01617432,36.4029808,36.67717361,731233,0.006796259238799118,36.450695581428576,36.311414465,0.007529331241758302,Low Risk
2019-08-08,32.5021553,37.36016464,37.62937164,36.52262878,36.92644119,3621587,0.011745606563284383,36.71563121142857,36.33052495366667,0.0075912999607631254,Low Risk
2019-08-11,32.5021553,37.36016464,37.36016464,37.36016464,37.36016464,0,0.0,36.90008871714286,36.34963544233334,0.00695808307699055,Low Risk
2019-08-12,32.5021553,37.36016464,37.36016464,37.36016464,37.36016464,0,0.0,37.03611755142857,36.368745931,0.006887315453926387,Low Risk
2019-08-13,32.5021553,37.36016464,37.36016464,37.36016464,37.36016464,0,0.0,37.10448782571429,36.394171142666664,0.005595786133535426,Low Risk
2019-08-14,33.30451584,38.28245163,38.68626785,37.26544189,37.36016464,6532223,0.02468637381251093,37.33238928428572,36.45100402833334,0.009398848075072784,Low Risk
2019-08-15,32.73202515,37.62438965,37.93846512,37.31529617,38.28245163,2329558,-0.017189650923095767,37.46770586142857,36.488061777666665,0.012859440526321705,Low Risk
2019-08-18,32.95754623,37.88362503,38.08802414,37.39007568,37.62438965,1001026,0.006890088647590886,37.60444641,36.524620946000006,0.012863230122821439,Low Risk
2019-08-19,32.86646271,37.77893448,37.91353989,37.63934326,37.88362503,1898232,-0.0027634776217190238,37.66427067285714,36.56300811733333,0.01252138844018296,Low Risk
2019-08-20,32.91418076,37.83377075,37.88861084,37.6692543,37.77893448,2485008,0.0014515038805298364,37.73192868857143,36.59424959766667,0.012501310053506092,Low Risk
2019-08-21,32.72334671,37.61441803,37.86368561,37.39007568,37.83377075,2339144,-0.005797802218801995,37.76825060142857,36.61651751133333,0.012833339522731671,Low Risk
2019-08-22,32.64961624,37.5296669,37.66426849,37.38508987,37.61441803,1178719,-0.002253155423869835,37.792465209999996,36.655901717333336,0.012891882070461146,Low Risk
2019-08-25,33.01826859,37.95341873,38.13787842,37.88861084,37.5296669,2198803,0.011291116202259754,37.745460509999994,36.717886097333334,0.009209326745235778,Low Risk
2019-08-26,32.92719269,37.84872818,37.9883194,37.46485519,37.95341873,2382545,-0.0027583957783821056,37.77750887142857,36.79000739966667,0.006134061312998747,Low Risk
2019-08-27,32.79708099,37.69916916,38.33729172,37.34022141,37.84872818,8998513,-0.003951493938943895,37.75115803285714,36.841356531,0.0057137387462602544,Low Risk
2019-08-28,33.9030304,38.97042847,39.38421249,37.91852188,37.69916916,3161739,0.03372114925410208,37.921371459999996,36.94255892366667,0.014053731218138741,Low Risk
2019-08-29,34.77479553,39.97248459,40.38128281,39.3792305,38.97042847,3036771,0.025713243588568524,38.22690200857143,37.076332346,0.016022149326006707,Low Risk
2019-09-01,34.77479553,39.97248459,39.97248459,39.97248459,39.97248459,0,0.0,38.56376866,37.21608810366667,0.015324994473015729,Low Risk
2019-09-02,35.6812439,41.01441956,41.42820358,39.90269089,40.39125443,3694405,0.02606630487664674,39.061590468571424,37.378610228999996,0.01564822125761186,Low Risk
2019-09-03,35.36030197,40.64550781,41.37336731,40.38128281,41.01441956,1817198,-0.008994684161269695,39.44617462285714,37.528835296,0.01772915693062387,Low Risk
2019-09-04,34.83551025,40.04227829,40.63055038,39.88274765,40.64550781,2061962,-0.014841234677638537,39.759538924285714,37.66211013733333,0.01965828092241302,Low Risk
2019-09-05,35.29090118,40.56573868,40.88978958,40.15694046,40.04227829,2971151,0.013072692472913872,40.16904885571429,37.81948076833333,0.018937816094528947,Low Risk
2019-09-08,35.31693268,40.59565353,40.7053299,39.96251297,40.56573868,1533152,0.0007374412736811387,40.40122386428572,37.995131046999994,0.01614607806636746,Low Risk
2019-09-09,35.28656769,40.56075668,40.78509521,40.34140015,40.59565353,4931463,-0.0008596203525634838,40.48526273428571,38.16612841233333,0.013661832964800768,Low Risk
2019-09-10,35.11308289,40.36133957,40.56075668,40.25664902,40.56075668,3229903,-0.004916503692800389,40.54081344571428,38.32798589033334,0.013915924849782617,Low Risk
2019-09-11,35.24753952,40.51588821,40.87981796,40.28157425,40.36133957,2593923,0.0038291256347418035,40.469594681428575,38.476216760666674,0.009052629785434736,Low Risk
2019-09-12,35.64221191,40.9695549,41.17893982,40.63055038,40.51588821,2875815,0.01119725396734661,40.51588712285714,38.62826983066667,0.00954814438234321,Low Risk
2019-09-15,35.52510834,40.83494949,41.02937698,40.640522,40.9695549,1127352,-0.0032854984714515423,40.629125865714286,38.76004905633333,0.006968040200029902,Low Risk
2019-09-16,35.45137787,40.75019836,40.97952271,40.38626862,40.83494949,17405518,-0.0020754557323685585,40.65547724857142,38.89548428766667,0.005439659683304141,Low Risk
2019-09-17,35.16513062,40.42116547,40.82497787,39.88274765,40.75019836,2563971,-0.00807438744452782,40.630550382857145,39.020284016333335,0.0063606507721316865,Low Risk
2019-09-18,35.33427811,40.61559296,40.80503845,40.38128281,40.42116547,2361654,0.004810041663551257,40.63838413714286,39.143255741999994,0.006674979475251907,Low Risk
2019-09-19,34.87020493,40.08216095,40.38626862,39.93758774,40.61559296,4959525,-0.013133675298680147,40.598501477142854,39.233988952333334,0.008261284909410216,Low Risk
2019-09-22,33.70352936,38.74110413,40.13201523,38.33729172,40.08216095,1917364,-0.03345769759452066,40.34496089428571,39.28002026866667,0.014398542147320436,Low Risk
2019-09-23,32.87514496,37.78890228,38.88568115,36.89154053,38.74110413,7914511,-0.02457859349606495,39.89058194857143,39.294311523333334,0.013477390863993093,Low Risk
2019-09-24,31.16633034,35.82468033,37.21559143,35.1466713,37.78890228,10445701,-0.05197880413265088,39.17482921142857,39.243128713000004,0.01971454934877648,Low Risk
2019-09-25,32.2419281,37.06104279,37.63934326,35.40092468,35.82468033,5738049,0.03451147222002304,38.64780698714286,39.202415085,0.027900505840979077,Medium Risk
2019-09-26,33.31752777,38.29740906,38.63641357,37.63934326,37.06104279,4958462,0.03336026665535696,38.344413214285716,39.22484906533334,0.033068249128504174,Medium Risk
2019-09-29,34.16326141,39.26955032,39.88274765,38.63641357,38.29740906,1250838,0.025383995519826508,38.152121408571425,39.271046575,0.035162608922225815,Medium Risk
2019-09-30,33.63847351,38.66632462,39.37424469,38.38216019,39.26955032,3462501,-0.01536115629245649,37.949859075714286,39.30062624633334,0.03526611372342426,Medium Risk
2019-10-01,34.56227493,39.72820282,39.91265869,38.88568115,38.66632462,4441848,0.02746261017657603,38.09087317428571,39.363773982000005,0.0344622258092982,Medium Risk
2019-10-02,34.64467621,39.82292557,39.99740982,39.68333435,39.72820282,4001583,0.002384269694483132,38.38144793,39.437390900000004,0.03214997855621486,Medium Risk
2019-10-03,34.23265457,39.34931564,39.88274765,39.12995911,39.82292557,2314089,-0.011892896446482837,38.88496726,39.498045858,0.021498686700348036,Medium Risk
2019-10-07,34.70539474,39.89271927,40.10709,39.39916992,39.34931564,1649410,0.013809735218053287,39.28949247142857,39.562689209333335,0.01948729700274641,Low Risk
2019-10-08,34.62732697,39.80298233,40.13201523,39.38421249,39.89271927,1795493,-0.0022494565836098657,39.50457436714286,39.62783101433333,0.017098197322988774,Low Risk
2019-10-09,34.27169037,39.39418411,39.53377533,39.26456451,39.80298233,477248,-0.010270542458620913,39.52237919428571,39.68433151266666,0.015472476752840946,Low Risk
2019-10-10,34.65334702,39.83289337,39.9076767,39.38421249,39.39418411,2907290,0.011136396651216351,39.68903187285714,39.713080342666665,0.014111122628321975,Low Risk
2019-10-13,34.35409927,39.48890686,39.88274765,39.38421249,39.83289337,189573,-0.008635739985161983,39.65484673571429,39.696961085,0.010346519351477254,Low Risk
2019-10-14,34.35843658,39.49389267,39.63348007,39.3792305,39.48890686,1195664,0.00012625849628289387,39.607842035714285,39.681008021,0.010264960673789304,Low Risk
2019-10-15,34.21530914,39.32937622,39.63348007,39.13494873,39.49389267,708751,-0.004165617488624207,39.604993547142854,39.62483990966667,0.009284464398165696,Low Risk
2019-10-16,34.49288177,39.6484375,39.78303909,39.49887848,39.32937622,1230886,0.008112543616640044,39.57009615142857,39.59160423266667,0.0080339917091333,Low Risk
2019-10-17,34.21530914,39.32937622,39.63348007,39.13494873,39.6484375,1600152,-0.008047259869950696,39.502438135714286,39.56784083033334,0.008488389105483166,Low Risk
2019-10-20,34.59263992,39.76309967,39.93260193,39.19477081,39.32937622,557066,0.01102797683781831,39.55514035857143,39.54108619666667,0.008709289151465282,Low Risk
2019-10-21,34.38444901,39.52380371,39.83289337,39.33436203,39.76309967,999580,-0.0060180408968605326,39.51098469285714,39.50535786933334,0.007875044905891148,Low Risk
2019-10-22,34.56227493,39.72820282,39.88773346,39.28450775,39.52380371,953334,0.005171544507703407,39.545169830000006,39.47760607400001,0.007382563617394041,Low Risk
2019-10-23,34.44950485,39.59858322,39.88274765,39.38421249,39.72820282,802969,-0.0032626595415674586,39.56012562285714,39.45218086233333,0.00754996904079558,Low Risk
2019-10-24,34.37578201,39.51383209,39.87277985,39.38421249,39.59858322,627316,-0.002140256623049952,39.58647646142857,39.41877899166666,0.0073826770814312374,Low Risk
2019-10-27,34.34107971,39.47394943,39.63846588,39.13993073,39.51383209,408986,-0.0010093341468163652,39.561549594285715,39.368925475999994,0.006620249856981109,Low Risk
2019-10-28,34.54058456,39.70327759,39.88274765,39.48392105,39.48392105,1172789,0.005809607685865581,39.61496407571428,39.331203079333335,0.006075444717778837,Low Risk
2019-10-29,35.0306778,40.26662064,40.62057877,39.63348007,39.70327759,2250372,0.01418882984466463,39.686895642857145,39.315083822000005,0.006965329007997638,Low Risk
2019-10-30,34.90924072,40.12702942,40.38626862,39.89271927,40.26662064,2546602,-0.0034666733334292044,39.77307074428571,39.305279287,0.006540631711826233,Low Risk
2019-10-31,35.13043594,40.38128281,40.49594498,39.93758774,40.12702942,2731189,0.006336212614664216,39.86636788571429,39.29746894866667,0.006643290224025615,Low Risk
2019-11-03,35.10440826,40.35137177,40.47600555,40.10210419,40.38128281,232964,-0.0007407154483114464,39.97390910714285,39.30644264266667,0.00635003514830906,Low Risk
2019-11-04,35.50342178,40.81002045,41.07923126,40.38128281,40.35137177,2450541,0.0113663714486405,40.159078872857144,39.37540652,0.00667401139462653,Low Risk
2019-11-05,36.4705925,41.92175293,42.37541962,40.87483215,40.81002045,5837926,0.027241654567707885,40.508765087142855,39.51316820833333,0.01026419971580364,Low Risk
2019-11-06,36.42288589,41.86691666,42.04638672,41.6375885,41.92175293,1492216,-0.0013080624298216215,40.817856382857144,39.714576085999994,0.010926706118137999,Low Risk
2019-11-07,36.50094986,41.95664978,42.12615204,41.6375885,41.86691666,815396,0.0021432942083774442,41.05928911714285,39.87776298566667,0.010672627104398294,Low Risk
2019-11-11,36.34915924,41.78216553,42.12615204,41.6276207,41.95664978,4156732,-0.004158679277657007,41.29573713285715,39.99392153466667,0.010776963548092497,Low Risk
2019-11-12,36.20169449,41.61266327,41.82703018,41.39330673,41.78216553,1949185,-0.004056808876464202,41.47164862714286,40.07202529966666,0.01139537760255914,Low Risk
2019-11-13,35.96315765,41.33847046,41.52791214,41.17893982,41.61266327,1824050,-0.006589167538278429,41.61266272571429,40.16109682766667,0.012028115412371858,Low Risk
2019-11-14,35.73762894,41.07923126,41.37336731,40.85488892,41.33847046,1868727,-0.006271136718782322,41.651121412857144,40.206131109,0.011957611865229662,Low Risk
2019-11-17,36.02820969,41.41324997,41.57776642,40.92967224,41.07923126,1107977,0.008131084729553928,41.57847813285714,40.259141922333335,0.005290988971622775,Low Risk
2019-11-18,35.67256546,41.00445175,41.3783493,40.87981796,41.41324997,1921570,-0.009871193888336127,41.45526886,40.314313125999995,0.006104566016038977,Low Risk
2019-11-19,35.55980682,40.87483215,41.12908554,40.76016998,41.00445175,1417551,-0.0031611104274793522,41.30072348428571,40.34705022200001,0.005681013509015427,Low Risk
2019-11-20,35.19548798,40.45606232,40.63055038,40.23172379,40.87483215,1452144,-0.010245175526671924,41.11128016857143,40.368819554999995,0.006202772148064515,Low Risk
2019-11-21,34.44950485,39.59858322,39.88274765,39.3194046,40.45606232,4495483,-0.021195317854157403,40.82355444714286,40.37563285866667,0.008800217427466853,Low Risk
2019-11-24,34.22831345,39.34432983,39.50884628,39.23465347,39.59858322,1401658,-0.006420769869149967,40.53867721428571,40.35934740733333,0.008801849744288834,Low Risk
2019-11-25,34.00278854,39.08509445,39.30943298,38.87570953,39.34432983,3535156,-0.006588887931758158,40.25380052714286,40.34588699366667,0.008798254079633498,Low Risk
2019-11-26,33.63847351,38.66632462,39.12995911,38.387146,39.08509445,13549324,-0.010714310298922669,39.86138262000001,40.318301392,0.005725302693992418,Low Risk
2019-11-27,33.71220398,38.75107574,38.88568115,38.48685074,38.66632462,2147765,0.002191858699602367,39.53947176142857,40.29902470933334,0.00728349954537731,Low Risk
2019-11-28,34.17627335,39.28450775,39.55371475,38.64638138,38.75107574,1617471,0.013765605207428644,39.31228256142857,40.286893717666665,0.01101770580360333,Low Risk
2019-12-01,34.18061066,39.28949356,39.50884628,38.88568115,39.28450775,887162,0.00012691542507603515,39.145629881428576,40.28556429566666,0.0109864392059086,Low Risk
2019-12-02,34.09386826,39.189785,39.55371475,38.65136719,39.28949356,2577998,-0.002537791937881062,39.087230135714286,40.26645380666666,0.008014484706409678,Low Risk
2019-12-03,33.86833954,38.93054962,39.189785,38.54169083,39.189785,3476073,-0.006614871196665151,39.02811867714286,40.24667867033333,0.00803484319890892,Low Risk
2019-12-04,34.04616547,39.13494873,39.18479919,38.89066315,38.93054962,3705704,0.0052503525379201665,39.035240717142855,40.226903534,0.008026664265353766,Low Risk
2019-12-05,34.0331459,39.1199913,39.2595787,38.94051743,39.13494873,2032913,-0.0003822013439493954,39.100050242857144,40.21095047000001,0.006484988381191758,Low Risk
2019-12-08,33.62112808,38.64638138,38.88568115,38.51177979,39.1199913,805836,-0.012106595739452608,39.08509390571429,40.18203544633333,0.008297539745634755,Low Risk
2019-12-09,33.57341766,38.5915451,38.88069534,38.46192551,38.64638138,4917923,-0.0014189240503739153,38.98609924142857,40.15262196866667,0.005505117772582785,Low Risk
2019-12-10,33.79894638,38.85078049,38.96046066,38.48685074,38.5915451,5106825,0.0067174141208459215,38.92342594571429,40.12420539866667,0.006506891515991157,Low Risk
2019-12-11,33.81629181,38.87072372,39.02526855,38.5865593,38.85078049,6614906,0.0005133289408467689,38.87784576285714,40.07767550133333,0.006534536615930867,Low Risk
2019-12-12,33.75123978,38.79594421,38.98040009,38.69124985,38.87072372,2775403,-0.0019238003011897709,38.85861641857143,40.03330599433333,0.006107097377552116,Low Risk
2019-12-15,33.98543549,39.06515121,39.15987396,38.63641357,38.79594421,1291678,0.006939050085823517,38.848645344285714,39.989434941,0.006397567105546401,Low Risk
2019-12-16,33.80328369,38.8557663,39.13494873,38.50180817,39.06515121,2232285,-0.005359889915040328,38.81089891571429,39.93958142533333,0.006686461451991724,Low Risk
2019-12-17,34.30204391,39.42908096,39.87776184,38.51676559,38.8557663,5636177,0.014754944107227663,38.922713141428574,39.893550108999996,0.006919411632007875,Low Risk
2019-12-18,34.87020493,40.08216095,40.376297,39.23963928,39.42908096,2918372,0.01656340888752994,39.13565826285714,39.832230376333335,0.008261460716481818,Low Risk
2019-12-19,35.39499664,40.68539047,40.88480377,39.94257355,40.08216095,9146103,0.015049825301397535,39.39774540285715,39.79284617,0.00903707755328075,Low Risk
2019-12-22,35.60751343,40.92967224,41.15401077,40.38128281,40.68539047,1613102,0.006004164324787009,39.69188090571429,39.758613585333336,0.008645659414224691,Low Risk
2019-12-23,35.91110229,41.27864456,41.44814682,40.78010941,40.92967224,2083401,0.008526144992164086,40.04655238428571,39.741829553,0.007599774842091093,Low Risk
2019-12-24,35.6812439,41.01441956,41.41324997,40.78509521,41.27864456,1515514,-0.006401009597491347,40.325019291428575,39.721888096,0.009592268369693662,Low Risk
2019-12-25,35.35161972,40.63553619,41.19389343,40.23670959,41.01441956,712037,-0.009237808899031918,40.57927213285715,39.698456953666664,0.010495819454925398,Low Risk
2019-12-26,35.97616577,41.35342407,41.42820358,40.43113708,40.63553619,3135292,0.017666504427143792,40.854178291428575,39.707596714000005,0.010927861745560211,Low Risk
2019-12-29,35.56847763,40.88480377,41.34843826,40.66544724,41.35342407,430229,-0.011332079762168212,40.96884155142857,39.68998184066666,0.01185569094124164,Low Risk
2019-12-30,35.92845917,41.2985878,41.40327835,40.78010941,40.88480377,1639764,0.010120729264784245,41.05644117000001,39.69978637566667,0.011138223245997421,Low Risk
2019-12-31,36.00651932,41.38832092,41.63260269,41.22879028,41.2985878,3153233,0.0021727890656833004,41.12196241,39.716902668,0.011013126315893811,Low Risk
2020-01-02,36.04122543,41.42820358,41.55283737,41.12908554,41.38832092,570963,0.0009636211161379027,41.14332798428571,39.749307376666664,0.0105883438907449,Low Risk
2020-01-05,35.06971359,40.31148911,40.87981796,40.13201523,41.42820358,1679811,-0.02695541620199804,41.04290934857143,39.77307090633334,0.014838902321282337,Low Risk
2020-01-06,35.10874557,40.35635757,40.63055038,39.93260193,40.31148911,1865728,0.001113043973085981,41.00302668857143,39.80680516433334,0.014553646040580572,Low Risk
2020-01-08,35.99784851,41.3783493,41.72732544,39.94755936,40.35635757,4145684,0.025324181654087896,41.00658743571428,39.88324699266666,0.016357258949980438,Low Risk
2020-01-09,36.29711151,41.72233963,41.92673874,41.3783493,41.3783493,5606714,0.00831329271996828,41.126235415714284,39.985114159666665,0.015721658315853242,Low Risk
2020-01-12,36.44456863,41.89184189,42.00151825,41.6276207,41.72233963,727424,0.004062625957776511,41.210986,40.089806364666664,0.015428842628033334,Low Risk
2020-01-13,35.99351501,41.37336731,41.87189865,41.04932022,41.89184189,8833615,-0.012376504746709815,41.20884976999999,40.15943501666667,0.01637498823085946,Low Risk
2020-01-14,36.2450676,41.66251755,41.85195923,41.14403915,41.37336731,3888680,0.006988801221652352,41.24232319428571,40.23853581633333,0.016587165267833374,Low Risk
2020-01-15,36.43589783,41.88187027,42.21588898,41.42820358,41.66251755,2022628,0.005264989561342581,41.46666336,40.328271992000005,0.011135979390502133,Low Risk
2020-01-16,36.65708923,42.13612366,42.37541962,41.87688446,41.88187027,4782181,0.006070726745508459,41.72091565857143,40.435124460000004,0.01096478906636494,Low Risk
2020-01-19,37.52884293,43.13817978,43.42234039,41.91178131,42.13612366,1954260,0.02378140258191941,41.972320012857146,40.568565495,0.010523785213427063,Low Risk
2020-01-20,37.16453171,42.71940994,43.32762146,42.28568268,43.13817978,1786982,-0.0097076381557053,42.11475862857143,40.68854611633333,0.011972383715650861,Low Risk
2020-01-21,36.83491135,42.34052277,42.62468719,42.11119843,42.71940994,1330475,-0.008869204198563407,42.17885589714285,40.811684162666666,0.012827591525304797,Low Risk
2020-01-22,37.22524643,42.78920364,42.8889122,42.57483292,42.34052277,1893666,0.010596961035112873,42.381118230000006,40.951606114,0.011531112920177878,Low Risk
2020-01-23,36.92165375,42.44023132,42.79917526,42.28568268,42.78920364,967512,-0.008155616144109978,42.492220197142856,41.071254475,0.012452362019515932,Low Risk
2020-01-26,36.87828064,42.39037704,42.81911469,42.20591736,42.44023132,620294,-0.001174693880061639,42.56486402142857,41.188576252333334,0.012470150753559759,Low Risk
2020-01-27,36.82623291,42.33055115,42.67454147,42.12615204,42.39037704,1959760,-0.0014113082774316332,42.59263937714286,41.30639648366667,0.012362442910033489,Low Risk
2020-01-28,36.74816513,42.24081421,42.38539124,41.95166779,42.33055115,1379000,-0.0021199095585127115,42.46444429571428,41.412251917000006,0.0070418314943295895,Low Risk
2020-01-29,36.74816513,42.24081421,42.24081421,42.24081421,42.24081421,0,0.0,42.396073477142856,41.525086847333334,0.0064242958161598845,Low Risk
2020-01-30,36.89996338,42.41530228,42.52497864,42.37043381,42.2956543,2586738,0.004130793244953246,42.40675626428571,41.62462755800001,0.005820098524325768,Low Risk
2020-02-02,36.908638,42.4252739,42.50005341,42.37541962,42.41530228,704023,0.00023509487057693512,42.354766301428576,41.702731322999995,0.003678488555715031,Low Risk
2020-02-03,36.908638,42.4252739,42.4252739,42.4252739,42.4252739,0,0.0,42.35262952714286,41.76072743733334,0.0020399313368494936,Low Risk
2020-02-04,36.908638,42.4252739,42.4252739,42.4252739,42.4252739,0,0.0,42.35761479285714,41.810580826,0.001979267755839326,Low Risk
2020-02-05,37.47679901,43.07835388,43.12322235,42.87395477,42.9587059,2483806,0.01539365382859681,42.46444375428571,41.87057113666666,0.005973920682416819,Low Risk
2020-02-06,37.47679901,43.07835388,43.07835388,43.07835388,43.07835388,0,0.0,42.584092278571426,41.93936894733334,0.005749003239767277,Low Risk
2020-02-09,37.62859726,43.25284195,43.37248993,42.87395477,43.32762146,683561,0.004050481373686132,42.72866767,42.02661247266667,0.005619927743758624,Low Risk
2020-02-10,37.39873505,42.98861694,43.17307663,42.62468719,43.25284195,3375111,-0.006108847374825421,42.81056976428572,42.08111890166666,0.006638729362846524,Low Risk
2020-02-11,37.41608047,43.00856018,43.22292709,42.72439575,42.98861694,2549657,0.0004639190888098277,42.893896375714284,42.151910782,0.00662950007370331,Low Risk
2020-02-12,36.92599106,42.44521332,43.0982933,42.37541962,43.00856018,1419003,-0.013098482200805561,42.896744864285715,42.19013163266667,0.008778803123336343,Low Risk
2020-02-13,37.06477356,42.60474777,42.79418945,42.45019913,42.44521332,1348550,0.003758596965864003,42.92238398857143,42.230679194333334,0.008885950605712109,Low Risk
2020-02-16,37.07344437,42.61471558,42.81911469,42.45019913,42.60474777,434473,0.00023396007538423191,42.856149945714286,42.27022959433334,0.006101021897730509,Low Risk
2020-02-17,37.29898071,42.87395477,42.91882324,42.5598793,42.61471558,4548340,0.006083325594731015,42.826950072857144,42.35564511633333,0.006753433801375954,Low Risk
2020-02-18,37.00839233,42.53993607,42.87894058,42.37541962,42.87395477,1450648,-0.0077907135413995965,42.72510637571429,42.42843106633333,0.006859191948674097,Low Risk
2020-02-19,37.28596497,42.85899734,43.03847122,42.45518494,42.53993607,4105708,0.007500276198699085,42.706589290000004,42.477786001000005,0.0075140292928233595,Low Risk
2020-02-20,37.30765533,42.88392639,43.12322235,42.62468719,42.85899734,4114043,0.0005816526644857323,42.68878446285714,42.51650555966667,0.007516435049329128,Low Risk
2020-02-23,37.28596497,42.85899734,42.92380905,42.52996445,42.88392639,1448221,-0.0005813145413338106,42.74789646571429,42.548744074666665,0.0050848471507691255,Low Risk
2020-02-24,37.28596497,42.85899734,42.85899734,42.85899734,42.85899734,0,0.0,42.784217832857145,42.59826507566666,0.004991620085945822,Low Risk
2020-02-25,36.4315567,41.87688446,42.27571487,41.39829254,42.46515656,3034747,-0.022914975639978463,42.67881338714286,42.605410639333336,0.010310588250425858,Low Risk
2020-02-26,36.17133713,41.57776642,41.87688446,41.28861618,41.87688446,2440684,-0.007142795932818413,42.49364362285714,42.595273844333335,0.009679624504861359,Low Risk
2020-02-27,35.80701828,41.15899658,41.72732544,40.75518417,41.57776642,4625416,-0.010071965765783952,42.296366552857144,42.562702941666664,0.009852210308477279,Low Risk
2020-03-01,33.90736771,38.97541428,39.38421249,38.64638138,41.15899658,2479391,-0.05305236962606241,41.741568972857145,42.42394409166666,0.019375174406600828,Low Risk
2020-03-02,33.92472076,38.99535751,39.7780571,37.76397705,38.97541428,7370723,0.0005116874411321692,41.186059132857146,42.29980901066667,0.019366829008738554,Low Risk
2020-03-03,33.92472076,38.99535751,38.99535751,38.99535751,38.99535751,0,0.0,40.63411058571428,42.18830350200001,0.01943170245410305,Low Risk
2020-03-04,32.97923279,37.90855026,39.58362961,37.38508987,39.07512283,2087968,-0.027870170179137288,39.92690386,42.025615056,0.01911981154060165,Low Risk
2020-03-05,33.40427017,38.39711761,38.86075211,38.1977005,37.90855026,2505109,0.012888051551671387,39.42979431,41.890844599000005,0.02192543735552393,Medium Risk
2020-03-08,31.85592651,36.61734772,38.10796738,36.2683754,38.39711761,1582550,-0.046351653477668564,38.72116306714286,41.698410288333335,0.02520883014039143,Medium Risk
2020-03-09,29.52257347,33.93523407,35.81969452,32.97804642,36.61734772,7401341,-0.07324707596271529,37.689196994285716,41.418566385666665,0.032324415943385566,Medium Risk
2020-03-10,30.45071411,35.00209808,35.63523483,34.46866608,33.93523407,3388171,0.0314382393178525,37.121580394285715,41.177275848,0.036378458510138045,Medium Risk
2020-03-11,30.45071411,35.00209808,35.00209808,35.00209808,35.00209808,0,0.0,36.55111476142857,40.935985310333336,0.03634338537143891,Medium Risk
2020-03-15,27.38005066,31.47247314,34.14461899,31.44754791,34.93728638,17661326,-0.10084038196604017,35.476416994285714,40.571224339,0.047730933718901934,Medium Risk
2020-03-16,25.54546165,29.36367226,31.25810432,28.34167862,31.47247314,5148437,-0.06700461290790061,34.25572013714286,40.13583761766667,0.049804198003166406,Medium Risk
2020-03-17,25.7840023,29.63786697,30.65986252,28.66572571,29.36367226,4629706,0.009337888925204929,33.004398617142854,39.70959072,0.04925349525854247,Medium Risk
2020-03-18,24.65202141,28.33669281,30.41558075,27.44431686,29.63786697,6239830,-0.04390242257707255,31.821447915714288,39.239971350333334,0.04917001771278955,Medium Risk
2020-03-19,26.46926689,30.42555237,31.16836739,25.52495956,28.33669281,13080546,0.07371571460388782,31.320064815714286,38.8182113,0.060199880784405725,High Risk
2020-03-22,28.07831955,32.27511215,33.46660995,31.40267944,30.42555237,7576031,0.06078968616601643,30.930495397142856,38.45810324233333,0.06473497522789334,High Risk
2020-03-23,28.19108772,32.40473175,34.8874321,31.53229713,32.27511215,11959749,0.0040160851927513175,30.559443064285716,38.096499569,0.0648529666523065,High Risk
2020-03-24,27.2239151,31.29300117,31.91118431,30.41059685,32.40473175,6875818,-0.034307661874102835,30.53380421142857,37.70664571,0.05295560242231081,High Risk
2020-03-25,27.15452385,31.21323586,31.9061985,30.85927582,31.29300117,4307881,-0.0025489824247496573,30.798027582857145,37.313468232666665,0.044159645950367754,Medium Risk
2020-03-26,27.12416077,31.1783371,31.52731133,30.75956917,31.21323586,5991930,-0.0011180756829100025,31.018094744285715,36.937905691999994,0.04434587247680397,Medium Risk
2020-03-29,26.47793579,30.43552208,30.83435059,30.32584572,31.1783371,2264874,-0.023824715783190453,31.317927497142854,36.532264835666666,0.04094102562043335,Medium Risk
2020-03-30,25.64521408,29.47833633,30.64989281,29.31381989,30.43552208,6026673,-0.03144962479973323,31.182610920000002,36.09438552733334,0.03249974243153891,Medium Risk
2020-03-31,25.48908234,29.29886436,29.62789726,29.03962517,29.47833633,7695026,-0.006088266582987334,30.757432664285716,35.64188251366667,0.015793643759640038,Low Risk
2020-04-01,25.03368568,28.77540207,29.03962517,28.60091591,29.29886436,3752991,-0.01786629964793629,30.238956995714286,35.18306471366667,0.013755886002773523,Low Risk
2020-04-02,24.85152817,28.56601715,28.85516739,28.41645813,28.77540207,10562381,-0.007276524563953668,29.84938785,34.70663204066667,0.011633860768062684,Low Risk
2020-04-05,24.31372833,27.94783592,28.66572571,27.79328918,28.56601715,3065700,-0.021640441744256278,29.382902144285712,34.20876235833334,0.011029947644301262,Low Risk
2020-04-06,24.72141266,28.41645813,28.6607399,28.21704483,27.94783592,9667153,0.016767745858442096,28.98834800571429,33.72734438466667,0.015929687852549834,Low Risk
2020-04-07,26.54745865,29.90707588,30.644907,28.42144394,28.41645813,8633290,0.052456141549404256,28.91285569142857,33.295613669333335,0.028480549179133164,Medium Risk
2020-04-08,27.60953712,31.10355759,32.13053894,29.96191406,29.90707588,6279864,0.040006643070047865,29.145030157142855,32.93650277366667,0.02903188299235339,Medium Risk
2020-04-09,28.99023628,32.65898514,32.90326691,31.91118431,31.10355759,6348984,0.05000802707212104,29.62504741142857,32.639210064333334,0.03206244063440294,Medium Risk
2020-04-12,28.68046379,32.31001282,32.90326691,32.03581619,32.65898514,1983664,-0.01068533876677591,30.129991804285712,32.344243939,0.030889267086375016,Medium Risk
2020-04-13,28.83091927,32.47951126,32.75370789,32.15546417,32.31001282,2355101,0.005246003489515427,30.68906239142857,32.127713838333335,0.029577607892614155,Medium Risk
2020-04-14,28.83091927,32.47951126,32.65399933,32.26015854,32.47951126,21358868,0.0,31.336444582857148,31.910518963333335,0.025484190612882904,Medium Risk
2020-04-15,28.4149437,32.01089096,32.65399933,31.83141708,32.47951126,9123706,-0.014428182008302981,31.849934987142856,31.677703411666666,0.029027239139615923,Medium Risk
2020-04-16,27.34844398,30.80942345,31.9061985,30.61000824,32.01089096,10913153,-0.0375330855833198,31.978841782857142,31.441065851333335,0.030843644175116734,Medium Risk
2020-04-21,26.31734467,29.64783859,30.53522873,29.41352654,30.80942345,9513841,-0.03770225891714962,31.770881925714285,31.149423217333332,0.029973206822067156,Medium Risk
2020-04-22,26.00757408,29.29886436,29.86220741,29.15927315,29.64783859,33770173,-0.011770646583245559,31.290864671428572,30.905473772,0.016767546683174206,Low Risk
2020-04-23,27.00326729,30.42056656,30.65986252,29.68273544,29.29886436,9800359,0.03828483541947092,31.020943777142858,30.788318188333335,0.026429755014735254,Medium Risk
2020-04-26,27.61396408,31.1085434,31.85634422,30.65986252,30.42056656,4920060,0.022615516993842455,30.825091225714285,30.658533032333334,0.02863386888623024,Medium Risk
2020-04-27,27.40597153,30.87423134,31.65194511,30.54021454,31.1085434,6417858,-0.007532080720950685,30.59576552285714,30.520937474333333,0.028521303738609578,Medium Risk
2020-04-28,27.27763939,30.72965813,31.08361626,30.53522873,30.87423134,8404323,-0.004682649696049146,30.412732261428573,30.496176974,0.028327877825077646,Medium Risk
2020-04-29,28.1494236,31.7117691,32.40473175,30.86924744,30.72965813,7827949,0.03195971025272204,30.541638782857145,30.574446868666666,0.027381453693223225,Medium Risk
2020-04-30,28.2998867,31.88127136,32.15546417,31.65693092,31.7117691,10138193,0.00534509000319372,30.86070060714286,30.649227015,0.020237965838471362,Medium Risk
2020-05-03,27.45465088,30.92907143,31.75663757,30.56015587,31.88127136,2683000,-0.029867062679146517,31.093587331428573,30.735639635666665,0.024317031934797863,Medium Risk
2020-05-04,27.21125603,30.65487671,31.15341187,30.41059685,30.92907143,2429274,-0.008865274879673368,31.12706021,30.743283780333336,0.02081364100854338,Medium Risk
2020-05-05,27.45907593,30.93405724,31.13845634,30.65986252,30.65487671,4351280,0.009107214249826967,31.102133615714287,30.69858195,0.01905820163115375,Low Risk
2020-05-06,27.68034363,31.18332481,31.40766335,30.9739399,30.93405724,11112959,0.00805803028248353,31.146289825714288,30.657868385333337,0.019030540475154064,Low Risk
2020-05-07,27.96356201,31.50238609,31.65693092,31.20825005,31.18332481,7730851,0.010231791572709037,31.256679534285713,30.664847882666667,0.019047508058439258,Low Risk
2020-05-10,28.40166664,31.99593544,32.40473175,31.60707855,31.50238609,1977751,0.015667046571963272,31.297274725714285,30.690937868666666,0.0157260204967852,Low Risk
2020-05-11,28.22465515,31.79652023,32.28009796,31.39769363,31.99593544,11320214,-0.006232516951221845,31.28516742142857,30.711543973,0.015848142774757927,Low Risk
2020-05-12,28.98138428,32.64901352,33.15253448,32.08068466,31.79652023,5761502,0.026810898923325333,31.530873434285713,30.785327021,0.012285710753018146,Low Risk
2020-05-13,28.49902534,32.10561371,32.77863312,31.79652023,32.64901352,2603744,-0.016643682347925237,31.738121577142856,30.87290293366667,0.01424280382272823,Low Risk
2020-05-14,28.36626434,31.95605278,32.10561371,31.83141708,32.10561371,3237014,-0.004658404332368082,31.88412094,30.961475881000002,0.014796855662216496,Low Risk
2020-05-17,28.56097794,32.17540741,32.40473175,31.87628746,31.95605278,1170360,0.006864259222192803,32.025847025714285,31.074809392333332,0.014759174129852379,Low Risk
2020-05-18,28.48132133,32.08567047,32.35488129,31.91118431,32.17540741,4513205,-0.0027889915691358125,32.109173365714284,31.192131169666663,0.01474823061387633,Low Risk
2020-05-19,28.7424202,32.37980652,32.64402771,32.23522949,32.08567047,3673417,0.009167209090270356,32.16401209142857,31.339863523000002,0.013981697506013533,Low Risk
2020-05-20,28.43264198,32.03083038,32.40473175,31.92115593,32.37980652,3732386,-0.010777585708687032,32.19748497,31.460342598,0.014511747826140807,Low Risk
2020-05-21,27.66263962,31.16338158,31.94608116,31.00883675,32.03083038,10100647,-0.027081683169276505,31.985251835714287,31.502219454666665,0.01281926006007537,Low Risk
2020-05-31,27.83965302,31.36279678,31.65693092,31.14344025,31.16338158,5059061,0.006399023144779026,31.879135131428573,31.510860761,0.012756674693593022,Low Risk
2020-06-01,27.72459412,31.23317719,31.5073719,31.05868912,31.36279678,6665987,-0.004132909156961961,31.775867189999996,31.463333829333337,0.012748672583075623,Low Risk
2020-06-02,27.96356201,31.50238609,31.65194511,31.35781097,31.23317719,2852872,0.008619324840451803,31.679721287142858,31.436412938333333,0.012994321022337852,Low Risk
2020-06-03,28.30430984,31.88625717,32.20531845,31.40766335,31.50238609,7647857,0.01218546045697333,31.651233672857142,31.416637802000004,0.014200377702042966,Low Risk
2020-06-04,29.19822121,32.89329529,33.89535141,31.93112564,31.88625717,10527135,0.031582199021698454,31.72458921142857,31.430430602999998,0.0186526381864944,Low Risk
2020-06-07,30.83559036,34.73787308,35.02203751,33.91030884,32.89329529,2875914,0.05607762231596114,32.111309597142856,31.521330007,0.02632098253683302,Medium Risk
2020-06-08,30.84001541,34.74285889,34.89740372,34.1595726,34.73787308,2883682,0.00014352663412986466,32.62266349857143,31.652444521666666,0.021082399073961988,Medium Risk
2020-06-09,30.54794121,34.41382599,34.79769897,34.1496048,34.74285889,2221722,-0.009470518849406084,33.05852481428571,31.811310768333335,0.0230300241006424,Medium Risk
2020-06-10,30.0124855,33.81060028,34.20444107,33.7009201,34.41382599,6467279,-0.017528586044901928,33.42672811285714,31.961701965666666,0.025200669713049097,Medium Risk
2020-06-11,29.86644554,33.64608383,33.82555771,33.55136108,33.81060028,2602873,-0.00486582458275131,33.73297064714286,32.069219208,0.025975241285576288,Medium Risk
2020-06-14,29.81334114,33.58625793,33.90033722,33.15253448,33.64608383,1726364,-0.0017780940064905382,33.97582789857143,32.15180969233333,0.026289690198337313,Medium Risk
2020-06-15,29.37966156,33.0976944,33.90033722,32.80854416,33.58625793,19872555,-0.014546530638163357,34.00502777142857,32.22592512766667,0.025069525274030845,Medium Risk
2020-06-16,30.39305687,34.23933792,34.64315033,33.90033722,33.0976944,2193840,0.03449314342572429,33.933808462857144,32.342914454,0.017315402223004792,Low Risk
2020-06-17,30.28242493,34.11470413,34.29916382,33.89535141,34.23933792,5847813,-0.0036400759352065437,33.84407206857143,32.42301228833333,0.0172987105507501,Low Risk
2020-06-18,30.0744381,33.88039398,34.11968994,33.72584915,34.11470413,10553647,-0.006868303741023762,33.76786749571429,32.489649709,0.017150691598301616,Low Risk
2020-06-21,29.9062748,33.6909523,33.90033722,33.05282974,33.88039398,488810,-0.005591483974827227,33.75077492714286,32.58171240466667,0.01591009673963693,Low Risk
2020-06-22,29.53012276,33.26719666,33.80062866,32.9630928,33.6909523,4577578,-0.01257772817540681,33.69664818857143,32.66878973633333,0.016525992519777783,Low Risk
2020-06-23,29.49472046,33.227314,33.40180206,32.85341263,33.26719666,3283563,-0.0011988584553009884,33.64537048428571,32.745231628333336,0.016525825715836967,Low Risk
2020-06-24,30.0744381,33.88039398,34.04491043,33.65106964,33.227314,2894841,0.019654913424539844,33.75718471,32.835133934000005,0.017045325933039045,Low Risk
2020-06-25,29.50357246,33.23728561,33.85048294,33.15253448,33.88039398,2040595,-0.018981726433867196,33.61403438000001,32.892963918,0.012083829200919343,Low Risk
2020-06-28,29.18494606,32.87834167,33.15253448,32.65399933,33.23728561,2371379,-0.010799436037340238,33.43741117142857,32.922377458999996,0.012331752328632338,Low Risk
2020-06-29,28.77339363,32.41470337,32.80355835,32.20531845,32.87834167,2681622,-0.014101632760360583,33.22802679857143,32.942983563666665,0.012789913544200851,Low Risk
2020-06-30,28.56097794,32.17540741,32.40473175,31.93112564,32.41470337,6320761,-0.00738232762054114,33.011520385714284,32.927196693333336,0.012792970170015603,Low Risk
2020-07-05,29.11414146,32.79857635,33.12760925,32.39974976,32.17540741,2514733,0.019367864781296262,32.944574627142856,32.950295448,0.015638340780123224,Low Risk
2020-07-06,29.53454971,33.27218246,33.65106964,32.91323853,32.79857635,11216943,0.014439837416906798,32.950984407142855,32.994166437333334,0.016830217981270847,Low Risk
2020-07-07,29.38851357,33.10766602,33.54637527,32.90326691,33.27218246,20673124,-0.004944564132448592,32.84059469857143,33.025241724333334,0.014529668881393286,Low Risk
2020-07-08,29.6850071,33.44168472,33.62614059,33.1625061,33.10766602,6474147,0.0100888627968585,32.86979457142858,33.070442199333336,0.01337589053886312,Low Risk
2020-07-09,29.34425735,33.05781174,33.27218246,32.90326691,33.44168472,3056421,-0.01147887683333193,32.895433152857144,33.09304237333333,0.013477463172840164,Low Risk
2020-07-12,29.50357246,33.23728561,33.40678787,32.90326691,33.05781174,803208,0.005429091054530932,33.012944901428575,33.133257547666666,0.011779626153642498,Low Risk
2020-07-13,29.22035217,32.91822433,33.40180206,32.65399933,33.23728561,2129728,-0.009599498699857878,33.11906160428571,33.191752306,0.012149575969506757,Low Risk
2020-07-14,29.07874489,32.7586937,33.00297546,32.38479233,32.91822433,1698011,-0.004846270819492848,33.113364082857146,33.238282203333334,0.010095382290218379,Low Risk
2020-07-15,28.53442764,32.14549637,33.15253448,30.9091301,32.7586937,4229634,-0.01871861361797844,32.952408927142855,33.26869284266667,0.00989675391068604,Low Risk
2020-07-16,27.85735321,31.38273811,31.66690254,30.93405724,32.14549637,2928955,-0.023728308663226838,32.70599065428571,33.26470457666667,0.012199785205934226,Low Risk
2020-07-19,27.17585373,30.61499405,31.40766335,30.06660652,31.38273811,1721668,-0.024463896595286583,32.30217770142857,33.22232913933333,0.010780902227059339,Low Risk
2020-07-20,27.66706467,31.16836739,31.40766335,30.63493538,30.61499405,3717422,0.018075239181697622,32.03225708,33.16483154266667,0.015840881332107218,Low Risk
2020-07-21,28.41051674,32.00590515,32.39974976,31.3777523,31.16836739,10827317,0.02687140296827706,31.856345585714283,33.073765945,0.02035903237073316,Medium Risk
2020-07-22,27.90160751,31.43259048,32.08068466,30.90414429,32.00590515,3992757,-0.01791277788623935,31.64411217857143,32.96342366466667,0.020893793967976727,Medium Risk
2020-07-26,27.69361877,31.19828033,31.5073719,30.9091301,31.43259048,1152111,-0.007454369697880603,31.421195982857142,32.856238809333334,0.0208849501219383,Medium Risk
2020-07-27,28.05649376,31.60707855,31.88127136,31.26308823,31.19828033,3295915,0.013103229270201355,31.344279151428573,32.782788085,0.021307541167126354,Medium Risk
2020-07-28,27.93258095,31.46748734,31.80649185,31.20825005,31.60707855,5161872,-0.004416454047759477,31.356386184285718,32.710168202,0.019204332383973625,Low Risk
2020-07-29,27.87063026,31.39769363,31.65693092,31.21822166,31.46748734,4118486,-0.002217962598853096,31.46820041,32.63721605866667,0.015939522339972576,Low Risk
2020-08-04,27.59183311,31.08361626,31.40766335,30.9091301,31.39769363,5329365,-0.010003198760430765,31.456093105714285,32.57008012066667,0.015243040969750541,Low Risk
2020-08-05,27.83522797,31.35781097,31.5073719,31.15839767,31.08361626,4790389,0.008821197241224654,31.363508222857142,32.47402922233333,0.010745766161786787,Low Risk
2020-08-06,28.34413719,31.93112564,32.13053894,31.25810432,31.35781097,3918494,0.018282994005815345,31.43472753142857,32.40124327266667,0.011005536549386569,Low Risk
2020-08-09,28.83534622,32.48449707,32.72379684,31.83141708,31.93112564,2855131,0.01733015729664089,31.618472779999998,32.35471337566666,0.011325681376599162,Low Risk
2020-08-10,28.55655098,32.1704216,32.85341263,31.80649185,32.48449707,2720388,-0.009668472604738576,31.69895035857143,32.304029019,0.012134220376818767,Low Risk
2020-08-11,28.1936779,31.76162338,32.39974976,31.46748734,32.1704216,1619130,-0.012707269587041936,31.74096979285714,32.253843243,0.013282369910431698,Low Risk
2020-08-12,28.2467804,31.82144737,32.1006279,31.49241447,31.76162338,2203079,0.0018835306144229236,31.801506041428574,32.206981022,0.013186010218671966,Low Risk
2020-08-13,28.53885078,32.15047836,32.34490967,31.9061985,31.82144737,4106210,0.010339912769341764,31.95391491285714,32.149317168,0.012314876881176193,Low Risk
2020-08-16,28.97253609,32.63904572,32.90326691,32.15546417,32.15047836,4730257,0.015196270317640037,32.13694844857143,32.12937583833334,0.012876343354280487,Low Risk
2020-08-17,29.35310936,33.06778336,33.30209351,32.41470337,32.63904572,5990810,0.013135728405726299,32.29932812285715,32.135690561333334,0.012172976781256511,Low Risk
2020-08-18,29.20264816,32.8982811,33.02291489,32.65399933,33.06778336,4551080,-0.005125903304575186,32.358440127142856,32.151809819,0.011334470557830522,Low Risk
2020-08-19,29.37081528,33.08772659,33.25223923,32.65898514,32.8982811,4642339,0.0057585224414660185,32.48948369714286,32.18222045833333,0.010156822711213495,Low Risk
2020-08-23,29.99035645,33.78567123,34.02497101,33.23728561,33.08772659,2934062,0.021093762307953012,32.77863339,32.215123621,0.00879555989545497,Low Risk
2020-08-24,30.0744381,33.88039398,33.96514511,33.67599487,33.78567123,7214662,0.0028036367652772842,33.07276862,32.235397338333335,0.008679380560354758,Low Risk
2020-08-25,30.35323143,34.19446945,34.39388657,33.89535141,33.88039398,9834415,0.00927012449103759,33.36476734714286,32.27162411933333,0.008661848442421079,Low Risk
2020-08-26,30.34880829,34.18948746,34.19945526,33.92526245,34.19446945,7659227,-0.00014569578297685126,33.58625902428572,32.29655087733333,0.008736765004815773,Low Risk
2020-08-27,30.38862991,34.23435211,34.39388657,33.90033722,34.18948746,3953522,0.0013122352317358477,33.75291170285714,32.33576888966667,0.008418769401113446,Low Risk
2020-08-30,30.24702454,34.07482147,34.23933792,33.95018768,34.23435211,235205,-0.004659957912666379,33.92098889857143,32.36368675166667,0.008326747654537541,Low Risk
2020-08-31,29.90184784,33.68596649,34.07482147,33.41177368,34.07482147,2999943,-0.011411798014623775,34.00645174142857,32.389278157,0.010366495504688501,Low Risk
2020-09-01,29.58765602,33.33200836,33.65106964,33.05282974,33.68596649,2458925,-0.010507584222203326,33.94164276,32.40838864566667,0.007443944698011806,Low Risk
2020-09-02,29.50357246,33.23728561,33.35194778,33.05282974,33.33200836,1685500,-0.0028417954590961303,33.84977013571429,32.44478162033333,0.007148667703064362,Low Risk
2020-09-03,29.49472046,33.227314,33.64608383,32.96807861,33.23728561,1454399,-0.0003000127662952101,33.71160507142857,32.50626748333333,0.005095453079753109,Low Risk
2020-09-06,29.33983421,33.05282974,33.40180206,32.8284874,33.227314,1441160,-0.005251229756338405,33.549225397142855,32.587528673,0.0047951184141825295,Low Risk
2020-09-07,29.62305641,33.37189102,33.59622955,33.227314,33.05282974,1273260,0.009653070024860044,33.42601667,32.66097946066667,0.007067479512481329,Low Risk
2020-09-08,29.50357246,33.23728561,33.40180206,33.00297546,33.37189102,1469609,-0.004033496631021816,33.30636869,32.702025475999996,0.007056029319195997,Low Risk
2020-09-09,29.50357246,33.23728561,33.23728561,33.23728561,33.23728561,0,0.0,33.242271421428576,32.76218198033334,0.006196818651856282,Low Risk
2020-09-10,29.92840195,33.71587753,33.88039398,33.40180206,33.39681625,1310617,0.014399248049786761,33.29710987428572,32.846101887,0.007452315272784641,Low Risk
2020-09-13,30.06116295,33.86544037,34.04989624,33.41177368,33.71587753,1789084,0.0044359764881374275,33.38684626857143,32.92138061433334,0.00722361068970521,Low Risk
2020-09-14,29.80006599,33.57130432,33.90033722,33.40180206,33.86544037,1753008,-0.008685434082249865,33.435987742857144,32.991507847,0.008403122610805894,Low Risk
2020-09-15,29.95495224,33.74578857,33.88537979,33.42174149,33.57130432,469022,0.005197422427702714,33.53498186142857,33.06977767833333,0.007917450953564938,Low Risk
2020-09-16,30.13638878,33.95018768,34.13464737,33.68098068,33.74578857,2474046,0.006057025740441757,33.61759567,33.165330059,0.007520159085372791,Low Risk
2020-09-17,29.80891418,33.58127213,33.95018768,33.40678787,33.95018768,5982805,-0.01086637733721052,33.666736601428575,33.239445431,0.008835233683991502,Low Risk
2020-09-20,29.43719292,33.1625061,33.58625793,32.90326691,33.58127213,2016336,-0.01247022532019848,33.65605381428572,33.280491446333336,0.010321538973732964,Low Risk
2020-09-21,29.55225182,33.2921257,33.60121536,33.08772659,33.1625061,1844729,0.003908618956876664,33.59551783857143,33.30741240066667,0.008422491122579008,Low Risk
2020-09-22,29.7115593,33.47159576,33.8903656,33.03288651,33.2921257,985450,0.005390766021287741,33.53925432285714,33.350784872666665,0.008546649778923426,Low Risk
2020-09-23,29.66288567,33.41675949,33.67599487,33.30209351,33.47159576,1704560,-0.0016382926703940592,33.51717649,33.40595607633334,0.007974070940380423,Low Risk
2020-09-24,29.64075661,33.39183044,33.46660995,33.15253448,33.41675949,1810210,-0.0007460044115724651,33.46661104285714,33.45830217866667,0.007555399088439526,Low Risk
2020-09-27,29.60092735,33.34696198,33.65106964,33.17745972,33.39183044,949200,-0.0013436957306254271,33.38043594285714,33.498184966000004,0.006805417934071732,Low Risk
2020-09-28,29.55667496,33.2971077,33.40180206,33.25223923,33.34696198,1648919,-0.0014950171481860064,33.33984102428571,33.520120365333334,0.005730911123012583,Low Risk
2020-09-29,29.45931816,33.18743134,33.30209351,33.12760925,33.2971077,4674586,-0.0032938704763235682,33.34340177285714,33.524108631333334,0.0032244092422809368,Low Risk
2020-09-30,29.4548912,33.18244553,33.32702255,33.11265182,33.18743134,2977371,-0.00015023187389595627,33.32773317714286,33.533580779,0.0027592311256490532,Low Risk
2020-10-01,29.49472046,33.227314,33.40180206,33.15253448,33.18244553,776012,0.0013521749010159123,33.292835782857146,33.538233692666665,0.0014339691449521243,Low Risk
2020-10-04,29.44604301,33.17247772,33.2971077,33.10268021,33.227314,381181,-0.0016503374302236917,33.25793838714286,33.517793909000005,0.0014348067090467042,Low Risk
2020-10-05,29.39294052,33.11265182,33.54637527,32.90326691,33.17247772,918227,-0.001803479996428825,33.21805572714286,33.49220250366667,0.0014534180629732294,Low Risk
2020-10-06,29.39294052,33.11265182,33.11265182,33.11265182,33.11265182,0,0.0,33.18458284714286,33.456141916,0.0015182225290790346,Low Risk
2020-10-07,30.25144958,34.07980728,34.22438431,33.68098068,33.42174149,2975849,0.029208033994300386,33.29639707285715,33.45248591,0.011487672070874535,Low Risk
2020-10-11,30.0832901,33.8903656,34.1496048,33.67599487,34.07980728,1333103,-0.005558766176215091,33.39681625285714,33.441019693,0.011736192673337784,Low Risk
2020-10-12,30.0744381,33.88039398,33.90033722,33.65106964,33.8903656,1911316,-0.0002942317034195785,33.49652317428571,33.43453877666666,0.011742875145191532,Low Risk
2020-10-13,29.91512489,33.7009201,33.90033722,33.50151062,33.88039398,1655340,-0.00529727842320693,33.564181188571425,33.435037230333336,0.012163231126437505,Low Risk
2020-10-14,29.9239769,33.71089172,33.80062866,33.63611221,33.7009201,3671403,0.0002958856900765472,33.641097474285715,33.44766667566667,0.012085578523513132,Low Risk
2020-10-15,29.96822739,33.760746,33.85048294,33.50649261,33.71089172,2835728,0.0014788775216652006,33.733682357142854,33.46511535533333,0.011959944596443464,Low Risk
2020-10-18,29.67173195,33.42672729,33.7009201,33.18244553,33.760746,697468,-0.009893700512423331,33.77855028142857,33.471762465,0.012898354862726377,Low Risk
2020-10-19,29.5079937,33.24227142,33.40180206,33.10766602,33.42672729,1066524,-0.00551821506184913,33.65890230142857,33.47807718766667,0.004120769424910992,Low Risk
2020-10-20,29.56110191,33.30209351,33.40180206,33.09270859,33.24227142,1796463,0.0017995788929154877,33.574863431428575,33.475750604,0.0044459853260149975,Low Risk
2020-10-21,29.47259521,33.20238876,33.38684464,33.13757706,33.30209351,1591936,-0.0029939484125843796,33.47800554285714,33.47458737566667,0.004339600126101134,Low Risk
2020-10-22,29.47259521,33.20238876,33.20238876,33.20238876,33.20238876,0,0.0,33.40678678,33.47342414733333,0.004308673086619661,Low Risk
2020-10-25,27.36171913,30.82437897,31.40766335,29.88214874,33.20238876,7003836,-0.07162164768291801,32.99442781571428,33.377040862,0.02644909819833799,Medium Risk
2020-10-26,26.75102615,30.13640213,30.90414429,29.91206169,30.82437897,10484924,-0.02231924414988473,32.47666440571429,33.25273958733333,0.02589252178181132,Medium Risk
2020-10-27,26.86608505,30.26602173,30.7147007,30.13141632,30.13640213,14437552,0.004301097371904428,32.025135039999995,33.142563501000005,0.026965122543078913,Medium Risk
2020-10-28,27.01654434,30.43552208,30.65986252,30.11147499,30.26602173,6462469,0.0056003511631654845,31.624170848571428,33.03222128466667,0.027844944726951044,Medium Risk
2020-11-01,27.00326729,30.42056656,30.53522873,30.16631317,30.43552208,3669145,-0.0004913837180346992,31.212524141428567,32.91456724733333,0.02766618923177254,Medium Risk
2020-11-02,27.19798088,30.63992119,31.15839767,30.41059685,30.42056656,5683792,0.007210734539323971,30.84645734571429,32.816522215999996,0.028506876150141684,Medium Risk
2020-11-03,27.64936447,31.14842606,31.39769363,30.85927582,30.63992119,1916971,0.016596154632602778,30.553034102857143,32.749386214666664,0.030217461840200813,Medium Risk
2020-11-04,27.71574211,31.22320747,31.35781097,31.00883675,31.14842606,1629811,0.002400808626925599,30.610009602857144,32.680422273666665,0.011945571298592013,Low Risk
2020-11-05,27.99011421,31.53229713,31.7067852,30.91411591,31.22320747,4808230,0.009899356441742224,30.809423174285712,32.615778985999995,0.005557583727156647,Low Risk
2020-11-08,28.08304596,31.63698959,31.85634422,31.40766335,31.53229713,1624744,0.0033201659735850875,31.005275725714284,32.55645332266666,0.005634180359646145,Low Risk
2020-11-09,28.1848278,31.75165367,31.9061985,31.55722427,31.63698959,2838203,0.0036243675990033086,31.193294524285715,32.501780763666666,0.005727447074539057,Low Risk
2020-11-10,28.71144104,32.34490967,32.85341263,32.08567047,31.75165367,8182457,0.018684255193943677,31.46820068285714,32.46837902,0.006582497535542284,Low Risk
2020-11-11,28.73356628,32.3698349,32.40473175,32.27013016,32.34490967,2443510,0.0007706075006639335,31.71533121285714,32.43746992666667,0.007260003952555766,Low Risk
2020-11-12,28.67603874,32.30502701,32.39476013,31.93611145,32.3698349,7752962,-0.002002107523878527,31.88055992,32.408056449,0.00694308031723323,Low Risk
2020-11-15,28.335289,31.92115593,32.37980652,31.7067852,32.30502701,4150195,-0.011882704195887994,31.98026684285714,32.366013462333335,0.009533186526261655,Low Risk
2020-11-16,28.2467804,31.82144737,32.1006279,31.65693092,31.92115593,1708580,-0.0031235886387902534,32.02157402,32.31915124133334,0.009275595074152375,Low Risk
2020-11-17,28.15385246,31.71675682,31.88127136,31.60707855,31.82144737,2815543,-0.003289936777002178,32.032969338571434,32.270627211333334,0.009376513970295404,Low Risk
2020-11-18,28.03879547,31.58713722,31.76660919,31.40766335,31.71675682,2412347,-0.0040867860713383886,32.009466988571425,32.219776724666666,0.009387155554792748,Low Risk
2020-11-19,27.72459412,31.23317719,31.45253181,31.13347054,31.58713722,2422402,-0.011205828104481785,31.850648062857143,32.15712757033334,0.004751241492697105,Low Risk
2020-11-22,27.58740997,31.07863235,31.15839767,30.91910172,31.23317719,1327214,-0.004948098589517835,31.666190555714284,32.057088406000005,0.0040367098303022726,Low Risk
2020-11-23,27.48120308,30.95898247,31.35781097,30.81440735,31.07863235,2834749,-0.0038499081508006627,31.47389847857143,31.959375635,0.0038011717475925594,Low Risk
2020-11-24,27.67149162,31.1733532,31.45751762,30.8443203,30.95898247,2260710,0.006924346761323141,31.367069517142856,31.869140942333335,0.005333469483730984,Low Risk
2020-11-25,28.01666451,31.56221008,31.89124298,31.35781097,31.1733532,2872939,0.012474015147013295,31.330035618571426,31.79785060833333,0.008029601330895845,Low Risk
2020-11-26,27.73787117,31.24813271,31.60707855,31.15839767,31.56221008,3585395,-0.009951057584494771,31.263089317142857,31.71575864133333,0.008694027323793898,Low Risk
2020-11-29,27.73344612,31.2431488,31.40766335,31.15839767,31.24813271,803964,-0.00015949465032849552,31.213948114285717,31.631838734666665,0.008670524121705887,Low Risk
2020-11-30,27.53430748,31.01880646,31.40766335,30.9091301,31.2431488,10868205,-0.007180529127717161,31.183323724285714,31.551574707,0.008031884085856561,Low Risk
2020-12-01,27.945858,31.48244476,31.64696121,31.28303146,31.01880646,1924160,0.014947006442619815,31.241011211428575,31.49291381833333,0.009725254621240645,Low Risk
2020-12-02,27.85292625,31.3777523,31.58215141,31.01382256,31.48244476,5167527,-0.0033254234478325984,31.30083547285714,31.428769111333335,0.009675588720306922,Low Risk
2020-12-03,27.72901917,31.23816299,31.3777523,31.03376389,31.3777523,4182855,-0.004448671423797346,31.310094014285717,31.363294918999998,0.009658151134180759,Low Risk
2020-12-06,27.72459412,31.23317719,31.37276649,30.98390961,31.23816299,752959,-0.0001596060562715218,31.26308931571429,31.297654533333333,0.008060254297486361,Low Risk
2020-12-07,27.69361877,31.19828033,31.25810432,31.03874969,31.23317719,3058545,-0.0011173009965560476,31.255967547142856,31.310117912,0.007151031491214211,Low Risk
2020-12-08,27.70689392,31.21323586,31.3079567,31.1085434,31.19828033,820866,0.0004793703320122855,31.251694269999998,31.346012369666667,0.007155803469120691,Low Risk
2020-12-09,27.65378952,31.15341187,31.40766335,31.00883675,31.21323586,1834746,-0.0019166224952879007,31.270923614285717,31.375592041,0.006539611685029873,Low Risk
2020-12-10,27.70246696,31.20825005,31.40267944,31.05868912,31.15341187,1492167,0.001760262414557845,31.23175294142857,31.40134964,0.0021695685918712002,Low Risk
2020-12-13,27.73344612,31.2431488,31.28303146,31.15839767,31.20825005,800191,0.0011182539855354445,31.212523870000002,31.428769048,0.0021092879466891776,Low Risk
2020-12-14,27.66263962,31.16338158,31.30297279,31.08361626,31.2431488,3380767,-0.002553110779922485,31.201840811428575,31.44621772766667,0.001593178182221509,Low Risk
2020-12-15,27.67591476,31.1783371,31.22819138,31.12350082,31.16338158,3001413,0.0004799068407133067,31.19400651285714,31.447214762333335,0.00162338020625145,Low Risk
2020-12-16,27.59626007,31.08860207,31.34783936,30.91910172,31.1783371,3205684,-0.002878121104155973,31.17833819,31.44272791566667,0.0018940452521384963,Low Risk
2020-12-17,27.00326729,30.42056656,31.15839767,30.16132736,31.08860207,8229422,-0.02148811672187223,31.065099718571428,31.405670230000002,0.008083569084095441,Low Risk
2020-12-20,26.79970551,30.19124031,30.41059685,29.97188568,30.42056656,4123077,-0.007538526593437678,30.927646638571428,31.357478587333336,0.008162738899732363,Low Risk
2020-12-21,26.60056686,29.96689987,30.16132736,29.46338081,30.19124031,7205679,-0.00743064669409077,30.750310898571428,31.297986794,0.007726188442047181,Low Risk
2020-12-22,26.49878311,29.8522377,30.01176834,29.63786697,29.96689987,1562965,-0.003826294027657773,30.551609312857142,31.21489772833333,0.007201180331240771,Low Risk
2020-12-23,26.49878311,29.8522377,30.11147499,29.68772125,29.8522377,1230123,0.0,30.364303044285716,31.130977821666665,0.007490988862206838,Low Risk
2020-12-24,26.4899292,29.84226608,30.16132736,29.56807137,29.8522377,1688483,-0.0003340325807468236,30.173435755714287,31.048885790666667,0.007377333319553511,Low Risk
2020-12-27,26.12705612,29.43346786,29.84725189,29.41352654,29.84226608,344951,-0.01369863196394372,29.93698801142857,30.965962855,0.007688982325169672,Low Risk
2020-12-28,26.15803337,29.46836662,29.67276573,29.41352654,29.43346786,962778,0.0011856829159919702,29.80095944857143,30.887526830000002,0.005366864689847837,Low Risk
2020-12-29,26.11378098,29.41851234,29.66279411,29.17921638,29.46836662,2314450,-0.0016917897297424878,29.69056973857143,30.810918680666667,0.0052730020717258914,Low Risk
2020-12-30,26.17573738,29.48830795,29.64285278,29.41352654,29.41851234,1408861,0.002372506440616373,29.622199464285718,30.740957704999996,0.005412392947059047,Low Risk
2020-12-31,26.19343376,29.50824738,29.66279411,29.41352654,29.48830795,2296367,0.0006761808793440682,29.573057990000002,30.683460044666667,0.00546592183647618,Low Risk
2021-01-03,26.16688347,29.47833633,29.66279411,29.1891861,29.50824738,261795,-0.0010136505097985138,29.519643508571427,30.630116843999996,0.005428486873700103,Low Risk
2021-01-04,26.03855133,29.33376122,29.6578083,29.20414162,29.47833633,3047707,-0.004904452828732642,29.446999957142854,30.575942802333334,0.005499105778237074,Low Risk
2021-01-05,26.01642227,29.30883408,29.48332214,29.16426086,29.33376122,3087660,-0.000849776467908403,29.42919513142857,30.513792164999998,0.0023666720028102336,Low Risk
2021-01-06,26.20228767,29.51821899,29.7874279,29.17921638,29.30883408,2501602,0.007144088687679462,29.436316898571427,30.445659128666666,0.0037718327553105057,Low Risk
2021-01-10,27.10947609,30.54021454,30.7745266,29.88713455,29.51821899,2685116,0.03462253431842299,29.596560070000002,30.422061856333336,0.013384357552497657,Low Risk
2021-01-11,27.40597153,30.87423134,31.1085434,30.51030159,30.54021454,6089921,0.010936950019212244,29.79454912571429,30.409764607666666,0.013449004143068448,Low Risk
2021-01-12,27.89718246,31.42760658,31.65693092,30.9091301,30.87423134,7090873,0.017923530918259933,30.068743297142863,30.423391278333334,0.013746875317700056,Low Risk
2021-01-13,27.9370079,31.47247314,31.60707855,31.00883675,31.42760658,5249259,0.0014276161910642404,30.35361998428571,30.423058891,0.013475141158801818,Low Risk
2021-01-14,28.1140213,31.67188644,31.80649185,31.3079567,31.47247314,3660818,0.006336117886666992,30.687637872857145,30.432863362333332,0.012073311785058402,Low Risk
2021-01-17,27.87063026,31.39769363,31.60707855,31.27804565,31.67188644,315019,-0.00865729329130549,30.986046379999998,30.438181050333334,0.01362032727135332,Low Risk
2021-01-18,27.90603256,31.43757629,31.58215141,31.29300117,31.39769363,837763,0.0012702417085148632,31.26024028,30.44499435366667,0.013998549302929991,Low Risk
2021-01-19,28.01666451,31.56221008,31.90121269,31.40267944,31.43757629,1559529,0.003964484693422365,31.406239642857145,30.457125345333335,0.008345210232979008,Low Risk
2021-01-20,28.2556324,31.83141708,31.9061985,31.55722427,31.56221008,1551700,0.008529409040674008,31.54298046285714,30.477731386000002,0.00809320176836443,Low Risk
2021-01-21,28.44592094,32.04578781,32.25517273,31.46250343,31.83141708,2617111,0.006734564454395242,31.631292067142855,30.507477250666668,0.005739631858808592,Low Risk
2021-01-24,27.91930771,31.45253181,32.10561371,31.40766335,32.04578781,631358,-0.018512760663505157,31.628443305714285,30.515619976,0.009943483624044229,Low Risk
2021-01-25,27.91930771,31.45253181,31.45253181,31.45253181,31.45253181,0,0.0,31.59710693,30.522599409666668,0.009545930428894532,Low Risk
2021-01-26,27.82637596,31.34783936,31.45751762,31.16836739,31.32291222,1660052,-0.0033285857759379756,31.589984891428568,30.52874800233333,0.009027551273499324,Low Risk
2021-01-27,27.87063026,31.39769363,31.48244476,31.3129425,31.34783936,1771442,0.0015903574542242005,31.58428736857143,30.536059886666667,0.009036997808169902,Low Risk
2021-01-31,28.02994156,31.5771656,31.65693092,31.40766335,31.39769363,1556183,0.005716087688317328,31.586423871428572,30.552345337666665,0.009192695721212606,Low Risk
2021-02-01,27.70246696,31.20825005,31.60707855,30.47042084,31.5771656,3250847,-0.01168298493516473,31.497400010000003,30.578601454,0.009279211842839854,Low Risk
2021-02-02,27.93258095,31.46748734,31.60707855,30.9091301,31.20825005,2255074,0.008306691005893319,31.414785657142858,30.621143021666665,0.009562668802645377,Low Risk
2021-02-03,28.02109146,31.56719589,31.6419754,31.40766335,31.46748734,2933141,0.003168621279566075,31.43116624,30.674486222333336,0.006580085820425886,Low Risk
2021-02-04,27.97683716,31.51734161,31.60707855,31.28303146,31.56719589,1736748,-0.0015793065742590873,31.440424782857146,30.729989686,0.006628527904955475,Low Risk
2021-02-07,27.76442337,31.27804565,31.41264915,31.23317719,31.51734161,485324,-0.007592517254820574,31.430454252857146,30.777516617666667,0.007191000180086207,Low Risk
2021-02-08,27.36614609,30.82936478,31.40766335,30.41558075,31.27804565,1556667,-0.014344913842147311,31.349264417142855,30.810419907666667,0.008829832256842904,Low Risk
2021-02-09,26.97229195,30.38566971,30.83435059,30.21616745,30.82936478,1809078,-0.014391962765572086,31.17905071857143,30.842159969333334,0.00895384422095792,Low Risk
2021-02-10,27.01211739,30.43053627,30.65986252,30.27100563,30.38566971,3515948,0.0014765697260652466,31.067948750000003,30.874232291,0.008806149995850611,Low Risk
2021-02-11,26.9324646,30.34080124,30.62995148,30.26103592,30.43053627,786483,-0.0029488481308318493,30.90699359285714,30.904975254333333,0.007148755702599558,Low Risk
2021-02-14,26.96344185,30.37569809,30.61000824,30.16631317,30.34080124,1565679,0.0011501624404695043,30.736779621428575,30.934554925666667,0.006787797607779973,Low Risk
2021-02-15,26.96786499,30.3806839,30.46044922,30.17628479,30.37569809,635811,0.00016413812071824907,30.574399948571426,30.963636143,0.006983164108257216,Low Risk
2021-02-16,27.06522179,30.49036026,30.80942345,30.22115135,30.3806839,942185,0.0036100688306097695,30.461873464285713,30.997370274,0.007602982280556293,Low Risk
2021-02-17,26.73332787,30.1164608,30.34578514,29.96191406,30.49036026,2147892,-0.01226287445643981,30.36003003857143,31.02346026,0.0071397411752219305,Low Risk
2021-02-18,26.57401276,29.93698883,30.16132736,29.84226608,30.1164608,1568870,-0.005959264974455314,30.29593277,31.04439875166667,0.005476988222177578,Low Risk
2021-02-21,26.7466011,30.13141632,30.41059685,29.91704559,29.93698883,337559,0.006494557321849337,30.253201348571427,31.064838662666666,0.006292352796795032,Low Risk
2021-02-22,27.18028069,30.61997986,30.7097168,30.26602173,30.13141632,1060171,0.01621442333846468,30.29308400857143,31.067497506666665,0.009061890496996673,Low Risk
2021-02-23,26.90148735,30.30590248,30.79446793,29.87716484,30.61997986,4724416,-0.010257269320098072,30.283113207142858,31.04855321133333,0.010072070036350255,Low Risk
2021-02-24,27.14930534,30.58508301,30.65986252,29.96191406,30.30590248,2882062,0.00921208435169496,30.31231308,31.020469092333332,0.010700315918622725,Low Risk
2021-02-25,27.59626007,31.08860207,31.25810432,30.61000824,30.58508301,3254489,0.016462896629555246,30.397776195714282,31.007673389999997,0.012216655426643293,Low Risk
2021-02-28,27.17585373,30.61499405,31.1085434,30.42056656,31.08860207,488682,-0.015234136901157935,30.468995231428572,30.972443643666665,0.012863496611333985,Low Risk
2021-03-01,27.37942123,30.8443203,31.15839767,30.65986252,30.61499405,1682664,0.007490651463967879,30.598614012857144,30.953997866,0.012399593983286258,Low Risk
2021-03-02,27.24223518,30.68977547,31.05868912,30.51030159,30.8443203,1489060,-0.005010479352336339,30.678379605714287,30.929071172,0.012821791764079993,Low Risk
2021-03-03,27.36614609,30.82936478,31.09857368,30.53522873,30.68977547,3027825,0.004548397890250078,30.708291737142854,30.904642995333333,0.011457544325048055,Low Risk
2021-03-04,27.36614609,30.82936478,30.82936478,30.82936478,30.82936478,0,0.0,30.78307206571429,30.871241251999997,0.010378454225555719,Low Risk
2021-03-07,27.70246696,31.20825005,31.40766335,31.00883675,30.37569809,941724,0.01228975273099997,30.87209592857143,30.843323326666667,0.010768277494128899,Low Risk
2021-03-08,27.54315567,31.02877808,31.40766335,30.81440735,31.20825005,2027767,-0.00575078608100299,30.863549644285715,30.82919820233333,0.009288831843980829,Low Risk
2021-03-09,27.40597153,30.87423134,31.16338158,30.40560913,31.02877808,2535426,-0.004980754949535426,30.90058354285714,30.80992152,0.007074448254907865,Low Risk
2021-03-10,27.02539635,30.4454937,30.85927582,30.06162071,30.87423134,1256950,-0.01388658507084961,30.843608314285714,30.779843331333335,0.008408098625569451,Low Risk
2021-03-11,26.9944191,30.41059685,30.56015587,30.3158741,30.4454937,3046363,-0.0011462073942325457,30.803725654285717,30.746940105333334,0.008290296041808119,Low Risk
2021-03-14,26.9324646,30.34080124,30.85927582,29.97188568,30.41059685,194431,-0.002295108193511197,30.733930862857143,30.70572796,0.007882574503881409,Low Risk
2021-03-15,27.11390305,30.54520035,30.7795105,30.26103592,30.34080124,3441142,0.006736773639666627,30.693335944285714,30.68362630333333,0.008583549546299293,Low Risk
2021-03-16,27.15815353,30.59505272,30.85429192,30.3158741,30.54520035,4129976,0.0016320852189140034,30.605736325714282,30.654545149333334,0.006454422302597109,Low Risk
2021-03-17,26.79527855,30.1862545,30.85429192,29.83728027,30.59505272,3509744,-0.013361579198481688,30.48537581428571,30.608513769666665,0.007575457797540096,Low Risk
2021-03-18,26.82183075,30.21616745,30.41059685,29.91206169,30.1862545,2840586,0.0009909460612280707,30.391366687142856,30.56514129766667,0.007767309442090445,Low Risk
2021-03-21,26.63596916,30.00678253,30.41558075,29.66777992,30.21616745,203959,-0.006929565781182534,30.328693662857145,30.522765860333333,0.006489110461034663,Low Risk
2021-03-22,26.16245842,29.47335052,29.91206169,29.21411324,30.00678253,2920641,-0.017777047887979514,30.194801329999997,30.477565385,0.008751711711615894,Low Risk
2021-03-23,26.02527428,29.31880569,29.53816032,28.97481728,29.47335052,2301664,-0.005243544669111477,30.048801965714286,30.442003251,0.008702704764551749,Low Risk
2021-03-24,26.49435616,29.84725189,30.13141632,29.41352654,29.31880569,2466923,0.01802413800846736,29.949095042857145,30.422560438333335,0.011727466789834294,Low Risk
2021-03-25,26.95016479,30.36074257,30.41558075,30.16132736,29.84725189,2588339,0.017203951703575138,29.915622164285715,30.423225149333334,0.014051747939778696,Low Risk
2021-03-28,26.7908535,30.1812706,30.41059685,29.91206169,30.36074257,1301398,-0.005911316878571271,29.91491017857143,30.416744233,0.013217979904312921,Low Risk
2021-03-29,26.12705612,29.43346786,30.1812706,29.1891861,30.1812706,3549803,-0.02477704633150868,29.803095951428567,30.385170365,0.01617089379299411,Low Risk
2021-03-30,26.09607887,29.39857101,29.5929985,29.23904037,29.43346786,2083459,-0.0011856180238762892,29.716208591428572,30.348777390000002,0.016121218613144972,Low Risk
2021-03-31,25.56946754,28.80531502,29.41352654,28.69563675,29.39857101,11007207,-0.020179756009168104,29.62077494857143,30.305072530666667,0.01651381107448943,Low Risk
2021-04-01,25.30394745,28.50619316,28.91499138,28.34167862,28.80531502,6109157,-0.010384259286604358,29.504687444285715,30.257379341666663,0.016735112031400573,Low Risk
2021-04-04,24.92337036,28.07745552,28.91499138,27.43933105,28.50619316,644992,-0.01504015768059852,29.251859391428574,30.188913981666666,0.013955237985305284,Low Risk
2021-04-05,24.14451408,27.20003319,28.01763153,26.92085457,28.07745552,2657307,-0.031250065711082686,28.80032948,30.074915759333336,0.01063992064188549,Low Risk
2021-04-06,24.18434334,27.24490166,27.4692421,27.04548836,27.20003319,4215440,0.001649574090097028,28.38084820285714,29.97288239866667,0.012067441068035284,Low Risk
2021-04-07,24.30382538,27.37950706,27.4692421,27.04548836,27.24490166,2754213,0.004940572062978932,28.087425231428572,29.866029867,0.013019664180280267,Low Risk
2021-04-08,24.37462997,27.45927238,27.58889008,27.21997643,27.37950706,1374336,0.002913321990246187,27.81038257,29.745052210666664,0.013573430502830983,Low Risk
2021-04-11,24.35692978,27.43933105,27.66367149,27.36953545,27.45927238,515942,-0.0007262148000151125,27.615242002857144,29.639196777333336,0.013032114379286476,Low Risk
2021-04-12,24.43658447,27.52906609,27.81323051,27.2698288,27.43933105,6561000,0.0032703071309021503,27.47565242142857,29.52868830366667,0.013429473012976189,Low Risk
2021-04-13,23.90112305,26.92584038,27.41440392,26.79622078,27.52906609,11515769,-0.021912320164726662,27.31113597285714,29.40322380066667,0.014503256142236793,Low Risk
2021-04-14,23.6577282,26.65164566,27.36953545,26.27276039,26.92584038,2322473,-0.01018333006993788,27.23279489714286,29.26396649666667,0.009774730080152042,Low Risk
2021-04-15,24.05158424,27.09534264,27.41938972,26.48712921,26.65164566,3985450,0.016648014372557807,27.211429322857146,29.139499092,0.012257532747308886,Low Risk
2021-04-18,24.86141586,28.00765991,28.21704483,27.41938972,27.09534264,1657075,0.03367063048884189,27.301165444285715,29.032812754000002,0.017955122964740187,Low Risk
2021-04-19,25.24641991,28.44138527,28.66572571,27.52906609,28.00765991,2246856,0.015485954963525561,27.441467285714285,28.946566327000003,0.018520259640723256,Low Risk
2021-04-20,25.94119453,29.22408485,29.7874279,28.44636917,28.44138527,4350803,0.027519741832884304,27.696432114285717,28.891561444,0.020034389822231217,Medium Risk
2021-04-21,26.18458748,29.49827766,29.63288116,29.16426086,29.22408485,1813529,0.009382425879453926,27.977748052857145,28.859987575999998,0.019864637488684587,Low Risk
2021-04-22,25.87038612,29.14431763,29.51323318,28.93493462,29.49827766,575131,-0.011999345659423843,28.294673374285715,28.817778268666665,0.017404161189204254,Low Risk
2021-04-25,25.89251518,29.16924477,29.30883408,28.91997719,29.14431763,211146,0.0008553001760569501,28.654330390000002,28.778726386333336,0.015508537819463816,Low Risk
2021-04-26,25.93676567,29.21909714,29.49329185,28.91499138,29.16924477,2074986,0.0017090730457056669,28.95772389,28.734522946000002,0.015957159489145167,Low Risk
2021-04-27,26.30406761,29.63288116,29.91206169,29.07452393,29.21909714,4871411,0.014161423880327373,29.189898354285713,28.702450560666666,0.012697460014267794,Low Risk
2021-04-28,25.78188133,29.04461098,29.61294174,28.41645813,29.63288116,3659805,-0.019851940039974147,29.276073455714283,28.664395776666666,0.01591593577966062,Low Risk
2021-05-04,25.79515839,29.0595665,29.43845367,28.42144394,29.04461098,1525351,0.0005149154867418737,29.252570834285713,28.625842411666664,0.01173791917437406,Low Risk
2021-05-05,26.10492897,29.40854073,29.68772125,28.66572571,29.0595665,730760,0.01200892759360328,29.239751272857145,28.60590101833333,0.012150409854818314,Low Risk
2021-05-06,26.29521751,29.62291145,29.81235313,29.41352654,29.40854073,1061706,0.00728940350927787,29.30812181857143,28.610886382666667,0.011225958636403311,Low Risk
2021-05-09,26.50763321,29.86220741,29.91206169,29.41352654,29.62291145,819879,0.008078070260038483,29.407116481428574,28.628999773333337,0.011392743427948281,Low Risk
2021-05-10,26.63154221,30.00179672,30.16132736,29.76250076,29.86220741,1585122,0.004674447139271232,29.518930707142857,28.634151267666667,0.011373824494029098,Low Risk
2021-05-11,26.56958771,29.93200302,30.15634346,29.66279411,30.00179672,1777570,-0.0023263173419701966,29.56166240142857,28.619859949333332,0.010557915724657824,Low Risk
2021-05-17,25.53406525,28.76543236,29.40854073,28.46631241,29.93200302,4979566,-0.03897402586858356,29.52177974142857,28.572665341333334,0.017311884267591695,Low Risk
2021-05-18,25.3968792,28.61088562,28.91499138,28.41645813,28.76543236,3590524,-0.005372654861079185,29.45768247285714,28.545245933333334,0.017354938738419753,Low Risk
2021-05-19,25.26854706,28.46631241,28.86513901,28.01264572,28.61088562,5390067,-0.005053084057591639,29.323078427142857,28.51417064666667,0.01620501108812986,Low Risk
2021-05-20,25.21543884,28.40648651,28.56601715,28.17217636,28.46631241,6330747,-0.0021016385662577797,29.149303435714284,28.500876362999996,0.015434179955553707,Low Risk
2021-05-23,25.67567253,28.924963,29.36367226,28.55604744,28.40648651,799214,0.018252045701515396,29.015411377142858,28.514835357666666,0.017329059252940097,Low Risk
2021-05-24,25.75532913,29.01469994,29.31381989,28.41645813,28.924963,3001119,0.0031024046599470445,28.874397551428576,28.54607683833333,0.017201355276004103,Low Risk
2021-05-25,25.3083744,28.51118088,28.91499138,28.40648651,29.01469994,1482054,-0.017353929595730233,28.67142296,28.58978176133333,0.017792218376468452,Low Risk
2021-05-26,24.48969078,27.58889008,28.63581276,27.29475594,28.51118088,8929841,-0.0323483900537761,28.503345491428572,28.601248042,0.015866482367586913,Low Risk
2021-05-27,23.63560486,26.62672043,27.66367149,26.37246704,27.58889008,48246903,-0.03487525765661392,28.21989332142857,28.576155154333332,0.01927431819414004,Low Risk
2021-05-30,23.98520279,27.02056122,27.24490166,26.44226265,26.62672043,4004307,0.01479118658399492,28.013357437142854,28.561531449000004,0.021467079038593132,Medium Risk
2021-05-31,23.81261635,26.82613373,27.36953545,26.60677719,27.02056122,3203706,-0.00719553855365862,27.787592754285715,28.54109153833333,0.02135071577062948,Medium Risk
2021-06-01,23.7639389,26.77129555,27.02056122,26.41733551,26.82613373,3897093,-0.0020442073595819954,27.479925975714284,28.515832520333333,0.018369956902977186,Low Risk
2021-06-02,23.36565971,26.32261467,26.6765728,25.78918266,26.77129555,6346407,-0.016759774631078694,27.095342365714284,28.49572499666667,0.01736269365137952,Low Risk
2021-06-03,23.13111877,26.05839157,26.42232132,25.91880035,26.32261467,3964573,-0.010037874402391123,26.744943892857144,28.475949860333333,0.01732509685893973,Low Risk
2021-06-06,23.17094803,26.10325813,26.42730522,25.92378616,26.05839157,1088422,0.0017217701207488112,26.53271075714286,28.44288037666667,0.015561008048116703,Low Risk
2021-06-07,22.75496674,25.63463593,25.93375778,25.31058884,26.10325813,4895076,-0.017952632490019327,26.3909844,28.363779577333332,0.011409038607761423,Low Risk
2021-06-08,22.21507835,25.02642441,25.62466621,24.87686348,25.63463593,5965500,-0.02372616180939069,26.106107712857145,28.24994754866667,0.00913577318383214,Low Risk
2021-06-09,22.33898544,25.16601372,25.42525291,24.97657013,25.02642441,5273586,0.005577676927121189,25.86894771142857,28.114678511,0.011061508606859878,Low Risk
2021-06-10,21.99381256,24.77715683,25.38038445,24.65252495,25.16601372,4527960,-0.015451668044310307,25.584070751428573,27.957307816666667,0.010807832341186365,Low Risk
2021-06-13,21.85220528,24.61762619,24.91674614,24.55281639,24.77715683,1414556,-0.006438617678959924,25.34050096857143,27.806418102000002,0.010584371905105926,Low Risk
2021-06-14,22.17082214,24.97657013,25.25076485,24.57774353,24.61762619,5192980,0.014580769779736436,25.18595504857143,27.666662280666667,0.01392737856604028,Low Risk
2021-06-15,22.09116936,24.8868351,25.12613106,24.72730446,24.97657013,1997441,-0.0035927683237906294,25.012180330000003,27.522253546,0.013579628201899323,Low Risk
2021-06-16,21.93185616,24.70736122,24.92173195,24.43815422,24.8868351,1882748,-0.007211599196074503,24.879712514285718,27.358069548,0.012674868406789564,Low Risk
2021-06-17,21.77697182,24.53287506,24.81205559,24.27862358,24.70736122,7933950,-0.007062112317310465,24.809205464285714,27.207678350666665,0.009864390180780624,Low Risk
2021-06-20,21.69289207,24.43815422,24.622612,24.32847595,24.53287506,338155,-0.0038609759259091714,24.705225535714284,27.053631274666667,0.00914744967736952,Low Risk
2021-06-21,22.4496212,25.29064751,25.5498848,24.43316841,24.43815422,5235438,0.03488370203107749,24.778581347142858,26.916368167333335,0.015999062027794133,Low Risk
2021-06-22,22.68416023,25.55487061,25.76924133,25.42026711,25.29064751,3881888,0.010447462837617216,24.91247340714286,26.780766805999995,0.01559926930716166,Low Risk
2021-06-23,22.86560059,25.75926971,25.91381645,25.42525291,25.55487061,5502060,0.007998440028102571,25.024287632857142,26.644002215999997,0.01514937880936074,Low Risk
2021-06-24,22.92755508,25.82906532,26.04841995,25.52495956,25.75926971,2988367,0.0027095337245879314,25.15889195,26.504911169333333,0.014769771269537359,Low Risk
2021-06-27,23.06916237,25.98859596,26.17305374,25.82407951,25.82906532,1290707,0.006176400037072538,25.341925484285714,26.373464267333336,0.0136895469783776,Low Risk
2021-06-28,22.90100098,25.79915237,26.17305374,25.43522263,25.98859596,1169357,-0.0072894892164078184,25.522822242857142,26.274588267666665,0.013729592255279963,Low Risk
2021-06-29,22.48944855,25.33551598,25.79416656,24.98155594,25.79915237,2475620,-0.017970993129957646,25.65101678,26.165409279666665,0.016413832222692194,Low Risk
2021-06-30,23.08686638,26.00853729,26.17305374,25.17598534,25.33551598,4909950,0.026564341951089032,25.753572462857143,26.083483442333332,0.014042959230178583,Low Risk
2021-07-04,23.23732758,26.17803955,26.41733551,26.00853729,26.00853729,460285,0.006517177729374879,25.842596597142858,26.009201877000002,0.01382330003850263,Low Risk
2021-07-05,23.50727081,26.48214531,26.65164566,26.07334709,26.17803955,4600653,0.011616827127912233,25.94586454,25.927774620666664,0.014083476815156303,Low Risk
2021-07-06,23.33468246,26.28771591,26.6715889,25.92378616,26.48214531,3659647,-0.007341905186457165,26.011386052857144,25.836875152999998,0.014739607984731182,Low Risk
2021-07-07,23.90555,26.93082619,27.41440392,26.2827301,26.28771591,3306018,0.024464289031492337,26.145990371428574,25.784196663333333,0.01693436617833065,Low Risk
2021-07-08,23.9763546,27.01059151,27.22496033,26.8710022,26.93082619,3426923,0.002961859373984632,26.319053105714286,25.764920044333333,0.016094389504380295,Low Risk
2021-07-11,23.90555,26.93082619,27.16015053,26.78126526,27.01059151,777296,-0.002953112669541791,26.546954564285716,25.775056903,0.012954154494530292,Low Risk
2021-07-12,24.04273033,27.08537102,27.21997643,26.92085457,26.93082619,9191936,0.005738584806484148,26.700787954285715,25.777217229666668,0.010328501745735096,Low Risk
2021-07-13,24.63572502,27.75340652,27.96777725,27.02554703,27.08537102,3534071,0.02466407048685859,26.92584037857143,25.808126322666666,0.01255832417692372,Low Risk
2021-07-14,25.02072716,28.18713188,28.31675148,27.91792488,27.75340652,9814069,0.015627824270416868,27.16940988857143,25.855320867,0.012815761141434887,Low Risk
2021-07-15,25.00745201,28.17217636,28.31675148,27.79328918,28.18713188,1897774,-0.0005305797008247071,27.438618524285715,25.916972923333333,0.011563550791148871,Low Risk
2021-07-18,25.41900635,28.63581276,28.81528664,28.16719055,28.17217636,2102160,0.016457244696873596,27.682188034285712,26.002886963,0.010210727298268451,Low Risk
2021-07-25,25.51636124,28.74549103,28.91499138,28.48126793,28.63581276,1573899,0.0038301085050116424,27.930030822857145,26.090961392999997,0.010132219125059348,Low Risk
2021-07-26,25.3437748,28.55106163,28.86513901,28.2668972,28.74549103,2410746,-0.006763822534709418,28.16149302857143,26.188175583,0.010949408657972793,Low Risk
2021-07-27,25.28624725,28.48625374,28.81528664,28.21704483,28.55106163,3986694,-0.0022698942280977574,28.361619131428572,26.303503227333334,0.011672259159587984,Low Risk
2021-07-28,25.1490593,28.331707,28.63082886,28.07745552,28.48625374,1438476,-0.00542530939345609,28.444233485714285,26.409026336666667,0.009555125295366302,Low Risk
2021-07-29,25.26854706,28.46631241,28.66572571,28.18214607,28.331707,2228115,0.004751051886848767,28.48411641857143,26.531998189333333,0.007898046797247184,Low Risk
2021-08-01,25.72435188,28.97980118,29.16426086,28.66572571,28.46631241,2012274,0.018038471671505185,28.599491392857143,26.677404022333334,0.009973364080751113,Low Risk
2021-08-02,25.58274269,28.82027054,29.0545826,28.66572571,28.97980118,2985603,-0.005504890768888271,28.625842504285714,26.805527369333333,0.008821751918662466,Low Risk
2021-08-03,25.55176353,28.78537369,28.99974251,28.56601715,28.82027054,2691337,-0.0012108439423413886,28.631540027142854,26.935478655666667,0.008753019695411377,Low Risk
2021-08-04,25.52963829,28.76044655,28.85516739,28.66572571,28.78537369,856797,-0.0008659654819300755,28.66145215857143,27.070581500000003,0.008236124072220066,Low Risk
2021-08-05,25.57831764,28.81528664,28.91499138,28.74050522,28.76044655,1835706,0.0019067885439352228,28.708456858571427,27.213328552666667,0.008103792013777143,Low Risk
2021-08-08,25.57831764,28.81528664,28.81528664,28.81528664,28.81528664,0,0.0,28.777539664285715,27.359232966666664,0.007552818251214948,Low Risk
2021-08-09,25.57831764,28.81528664,28.81528664,28.81528664,28.81528664,0,0.0,28.827393125714288,27.476720937666666,0.007524464123716513,Low Risk
2021-08-10,26.42355156,29.76748657,29.91206169,29.40854073,29.27892303,3101904,0.03304495776482064,28.93991961,27.617141469666667,0.013045483747589707,Low Risk
2021-08-11,26.60941696,29.97687149,30.40062523,29.76250076,29.76748657,2582383,0.007034014091435559,29.10514831714286,27.75772819566667,0.012381211687916182,Low Risk
2021-08-15,27.40154648,30.86924744,31.00883675,30.41059685,29.97687149,3820703,0.029768815278061522,29.402844567142857,27.925734266333333,0.01479937882596071,Low Risk
2021-08-16,27.54904938,31.03541756,31.77324867,29.90540695,30.86923981,2895482,0.00538303113229377,29.727840425714284,28.093961653,0.01420218153886051,Low Risk
2021-08-17,26.8409996,30.23776245,30.80941582,30.05829048,31.03541756,1328797,-0.02570144604814517,29.931051255714287,28.241915322333334,0.0198608453138807,Low Risk
2021-08-18,27.02981567,30.45047188,30.77618027,29.91205406,30.23776245,969001,0.007034562506128772,30.164649147142857,28.412413852333334,0.01961966269844716,Low Risk
2021-08-19,26.78199387,30.17129135,30.57011986,29.61293221,30.45047188,1250220,-0.00916834823119328,30.358364105714283,28.551172321000003,0.02053374473671555,Medium Risk
2021-08-22,26.48697472,29.83893585,30.07823181,29.57969856,30.17129135,401692,-0.011015620648931912,30.368571145714288,28.67320219766667,0.017694159821216707,Low Risk
2021-08-23,27.37793732,30.84265137,31.17500687,30.16464424,29.83893585,2591134,0.033637778674335594,30.492253985714285,28.818552399666668,0.02173347759103175,Medium Risk
2021-08-24,27.58444977,31.07530022,31.23483086,30.59670639,30.84265137,1946935,0.007543088537008691,30.52169009714286,28.97813854333333,0.01881634282496155,Low Risk
2021-08-25,27.84997177,31.37442017,31.57383347,31.21488953,31.07530022,2766592,0.009625649563555605,30.57011904142857,29.126258342666667,0.0190441752822393,Low Risk
2021-08-26,27.83817101,31.36112785,31.54059982,31.24147797,31.37442017,1117518,-0.0004236674312378952,30.730599812857143,29.271276220666664,0.014933583519014467,Low Risk
2021-08-29,27.64935684,31.14841843,31.34118462,30.97559357,31.36112785,814101,-0.006782581959978828,30.830306462857145,29.411862628666665,0.015568692012160917,Low Risk
2021-08-30,27.86177254,31.38771439,31.52065659,31.04206467,31.14841843,712351,0.007682443349018575,31.004081182857142,29.555274074333333,0.014582890299259913,Low Risk
2021-08-31,27.61395645,31.10853577,31.55389214,30.57011986,31.38771439,5116979,-0.00889451893601223,31.185452599999998,29.667111716,0.014193231686722478,Low Risk
2021-09-01,28.00928116,31.55389214,31.67354012,30.93571091,31.10853577,2047836,0.014316211257666689,31.28705842428571,29.779337058,0.00878265956283982,Low Risk
2021-09-02,28.0151825,31.56053925,31.67354012,31.25477219,31.55389214,2042483,0.00021065895676231072,31.356378285714282,29.892282487666666,0.008627478525572834,Low Risk
2021-09-05,27.68476105,31.18830109,31.54059982,30.91576958,31.56053925,253210,-0.01179441697910788,31.329789845714288,29.977365432,0.009343477410172225,Low Risk
2021-09-06,27.61395645,31.10853577,31.37442017,31.02212334,31.18830109,1202135,-0.002557539757289784,31.293705262857145,30.05613359,0.009363474240242003,Low Risk
2021-09-07,27.60215378,31.09524155,31.36777306,30.64988327,31.10853577,1103322,-0.0004273495897810786,31.28610856571429,30.14093958733333,0.00902456088337708,Low Risk
2021-09-08,27.58444977,31.07530022,31.24147797,30.90912247,31.09524155,1162206,-0.0006412984432984103,31.241477970000002,30.22724113666667,0.008333334591059042,Low Risk
2021-09-09,27.13012123,30.56347275,31.17500687,30.56347275,31.07530022,1024011,-0.016470555919861685,31.163611824285713,30.30163332833333,0.009827229041008377,Low Risk
2021-09-12,27.02391434,30.44382477,30.57676506,30.31752777,30.56347275,136812,-0.00391473773215123,31.005030771428572,30.367550407,0.006479312251374056,Low Risk
2021-09-13,27.12421989,30.55682564,30.74294472,30.23776245,30.44382477,2687329,0.003711782959392007,30.86164311285714,30.420117889,0.007064906528181694,Low Risk
2021-09-14,27.02391434,30.44382477,30.64323616,30.43052864,30.55682564,6099566,-0.0036980565760103,30.755289352857144,30.474236363333333,0.006310334365792907,Low Risk
2021-09-15,26.70529175,30.08487892,30.69641495,29.96523094,30.44382477,1426869,-0.011790432138924611,30.60905266,30.517553204333332,0.007022722836105383,Low Risk
2021-09-16,26.13884926,29.44675446,30.56347275,29.44675446,30.08487892,4557777,-0.02121080366309147,30.373554504285714,30.540430134666668,0.009005480382835968,Low Risk
2021-09-19,26.13884926,29.44675446,30.1380558,29.04792786,29.44675446,331961,0.0,30.14090511,30.561479062,0.009092294801439766,Low Risk
2021-09-20,25.95593643,29.24069405,29.44010735,29.09445763,29.44675446,1210418,-0.006997729080123638,29.951936724285712,30.575659309000002,0.008219320783684363,Low Risk
2021-09-21,25.95593643,29.24069405,29.24069405,29.24069405,29.24069405,0,0.0,29.780060907142857,30.589839556,0.008533569912251007,Low Risk
2021-09-22,25.57831001,28.8152771,29.04792786,28.51615715,28.84851456,1676143,-0.014548797961927984,29.53126825857143,30.558099240333334,0.007943238203276106,Low Risk
2021-09-23,25.60191345,28.84186745,29.24734116,28.59592247,28.8152771,1842449,0.000922786545058063,29.30241721285714,30.520265772333335,0.008559539620036498,Low Risk
2021-09-26,25.39539909,28.6092186,29.24734116,28.58262825,28.84186745,1285841,-0.008066358754450276,29.091608595714284,30.444931477666668,0.008373798596709645,Low Risk
2021-09-27,25.37769699,28.58927536,28.64909935,28.25027275,28.6092186,4247265,-0.0006970913913740828,28.96911158142857,30.363393404333333,0.005826189786177165,Low Risk
2021-09-28,25.24198723,28.43639183,28.78204346,28.3499794,28.58927536,2763700,-0.005347583248433763,28.82477406285714,30.303347717,0.005526876872814912,Low Risk
2021-09-29,24.92336273,28.07744789,28.55604172,27.91791725,28.43639183,1654723,-0.012622696372516673,28.65859604,30.224246917333332,0.006235636874197798,Low Risk
2021-09-30,25.17118263,28.35662651,28.57598114,27.25985146,28.07744789,2530633,0.009943162252272764,28.532300677142853,30.16375808933333,0.008492151540540917,Low Risk
2021-10-03,24.66374397,27.78497314,28.78204346,27.65203285,28.35662651,1193024,-0.020159427984087097,28.385114397142853,30.095292665666665,0.009782458033622555,Low Risk
2021-10-04,24.66374397,27.78497314,27.78497314,27.78497314,27.78497314,0,0.0,28.234129495714285,29.993370057999996,0.009692841307996431,Low Risk
2021-10-05,24.78175545,27.91791725,28.4829216,27.65867805,28.18380165,1591599,0.0047847485520369215,28.135372160000003,29.888123959,0.010276288856055117,Low Risk
2021-10-06,25.37179375,28.58262825,28.71557236,27.92456436,27.91791725,7110014,0.023809476690099363,28.134422572857144,29.795064228333334,0.014622809683416732,Low Risk
2021-10-10,25.84973145,29.12104607,29.1409874,28.58262825,28.58262825,5235735,0.018837239713951126,28.23223032142857,29.72039483566667,0.015931255090637118,Low Risk
2021-10-11,26.25685883,29.57969856,29.64616966,29.24069405,29.12104607,7502731,0.015749863136698794,28.44683756,29.668104173333337,0.014703723831413412,Low Risk
2021-10-12,26.43387222,29.77911186,30.04499626,29.35369492,29.57969856,2548079,0.00674155957321565,28.65004975285714,29.614484088999998,0.014667221090839145,Low Risk
2021-10-13,26.72889328,30.11146736,30.11146736,29.41351891,29.77911186,4057668,0.011160692151011675,28.98240607,29.581248475333332,0.00840112566470842,Low Risk
2021-10-14,27.141922,30.57676506,30.84265137,29.43346024,30.11146736,2342806,0.015452508323061664,29.381233487142858,29.548677572666666,0.006710164675984758,Low Risk
2021-10-17,27.80276871,31.32124329,31.40765572,30.57676506,30.57676506,7226293,0.024347841524083202,29.867422921428567,29.540701040666665,0.006400830405248678,Low Risk
2021-10-18,27.80276871,31.32124329,31.32124329,31.32124329,31.32124329,0,0.0,30.25865364142857,29.545132447333334,0.008038832101905091,Low Risk
2021-10-19,28.02698517,31.57383347,32.16542816,31.30794907,31.90619087,2770900,0.008064500430627675,30.609051841428574,29.560642370666663,0.00780398923108527,Low Risk
2021-10-20,27.87947273,31.40765572,31.89289665,31.34118462,31.57383347,6022327,-0.0052631477314243336,30.870188578571426,29.571056176333332,0.009758609485948045,Low Risk
2021-10-24,27.98568344,31.5273056,31.67354012,31.23483086,31.40765572,1079441,0.0038095769091039955,31.11993054142857,29.586123022333332,0.009915506861091043,Low Risk
2021-10-25,28.55802345,32.17207718,32.43796158,31.24147797,31.5273056,5391272,0.02045121102895653,31.414303372857145,29.63974317,0.010942601075857561,Low Risk
2021-10-26,28.62882805,32.2518425,33.16914368,32.23854828,32.17207718,4854349,0.0024793338507091978,31.65360015,29.700010427666665,0.010875054025523542,Low Risk
2021-10-27,29.50208855,33.23561478,33.90032959,32.23854828,32.2518425,6906637,0.03050282414097727,31.927081791428574,29.789303398999998,0.012563344679679062,Low Risk
2021-10-28,30.098032,33.90697479,34.23268509,33.23561478,33.23561478,4604942,0.020200017795488412,32.296472005714286,29.904741732999998,0.012584602224904604,Low Risk
2021-10-31,30.23964119,34.06650543,34.23268509,33.25555801,33.90697479,2130620,0.004704950559229815,32.652567999999995,30.03746261666667,0.012798082716503336,Low Risk
2021-11-01,30.91228867,34.82427979,34.90404129,33.90032959,34.06650543,5465024,0.022243971033573562,33.140657152857145,30.216713461,0.011086752027633668,Low Risk
2021-11-02,31.47873306,35.46240234,35.54216766,34.56504059,34.82427979,4236428,0.018324070270743675,33.702813830000004,30.417235056999996,0.009964489948119026,Low Risk
2021-11-03,31.86225891,35.8944664,35.99417114,35.22975159,35.46240234,7900708,0.01218372223792219,34.23458371857143,30.639027468666665,0.009975356345182904,Low Risk
2021-11-04,31.56723785,35.56210709,35.8944664,34.90404129,35.8944664,13612213,-0.009259346727605977,34.70747866,30.849741236666667,0.013089578033030999,Low Risk
2021-11-07,31.56723785,35.56210709,35.56210709,35.56210709,35.56210709,0,0.0,35.03983470428572,31.074635569666665,0.011737454669593942,Low Risk
2021-11-08,31.56723785,35.56210709,35.56210709,35.56210709,35.56210709,0,0.0,35.276282175714286,31.298643557666665,0.011217737243970056,Low Risk
2021-11-09,31.56723785,35.56210709,35.56210709,35.56210709,35.56210709,0,0.0,35.48993955571429,31.530406507333332,0.011507368649384717,Low Risk
2021-11-10,31.27221298,35.22975159,35.82134628,34.89739609,35.72828674,3440950,-0.009345776366931235,35.54786409857143,31.751755715,0.010304162585695492,Low Risk
2021-11-11,31.20140839,35.14998627,35.54881287,35.06357574,35.22975159,1895060,-0.0022641465352438717,35.50323323142857,31.975542196333333,0.007255704915197858,Low Risk
2021-11-14,31.55543327,35.54881287,35.68840408,34.69798279,35.14998627,2338714,0.011346422639726406,35.45385415571428,32.22458769566667,0.006999901892219521,Low Risk
2021-11-15,31.11880112,35.05692673,35.56210709,34.89739609,35.54881287,3016094,-0.013836921694088566,35.38168553285714,32.44793103633334,0.008002796132628104,Low Risk
2021-11-16,31.27221298,35.22975159,35.39593124,34.99710464,35.05692673,5067873,0.004929834874889405,35.33420617571428,32.696090317999996,0.008415864362538552,Low Risk
2021-11-17,31.27221298,35.22975159,35.56210709,35.03033829,35.22975159,1953276,0.0,35.28672681857143,32.94424959966667,0.008415864362538552,Low Risk
2021-11-18,31.27221298,35.22975159,35.22975159,35.22975159,35.22975159,0,0.0,35.23924746142857,33.187977411,0.008415864362538552,Low Risk
2021-11-21,30.6880703,34.57168579,34.83092499,34.25927353,34.55174637,640046,-0.018679263131301638,35.14523806142857,33.38761266233333,0.010405381768928565,Low Risk
2021-11-22,30.99489403,34.91733551,35.16328049,34.23268509,34.57168579,2286013,0.009998058009077049,35.11200223857143,33.58082231033333,0.011458731519237337,Low Risk
2021-11-23,30.99489403,34.91733551,34.91733551,34.91733551,34.91733551,0,0.0,35.02179118714286,33.758743542,0.010168965332471266,Low Risk
2021-11-24,30.60546875,34.47862625,34.69133377,34.23268509,34.69798279,2256979,-0.012564225007213436,34.93917683285714,33.915394021666664,0.009941585040024275,Low Risk
2021-11-25,30.39304924,34.23933029,34.56504059,33.95350647,34.47862625,2619455,-0.006940414570606568,34.797688075714284,34.052989452666665,0.009499240740611788,Low Risk
2021-11-28,30.39304924,34.23933029,34.23933029,34.23933029,34.23933029,0,0.0,34.65619931857143,34.17507496033333,0.009499240740611788,Low Risk
2021-11-29,30.03312492,33.83385468,34.22603607,33.64109039,33.98009109,3129099,-0.011842393135779838,34.45678547428572,34.25882867333333,0.009714706669971115,Low Risk
2021-11-30,30.03312492,33.83385468,33.83385468,33.83385468,33.83385468,0,0.0,34.35138103,34.34258238633333,0.007969957107070085,Low Risk
2021-12-01,30.03312492,33.83385468,33.83385468,33.83385468,33.83385468,0,0.0,34.196598054285715,34.41791642666667,0.00585796811318794,Low Risk
2021-12-02,30.05672646,33.86044312,34.23268509,33.63444138,34.23933029,4628143,0.0007858531122590939,34.04561342714286,34.49967600666666,0.005964651657405015,Low Risk
2021-12-05,30.21014023,34.03327179,34.14627075,33.76738358,33.86044312,1529147,0.0051041467291939036,33.98199136142857,34.583208213,0.005647051622513236,Low Risk
2021-12-06,30.25144386,34.07979965,34.36562729,33.90032959,34.03327179,1875998,0.0013671286230454438,33.95920127,34.646798962,0.005256387750031603,Low Risk
2021-12-07,30.68217468,34.56504059,34.56504059,33.96680069,34.07979965,5887586,0.014238374197719228,34.005731312857144,34.723905565,0.007726585118063985,Low Risk
2021-12-08,30.62316513,34.49856949,34.73786545,34.06650543,34.56504059,3626788,-0.0019230731069713736,34.10069057142857,34.76600405533333,0.00548091712959383,Low Risk
2021-12-09,30.3812542,34.22603607,34.53180313,34.17950821,34.49856949,2858132,-0.007899846980003011,34.15671648428572,34.77663943133334,0.006805779930277397,Low Risk
2021-12-12,31.21320915,35.16328049,35.16328049,34.17950821,34.22603607,1529956,0.027383960505479532,34.346634457142855,34.8131986,0.011756849651538047,Low Risk
2021-12-13,31.15420532,35.09680939,35.28957748,35.03033829,35.16328049,3830763,-0.0018903554808802348,34.52325821,34.82228292,0.011980106076832602,Low Risk
2021-12-14,31.15420532,35.09680939,35.09680939,35.09680939,35.09680939,0,0.0,34.67519215285714,34.810096488333336,0.012140963882274569,Low Risk
2021-12-15,30.68217468,34.56504059,35.09680939,34.49856949,34.89739609,4116379,-0.015151485540777054,34.74451228714286,34.765782294666664,0.014263864953967696,Low Risk
2021-12-16,30.21014023,34.03327179,34.63151169,34.03327179,34.56504059,6538971,-0.015384584855770322,34.66854531571428,34.714821118,0.014458244292690341,Low Risk
2021-12-19,29.99772453,33.79397583,34.29915619,33.56797028,34.03327179,1587891,-0.0070312358293542765,34.56788907857143,34.655883409333335,0.014574874258072992,Low Risk
2021-12-20,29.7971077,33.56797028,33.76738358,33.53473663,33.79397583,6789911,-0.006687746690029028,34.473879679999996,34.589412182333334,0.014511991444821739,Low Risk
2021-12-21,29.7971077,33.56797028,34.21939087,33.56797028,33.56797028,12347657,0.0,34.24597822142857,34.52294095533333,0.006580157364023927,Low Risk
2021-12-22,30.00362587,33.80062103,34.05986023,33.5812645,33.56797028,2386206,0.006930736295921447,34.06080845571428,34.47530327,0.008260723934259064,Low Risk
2021-12-23,30.44615746,34.29915619,34.37892151,33.80062103,33.80062103,1989720,0.014749289948179367,33.94685799857143,34.446942267333334,0.011204086389203446,Low Risk
2021-12-26,30.97719383,34.89739609,35.42916489,34.41880417,34.29915619,2837663,0.01744182558562235,33.994337355714286,34.42522837466666,0.012153913089042795,Low Risk
2021-12-27,31.12470436,35.06357574,35.22975159,34.73121643,34.89739609,233230,0.004761949847817304,34.14152363428571,34.42545000833333,0.009631945924817673,Low Risk
2021-12-28,31.21320915,35.16328049,35.22975159,34.89739609,35.06357574,3159798,0.0028435419918184657,34.33713858571428,34.423234305,0.00832924169291472,Low Risk
2021-12-29,31.18370819,35.13004684,35.22975159,35.09680939,35.16328049,2883000,-0.0009451237068012208,34.56029238,34.41991081333333,0.007094820384824717,Low Risk
2021-12-30,31.26631355,35.22310638,35.22975159,34.83092499,35.13004684,3770984,0.0026490013071669427,34.79674039428571,34.41968930633333,0.006750098642671499,Low Risk
2022-01-02,31.44332886,35.42251968,35.56210709,35.22975159,35.22310638,545675,0.005661434225836315,35.028440201428566,34.448050436,0.006766751040612006,Low Risk
2022-01-03,31.24271584,35.19651794,35.55546188,35.0369873,35.42251968,1837731,-0.006380171202998941,35.15663473714285,34.457356517,0.007289665858651927,Low Risk
2022-01-04,31.15420532,35.09680939,35.22975159,34.93063354,35.19651794,1652167,-0.0028329094988878145,35.18512235142857,34.463338979666666,0.00437264702302857,Low Risk
2022-01-05,31.18370819,35.13004684,35.16328049,34.93727875,35.09680939,1570705,0.0009470219822738102,35.194618222857144,34.485052999333334,0.0040236310135773916,Low Risk
2022-01-09,31.18370819,35.13004684,35.13004684,35.13004684,35.13004684,0,0.0,35.18987055857143,34.514743551,0.003861675138668018,Low Risk
2022-01-10,31.15420532,35.09680939,35.17657471,35.00374985,35.00374985,2427102,-0.0009461259801725186,35.18512235142857,34.54332618766667,0.0038617104743021726,Low Risk
2022-01-11,31.18370819,35.13004684,35.19651794,35.00374985,35.09680939,3362316,0.0009470219822738102,35.17182813142857,34.586532593,0.00370819290971026,Low Risk
2022-01-12,31.64393997,35.64852142,35.64852142,35.13004684,35.13004684,4566867,0.014758721568502331,35.204114094285714,34.64702148433333,0.006623404470844795,Low Risk
2022-01-13,31.68524361,35.69504929,35.8944664,35.49563599,35.64852142,4528721,0.0013051837256254917,35.275332858571424,34.70906130466666,0.005795362668656954,Low Risk
2022-01-16,31.27221298,35.22975159,35.76152039,35.22975159,35.69504929,1096266,-0.013035356702262746,35.29432460142857,34.75470492033333,0.00806095371557532,Low Risk
2022-01-17,31.39022255,35.36269379,35.42251968,35.22975159,35.22975159,3917111,0.003773577558739749,35.32755988,34.799018987,0.00815336532405535,Low Risk
2022-01-18,31.27221298,35.22975159,35.2364006,34.97051239,35.36269379,2206500,-0.0037593912044561195,35.34180341571429,34.83735071833333,0.00834950519374167,Low Risk
2022-01-19,30.68217468,34.56504059,35.22975159,34.56504059,35.22975159,2806299,-0.018867887793698634,35.26583644428572,34.83735071833333,0.011128702821399414,Low Risk
2022-01-20,30.97719383,34.89739609,34.89739609,33.96680069,34.56504059,1583050,0.009615365534856313,35.23260062285714,34.85064493833333,0.01197748210499336,Low Risk
2022-01-23,31.21320915,35.16328049,35.16328049,34.30580139,34.89739609,370451,0.007619032643991108,35.16328049,34.881886419000004,0.010653956087814,Low Risk
2022-01-24,31.09520149,35.03033829,35.16328049,34.37227249,35.16328049,10295520,-0.0037807109617602475,35.06832177571429,34.877455012333336,0.010571482623297396,Low Risk
2022-01-25,30.68217468,34.56504059,34.89739609,34.23268509,35.03033829,1684193,-0.013282706440001069,34.97336306142857,34.85972938566667,0.010612379895320455,Low Risk
2022-01-26,30.59366417,34.46533203,34.69798279,34.23933029,34.56504059,938991,-0.0028846649186012874,34.84516852428571,34.83868014033333,0.010230206164420835,Low Risk
2022-01-30,30.60546875,34.47862625,34.56504059,34.29915619,34.46533203,1226939,0.0003857273154492802,34.73786490428571,34.83579966233333,0.01034017809788636,Low Risk
2022-01-31,30.2927475,34.12633133,34.44539261,34.12633133,34.47862625,2116144,-0.010217777165643316,34.67519215285714,34.83890164699999,0.00848151876093071,Low Risk
2022-02-01,30.62316513,34.49856949,34.49856949,34.23268509,34.12633133,2596637,0.010907652404838819,34.61821692428571,34.86238810233333,0.00878001721476406,Low Risk
2022-02-02,30.60546875,34.47862625,34.63151169,34.36562729,34.49856949,2790473,-0.0005780888974479259,34.520409175714285,34.89274330133333,0.00784072495046014,Low Risk
2022-02-03,30.44615746,34.29915619,34.47862625,34.13962555,34.47862625,1508231,-0.005205255531316344,34.41595459,34.917116165,0.007889404109731619,Low Risk
2022-02-06,30.65267372,34.53180313,34.56504059,34.27256775,34.29915619,487907,0.0067828764856854296,34.41120638142857,34.94148890166666,0.007132000582855892,Low Risk
2022-02-07,30.09213448,33.90032959,34.76445389,33.56797028,34.53180313,3912573,-0.0182867236217793,34.33049174714286,34.92819468166667,0.009948400998761951,Low Risk
2022-02-08,29.97412109,33.76738358,34.23268509,33.67432404,33.90032959,2693213,-0.003921673081291099,34.22888565142857,34.890527598,0.009886463200070849,Low Risk
2022-02-09,30.03312492,33.83385468,34.16621017,33.76073837,33.76738358,3192027,0.001968500160592024,34.187103272857144,34.849536896,0.00945297822540349,Low Risk
2022-02-10,30.07443047,33.88038635,33.90032959,33.68097305,33.83385468,2221786,0.0013752991032236483,34.09879139571429,34.806773758,0.00799366562293291,Low Risk
2022-02-13,29.86201477,33.64109039,33.90032959,33.43502808,33.88038635,854545,-0.007062964321833953,33.97914341571429,34.757141876333336,0.008101800028277414,Low Risk
2022-02-14,29.67320061,33.42838287,33.56797028,32.90990448,33.64109039,3060906,-0.006322848562103411,33.85474722714286,34.69731775933334,0.00815235185814993,Low Risk
2022-02-15,30.38715172,34.23268509,34.23268509,33.40179443,33.42838287,1021202,0.02406045853692218,33.81201607857143,34.65765660633333,0.013004727203719419,Low Risk
2022-02-16,30.38715172,34.23268509,34.45868683,33.90032959,34.23268509,4390738,0.0,33.85949543571429,34.62552884466666,0.010609366625366405,Low Risk
2022-02-17,30.09213448,33.90032959,34.23268509,33.70756149,34.23268509,1826442,-0.009708718411255646,33.878487722857145,34.585646184666665,0.011300013317537324,Low Risk
2022-02-20,29.85611153,33.63444138,34.00668335,33.56797028,33.90032959,587661,-0.007843233774294411,33.85000010857143,34.53579266933333,0.011705496836453961,Low Risk
2022-02-21,30.34584808,34.18615341,34.32574463,33.40179443,33.63444138,1591473,0.016403186952528515,33.893681117142854,34.504329555000005,0.013420422346200604,Low Risk
2022-02-22,29.50208855,33.23561478,34.19944763,33.23561478,34.18615341,3627275,-0.02780478454536961,33.83575602999999,34.442289734666666,0.017315018290101705,Low Risk
2022-02-23,29.33098221,33.04285049,33.36855698,32.96973038,33.23561478,2623828,-0.005799931527549096,33.780679975714285,34.372716523,0.017292371125846737,Low Risk
2022-02-24,27.7319622,31.24147797,32.93649673,30.80941582,33.04285049,5564354,-0.054516256717778155,33.35336467285714,34.22581507466667,0.022602236954277207,Medium Risk
2022-02-27,28.55802345,32.17207718,32.30501938,31.90619087,31.24147797,2094322,0.029787297863872686,33.058992114285715,34.108382671,0.02764488848035692,Medium Risk
2022-02-28,28.2098999,31.77989578,32.50443268,31.5937767,32.17207718,4967675,-0.012190117467572259,32.75607299857143,33.993387477333336,0.027678896746176015,Medium Risk
2022-03-01,28.14499283,31.70677757,32.10560226,31.70677757,31.77989578,4831499,-0.002300769345065512,32.480692454285716,33.87152360333333,0.027791606327885698,Medium Risk
2022-03-02,27.7319622,31.24147797,31.83971977,31.24147797,31.70677757,5626313,-0.014675083236470376,32.060024534285716,33.738581149333335,0.025630580878193955,Medium Risk
2022-03-03,28.02698517,31.57383347,31.57383347,31.14177132,31.24147797,4759331,0.010638277110934125,31.822627204285716,33.638874245333334,0.02592159798879511,Medium Risk
2022-03-06,27.20092583,30.64323616,30.88253403,30.47705841,31.57383347,3320198,-0.029473687789105862,31.47982515714286,33.49706891433333,0.027248105093947015,Medium Risk
2022-03-07,25.25378799,28.44968605,30.64323616,28.44968605,30.64323616,17064010,-0.07158350046798712,31.080997739999997,33.273282433,0.03217312213168373,Medium Risk
2022-03-08,25.25378799,28.44968605,28.44968605,28.44968605,28.44968605,0,0.0,30.54922757857143,33.05392735833333,0.027179601703021368,Medium Risk
2022-03-09,24.19171143,27.25320435,27.58556175,26.73472977,27.05379105,9011928,-0.04205605987697714,29.902557374285713,32.810199483666665,0.02859090724620044,Medium Risk
2022-03-10,24.19171143,27.25320435,27.25320435,26.18301773,27.25320435,8185335,0.0,29.26633262857143,32.56979522766667,0.028858371101776827,Medium Risk
2022-03-13,24.78175545,27.91791725,27.91791725,27.24655724,27.25320435,2326681,0.024390265873451167,28.79153824,32.35110492766667,0.033666911289369425,Medium Risk
2022-03-14,24.60474205,27.71850395,27.91791725,27.71850395,27.91791725,11439538,-0.007142843007029831,28.24077688,32.13751068166667,0.032000887950295605,Medium Risk
2022-03-15,24.54573822,27.65203285,27.71185684,27.31967545,27.71850395,5684025,-0.002398076754788092,27.813462121428575,31.909292793666665,0.03201653363318848,Medium Risk
2022-03-16,25.10627747,28.2835083,28.58262825,27.46591187,27.65203285,15239246,0.022836492833111954,27.789722442857144,31.702788862,0.02213272547077114,Medium Risk
2022-03-17,25.48980522,28.71557236,28.8152771,28.45633316,28.2835083,10541525,0.015276183400487087,27.827706201428573,31.516669400999998,0.0229428419238232,Medium Risk
2022-03-20,26.49287605,29.84558105,29.84558105,28.74880791,28.71557236,2207998,0.039351773171482085,28.19804573,31.36046199833333,0.017018029754847775,Low Risk
2022-03-21,28.32200623,31.90619087,31.90619087,29.97852516,29.84558105,7606481,0.06904237570539773,28.86275809,31.29399070766667,0.02582806267070042,Medium Risk
2022-03-22,29.2070694,32.90325928,33.90032959,32.57754898,31.90619087,9250031,0.031249998285991065,29.57494980857143,31.265186564333337,0.026016796550645746,Medium Risk
2022-03-23,29.2070694,32.90325928,33.02955246,32.23854828,32.90325928,3422355,0.0,30.31562914142857,31.234166717666664,0.024696950980185376,Medium Risk
2022-03-24,28.95335007,32.61743164,33.03620148,32.60413742,32.90325928,4758991,-0.008686909633105477,31.024971825714285,31.192068227333333,0.025944762732305227,Medium Risk
2022-03-27,28.32200623,31.90619087,32.70384598,31.25477219,32.61743164,4179657,-0.02180554182959571,31.542497907142856,31.134238243333332,0.031263725498273234,Medium Risk
2022-03-28,27.83817101,31.36112785,32.43796158,31.32124329,31.90619087,3380701,-0.017083299671240226,31.920434405714282,31.065329742666666,0.033970123895533055,Medium Risk
2022-03-29,27.96797943,31.50736237,31.62701035,30.41058731,31.36112785,4792166,0.004662922861047525,32.15783173714286,30.974485652,0.03198331194307857,Medium Risk
2022-03-30,27.25992966,30.70970726,31.67354012,30.70970726,31.50736237,2937045,-0.025316467326998326,31.986905507142858,30.85705305766667,0.019522035876934976,Low Risk
2022-03-31,27.25402832,30.70306015,31.15506554,30.17793846,30.70970726,5871973,-0.00021644980017954119,31.672591345714284,30.750477409666665,0.01180562288419767,Low Risk
2022-04-03,28.36920929,31.95936775,32.21195984,30.57676506,30.70306015,1691649,0.04091799299035026,31.537749698571428,30.694641622,0.02262566636423189,Medium Risk
2022-04-04,28.28660202,31.86630821,32.03248596,31.41430473,31.95936775,8458644,-0.0029118079158496624,31.43044635142857,30.617313448666668,0.02252849286856133,Medium Risk
2022-04-05,28.17202377,30.92241669,31.62036324,30.91576958,31.86630821,5671300,-0.02962035996701362,31.289907182857146,30.540206845666667,0.02376898574914337,Medium Risk
2022-04-06,28.03879356,30.77618027,31.08194733,30.59005928,30.92241669,3043148,-0.00472913942872033,31.206343242857145,30.464651171666667,0.023104387005522233,Medium Risk
2022-04-07,27.34236526,30.01176071,30.80941582,29.91205406,30.77618027,7649393,-0.024838025813916254,30.99268586285714,30.42366059633333,0.02425092155925184,Medium Risk
2022-04-10,26.77311134,29.38693047,29.91205406,29.24734116,30.01176071,3117189,-0.02081951292487172,30.80371775,30.330822372666667,0.02372868648975222,Medium Risk
2022-04-11,26.13724518,28.68898392,29.24734116,28.58262825,29.38693047,6298654,-0.02375023654520525,30.515992574285715,30.227791977333332,0.024424522562371664,Medium Risk
2022-04-12,26.64593506,29.24734116,29.57969856,28.58262825,28.68898392,7536452,0.019462426468535687,30.128560204285716,30.145810763666667,0.017392622182435556,Low Risk
2022-04-13,26.3491993,28.92163277,29.31381226,28.91498566,29.24734116,5187591,-0.011136341871836763,29.707892284285712,30.068482590333335,0.01691139661858813,Low Risk
2022-04-14,26.52482033,29.11439896,29.29387093,28.31674385,28.92163277,4344401,0.0066651212790431735,29.44960403714286,29.986501439999998,0.016754607100086753,Low Risk
2022-04-17,27.02745819,29.66610909,30.57676506,28.8152771,29.11439896,4623022,0.018949734485605774,29.29102244,29.953930537666665,0.019752950543349235,Low Risk
2022-04-18,27.1425209,29.79240417,29.97852516,28.91498566,29.66610909,4006570,0.00425721754129782,29.259685791428574,29.998687808333333,0.0178706957131422,Low Risk
2022-04-19,26.40370178,28.98145676,29.91205406,28.69562912,29.79240417,9420318,-0.02721993852435045,29.201760975714286,30.01641349866667,0.01917524286919274,Low Risk
2022-04-20,25.34997559,27.82485771,28.38321495,27.66532516,28.98145676,5090382,-0.03990824407406357,29.078314374285714,30.035468610666666,0.022870918839347575,Medium Risk
2022-04-21,25.43475914,27.91791725,28.16386032,27.91791725,27.82485771,4132103,0.0033444749644326865,28.88839667285714,30.05762570733333,0.02081879728111942,Medium Risk
2022-04-26,26.04034615,28.58262825,28.58262825,27.77168083,27.91791725,4271849,0.023809476690099363,28.839967455714287,30.079782740666666,0.02351854157605315,Medium Risk
2022-04-27,26.05245781,28.59592247,29.09445763,28.58927536,28.58262825,4595657,0.0004651153800037111,28.765899385714285,30.109030024666666,0.023277802627964955,Medium Risk
2022-04-28,27.13040924,29.77911186,29.77911186,28.63580513,28.59592247,6004489,0.0413761574308813,28.78204263857143,30.179932658333332,0.0277987956861485,Medium Risk
2022-05-08,27.25152779,29.91205406,30.07823181,29.24734116,29.77911186,2998342,0.004464276860404626,28.79913548,30.234217517,0.027803104387532238,Medium Risk
2022-05-09,26.11301994,28.66239548,30.10482025,28.66239548,29.91205406,5160943,-0.04177775880898493,28.753555297142857,30.232444954333335,0.030655587770115098,Medium Risk
2022-05-10,26.16752052,28.72221947,29.04792786,28.58927536,28.66239548,2927606,0.002087194353372901,28.88174983428571,30.194999568333337,0.02548542340670287,Medium Risk
2022-05-11,25.89500809,28.42309761,28.90169144,28.42309761,28.72221947,3318385,-0.010414301732929454,28.95391845714286,30.078896459666666,0.026140702445735953,Medium Risk
2022-05-12,25.49531746,27.98438835,28.42309761,27.91791725,28.42309761,3273611,-0.015434955965026531,28.868455614285715,29.91493409533333,0.025085568651970844,Medium Risk
2022-05-15,25.13196373,27.58556175,28.2835083,27.58556175,27.98438835,1261643,-0.01425175333517692,28.72411836857143,29.737677511,0.025386325494098843,Medium Risk
2022-05-16,24.76861,27.18673325,27.58556175,26.66160965,27.58556175,5824814,-0.014457871244909493,28.353778567142854,29.55665423133333,0.015148597803760901,Low Risk
2022-05-17,24.40525627,26.78790665,27.4193821,26.72143555,27.18673325,2726987,-0.014669897862774617,27.907471794285716,29.386044757333334,0.013095843304018024,Low Risk
2022-05-18,24.77466583,27.19338036,27.25320435,26.85437775,26.78790665,3311298,0.015136446281441618,27.697612491428572,29.247119841000004,0.011698648593304394,Low Risk
2022-05-19,25.49531746,27.98438835,27.98438835,26.85437775,27.19338036,2040246,0.02908825528596415,27.592208045714283,29.12968737366667,0.018073773429452905,Low Risk
2022-05-22,25.30152893,27.77168083,28.16386032,27.71850395,27.98438835,673097,-0.007600935112094365,27.499148505714285,29.03175315933333,0.01792694566542475,Low Risk
2022-05-23,25.58615685,28.084095,28.3499794,27.55897141,27.77168083,3581875,0.011249379247600944,27.513392312857142,28.944454321000002,0.017720163198675472,Low Risk
2022-05-24,25.58615685,28.084095,28.24362564,27.58556175,28.084095,2348160,0.0,27.58461134857143,28.815278562666666,0.016500499208539368,Low Risk
2022-05-25,25.0714035,27.51908875,28.04421234,27.51908875,28.084095,2583710,-0.020118371270286595,27.632090705714283,28.670371247333332,0.017583405876939517,Low Risk
2022-05-26,25.20463371,27.66532516,27.91791725,27.25320435,27.51908875,1979326,0.005313998996423708,27.757436207142856,28.56180152966667,0.016001709586306506,Low Risk
2022-05-29,24.72621918,27.14020348,27.78497314,27.06708527,27.66532516,429849,-0.01898122205190078,27.749839509999997,28.440602303333332,0.01743352332651532,Low Risk
2022-05-30,24.7322731,27.14685059,27.31967545,26.85437775,27.14020348,4716462,0.0002449174710461577,27.630191258571433,28.345105299333333,0.011902433945449042,Low Risk
2022-05-31,24.95028496,27.38614655,27.91791725,27.12026215,27.14685059,8452145,0.008814870041983669,27.575114932857144,28.278412502,0.012725563634870108,Low Risk
2022-06-01,24.82916832,27.25320435,27.51908875,26.93414307,27.38614655,4235379,-0.004854359475411463,27.456416268571427,28.230553182999998,0.011325509031091927,Low Risk
2022-06-02,24.2235775,26.58849144,27.25320435,26.58184433,27.25320435,2966402,-0.024390266240380765,27.242758617142858,28.141924858999996,0.013375167790149335,Low Risk
2022-06-05,24.2235775,26.58849144,26.58849144,26.58849144,26.58849144,0,0.0,27.109816144285713,28.064153481333335,0.012389702196079117,Low Risk
2022-06-06,24.04190063,26.38907814,26.55525589,25.97031021,26.39572525,5258238,-0.007499985489962779,26.927495141428572,27.973309454,0.011558875034256927,Low Risk
2022-06-07,24.19330025,26.55525589,26.58849144,26.20960617,26.38907814,1830396,0.006297216944009643,26.843931200000004,27.869614347333332,0.011005827486700143,Low Risk
2022-06-08,24.64143562,27.04714394,27.25320435,26.58849144,26.55525589,2550307,0.018523189986854316,26.829687392857142,27.778105673000002,0.013746417599237481,Low Risk
2022-06-09,24.64143562,27.04714394,27.23991013,26.73472977,27.04714394,2305252,0.0,26.781258448571432,27.713628578999998,0.013147565084105752,Low Risk
2022-06-12,24.10246086,26.45554924,26.78790665,26.28272438,27.04714394,1457672,-0.02187272346804403,26.667307718571433,27.667984963333332,0.015235085300317234,Low Risk
2022-06-13,24.10246086,26.45554924,26.45554924,26.1630764,26.45554924,4560496,0.0,26.648315975714286,27.619239363000002,0.012345504103355765,Low Risk
2022-06-14,24.10246086,26.45554924,26.45554924,25.92378044,26.45554924,3597613,0.0,26.629324232857147,27.548336729333332,0.012345504103355765,Low Risk
2022-06-15,24.04190063,26.38907814,26.44890213,26.12319374,26.45554924,2002982,-0.0025125579286594535,26.62932423285714,27.474775251666664,0.01202404147278958,Low Risk
2022-06-16,23.61798859,25.92378044,26.25613594,25.92378044,26.38907814,16202307,-0.017632207443226577,26.53911345428571,27.346264204333334,0.013290834581317315,Low Risk
2022-06-19,23.31519508,25.59142494,25.92378044,25.53160095,25.92378044,2318208,-0.01282048738104502,26.331153597142855,27.202243233666664,0.009402021908722281,Low Risk
2022-06-20,23.31519508,25.59142494,25.72436523,25.49836349,25.59142494,1615393,0.0,26.12319374,27.099877549,0.009402021908722281,Low Risk
2022-06-21,23.52715302,25.82407379,25.9038372,25.46512794,25.59142494,5048594,0.009090890817742725,26.032982961428576,27.003272692999996,0.008970232513684947,Low Risk
2022-06-22,23.25463486,25.52495193,25.9038372,25.52495193,25.82407379,1900092,-0.011583062472344308,25.900040488571427,26.906667837,0.009298566917933487,Low Risk
2022-06-23,22.5642643,24.76717949,25.52495193,24.76717949,25.52495193,2151213,-0.02968751682973292,25.658844809999998,26.799427541666667,0.012737521183649746,Low Risk
2022-06-26,22.83072281,25.05965424,25.15936089,24.80041695,24.76717949,1951284,0.011808964767994201,25.468927110000003,26.715230624666667,0.014965898645671475,Low Risk
2022-06-27,22.64299202,24.85359383,25.19259644,24.59435463,25.05965424,9895107,-0.008222795415552375,25.31604330857143,26.637459310666667,0.014286205841084728,Low Risk
2022-06-28,22.63693619,24.84694672,25.92378044,23.92964363,24.85359383,9021787,-0.00026745065705469084,25.20968927714286,26.572760646333332,0.014061200618047815,Low Risk
2022-06-29,22.57637787,24.78047562,24.92671013,24.62094307,24.84694672,4558224,-0.0026752220604430166,25.093839374285714,26.49233048833333,0.013966499979787732,Low Risk
2022-07-03,22.07373619,24.22876358,24.72729874,23.37128448,24.78047562,5220145,-0.022263981065590244,24.865937915714284,26.367142996,0.013907158578808414,Low Risk
2022-07-04,21.04423141,23.09875107,24.25535202,22.67998314,24.22876358,5774164,-0.0466392973900156,24.51933779285714,26.211378670666665,0.019983439671872646,Low Risk
2022-07-05,20.94734001,22.99239731,23.33140182,22.48721695,23.09875107,12992707,-0.004604307812041242,24.265797481428567,26.04165541433333,0.018920664494464123,Low Risk
2022-07-06,21.07451439,23.13198853,23.55740356,22.73316193,22.99239731,2742261,0.006071190320779962,23.990416665714285,25.876585198666668,0.01789414730642382,Low Risk
2022-07-07,21.55898476,23.66375732,23.75681877,23.17187119,23.13198853,3055499,0.022988459868477973,23.82044002142857,25.748074151,0.022150346134106717,Medium Risk
2022-07-17,21.80122185,23.92964363,24.5079422,23.67705154,23.66375732,2667224,0.011236014061692723,23.689396722857143,25.62355143333333,0.02311874475973706,Medium Risk
2022-07-18,21.80122185,23.92964363,24.46141243,23.81664276,23.92964363,11935740,0.0,23.567849295714286,25.516532771666668,0.023188033009470334,Medium Risk
2022-07-19,22.34625435,24.52788353,24.84029961,23.88975906,23.92964363,15850356,0.024999950239543045,23.610580717142856,25.429233869666668,0.024099756053035007,Medium Risk
2022-07-20,22.40681076,24.59435463,25.21253777,24.52788353,24.52788353,5757362,0.00271002183774649,23.824238368571432,25.336174138999997,0.011334836488175208,Low Risk
2022-07-21,22.83072281,25.05965424,25.05965424,24.60764885,24.59435463,3199527,0.01891895994019821,24.11956078714286,25.263055802,0.010020256328935037,Low Risk
2022-07-24,22.40681076,24.59435463,25.05965424,24.59435463,25.05965424,2102477,-0.018567678769377927,24.32847023,25.196584575,0.015467863441590594,Low Risk
2022-07-25,22.34625435,24.52788353,24.86024094,24.52788353,24.59435463,10815578,-0.0027026974685857574,24.451916831428573,25.127897644666668,0.0145903570980494,Low Risk
2022-07-26,22.67932701,24.89347649,25.25906754,24.35505867,24.52788353,4511592,0.014905197978164031,24.58960724,25.078044256333335,0.014904704378037615,Low Risk
2022-07-27,22.66721344,24.88018036,25.32553864,24.86024094,24.89347649,6382938,-0.0005341210579945521,24.725398201428572,25.022208405333334,0.014940383177339376,Low Risk
2022-07-28,22.95184135,25.19259644,25.22583199,24.66747475,24.88018036,8558821,0.012556825371823788,24.82035718857143,24.960390155333332,0.01285232677031541,Low Risk
2022-07-31,23.23646736,25.5050106,25.92378044,25.33218575,25.19259644,2518567,0.012401030625964315,24.95045089857143,24.908985710666666,0.01321972094034378,Low Risk
2022-08-01,23.00634575,25.25242043,25.72436523,24.94000626,25.5050106,5561610,-0.009903550873254563,24.97798892571429,24.868881417,0.012744623938066075,Low Risk
2022-08-02,22.53398514,24.73394585,25.25906754,24.73394585,25.25242043,16631796,-0.020531678594422953,24.99793052857143,24.811494637333336,0.013262533993807923,Low Risk
2022-08-03,22.83072281,25.05965424,25.05965424,24.79376984,24.73394585,2136885,0.013168476715169852,25.073897772857144,24.764964804,0.013888930272241433,Low Risk
2022-08-04,23.01239967,25.25906754,25.39200974,24.97988892,25.05965424,11542265,0.007957543950534607,25.126125065714287,24.727297783999997,0.013136910993074723,Low Risk
2022-08-07,23.56954384,25.87060356,25.92378044,25.39200974,25.25906754,11017158,0.024210554052780386,25.26761409428571,24.725525221333335,0.015421881910932609,Low Risk
2022-08-08,23.55743027,25.85730934,26.18966484,25.75760269,25.87060356,8262187,-0.0005138735928277294,25.36257308,24.73438803466667,0.015242726632768617,Low Risk
2022-08-09,23.24858093,25.51830482,25.99025154,25.45848083,25.85730934,11383727,-0.013110587630847381,25.364472254285715,24.731950697333332,0.01588726436064694,Low Risk
2022-08-10,23.55743027,25.85730934,25.98360443,25.59142494,25.51830482,2360827,0.013284758622927884,25.450884955714287,24.733058549000003,0.015851192889924703,Low Risk
2022-08-11,23.3757515,25.65789413,25.91048622,25.57812881,25.85730934,2765665,-0.007712140786880539,25.582877567142855,24.737489955666668,0.013117435511212227,Low Risk
2022-08-14,23.07901573,25.33218575,25.85066032,25.33218575,25.65789413,1904985,-0.012694275623312712,25.621810640000003,24.756323497666667,0.014142690668887067,Low Risk
2022-08-15,23.00634575,25.25242043,25.59142494,24.76053238,25.33218575,3637653,-0.003148773690008211,25.620861052857144,24.762749037333332,0.013936221412752737,Low Risk
2022-08-16,22.70355225,24.92006493,25.31889153,24.66747475,25.25242043,5299888,-0.013161332432322537,25.485069820000003,24.764964740666667,0.00962832039580946,Low Risk
2022-08-17,23.43631172,25.72436523,25.82407379,24.76053238,24.92006493,7884695,0.032275208843125736,25.466077804285714,24.794212024333333,0.017278201134031078,Low Risk
2022-08-18,23.43631172,25.72436523,25.72436523,25.72436523,25.72436523,0,0.0,25.495515005714285,24.825675011333335,0.01638474266934056,Low Risk
2022-08-21,24.68988419,27.10032082,27.23326302,25.79083633,25.79748344,3407689,0.053488417603220206,25.67308807428571,24.921393586,0.025699537440922408,Medium Risk
2022-08-22,24.16301918,26.52202034,27.25320435,26.52202034,27.10032082,5873646,-0.02133924848495572,25.796534675714287,25.035502561666668,0.02745638471135869,Medium Risk
2022-08-23,24.16301918,26.52202034,26.52202034,26.52202034,26.52202034,0,0.0,25.96651104571428,25.153156662666667,0.026490523517484914,Medium Risk
2022-08-24,24.16907501,26.52866745,26.82114029,26.42231369,26.41566658,8235081,0.0002506260803207816,26.14883204857143,25.266379293333333,0.026306693959527196,Medium Risk
2022-08-25,24.40525627,26.78790665,26.98731995,26.70149231,26.52866745,8184582,0.009772040020050055,26.41566658,25.370517604333333,0.024704429347324128,Medium Risk
2022-08-28,24.0903511,26.44225502,26.92084885,26.38907814,26.78790665,1409787,-0.012903271409600792,26.51822226428572,25.454271317333337,0.02400015948674111,Medium Risk
2022-08-29,24.01162338,26.35584259,26.65496254,26.35584259,26.44225502,2750313,-0.0032679674987871055,26.608433315714286,25.535144616,0.024126500262409225,Medium Risk
2022-08-30,23.82994652,26.15642929,26.3624897,25.99689865,26.35584259,12596146,-0.007566189520181177,26.47359166857143,25.589429474666666,0.010081334477775367,Low Risk
2022-08-31,23.10323906,25.35877419,26.38243103,25.35877419,26.15642929,12747052,-0.030495565398330426,26.307413647142855,25.614910126666665,0.012784981220209539,Low Risk
2022-09-01,23.10323906,25.35877419,25.65124893,25.12612534,25.35877419,5557350,0.0,26.14123562571429,25.62488079166667,0.012784981220209539,Low Risk
2022-09-04,23.01239967,25.25906754,25.51830482,25.19259644,25.35877419,2958300,-0.003931840287426658,25.959864210000003,25.647037888666667,0.012521988014782113,Low Risk
2022-09-05,23.19407845,25.45848083,25.62465858,25.25906754,25.25906754,5659264,0.007894720962450918,25.769946235714283,25.678057798666664,0.012118681894160403,Low Risk
2022-09-06,23.41209221,25.6977787,26.16972351,25.66454124,25.45848083,9392639,0.009399534544025645,25.663592475714285,25.704867872333335,0.013243268547221262,Low Risk
2022-09-07,23.28491402,25.55818748,25.85730934,25.55818748,25.6977787,4449687,-0.0054320344816417565,25.549641745714286,25.72746810966667,0.013248716979495376,Low Risk
2022-09-08,23.3939209,25.67783546,25.89054489,25.55818748,25.55818748,3090249,0.004681395349088291,25.481271198571427,25.74364274366667,0.013551440379533432,Low Risk
2022-09-11,23.7512188,26.07001686,26.12319374,25.72436523,25.67783546,2645084,0.015273148728245589,25.582877294285716,25.76247628566667,0.007524930559918732,Low Risk
2022-09-12,23.98739815,26.32925415,26.48878479,26.08995819,26.07001686,7003987,0.009943886549523384,25.721517288571427,25.798370743000003,0.00758593400374657,Low Risk
2022-09-13,23.96317673,26.30266571,26.38907814,26.1630764,26.32925415,6866668,-0.0010098440255286167,25.87060274142857,25.850661404999997,0.007047900976287671,Low Risk
2022-09-14,23.68460274,25.99689865,26.16972351,25.66454124,26.30266571,9743533,-0.011624945675515752,25.947519572857143,25.881902885333332,0.009519176532407006,Low Risk
2022-09-15,23.49687195,25.79083633,26.12319374,25.37871552,25.99689865,7224281,-0.007926419330791856,25.96081352,25.899628511666666,0.009835149907502692,Low Risk
2022-09-18,22.70960426,24.92671013,25.72436523,24.76053238,25.79083633,2845846,-0.033505163963793105,25.87060247,25.868165397333332,0.016290116371734012,Low Risk
2022-09-19,23.12140656,25.37871552,25.39200974,24.56111908,24.92671013,2563086,0.01813337530876158,25.82787105,25.85221227,0.01810224656585302,Low Risk
2022-09-20,23.63010216,25.93707466,26.14313507,25.37871552,25.37871552,3263774,0.022001079588128913,25.808879307142856,25.86617126466667,0.019283234984845035,Low Risk
2022-09-21,23.9207859,26.25613594,26.55525589,25.9636631,25.93707466,8280455,0.012301359508829046,25.798433848571428,25.879465484666664,0.01951663271045619,Low Risk
2022-09-22,23.86964226,26.20000076,26.45000076,25.60000038,26.25600052,4362068,-0.0021379832938204224,25.78376742714286,25.897535705666666,0.019528771582320737,Low Risk
2022-09-25,23.35944939,25.63999939,25.84000015,25.07999992,26.20000076,3749477,-0.021374097471591136,25.732781818571432,25.90779616033333,0.020771326101068355,Medium Risk
2022-09-26,22.88570213,25.12000084,25.75,25.12000084,25.63999939,3061702,-0.020280755162685682,25.63694817714286,25.903382174,0.021875459112256787,Medium Risk
2022-09-27,22.52128029,24.71999931,25.37000084,24.71999931,25.12000084,3807170,-0.01592362725414631,25.607418059999997,25.89671332,0.018632013889938875,Low Risk
2022-09-28,22.41195488,24.60000038,24.89999962,24.54999924,24.71999931,3561516,-0.004854325782746027,25.496173040000002,25.859234491666665,0.0166049566903227,Low Risk
2022-09-29,22.89481354,25.12999916,25.34000015,24.70000076,24.60000038,8504313,0.021544665520854656,25.38087654,25.839422289333335,0.01648482006723605,Low Risk
2022-10-02,22.68527222,24.89999962,25.27000046,24.75,25.12999916,1281618,-0.009152389482212864,25.18714278,25.766078249333336,0.014769646892013504,Low Risk
2022-10-03,22.43017769,24.62000084,25.06999969,24.54999924,24.89999962,4435690,-0.011244931095304112,24.961428505714284,25.702677599333335,0.014623705270501676,Low Risk
2022-10-04,23.23190308,25.5,25.5,24.79999924,24.62000084,8064310,0.035743262793487496,24.94142859285714,25.668610254666667,0.020967918764471797,Medium Risk
2022-10-05,23.80586624,26.12999916,26.21999931,25.45000076,25.5,6562649,0.02470584941176468,25.085714067142856,25.65532131166667,0.020822472102350765,Medium Risk
2022-10-09,23.5052166,25.79999924,26.05999947,25.75,26.12999916,1960982,-0.012629159227267373,25.239999771428568,25.622391064666665,0.020278945649227758,Medium Risk
2022-10-10,23.5052166,25.79999924,26.06999969,25.70000076,25.79999924,8515086,0.0,25.411428179999998,25.600982538666663,0.019913565269152847,Low Risk
2022-10-11,23.49610901,25.79000092,25.97999954,25.62000084,25.79999924,3890615,-0.000387531794361351,25.505714145714286,25.582121149666666,0.018944685153001076,Low Risk
2022-10-12,23.5052166,25.79999924,25.86000061,25.30999947,25.79000092,7750653,0.00038768203347538943,25.63428552,25.570240148,0.018180109428441397,Low Risk
2022-10-13,23.68742943,26.0,26.01000023,25.46999931,25.79999924,11759743,0.0077519676702131335,25.831428257142857,25.59161434166667,0.01666668173036373,Low Risk
2022-10-16,24.51649094,26.90999985,26.95000076,25.89999962,26.0,3136505,0.03499999423076927,26.032856807142856,25.643321863666664,0.01646112055826305,Low Risk
2022-10-17,24.2613945,26.62999916,27.05999947,26.44000053,26.90999985,10415248,-0.010405079582339605,26.104285378571426,25.689019584333334,0.01579879924520524,Low Risk
2022-10-18,24.37983322,26.76000023,26.95000076,26.5,26.62999916,5322958,0.004881752688722152,26.241428377142856,25.73240356433333,0.014256535195034233,Low Risk
2022-10-19,24.53471184,26.93000031,27.0,26.60000038,26.76000023,7597911,0.006352768256310259,26.40285710142857,25.773477618,0.014062431984229287,Low Risk
2022-10-20,24.78069687,27.20000076,27.27000046,26.93000031,26.93000031,3254624,0.010026009910580669,26.60428565,25.828204727333333,0.01379446065078782,Low Risk
2022-10-23,24.78069687,27.20000076,27.46999931,27.15999985,27.20000076,1678601,0.0,26.804285867142855,25.878943570666664,0.01382950912677793,Low Risk
2022-10-24,25.39110565,27.87000084,28.12999916,27.20000076,27.20000076,6627079,0.0246323551940959,27.071428844285713,25.938943036666664,0.015247613154657867,Low Risk
2022-10-25,26.69391251,29.29999924,29.29999924,27.85000038,27.87000084,7050723,0.051309592999639,27.412857328571427,26.037967873,0.02015005160507403,Medium Risk
2022-10-26,26.69391251,29.29999924,29.29999924,29.29999924,29.29999924,0,0.0,27.79428591142857,26.137878990666668,0.018503950157397475,Low Risk
2022-10-27,29.15376282,32.0,32.0,30.25,29.29999924,13289726,0.09215019897727483,28.54285730714286,26.337982369,0.03418236543193309,Medium Risk
2022-10-30,28.97154999,31.79999924,32.99000168,31.70000076,32.0,5271637,-0.0062500237500000555,29.238571439999998,26.538287799333332,0.035709154302026466,Medium Risk
2022-10-31,29.51818466,32.40000153,32.40000153,31.10000038,31.79999924,7808093,0.01886799699181374,29.981428692857143,26.787397512666665,0.035263263673515094,Medium Risk
2022-11-01,29.60928535,32.5,32.70000076,32.11000061,32.40000153,6011173,0.003086372385118885,30.73857144142857,27.024773661999998,0.034904148628582723,Medium Risk
2022-11-02,28.89866638,31.71999931,32.59999847,31.52000046,32.5,6127350,-0.024000021230769275,31.288571222857144,27.217537816999997,0.03978068804290605,Medium Risk
2022-11-03,29.24486542,32.09999847,32.09999847,31.42000008,31.71999931,2857304,0.01197979723411291,31.688571112857144,27.41233323466667,0.03720155582175716,Medium Risk
2022-11-06,29.15376282,32.0,32.40000153,31.70000076,32.09999847,1545255,-0.003115217282438798,32.074285507142854,27.605666542666665,0.03741067414185131,Medium Risk
2022-11-07,30.24702835,33.20000076,33.22000122,31.81999969,32.0,8438223,0.037500023750000056,32.24571418714286,27.857666588333334,0.01971897549509341,Low Risk
2022-11-08,29.60928535,32.5,33.79999924,32.34999847,33.20000076,8508512,-0.021084359758309912,32.34571429571428,28.103666560333334,0.021864847192710004,Medium Risk
2022-11-09,32.98930359,36.20999908,36.20999908,32.02999878,32.5,9710343,0.11415381784615386,32.88999966,28.486666552666666,0.04763387462863001,Medium Risk
2022-11-10,31.4496212,34.52000046,35.45999908,34.13999939,36.20999908,7323994,-0.04667215307755823,33.17857115428571,28.817333222,0.05340716308138972,High Risk
2022-11-13,31.95981026,35.08000183,35.13999939,34.75,34.52000046,3606287,0.016222519192863327,33.65857151428572,29.148999977666666,0.05128316076692022,High Risk
2022-11-14,32.70687866,35.90000153,35.95999908,34.90000153,35.08000183,47374889,0.023375132760077078,34.201429094285714,29.515666708,0.05133107185731559,High Risk
2022-11-15,32.70687866,35.90000153,35.90000153,35.20000076,35.90000153,6384319,0.0,34.75857217,29.891666730999997,0.051138760932563775,High Risk
2022-11-16,32.92552948,36.13999939,36.15000153,35.40999985,35.90000153,11475627,0.006685176873862941,35.17857197428571,30.246333377333332,0.050466335370729934,High Risk
2022-11-17,34.01879883,37.34000015,37.5,35.95000076,36.13999939,17065925,0.033204227455854385,35.87000056714286,30.620000076999997,0.048443225961113,Medium Risk
2022-11-20,34.07345963,37.40000153,37.79999924,37.34999847,37.34000015,3776611,0.001606892869816967,36.040000917142855,31.006666820000003,0.02571765129297217,Medium Risk
2022-11-21,34.16456223,37.5,37.77000046,37.0,37.40000153,7561400,0.0026737557729721306,36.46571513714286,31.396666845333336,0.012675946506357994,Low Risk
2022-11-22,34.6656456,38.04999924,38.25,37.70000076,37.5,9878995,0.014666646400000038,36.890000481428565,31.805333455999996,0.012602314406154034,Low Risk
2022-11-23,33.80925369,37.11000061,38.59000015,37.11000061,38.04999924,4838305,-0.02470430088765485,37.06285749285714,32.18233350166666,0.017396957906134797,Low Risk
2022-11-24,34.48342896,37.84999847,38.0,37.16999817,37.11000061,14137721,0.01994065879375362,37.341428484285714,32.577333450666664,0.018084463391768085,Low Risk
2022-11-27,35.16672134,38.59999847,38.68999863,37.59999847,37.84999847,5089392,0.01981506024615709,37.692856924285714,32.96700007133333,0.01863131243585292,Low Risk
2022-11-28,34.90252304,38.31000137,38.79000092,38.04000092,38.59999847,6860072,-0.00751287853613225,37.83142852714286,33.35633347833333,0.016235966749868005,Low Risk
2022-11-29,36.29643631,39.84000015,39.88000107,38.25,38.31000137,5203811,0.039937319897830115,38.179999758571434,33.792333475666666,0.021111202992225235,Medium Risk
2022-11-30,36.48775482,40.04999924,40.75,39.38999939,39.84000015,29130381,0.005271061476137984,38.54428536428571,34.22966677333333,0.020998688167408817,Medium Risk
2022-12-01,37.71767807,41.40000153,41.45000076,39.99000168,40.04999924,23099925,0.03370792298671721,39.022857120000005,34.70300013233334,0.022906450489401032,Medium Risk
2022-12-04,38.58317566,42.34999847,42.79999924,41.43999863,41.40000153,2715887,0.02294678514230486,39.77142824285715,35.208000055999996,0.016140334535973088,Low Risk
2022-12-05,40.08642197,44.0,44.63999939,42.45000076,42.34999847,9167293,0.038961076496114355,40.649999890000004,35.74566669466666,0.017808844856849866,Low Risk
2022-12-06,40.91547775,44.90999985,45.29000092,44.27000046,44.0,5184810,0.020681814772727236,41.551428658571425,36.26600004833333,0.017795141719547755,Low Risk
2022-12-07,41.80831528,45.88999939,46.59999847,45.00999832,44.90999985,5398261,0.021821410449192058,42.634285518571424,36.81900005333333,0.012289246485203313,Low Risk
2022-12-08,41.72631836,45.79999924,48.0,44.54999924,45.88999939,5708428,-0.001961214887695406,43.48571396,37.279000028000006,0.014484707179399408,Low Risk
2022-12-11,40.63305283,44.59999847,46.45000076,44.59999847,45.79999924,2034455,-0.02620089060944697,44.13571385,37.705666669,0.02253801119537589,Medium Risk
2022-12-12,41.38011551,45.41999817,46.0,43.0,44.59999847,10229170,0.018385644128475986,44.70999908428571,38.139666557000005,0.02120302380774285,Medium Risk
2022-12-13,41.1341362,45.15000153,46.0,44.79999924,45.41999817,8081143,-0.0059444440968369205,45.10999952142857,38.561333274666666,0.021863675922121243,Medium Risk
2022-12-14,42.95624542,47.15000153,47.15000153,45.04999924,45.15000153,9037728,0.04429678698174788,45.55999974,39.075666682,0.02312311117901139,Medium Risk
2022-12-15,41.45300293,45.5,47.70000076,45.5,47.15000153,9135836,-0.03499472908712753,45.64428547571429,39.522333399666664,0.027966707693792805,Medium Risk
2022-12-18,40.28684998,44.22000122,46.34999847,44.20000076,45.5,2904844,-0.028131841318681294,45.405714308571426,39.92966677366667,0.028493866375084997,Medium Risk
2022-12-19,38.81093979,42.59999847,44.70000076,42.5,44.22000122,9142456,-0.036635067962578316,44.948571341428575,40.243000030666664,0.03081028873456901,Medium Risk
2022-12-20,37.35325623,41.0,42.90000153,40.79999924,42.59999847,8947554,-0.03755865087945398,44.434285845714285,40.526333364,0.03208515171606179,Medium Risk
2022-12-21,38.08209991,41.79999924,42.0,39.5,41.0,6504131,0.01951217658536586,43.917143141428575,40.71266670266667,0.0322624403119353,Medium Risk
2022-12-22,38.26431274,42.0,42.99000168,39.95999908,41.79999924,4950334,0.004784707264028132,43.46714292285714,40.962000020666665,0.03281227363017962,Medium Risk
2022-12-25,38.54674149,42.31000137,42.59999847,40.52000046,42.0,3824802,0.007380984999999951,42.775714328571425,41.20300000533334,0.024605479907859013,Medium Risk
2022-12-26,38.27342224,42.00999832,42.88000107,42.0,42.31000137,1419434,-0.007090594192528665,42.277142659999996,41.406666565,0.023055132231163573,Medium Risk
2022-12-27,37.59012985,41.25999832,42.25,41.22000122,42.00999832,2466540,-0.017852892882477045,41.85428510285715,41.58533312466667,0.02209740289942427,Medium Risk
2022-12-28,37.53546906,41.20000076,41.70000076,41.15000153,41.25999832,4667869,-0.001454133844957406,41.65428543,41.753999837,0.01866826310607092,Low Risk
2022-12-29,37.79056168,41.47999954,42.0,41.06999969,41.20000076,3165788,0.00679608676783916,41.72285679285715,41.89199981666666,0.011934313478247272,Low Risk
2023-01-02,38.94760132,42.75,42.88999939,41.25,41.47999954,2708615,0.030617176327962792,41.85857118714286,42.070333098999996,0.015029524876039127,Low Risk
2023-01-03,38.94760132,42.75,43.65000153,42.70000076,42.75,1798021,0.0,41.96571404428572,42.245333099,0.015060135303989012,Low Risk
2023-01-04,40.55105591,44.50999832,45.49000168,41.40999985,42.75,9809493,0.0411695513450292,42.279999322857144,42.460666401666664,0.021057876573539008,Medium Risk
2023-01-05,41.54410553,45.59999847,46.0,44.61000061,44.50999832,6211368,0.02448888319796283,42.792856487142856,42.74366633033333,0.02080350898338423,Medium Risk
2023-01-09,42.45516205,46.59999847,46.59999847,45.65000153,45.59999847,4373881,0.021929825297206884,43.55571365142857,43.035332997,0.01623115341355117,Low Risk
2023-01-10,39.81310654,43.70000076,46.5,43.70000076,46.59999847,6598508,-0.06223171255825155,43.91285650857144,43.205333073333335,0.034324614027882124,Medium Risk
2023-01-11,38.26431274,42.0,46.15000153,41.79999924,43.70000076,30780974,-0.03890161854541807,43.98714228857143,43.328333027666666,0.03885325248904539,Medium Risk
2023-01-12,37.9909935,41.70000076,44.0,41.70000076,42.0,13404627,-0.007142839047619032,43.83714239714285,43.390333048,0.036859090562795536,Medium Risk
2023-01-15,38.03654861,41.75,42.40000153,41.31000137,41.70000076,5916266,0.001199022520113724,43.69428525428571,43.44699974,0.03687789500165308,Medium Risk
2023-01-16,38.26431274,42.0,43.20000076,42.0,41.75,13312675,0.0059880239520957446,43.335714065714285,43.466999689,0.03195851389315277,Medium Risk
2023-01-17,39.26646805,43.09999847,43.33000183,42.06000137,42.0,15259362,0.026190439761904827,42.97857120857143,43.491999689,0.03225026691887314,Medium Risk
2023-01-18,40.5237236,44.47999954,44.47999954,43.29999924,43.09999847,16012414,0.03201858744752761,42.67571421857143,43.50799967366667,0.03396786097547218,Medium Risk
2023-01-19,41.58966446,45.65000153,46.0,44.5,44.47999954,8093914,0.026304001845769642,42.95428575714285,43.53266639633333,0.02485592906604395,Medium Risk
2023-01-22,41.31634521,45.34999847,46.0,44.95000076,45.65000153,2441661,-0.006571808323003858,43.43285696714286,43.51466636566667,0.016661904386782826,Low Risk
2023-01-23,42.30028915,46.43000031,46.49000168,45.25999832,45.34999847,6643818,0.023814815356927532,44.10857118857143,43.53566640133333,0.015028551525396242,Low Risk
2023-01-24,44.3683815,48.70000076,48.70000076,46.5,46.43000031,7528581,0.04889081272547613,45.10142844000001,43.67233314433334,0.01795645422428129,Low Risk
2023-01-25,46.37270355,50.90000153,51.09999847,49.09999847,48.70000076,9486216,0.04517455309378504,46.37285723000001,43.854999923,0.018103463931133434,Low Risk
2023-01-29,49.19697189,54.0,54.0,51.5,50.90000153,5398685,0.06090370091979058,47.930000305714294,44.149999872,0.021891468870407653,Medium Risk
2023-01-30,47.83039093,52.5,57.63999939,51.25,54.0,9222271,-0.02777777777777779,49.07571465714285,44.328333154333336,0.031753327043219905,Medium Risk
2023-01-31,45.10633087,49.50999832,52.79999924,49.50999832,52.5,5368453,-0.05695241295238096,49.62714277,44.461999765,0.04410693795280865,Medium Risk
2023-02-01,45.64385605,50.09999847,51.5,49.75,49.50999832,5264514,0.011916787922040095,50.30571419857143,44.65799967333333,0.04332128272253734,Medium Risk
2023-02-02,46.09938812,50.59999847,51.15000153,49.99000168,50.09999847,3871830,0.009980040224939257,50.90142822142857,44.92466634,0.04317482551583045,Medium Risk
2023-02-05,46.74623871,51.31000137,52.20000076,48.59999847,50.59999847,3464311,0.014031678289890603,51.27428545142857,45.26833305233333,0.04028031865434981,Medium Risk
2023-02-06,48.17658997,52.88000107,52.88000107,51.40999985,51.31000137,4561916,0.030598317249664886,51.557142528571426,45.63766644666667,0.03838125636992765,Medium Risk
2023-02-07,49.66160965,54.50999832,55.04999924,53.50999832,52.88000107,6342693,0.030824455692470387,51.62999943142857,46.05466639066666,0.032448239338087194,Medium Risk
2023-02-08,50.60910416,55.54999924,56.0,53.20000076,54.50999832,5577272,0.019079085526561457,52.06571360857142,46.495999653,0.030075229877560058,Medium Risk
2023-02-09,53.74313736,58.99000168,59.0,55.75,55.54999924,8537827,0.06192623739088998,53.41999980285715,47.061999764999996,0.01816284599301342,Low Risk
2023-02-12,51.20129013,56.20000076,57.79000092,54.90000153,58.99000168,5178370,-0.04729616613904797,54.29142870142857,47.55999984633333,0.03314313405848537,Medium Risk
2023-02-13,51.0281868,56.00999832,57.5,55.0,56.20000076,12913351,-0.0033808262888002094,55.064285822857144,48.05366643166666,0.033990069127327,Medium Risk
2023-02-14,51.28328705,56.29000092,56.91999817,55.75,56.00999832,2478736,0.004999153872497386,55.77571433000001,48.54733314433334,0.03420865631079329,Medium Risk
2023-02-15,50.92797852,55.90000153,57.29999924,55.5,56.29000092,7018420,-0.0069283955165371225,56.207142967142865,48.98566652866667,0.03408153898374541,Medium Risk
2023-02-16,50.16269302,55.06000137,56.95999908,55.06000137,55.90000153,5748664,-0.015026836082449702,56.285714831428564,49.39599990766667,0.0334676022445921,Medium Risk
2023-02-19,50.27201843,55.18000031,55.95000076,55.00999832,55.06000137,1268083,0.0021794213042896082,56.232857841428576,49.75166664066667,0.03262153828425037,Medium Risk
2023-02-20,48.4681282,53.20000076,55.79999924,52.65000153,55.18000031,6227053,-0.035882557790438585,55.405714852857145,50.00500005033333,0.0198849244822686,Low Risk
2023-02-21,49.14230728,53.93999863,54.18000031,52.5,53.20000076,5218307,0.013909734199785584,55.082857405714286,50.24966672233333,0.01615526467393448,Low Risk
2023-02-22,48.5136795,53.25,54.47000122,52.70000076,53.93999863,3006644,-0.01279196602753041,54.68857193142857,50.56800003033333,0.01631768372337654,Low Risk
2023-02-23,49.91670609,54.79000092,54.79000092,52.90999985,53.25,4333861,0.028920205070422478,54.474286217142854,50.99433339433333,0.021078573517881928,Medium Risk
2023-02-26,50.56355667,55.5,56.24000168,54.29999924,54.79000092,2452044,0.01295855207297203,54.41714314142856,51.454333369,0.02188924776888962,Medium Risk
2023-02-27,49.55228043,54.38999939,55.99000168,54.38000107,55.5,4688042,-0.020000010990991024,54.32142857285714,51.875666682,0.022499443469053332,Medium Risk
2023-02-28,48.38613129,53.11000061,54.90000153,53.11000061,54.38999939,7951115,-0.023533715652795828,54.02571432999999,52.24600003566666,0.02385136630797796,Medium Risk
2023-03-01,49.33363342,54.15000153,54.20000076,53.04999924,53.11000061,4847747,0.01958201672105009,54.16142872571428,52.614333471,0.0210035474201433,Medium Risk
2023-03-02,48.13103867,52.83000183,54.68999863,52.79000092,54.15000153,10543063,-0.02437672507301214,54.00285775428571,52.89266688066667,0.02253353609213562,Medium Risk
2023-03-05,47.97615814,52.65999985,53.59999847,52.02000046,52.83000183,2826528,-0.003217906002484061,53.918572018571425,53.12633349133333,0.022108904046195848,Medium Risk
2023-03-06,48.4681282,53.20000076,54.5,52.70000076,52.65999985,5233404,0.010254479900079216,53.69142913857143,53.388000234333326,0.018709477643708734,Low Risk
2023-03-07,47.37485886,52.0,53.65000153,51.91999817,53.20000076,7872931,-0.02255640494092359,53.19142913857143,53.573666890666665,0.01813580902901833,Low Risk
2023-03-08,48.27680588,52.99000168,53.25,52.0,52.0,6201148,0.01903849384615386,52.99142946571429,53.71666692133333,0.020126055954010732,Medium Risk
2023-03-09,48.30413437,53.02000046,54.15000153,52.50999832,52.99000168,8692324,0.0005661215144161513,52.97857230142857,53.78733355233333,0.018095549764570295,Low Risk
2023-03-12,47.42041397,52.04999924,53.47000122,51.91999817,53.02000046,8943815,-0.018295005876731385,52.67857197428572,53.722333527,0.016848886683387274,Low Risk
2023-03-13,45.55275345,50.0,52.79999924,50.0,52.04999924,10033521,-0.039385192505912436,52.27428599857143,53.63900019366667,0.020259291783207494,Medium Risk
2023-03-14,44.64169693,49.0,50.59999847,49.0,50.0,4918377,-0.020000000000000018,51.75142887714286,53.62200024966667,0.020635974300449358,Medium Risk
2023-03-15,44.18616867,48.5,51.24000168,47.99000168,49.0,9397878,-0.010204081632653073,51.08000019714286,53.568666967333336,0.01863177575885268,Low Risk
2023-03-16,43.73064041,48.0,51.0,48.0,48.5,7372955,-0.010309278350515427,50.50857162571429,53.48200035166667,0.01815109018346922,Low Risk
2023-03-19,43.73064041,48.0,48.95999908,47.31999969,48.0,4567601,0.0,49.79571424285714,53.37166697266667,0.013754014950302242,Low Risk
2023-03-20,44.18616867,48.5,50.04999924,47.79999924,48.0,4132851,0.01041666666666674,49.14999989142857,53.225666937,0.015833134192158035,Low Risk
2023-03-21,45.09722137,49.5,50.90000153,49.25999832,48.5,6712697,0.020618556701030855,48.785714285714285,53.058666992999996,0.01980799686810977,Low Risk
2023-03-22,45.41609192,49.84999847,50.5,48.88000107,49.5,3849649,0.007070676161616163,48.76428549571428,52.86866696733333,0.014102025903517732,Low Risk
2023-03-23,46.45470047,50.99000168,50.99000168,49.11999893,49.84999847,2992447,0.022868670912518763,49.048571450000004,52.60200030066667,0.013435860625755486,Low Risk
2023-03-26,46.64601898,51.20000076,51.47000122,50.56000137,50.99000168,2674256,0.004118436420494698,49.43428584428572,52.435333633999996,0.01155489901246755,Low Risk
2023-03-27,46.46380615,51.0,51.40999985,50.54999924,51.20000076,2704794,-0.003906264785766389,49.86285727285714,52.26833368999999,0.010033209528858103,Low Risk
2023-03-28,44.64169693,49.0,50.88999939,49.0,51.0,3012166,-0.039215686274509776,50.00571441571429,52.025333659333334,0.020847589096452953,Medium Risk
2023-03-29,45.46164322,49.90000153,50.16999817,49.09999847,49.0,4374730,0.01836737816326517,50.20571463428571,51.82533365933333,0.021516058994481738,Medium Risk
2023-03-30,46.47291183,51.00999832,52.0,50.20999908,49.90000153,4419976,0.022244423967255234,50.421428680000005,51.69033355766667,0.021729614917541027,Medium Risk
2023-04-02,46.91933441,51.5,51.84999847,50.90000153,51.00999832,1247405,0.009605992866851043,50.657143184285715,51.56766688066667,0.021800485495850525,Medium Risk
2023-04-03,47.83039093,52.5,53.20000076,51.56999969,51.5,4760144,0.01941747572815533,50.87285723000001,51.544333522,0.021360147536455477,Medium Risk
2023-04-04,48.28004456,52.5,52.95999908,52.11000061,52.5,4625917,0.0,51.05857140714286,51.49633356766667,0.02142504411736377,Medium Risk
2023-04-05,49.00654221,53.29000092,53.40000153,52.31000137,52.5,3415218,0.015047636571428491,51.38571439571428,51.49766693166667,0.021488236434613693,Medium Risk
2023-04-06,47.45237732,51.59999847,53.27999878,51.59999847,53.29000092,5141113,-0.03171331245681641,51.75714274857143,51.39133351666667,0.01885394993472682,Low Risk
2023-04-09,47.54434586,51.70000076,52.0,51.20999908,51.59999847,730773,0.0019380289334338663,52.01428549571428,51.26466687533333,0.0182998543053514,Low Risk
2023-04-10,47.36042023,51.5,51.99000168,51.25,51.70000076,2929501,-0.003868486596904308,52.08428573571428,51.16833356233333,0.016855599471323555,Low Risk
2023-04-11,47.53514481,51.68999863,51.79999924,51.0,51.5,4667538,0.003689293786407699,52.11142839714285,51.121000163,0.01652588576671044,Low Risk
2023-04-12,46.99257278,51.09999847,51.61999893,49.84999847,51.68999863,3271797,-0.011414203436592274,51.91142817857143,51.01933339433334,0.014695864394384132,Low Risk
2023-04-13,53.79776001,58.5,58.5,51.09999847,51.09999847,5632824,0.14481412429678286,52.76857103571428,51.208333333333336,0.058252483145617755,High Risk
2023-04-18,50.21124268,54.59999847,55.0,53.54999924,58.5,5157026,-0.06666669282051274,52.95571354285714,51.27299995400001,0.06632079773957118,High Risk
2023-04-19,49.29162216,53.59999847,54.79999924,53.31000137,54.59999847,3187005,-0.01831501882824138,53.241427828571425,51.286333211000006,0.0652609607160736,High Risk
2023-04-26,48.18807983,52.40000153,53.90000153,52.15000153,53.59999847,8694876,-0.022388003251000987,53.34142793857143,51.299666595333335,0.06622642147571418,High Risk
2023-04-27,49.10770035,53.40000153,54.08000183,52.40000153,52.40000153,4059226,0.01908396890842612,53.61285672857143,51.313333257,0.06635771727384972,High Risk
2023-04-30,49.48474503,53.81000137,55.25999832,53.15000153,53.40000153,4730223,0.007677899405483579,53.91571426285714,51.33966662066667,0.06634195489972233,High Risk
2023-05-01,49.48474503,53.81000137,53.81000137,53.81000137,53.81000137,0,0.0,54.302857534285714,51.39833335833334,0.06593743027702129,High Risk
2023-05-02,48.50994492,52.75,53.15000153,52.56000137,53.0,3676836,-0.019698965675755797,53.481428962857144,51.490000025,0.02785365581114441,Medium Risk
2023-05-03,48.84100723,53.11000061,53.25,52.59999847,52.75,4419590,0.006824656113744165,53.268572125714286,51.62700004533333,0.016287580336144487,Low Risk
2023-05-07,48.74904633,53.00999832,53.25,52.75999832,53.11000061,2406878,-0.0018829276756056057,53.184286390000004,51.777333322666664,0.014984098431716789,Low Risk
2023-05-08,48.92377472,53.20000076,53.20999908,52.79999924,53.00999832,1916070,0.0035842755333255205,53.298571994285716,51.95066668133333,0.011828280722022534,Low Risk
2023-05-09,47.9121933,52.09999847,54.04999924,51.5,53.20000076,8171892,-0.02067673447905416,53.112857271428574,52.087333297,0.01193054308525828,Low Risk
2023-05-10,48.18807983,52.40000153,52.77000046,52.0,52.09999847,3810484,0.005758216291939844,52.911428722857146,52.217333348,0.011650821445208485,Low Risk
2023-05-11,47.645504,51.81000137,52.59999847,51.20000076,52.40000153,6930593,-0.011259544709406377,52.625714437142854,52.29433339366666,0.011826379521118653,Low Risk
2023-05-14,47.95817566,52.15000153,52.27999878,50.70000076,51.81000137,3434279,0.006562442598136542,52.540000369999994,52.37100016233333,0.010613884533975031,Low Risk
2023-05-15,47.82022858,52.0,53.0,51.81000137,52.15000153,7061126,-0.002876347566619142,52.381428854285716,52.404666773,0.009945210268056816,Low Risk
2023-05-16,47.82022858,52.0,52.20000076,51.5,52.0,4313342,0.0,52.23714338,52.43133341433334,0.010004801038148265,Low Risk
2023-05-17,48.28004456,52.5,52.88999939,51.75,52.0,5743529,0.009615384615384581,52.13714327142856,52.481333414333335,0.010859479515600146,Low Risk
2023-05-18,46.99257278,51.09999847,52.72999954,51.09999847,52.5,9822209,-0.026666695809523744,51.99428612857143,52.551333363333335,0.012675384387186859,Low Risk
2023-05-21,47.54434586,51.70000076,51.93000031,51.25,51.09999847,2683865,0.011741728140212127,51.894286018571435,52.61133333766667,0.013514452016835028,Low Risk
2023-05-22,47.82022858,52.0,52.5,51.72000122,51.70000076,4899499,0.005802693144873361,51.921428680000005,52.64433339366666,0.013063636772910465,Low Risk
2023-05-23,47.86621094,52.04999924,52.20000076,51.75999832,52.0,2521048,0.0009615238461537778,51.90714263857143,52.662666701666666,0.012806358217541862,Low Risk
2023-05-24,48.28004456,52.5,52.65000153,52.00999832,52.04999924,2381811,0.008645547868791903,51.97857121,52.662666701666666,0.0131415648384714,Low Risk
2023-05-25,48.09611893,52.29999924,53.18999863,52.29999924,52.5,3338500,-0.0038095382857142868,52.02142824428572,52.65600000966666,0.013289326238988965,Low Risk
2023-05-28,47.84781647,52.02999878,52.79999924,52.02000046,52.29999924,1107433,-0.005162532771004313,51.954285212857144,52.613999938333336,0.012840014927868399,Low Risk
2023-05-29,47.56274033,51.72000122,52.27999878,51.52999878,52.02999878,3887863,-0.005958054339204821,52.04285703428572,52.61800003,0.007100877737420184,Low Risk
2023-05-30,48.28004456,52.5,52.59999847,51.72000122,51.72000122,4648615,0.015081182552222572,52.157142640000004,52.64466667133333,0.007946223079216526,Low Risk
2023-05-31,48.09611893,52.29999924,53.0,52.27000046,52.5,5916682,-0.0038095382857142868,52.19999967428571,52.67133331266667,0.008054318810156133,Low Risk
2023-06-01,48.37199783,52.59999847,52.88999939,52.11000061,52.29999924,2199588,0.005736123027905604,52.27857099285715,52.701666640666666,0.008264777744509132,Low Risk
2023-06-04,48.04094315,52.24000168,53.18999863,52.20999908,52.59999847,2772381,-0.006844045636338336,52.241428375714285,52.73966674766666,0.008114964985717305,Low Risk
2023-06-05,47.86621094,52.04999924,52.99000168,52.0,52.24000168,7554999,-0.0036371063148863403,52.20571409,52.52466672233333,0.008104139643210844,Low Risk
2023-06-06,48.18807983,52.40000153,53.0,52.09999847,52.04999924,3214726,0.006724347648616735,52.25857162571429,52.451333491,0.008246660420429834,Low Risk
2023-06-07,48.28004456,52.5,52.88000107,52.00999832,52.40000153,5557145,0.0019083676923701276,52.37000002285714,52.41466687533333,0.0076480569268725,Low Risk
2023-06-08,48.73984909,53.0,53.0,52.0,52.5,5384776,0.00952380952380949,52.44142859428571,52.434666824333334,0.0062433401096806665,Low Risk
2023-06-11,48.95136261,53.22999954,53.68999863,52.90000153,53.0,2418737,0.004339613962264233,52.574285780000004,52.429000091333336,0.005864468839266644,Low Risk
2023-06-12,47.95817566,52.15000153,53.49000168,52.11999893,53.22999954,2285410,-0.02028927332957109,52.510000502857146,52.373666763333325,0.010168066727159088,Low Risk
2023-06-13,47.92139053,52.11000061,52.65000153,52.0,52.15000153,12643815,-0.0007670358355978957,52.49142892142857,52.31700007133333,0.00985880060727548,Low Risk
2023-06-14,48.47315598,52.70999908,52.97000122,52.11000061,52.11000061,5164617,0.01151407528260262,52.585714612857146,52.31566670733333,0.010639853156032247,Low Risk
2023-06-15,48.73984909,53.0,53.0,52.22000122,52.70999908,2591201,0.005501819864573543,52.67142868,52.312000020333336,0.010556224291779104,Low Risk
2023-06-18,48.647892,52.90000153,53.20999908,52.65999985,53.0,2091132,-0.001886763584905693,52.72857175571429,52.30833346066667,0.010639425638952317,Low Risk
2023-06-19,48.10531235,52.31000137,53.22000122,52.04000092,52.90000153,7702068,-0.01115312179462602,52.63000052285714,52.278666814333334,0.01079106006942684,Low Risk
2023-06-20,47.78344727,51.95999908,52.5,51.5,52.31000137,3654880,-0.006690924886894156,52.44857188571429,52.274000168,0.010544215970997101,Low Risk
2023-06-21,47.45237732,51.59999847,52.0,51.25999832,51.95999908,3639648,-0.0069284183289866075,52.370000020000006,52.247333399333336,0.00783872331086019,Low Risk
2023-06-22,47.18569565,51.31000137,51.63000107,51.11000061,51.59999847,2576652,-0.005620099003851742,52.25571441428571,52.23066673266667,0.007977793722254971,Low Risk
2023-06-25,45.06137085,49.0,51.29999924,48.93000031,51.31000137,6099836,-0.045020489345584336,51.72571454571429,52.125666681666665,0.016191570261905267,Low Risk
2023-06-26,46.90061188,51.0,51.25,49.20000076,49.0,4635525,0.04081632653061229,51.44000026,52.092333348333334,0.02501658332667219,Medium Risk
2023-07-04,45.97179794,49.99000168,51.40000153,49.61000061,51.0,5807605,-0.019803888627450972,51.02428599571429,52.02533340433333,0.025530977236171974,Medium Risk
2023-07-05,45.51198578,49.49000168,50.29999924,49.31999969,49.99000168,4300714,-0.010002000063945582,50.621428897142856,51.925000127,0.025509263993792296,Medium Risk
2023-07-06,44.37165451,48.25,49.5,48.02000046,49.49000168,7630363,-0.025055599876876,50.091429028571426,51.830000178,0.026330486027125944,Medium Risk
2023-07-09,43.81988525,47.65000153,48.75,47.59999847,48.25,1877964,-0.012435201450777256,49.52714375142857,51.69500020366666,0.026297625954959422,Medium Risk
2023-07-10,44.50960159,48.40000153,48.54999924,47.25999832,47.65000153,7645482,0.01573976864466231,49.11142948857143,51.57500025466666,0.028198768053147836,Medium Risk
2023-07-11,44.96021271,48.88999939,49.20000076,47.90999985,48.40000153,6657247,0.010123922407239805,49.09571511571428,51.46966692633334,0.023419378148926844,Medium Risk
2023-07-12,45.24529648,49.20000076,49.59000015,48.33000183,48.88999939,4346084,0.006340793083818408,48.838572367142866,51.35966695166667,0.015754194339880078,Low Risk
2023-07-13,45.61314392,49.59999847,50.33000183,49.09999847,49.20000076,3027149,0.008130034630511762,48.782857622857144,51.269666926,0.014897843374152722,Low Risk
2023-07-16,45.5211792,49.5,50.0,49.5,49.59999847,453816,-0.002016098247674014,48.78428595428572,51.18533363333333,0.014392830181914684,Low Risk
2023-07-17,45.98099136,50.0,51.04999924,49.29999924,49.5,7065317,0.010101010101010166,49.03428595428572,51.128000259333334,0.009418827384875669,Low Risk
2023-07-18,46.07294846,50.09999847,50.68999863,49.72000122,50.0,4262435,0.0019999694000001345,49.384285517142864,51.048000208333335,0.005823411982087401,Low Risk
2023-07-19,46.07294846,50.09999847,50.09999847,50.09999847,50.09999847,0,0.0,49.62714222285715,50.97466684933333,0.0049511090288954585,Low Risk
2023-07-24,46.90061188,51.0,51.38999939,50.59000015,50.34999847,5157563,0.017964102943813787,49.92857088142858,50.921333567000005,0.006841426579270481,Low Risk
2023-07-25,47.13051605,51.25,52.0,50.70000076,51.0,9738853,0.004901960784313708,50.22142791571429,50.888333511000006,0.006853687568718022,Low Risk
2023-07-26,46.74427795,50.83000183,51.65999985,50.83000183,51.25,4266068,-0.008195086243902416,50.39714268142857,50.84766693066667,0.008528796557727519,Low Risk
2023-07-27,47.06614304,51.18000031,51.25,50.61999893,50.83000183,3458867,0.006885667271281148,50.637142725714284,50.80700022333333,0.008220976035491498,Low Risk
2023-07-30,46.67070389,50.75,51.29999924,50.72000122,51.18000031,1601206,-0.008401725427812812,50.74428558285714,50.748666889999996,0.009156863009015586,Low Risk
2023-07-31,46.44079971,50.5,51.13000107,50.47999954,50.75,11472851,-0.0049261083743842304,50.801428658571425,50.66533355666666,0.00954369134985819,Low Risk
2023-08-01,46.71668625,50.79999924,50.79999924,50.5,50.5,10373990,0.00594057900990097,50.90142876857142,50.58433354666666,0.00968481991253144,Low Risk
2023-08-02,47.0569458,51.16999817,51.20000076,50.5,50.79999924,4597524,0.0072834436129018965,50.92571422142857,50.551666768000004,0.007303616533237569,Low Risk
2023-08-03,46.80865097,50.90000153,51.20000076,50.59999847,51.16999817,1976433,-0.005276463741565984,50.87571443999999,50.51133346533334,0.007293996871438183,Low Risk
2023-08-06,46.67070389,50.75,51.09999847,50.61000061,50.90000153,1926705,-0.002946984783715356,50.86428560714286,50.44600016266667,0.006668781526782372,Low Risk
2023-08-07,46.56954575,50.63999939,51.0,50.59999847,50.75,6907197,-0.0021674997044335287,50.78714261857142,50.36733347566667,0.005897515373234341,Low Risk
2023-08-08,46.59713364,50.66999817,51.25,50.59999847,50.63999939,10631816,0.0005923929771201042,50.77571378571429,50.29300003033333,0.00506390237439996,Low Risk
2023-08-09,46.5787468,50.65000153,51.0,50.65000153,50.66999817,2553862,-0.00039464457711080314,50.79714257571428,50.23766670233333,0.004632444962322448,Low Risk
2023-08-10,46.79944992,50.88999939,50.93000031,50.56000137,50.65000153,1678306,0.0047383583958600095,50.80999974,50.202000045999995,0.004411224794535537,Low Risk
2023-08-13,46.83623886,50.93000031,51.0,50.59999847,50.88999939,1733389,0.0007860271267337016,50.775714331428574,50.179666774,0.0032064108003278776,Low Risk
2023-08-14,47.45237732,51.59999847,52.0,50.90000153,50.93000031,15205870,0.013155275003374545,50.87571389428572,50.189333344000005,0.005522089888198938,Low Risk
2023-08-15,47.81103516,51.99000168,52.02999878,51.59999847,51.59999847,4437685,0.007558201968295375,51.05285699142856,50.28900006666667,0.005390235384263735,Low Risk
2023-08-16,48.62030029,52.86999893,53.29999924,51.75,51.99000168,7535594,0.01692627854517892,51.37142835428572,50.351333364333335,0.006728738105730326,Low Risk
2023-08-17,48.55592346,52.79999924,53.40000153,52.79999924,52.86999893,3430605,-0.0013239964330751253,51.675714221428564,50.444999949666666,0.007027034082238639,Low Risk
2023-08-20,48.79502869,53.06000137,53.29999924,52.5,52.79999924,2853602,0.004924282836031413,52.01999991285714,50.563999939333335,0.006497974508795733,Low Risk
2023-08-21,47.86621094,52.04999924,53.25,52.0,53.06000137,13112314,-0.01903509430685868,52.18571417714286,50.690666580666665,0.011762430540790578,Low Risk
2023-08-22,48.37199783,52.59999847,52.75999832,52.0,52.04999924,4732873,0.01056674808896707,52.42428534285715,50.85566647866666,0.01199480998832675,Low Risk
2023-08-23,48.37199783,52.59999847,52.79999924,52.43000031,52.59999847,5047817,0.0,52.567142485714285,50.99566637666667,0.01146477094117383,Low Risk
2023-08-24,48.28004456,52.5,52.90000153,52.40999985,52.59999847,4825812,-0.001901111652256704,52.63999938857143,51.115999730333336,0.011367845893953652,Low Risk
2023-08-27,49.6594696,54.0,54.0,52.5,52.5,4817415,0.02857142857142847,52.801428112857145,51.275999705000004,0.014445459360084451,Low Risk
2023-08-28,50.34918594,54.75,55.43999863,54.0,54.0,4308379,0.01388888888888884,53.079999650000005,51.44766642266667,0.014806248648154332,Low Risk
2023-08-29,49.7514267,54.09999847,55.27000046,53.95000076,54.75,10783063,-0.011872174063926932,53.22857066428572,51.60099970500001,0.01617293092132379,Low Risk
2023-08-30,51.40674973,55.90000153,56.0,54.0,54.09999847,6196963,0.033271776541696996,53.77857099142857,51.79766642266667,0.016436927199746862,Low Risk
2023-08-31,51.40674973,55.90000153,55.90000153,55.90000153,55.90000153,0,0.0,54.25,51.990999857999995,0.016893727653562025,Low Risk
2023-09-03,51.72861862,56.25,57.04999924,56.25,57.0,1646221,0.006261153138111597,54.77142879,52.195999908999994,0.016508340235009383,Low Risk
2023-09-04,51.68263245,56.20000076,56.59999847,55.63999939,56.25,8118582,-0.0008888753777777092,55.300000327142854,52.36933326766667,0.016393349074732833,Low Risk
2023-09-05,52.46430969,57.04999924,57.52999878,56.20000076,56.20000076,4591421,0.015124527909347929,55.73571450428572,52.56266657566666,0.014520290460997771,Low Risk
2023-09-06,54.25757217,59.0,59.0,57.06999969,57.04999924,6318734,0.03418055715998647,56.34285736142857,52.834999848,0.017598288986399736,Low Risk
2023-09-07,54.36792374,59.11999893,59.90000153,58.29999924,59.0,1720867,0.0020338801694914643,57.06000028428571,53.09966646866667,0.015228785764315737,Low Risk
2023-09-10,54.36792374,59.11999893,59.11999893,59.11999893,59.11999893,0,0.0,57.51999991285714,53.378666433,0.012791523783372002,Low Risk
2023-09-11,53.23679352,57.88999939,58.79999924,57.5,58.79999924,18241476,-0.020805134679659942,57.804285321428566,53.624999746,0.01678226193716053,Low Risk
2023-09-12,52.62064743,57.22000122,57.99000168,56.79999924,57.88999939,3582725,-0.011573642719984845,57.942856924285714,53.838999812000004,0.017898502006662063,Low Risk
2023-09-13,53.24598694,57.90000153,58.49000168,57.09999847,57.22000122,4239619,0.011883961822816591,58.18571417714286,54.063333257333326,0.018135237746648148,Low Risk
2023-09-14,54.027668,58.75,59.25,58.0,57.90000153,5131439,0.014680456779601059,58.42857142857143,54.324999872999996,0.018092221218758826,Low Risk
2023-09-17,53.98168182,58.70000076,59.04999924,58.0,58.75,670273,-0.0008510508936170336,58.385714394285706,54.58999989833333,0.012418693657290283,Low Risk
2023-09-18,54.27596283,59.02000046,59.22999954,57.5,58.70000076,9784207,0.005451442859572442,58.37142889857143,54.86933326733333,0.01260806078669627,Low Risk
2023-09-19,54.83692932,59.63000107,60.0,58.20000076,59.02000046,15225393,0.01033548975340004,58.44428634714286,55.16800003066667,0.013221989476220646,Low Risk
2023-09-20,54.83692932,59.63000107,59.63000107,59.63000107,59.63000107,0,0.0,58.692858015714286,55.46733334866667,0.00912884515426485,Low Risk
2023-09-21,54.83692932,59.63000107,59.63000107,59.63000107,59.63000107,0,0.0,59.03714370857142,55.758666738,0.00642871098956931,Low Risk
2023-09-24,54.83692932,59.63000107,59.63000107,59.63000107,59.63000107,0,0.0,59.2842865,56.04866676333334,0.006157336371277988,Low Risk
2023-09-25,55.17719269,60.0,61.59999847,59.5,60.11000061,8558084,0.006204912348830138,59.46285792857143,56.32866681433333,0.004318915880790568,Low Risk
2023-09-26,55.54503632,60.40000153,60.59000015,59.5,60.0,10463776,0.00666669216666671,59.70571518142857,56.609000142666666,0.004126258380713197,Low Risk
2023-09-27,55.54503632,60.40000153,60.40000153,60.40000153,60.40000153,0,0.0,59.90285819142857,56.86000022933333,0.004336465717513546,Low Risk
2023-10-01,55.54503632,60.40000153,60.40000153,60.40000153,60.40000153,0,0.0,60.01285825714286,57.113333639,0.0031431779834943732,Low Risk
2023-10-02,56.14279175,61.04999924,61.34000015,60.0,60.49000168,20600319,0.010761551217464138,60.21571513857143,57.37966690133333,0.00445285059649193,Low Risk
2023-10-03,56.56581116,61.50999832,61.54999924,60.54999924,61.04999924,3623976,0.007534792558991699,60.48428617428572,57.695000204,0.004411207684151992,Low Risk
2023-10-04,56.70375824,61.65999985,62.04999924,61.02000046,61.50999832,2138944,0.002438652805997865,60.774286,57.997000250000006,0.00408520615468844,Low Risk
2023-10-08,55.17719269,60.0,61.0,56.90000153,61.65999985,2677078,-0.02692182701975787,60.774286,58.24366696766666,0.012568000173871227,Low Risk
2023-10-09,56.10600281,61.00999832,61.40000153,59.5,60.0,2824848,0.01683330533333338,60.86142839857143,58.527333578333334,0.013967125449158594,Low Risk
2023-10-10,55.75654984,60.63000107,61.20000076,59.09999847,61.00999832,13910057,-0.006228442230188258,60.894285475714284,58.748333613999996,0.01427515972932511,Low Risk
2023-10-11,54.81853867,59.61000061,61.15000153,59.61000061,60.63000107,4764515,-0.016823362064967817,60.78142820142857,58.910333634333334,0.0157401315839964,Low Risk
2023-10-12,55.08522797,59.90000153,60.29000092,59.5,59.61000061,1103873,0.004864970928239565,60.617142814285714,59.10366706966667,0.01510243135405824,Low Risk
2023-10-15,54.72657394,59.50999832,60.0,59.5,59.90000153,1838279,-0.006510904842041976,60.33142852857143,59.22400029599999,0.014448123846143234,Low Risk
2023-10-16,54.26676178,59.00999832,60.99000168,59.00999832,59.50999832,9565111,-0.008401949489418192,59.952856881428566,59.32766685566666,0.014143056702034324,Low Risk
2023-10-17,54.90130234,59.70000076,60.0,58.27000046,59.00999832,13658757,0.011692975082938428,59.909999847142856,59.44266688100001,0.012080075951736985,Low Risk
2023-10-18,54.96567917,59.77000046,60.5,59.09999847,59.70000076,5448520,0.0011725242731805974,59.73285729571428,59.56166687099999,0.009469980212390277,Low Risk
2023-10-19,54.96567917,59.77000046,59.77000046,59.77000046,59.77000046,0,0.0,59.61000006571429,59.652333578333334,0.00939641403836911,Low Risk
2023-10-22,54.25757217,59.0,60.0,58.97999954,59.0,2337970,-0.012882724679169288,59.52285712142857,59.652333578333334,0.008428575492809271,Low Risk
2023-10-23,53.38392639,58.04999924,59.36999893,57.54999924,59.0,11418807,-0.016101707796610243,59.25857108,59.616666922,0.009475822752693038,Low Risk
2023-10-24,53.06206894,57.70000076,58.20000076,56.72000122,58.04999924,6962066,-0.006029258993664688,59.0,59.56933364966666,0.009459956159690143,Low Risk
2023-10-25,53.35634232,58.02000046,58.83000183,57.75999832,57.70000076,3653122,0.005545921937349929,58.85857173428571,59.57366701866667,0.009925243914665758,Low Risk
2023-10-26,54.62541962,59.40000153,60.20000076,57.11999893,58.02000046,9092567,0.023784920011357125,58.815714701428575,59.64633369566666,0.01326982723261776,Low Risk
2023-10-29,54.95647812,59.75999832,60.36999893,59.5,59.40000153,3036176,0.006060551864097041,58.81428582428571,59.70833358866667,0.013507844216435042,Low Risk
2023-10-30,56.00484848,60.90000153,61.59999847,59.97000122,59.75999832,11344521,0.019076359472026017,58.975714548571425,59.780000306333335,0.015300507693611473,Low Risk
2023-10-31,55.49905396,60.34999847,61.20000076,60.09999847,60.90000153,4807245,-0.00903124870578298,59.16857147285714,59.83500023,0.014700936910807722,Low Risk
2023-11-01,56.18877029,61.09999847,61.70000076,60.34999847,60.34999847,7283494,0.012427506528816634,59.60428564857143,59.904333497,0.012149357195528817,Low Risk
2023-11-02,56.73134613,61.68999863,62.0,61.09999847,61.09999847,3382198,0.009656304006123495,60.174285344285714,59.973000082333336,0.010607256328167941,Low Risk
2023-11-05,57.92685318,62.99000168,63.20000076,62.31000137,61.68999863,2023712,0.02107315738158899,60.884285518571424,60.08500010266666,0.011213220862542369,Low Risk
2023-11-06,58.30389786,63.40000153,63.65999985,62.5,62.99000168,17891157,0.00650896712279625,61.45571409,60.210666784666664,0.009986214013786639,Low Risk
2023-11-07,60.32705688,65.59999847,65.68000031,63.27000046,63.40000153,10551339,0.0347002663550251,62.28999982571429,60.409666698,0.013603643002489386,Low Risk
2023-11-08,64.46534729,70.09999847,71.0,65.62000275,65.59999847,7022310,0.06859756257552241,63.60428510285715,60.74633331366667,0.02505300853583607,Medium Risk
2023-11-09,67.13224792,73.0,73.19999695,68.76000214,70.09999847,4743794,0.041369494911488225,65.41142817857143,61.16633326266666,0.02221201464693597,Medium Risk
2023-11-12,65.44015503,71.16000366,73.0,71.01000214,73.0,1559406,-0.025205429315068528,66.84857177714287,61.52500000033333,0.029800211921111305,Medium Risk
2023-11-13,65.10908508,70.80000305,71.59999847,69.90000153,71.16000366,7355434,-0.005059030234456863,68.15000098,61.87166671766667,0.031327726855883746,Medium Risk
2023-11-14,63.91357422,69.5,71.09999847,69.5,70.80000305,7735209,-0.018361624208997784,69.08000074,62.153333409666665,0.03454279704212637,Medium Risk
2023-11-15,65.47692871,71.19999695,71.25,69.40000153,69.5,3374268,0.02446038776978421,70.1942858,62.476333364,0.03450400696378433,Medium Risk
2023-11-16,66.2126236,72.0,72.19000244,71.02999878,71.19999695,2739741,0.011235998374575784,71.10857173285714,62.821000035666664,0.033651392166820865,Medium Risk
2023-11-19,68.7507782,74.76000214,75.25,72.0,72.0,2948769,0.03833336305555557,71.77428654285714,63.313000107,0.026666289746134934,Medium Risk
2023-11-20,69.29335022,75.34999847,77.59999847,74.93000031,74.76000214,10391774,0.00789187149694226,72.11000061,63.791000112,0.022715533923260835,Medium Risk
2023-11-21,68.50247192,74.48999786,75.19000244,73.52999878,75.34999847,10642130,-0.01141341244144023,72.58571406714286,64.253000005,0.020135157295859532,Medium Risk
2023-11-22,69.38530731,75.44999695,75.98999786,74.5,74.48999786,7592822,0.012887624078124826,73.24999891,64.78099988299999,0.019517452789068378,Low Risk
2023-11-23,72.92584991,79.30000305,79.59999847,75.5,75.44999695,8561695,0.05102725322244028,74.64999934571428,65.42766660033332,0.020716569198248987,Medium Risk
2023-11-26,71.48205566,77.73000336,80.5,77.5,79.30000305,1770827,-0.019798229881657026,75.58285740428572,66.03500010166667,0.025128693553006516,Medium Risk
2023-11-27,77.30324554,84.05999756,84.05999756,78.0,77.73000336,7271489,0.081435660959426,77.30571419857142,66.87000007633334,0.03601341135983877,Medium Risk
2023-11-28,73.56958008,80.0,84.05999756,80.0,84.05999756,11415087,-0.04829880654115026,78.05428532142857,67.54666671766667,0.043860197741301676,Medium Risk
2023-11-29,71.73034668,78.0,80.69999695,76.5,80.0,11883678,-0.025000000000000022,78.43285696857143,68.154333369,0.04590456700829866,Medium Risk
2023-11-30,70.99464417,77.19999695,78.90000153,75.04000092,78.0,8749144,-0.010256449358974407,78.81999969571429,68.735333252,0.04583414492116226,Medium Risk
2023-12-03,69.54165649,75.62000275,77.48999786,75.40000153,77.19999695,1141989,-0.02046624692256549,78.84428623857143,69.28933334366667,0.04672380192845811,Medium Risk
2023-12-04,71.46365356,77.70999908,78.77999878,75.20999908,75.62000275,7413315,0.027638141417549722,78.61714281428571,69.94466667166667,0.04327889625145337,Medium Risk
2023-12-05,71.13259888,77.34999847,78.0,75.11000061,77.70999908,9835017,-0.004632616320447869,78.56285640142858,70.59966659533333,0.04262023470671571,Medium Risk
2023-12-06,70.39690399,76.55000305,78.69999695,76.51999664,77.34999847,11444050,-0.010342539571093545,77.49000004285715,71.21733334833334,0.023028218333925935,Medium Risk
2023-12-07,70.62680054,76.80000305,76.84999847,75.30000305,76.55000305,5581097,0.0032658391905837636,77.03285762142858,71.79733339900001,0.017444206760701287,Low Risk
2023-12-10,68.98987579,75.01999664,77.0,75.01999664,76.80000305,1824782,-0.023177165876427597,76.60714285571429,72.30600000966666,0.017118379384535483,Low Risk
2023-12-11,70.70956421,76.88999939,77.19999695,74.30000305,75.01999664,8265988,0.0249267239903197,76.56285749000001,72.83899993833333,0.020327491086055752,Medium Risk
2023-12-12,69.76235962,75.86000061,77.34999847,75.05000305,76.88999939,10624524,-0.013395744416327293,76.59714289857142,73.35600000966666,0.01931454650051841,Low Risk
2023-12-13,69.70718384,75.80000305,76.30000305,75.05999756,75.86000061,9849928,-0.000790898490871994,76.32428632285713,73.84600016233334,0.015244651346477596,Low Risk
2023-12-14,69.24737549,75.30000305,77.23000336,75.30000305,75.80000305,6468963,-0.006596305803182934,76.03142983428572,74.29966697633334,0.015288057309554352,Low Risk
2023-12-17,69.29335022,75.34999847,76.18000031,75.09999847,75.30000305,1279370,0.0006639497739038269,75.86000060857143,74.71166686933334,0.015058903587513054,Low Risk
2023-12-18,70.99464417,77.19999695,77.5,75.25,75.34999847,8729701,0.024552070571528306,75.9171425942857,75.17166671666668,0.01816539578075131,Low Risk
2023-12-19,69.24737549,75.30000305,77.48999786,75.25,77.19999695,15030369,-0.02461132092052498,75.95714351,75.49500020266667,0.01848722657926763,Low Risk
2023-12-20,68.05186462,74.0,75.90000153,74.0,75.30000305,5183366,-0.017264316033782645,75.54428645428571,75.62500025366667,0.015970407563918855,Low Risk
2023-12-21,66.47931671,72.29000092,75.0,71.80000305,74.0,6618316,-0.023108095675675733,75.03428649857142,75.60133361766665,0.017163354447217397,Low Risk
2023-12-24,66.47931671,72.29000092,72.29000092,72.29000092,72.29000092,0,0.0,74.53285762285714,75.639000193,0.017211552217105207,Low Risk
2023-12-25,66.66323853,72.48999786,72.72000122,70.0,70.0,3167192,0.0027665920245503184,74.13142831,75.69533335333333,0.017574003385237975,Low Risk
2023-12-26,65.65166473,71.38999939,72.58999634,70.58999634,72.48999786,6548928,-0.01517448617013939,73.56571415571429,75.75833333299998,0.017699440802692073,Low Risk
2023-12-27,66.1206665,71.90000153,73.0,71.0,71.38999939,8876633,0.007143887720377773,72.80857195285714,75.78166681900001,0.013049575064176339,Low Risk
2023-12-28,67.07707214,72.94000244,73.0,71.94999695,71.90000153,4288654,0.014464546423772484,72.47142900857143,75.81300023366666,0.014091402605073093,Low Risk
2023-12-31,66.81037903,72.65000153,73.0,72.01999664,72.94000244,1874954,-0.003975882921563589,72.27857208428571,75.74266688000002,0.01292465880361708,Low Risk
2024-01-02,68.87032318,74.88999939,74.90000153,72.44999695,72.65000153,7829088,0.030832729701664396,72.65000043714285,75.72733357733334,0.014599706453736183,Low Risk
2024-01-03,67.95990753,73.90000153,75.09999847,73.62000275,74.88999939,3692464,-0.013219359968805078,72.8800005242857,75.70766703299999,0.016149730955383464,Low Risk
2024-01-04,68.97148132,75.0,75.19000244,73.80000305,73.90000153,8593039,0.014884958690473793,73.23857225857144,75.69266713466666,0.016726911441315148,Low Risk
2024-01-08,68.74158478,74.75,75.5,74.0,75.0,4558612,-0.0033333333333332993,73.71857234571428,75.54100036633332,0.014839637602584445,Low Risk
2024-01-09,68.66801453,74.66999817,75.19000244,74.16999817,74.75,7261794,-0.0010702585953177302,74.11428615142857,75.43900019333333,0.015119466553994149,Low Risk
2024-01-10,67.45410919,73.34999847,74.80000305,73.34999847,74.66999817,4250096,-0.017677778657430476,74.17285701285714,75.08200022366667,0.016741226477804953,Low Risk
2024-01-11,67.87713623,73.80999756,73.98999786,73.36000061,73.34999847,4305633,0.006271289701364369,74.33857073142858,74.875666809,0.016689691524693014,Low Risk
2024-01-14,68.19901276,74.16000366,74.40000153,73.61000061,73.80999756,2567187,0.0047419876923242565,74.23428562714285,74.747666931,0.011330341715648303,Low Risk
2024-01-15,69.52326202,75.59999847,76.05000305,74.55000305,74.16000366,11744413,0.019417404786034265,74.47714233285714,74.69433364833334,0.012302132532552888,Low Risk
2024-01-16,70.34172058,76.48999786,76.51000214,75.20999908,75.59999847,12666959,0.01177247894195621,74.68999917,74.72333348533333,0.011862840382457121,Low Risk
2024-01-17,69.05425262,75.08999634,76.69999695,75.08999634,76.48999786,8413289,-0.018303066533776557,74.73857007571428,74.63600006066667,0.01427294638304734,Low Risk
2024-01-18,69.2841568,75.33999634,75.98999786,75.12999725,75.08999634,5430478,0.0033293382898571533,74.8342841,74.56899998966666,0.014277018505770404,Low Risk
2024-01-21,68.87952423,74.90000153,75.47000122,74.59999847,75.33999634,2432916,-0.005840122529530811,75.05571310857144,74.513999939,0.012194798386486572,Low Risk
2024-01-22,70.81072235,77.0,77.06999969,75.0,74.90000153,11887998,0.028037362177607994,75.51142774285714,74.520666504,0.015483030862406603,Low Risk
2024-01-23,70.81072235,77.0,77.88999939,75.98999786,77.0,14294709,0.0,75.91714150571428,74.586666616,0.015658415725258557,Low Risk
2024-01-24,69.51406097,75.58999634,77.25,75.55999756,77.0,9713279,-0.018311735844155907,75.91571263,74.543333181,0.016533458454367315,Low Risk
2024-01-28,71.17857361,77.40000153,77.40000153,75.86000061,75.58999634,4787336,0.023945036084651816,76.04571315428572,74.59466654500001,0.018490348500777666,Low Risk
2024-01-29,77.24806976,84.0,84.0,77.5,77.40000153,16961134,0.08527129637642017,77.31857081999999,74.86799977666668,0.03433793087626103,Medium Risk
2024-01-30,81.84616852,89.0,89.5,82.59999847,84.0,13411406,0.059523809523809534,79.2699999142857,75.32466634166667,0.037161977348818126,Medium Risk
2024-01-31,81.01850128,88.09999847,95.48000336,86.0,89.0,16464997,-0.010112376741572948,81.15571376285713,75.74966634166665,0.037776393672547835,Medium Risk
2024-02-01,78.16768646,85.0,87.94000244,82.5,88.09999847,5852000,-0.03518727041812175,82.29857090571429,76.00966644333333,0.04375024063488738,Medium Risk
2024-02-04,74.61795044,81.13999939,85.48999786,80.0,85.0,3955284,-0.0454117718823529,82.88999939,76.20433298799999,0.04935610396246541,Medium Risk
2024-02-05,71.63838196,77.90000153,81.48999786,77.09999847,81.13999939,6989044,-0.039930957411361656,83.22000013142858,76.334333039,0.05192528069751046,High Risk
2024-02-06,68.07025146,74.01999664,78.48999786,73.54000092,77.90000153,14644325,-0.04980750723741345,82.73714229,76.391999563,0.054940226891986264,High Risk
2024-02-07,71.36249542,77.59999847,79.98999786,74.59999847,74.01999664,10933619,0.04836533359237394,81.82285635714285,76.56899948133332,0.04584037546609918,Medium Risk
2024-02-08,74.02019501,80.48999786,81.25,77.59999847,77.59999847,5367361,0.03724226091469918,80.60714176571427,76.835666148,0.04065932707980635,Medium Risk
2024-02-11,73.15576172,79.55000305,80.5,78.01999664,80.48999786,1627698,-0.011678405205513553,79.38571384857143,77.10766627000001,0.04064157146260259,Medium Risk
2024-02-12,76.43880463,83.12000275,84.5,78.75,79.55000305,8148719,0.04487743008326639,79.11714281285715,77.48166631066667,0.04467642819150489,Medium Risk
2024-02-13,74.54437256,81.05999756,82.98999786,80.01999664,83.12000275,20458552,-0.024783507240680347,79.10571398,77.75233281466667,0.04195916494662866,Medium Risk
2024-02-14,75.39962769,81.98999786,82.40000153,80.52999878,81.05999756,3307297,0.01147298702188615,79.68999917,78.06366602566666,0.037991596627178645,Medium Risk
2024-02-15,74.48920441,81.0,82.25,80.80000305,81.98999786,3992792,-0.012074617463589288,80.68714250714285,78.26733271266667,0.0303353815485263,Medium Risk
2024-02-18,74.48920441,81.0,81.0,81.0,81.0,0,0.0,81.17285701142858,78.50399932833334,0.026264662119076312,Medium Risk
2024-02-19,75.86863708,82.5,83.40000153,81.30000305,81.33000183,7408735,0.0185185185185186,81.46000017428571,78.75399932833334,0.023401908552630763,Medium Risk
2024-02-20,74.48920441,81.0,82.5,80.75,82.5,12048282,-0.018181818181818188,81.66714259571428,78.96233266166668,0.024231439530130933,Medium Risk
2024-02-21,74.04779053,80.51999664,81.80000305,80.06999969,81.0,3429273,-0.005925967407407362,81.29571315142857,79.15733261066666,0.015616337984948148,Low Risk
2024-02-22,74.44321442,80.94999695,81.29000092,80.30000305,80.51999664,4694156,0.005340292199992325,81.27999877857143,79.41066589333333,0.013003027261412482,Low Risk
2024-02-25,67.13224792,73.0,76.0,71.0,80.94999695,8536316,-0.09820873686888998,79.99571337,79.38366597466666,0.03825911651331249,Medium Risk
2024-02-26,68.51167297,74.5,77.0,72.61000061,73.0,10907584,0.020547945205479534,79.06714194142857,79.39499918599999,0.04069641834671527,Medium Risk
2024-02-27,68.77836609,74.79000092,75.09999847,73.19999695,74.5,7884354,0.0038926297986576763,78.17999921571428,79.36799926766666,0.04089993559800118,Medium Risk
2024-02-28,68.0426712,73.98999786,76.0,73.70999908,74.79000092,4650211,-0.010696657977792068,76.96428462428571,79.28466593433333,0.038877036165451316,Medium Risk
2024-02-29,67.22421265,73.09999847,74.98999786,72.75,73.98999786,5228341,-0.012028644624155982,75.83571297714286,79.218332672,0.03885599944833311,Medium Risk
2024-03-03,65.53211212,71.26000214,72.5,70.0,73.09999847,2639597,-0.025170948953646466,74.51285662,79.08233286533333,0.03888119889765087,Medium Risk
2024-03-04,68.52087402,74.51000214,75.90000153,71.26000214,71.26000214,7663435,0.04560763264664147,73.59285736142859,79.06933288566667,0.04514548695584117,Medium Risk
2024-03-05,69.89110565,76.0,76.0,73.41000366,74.51000214,18186916,0.01999728650121879,74.02142879,79.03599955233334,0.024345456809263945,Medium Risk
2024-03-06,69.70718384,75.80000305,83.5,75.19999695,76.0,20376648,-0.0026315388157894803,74.20714351142858,78.99599965399999,0.02360544163768469,Medium Risk
2024-03-07,76.32844543,83.0,83.25,76.19999695,75.80000305,19580992,0.09498676332836897,75.38000052285715,79.242999776,0.04217317716367579,Medium Risk
2024-03-10,81.52429962,88.65000153,89.40000153,85.0,83.0,5472280,0.06807230759036131,77.47428676142856,79.617999776,0.044398730359663754,Medium Risk
2024-03-11,88.74330902,96.5,97.5,88.75,88.65000153,17687772,0.08855046062625838,80.81714412285714,80.03466644266668,0.0459208478358016,Medium Risk
2024-03-12,86.45346069,94.01000214,95.0,90.51000214,96.5,15728799,-0.025803086632124383,84.06714412285714,80.201666514,0.04607382126352698,Medium Risk
2024-03-13,80.55869293,87.59999847,94.0,86.01999664,94.01000214,6440290,-0.06818427320588927,85.93714359857142,80.18499984733333,0.06170470431990447,High Risk
2024-03-14,82.76578522,90.0,91.80000305,85.04000092,87.59999847,8260973,0.027397278218240118,87.93714359857142,80.351666514,0.06166812482142209,High Risk
2024-03-17,84.28315735,91.65000153,93.19999695,91.0,90.0,1897965,0.018333350333333387,90.20142909571429,80.70199991866667,0.060541507978451786,High Risk
2024-03-18,81.38635254,88.5,92.0,88.33000183,91.65000153,7207722,-0.0343699015538903,90.98714338142858,81.055333201,0.056679988008649256,High Risk
2024-03-19,78.443573,85.30000305,88.44999695,85.0,88.5,5596448,-0.0361581576271186,90.50857217,81.43133341466665,0.05260056358868851,High Risk
2024-03-20,78.34241486,85.19000244,86.80000305,84.69999695,85.30000305,3295782,-0.0012895733419320266,88.89285823285714,81.68433354700001,0.033744849513981205,Medium Risk
2024-03-21,77.98375702,84.80000305,86.0,84.75,85.19000244,3976565,-0.004577994821336917,87.57714407714285,81.82800038666667,0.03379166213507428,Medium Risk
2024-03-24,77.98375702,84.80000305,85.65000153,84.73000336,84.80000305,1181260,0.0,87.17714473142858,82.00300038666666,0.024026761215426167,Medium Risk
2024-03-25,78.16768646,85.0,85.27999878,84.01999664,84.80000305,2820384,0.0023584545142301128,86.46285901714286,82.06566696166666,0.020040475220602132,Medium Risk
2024-03-26,77.15610504,83.90000153,86.08999634,83.90000153,85.0,2766170,-0.012941158470588299,85.35571616,82.16033376066666,0.01634835497662504,Low Risk
2024-03-27,75.88702393,82.51999664,83.88999939,80.94999695,83.90000153,5230440,-0.01644821054629597,84.50142996571428,82.17800038666665,0.013492917778361292,Low Risk
2024-03-28,73.56958008,80.0,82.90000153,80.0,82.51999664,2901299,-0.030538011907509932,83.74428667285714,82.14466705333332,0.011718124189658558,Low Risk
2024-03-31,70.79233551,76.98000336,80.73999786,75.0,80.0,2049514,-0.03774995800000003,82.57142966142858,82.01066716533333,0.015256367071124804,Low Risk
2024-04-01,75.40882111,82.0,82.0,77.16000366,76.98000336,1822757,0.06521169681590933,82.17142922571429,81.99400049866667,0.03397126874682997,Medium Risk
2024-04-02,73.56958008,80.0,82.5,80.0,82.0,5246216,-0.024390243902439046,81.48571450428572,81.96066716533332,0.034699608512871426,Medium Risk
2024-04-03,73.7443161,80.19000244,80.98999786,79.26000214,80.0,4091809,0.002375030500000097,80.79857199571428,81.94966735866666,0.03470041668390926,Medium Risk
2024-04-04,74.71910858,81.25,82.0,80.19999695,80.19000244,4463617,0.013218574981253006,80.42000034857143,81.95966746033334,0.035452809752941336,Medium Risk
2024-04-07,73.56958008,80.0,82.30000305,79.93000031,81.25,1572635,-0.01538461538461533,80.06000082857143,82.19300079366667,0.03539302618909088,Medium Risk
2024-04-08,73.62476349,80.05999756,81.59999847,80.01000214,80.0,2626587,0.0007499694999999473,80.06857190857143,82.37833404566666,0.03338614586793408,Medium Risk
2024-04-15,75.88702393,82.51999664,84.0,80.30000305,80.05999756,6383043,0.03072694422900013,80.85999952,82.63600056966666,0.03016114936361757,Medium Risk
2024-04-16,75.40882111,82.0,83.48999786,82.0,82.51999664,2317878,-0.006301462205197672,80.85999952,82.903000641,0.018240141904752153,Low Risk
2024-04-17,75.50078583,82.09999847,83.0,81.73000336,82.0,1963927,0.0012194935365854587,81.15999930142857,83.203000641,0.014730077629633508,Low Risk
2024-04-18,73.56958008,80.0,84.19999695,80.0,82.09999847,5179465,-0.02557854456924702,81.13285609571429,83.49433390300001,0.01849018652055924,Low Risk
2024-04-21,74.62715149,81.15000153,82.09999847,80.80000305,80.0,979731,0.014375019125000055,81.1185706,83.71566721599999,0.018634588457505086,Low Risk
2024-04-22,75.08981323,81.15000153,82.5,81.15000153,81.15000153,7381776,0.0,81.28285653285715,83.88733393366667,0.017386957765402868,Low Risk
2024-04-23,71.74014282,77.52999878,81.5,77.40000153,81.15000153,6288227,-0.044608782276630454,80.9214281357143,83.94500045800001,0.024853495935012414,Medium Risk
2024-04-24,68.65882874,74.19999695,78.40000153,73.90000153,77.52999878,3359691,-0.04295113997678823,79.73285675142857,83.651667023,0.02308061834971641,Medium Risk
2024-04-28,68.65882874,74.19999695,74.19999695,74.19999695,74.19999695,0,0.0,78.61857060142857,83.17000020366666,0.023586273322615463,Medium Risk
2024-04-29,69.399086,75.0,75.0,70.80000305,70.66999817,4266090,0.010781712707334634,77.6042851057143,82.45333353699999,0.024853121199433784,Medium Risk
2024-04-30,66.53059387,71.90000153,75.80000305,71.5,75.0,4730666,-0.04133331293333342,76.44714246714285,81.71633351666667,0.026859976365497015,Medium Risk
2024-05-02,67.75201416,73.22000122,75.0,72.94000244,73.01000214,2545410,0.01835882700849778,75.31428528,81.237000275,0.027613294429877467,Medium Risk
2024-05-07,71.2219696,76.97000122,76.97000122,72.80000305,73.22000122,2874490,0.05121551403328417,74.71714237857144,80.80266698233335,0.037154982247801,Medium Risk
2024-05-08,67.65023041,73.11000061,77.0,72.75,76.97000122,5455850,-0.050149415990875856,74.08571406857142,80.18466695166667,0.038137372250573044,Medium Risk
2024-05-09,67.84454346,73.31999969,74.80999756,72.98000336,73.11000061,2902234,0.0028723714710416903,73.96000017428571,79.67866694133333,0.03487655510149674,Medium Risk
2024-05-12,67.36338043,72.80000305,74.40000153,72.69999695,73.31999969,1281656,-0.00709215278503228,73.76000104571428,79.26200027466668,0.034939547194355186,Medium Risk
2024-05-13,68.6865921,74.23000336,75.0,73.19999695,72.80000305,4173956,0.019642860578149346,73.65000152571429,78.896666972,0.03564141960475634,Medium Risk
2024-05-14,69.399086,75.0,75.65000153,74.29000092,74.23000336,2245231,0.01037311875449709,74.09285845000001,78.57000020366668,0.030916274932441472,Medium Risk
2024-05-15,68.93642426,74.5,75.47000122,73.40000153,75.0,2437246,-0.00666666666666671,74.27571541857142,78.22666676866668,0.03075755666792311,Medium Risk
2024-05-16,69.50086975,75.11000061,76.25,74.5,74.5,3885387,0.008187927651006621,74.01000104571429,77.89700012233334,0.022744860449797812,Medium Risk
2024-05-19,70.29665375,75.97000122,76.40000153,74.80000305,75.11000061,2355791,0.011449881547271668,74.41857256142858,77.63266677866667,0.00983088795836042,Low Risk
2024-05-20,70.58348846,76.27999878,77.58999634,75.97000122,75.97000122,3298833,0.004080525931575041,74.84142957428571,77.42466685000001,0.009786792300205483,Low Risk
2024-05-21,70.70378876,76.41000366,77.30000305,76.19999695,76.27999878,2184197,0.001704311511264489,75.35714394714286,77.30500030533334,0.008324366501083074,Low Risk
2024-05-22,70.77781677,76.48999786,76.94999695,75.05000305,76.41000366,3092806,0.0010469074226975295,75.68000030428571,77.28866678866667,0.006334494065311277,Low Risk
2024-05-23,70.32440948,76.0,77.25,76.0,76.48999786,3491049,-0.006406038354149879,75.82285744714285,77.08866678866667,0.006814637883941127,Low Risk
2024-05-26,70.32440948,76.0,76.0,76.0,76.0,0,0.0,76.03714316142857,76.95533345533335,0.0058069538549465624,Low Risk
2024-05-27,70.7870636,76.5,77.5,76.34999847,77.0,284386,0.006578947368421018,76.23571450285714,76.832333374,0.0055889505333485134,Low Risk
2024-05-28,70.98138428,76.70999908,78.19999695,75.09999847,76.5,3345349,0.0027450860130719956,76.34142848285715,76.68100000999999,0.004060523884086352,Low Risk
2024-05-29,70.83333588,76.55000305,77.48000336,76.30999756,76.70999908,1745632,-0.0020857258756207253,76.38000052142857,76.56600011166667,0.004049111724823455,Low Risk
2024-05-30,72.36011505,78.19999695,78.19999695,73.01000214,76.55000305,17254438,0.021554458971376755,76.63571384857143,76.50400009133334,0.008976343407403452,Low Risk
2024-06-02,71.86968994,77.66999817,78.19999695,77.22000122,78.19999695,2284626,-0.006777478269454074,76.80428532142857,76.34233347566668,0.00976326093349201,Low Risk
2024-06-03,70.80557251,76.51999664,78.0,76.0,77.66999817,3284562,-0.014806251539789317,76.87857055571429,76.159666697,0.01138345275942499,Low Risk
2024-06-04,70.41693115,76.09999847,78.0,76.05000305,76.51999664,4567061,-0.005488737433901658,76.89285605142857,75.959666697,0.011652079635605335,Low Risk
2024-06-05,70.00980377,75.66000366,77.23999786,75.52999878,76.09999847,2587885,-0.005781797882341011,76.77285657428571,75.81500015233334,0.01146749767095441,Low Risk
2024-06-06,69.51937103,75.12999725,76.0,74.52999878,75.66000366,3150247,-0.007005106851193599,76.54714202714285,75.614333343,0.011455234018835471,Low Risk
2024-06-09,67.56694794,73.01999664,75.45999908,73.01999664,75.12999725,2206460,-0.02808466241491847,76.04285539714286,75.34333317999999,0.01485317967395863,Low Risk
2024-06-10,68.19616699,73.69999695,74.48999786,73.0,73.01999664,2590744,0.00931252179252362,75.39999825428572,75.21566645233334,0.011270641077020504,Low Risk
2024-06-11,68.02035522,73.51000214,74.88999939,73.30999756,73.69999695,2439613,-0.002577948681991127,74.80571310714286,75.19266662533333,0.011479737284546182,Low Risk
2024-06-12,68.47376251,74.0,75.48999786,73.59999847,73.51000214,1929380,0.006665730454840757,74.44571358714286,75.18600006033333,0.012137967502181792,Low Risk
2024-06-13,68.47376251,74.0,75.40000153,74.0,74.0,5332587,0.0,74.1457138057143,75.152666727,0.012255881374718365,Low Risk
2024-06-23,69.09372711,74.66999817,75.29000092,74.30999756,74.0,1807202,0.00905402932432442,74.00428445,75.24499994833333,0.013132582417128363,Low Risk
2024-06-24,68.95492554,74.51999664,75.63999939,74.33000183,74.66999817,3251041,-0.0020088594305104346,73.9171415057143,75.288333129,0.012937177218073732,Low Risk
2024-06-25,69.16775513,74.75,75.58000183,74.40000153,74.51999664,4300495,0.0030864649808175493,74.16428484285714,75.21433308833333,0.005070020161977126,Low Risk
2024-06-26,70.27813721,75.94999695,76.0,74.69999695,74.75,4238191,0.016053470903010014,74.48571341428571,75.308999633,0.006750405374039749,Low Risk
2024-06-27,71.61985779,77.40000153,77.5,75.76000214,75.94999695,5901346,0.019091568640280165,75.04142761285713,75.44499969433333,0.007924020694844913,Low Risk
2024-07-02,71.37001801,77.12999725,78.80000305,77.01999664,78.01999664,3079446,-0.003488427321223564,75.48857007714285,75.58933283433333,0.008948397481088608,Low Risk
2024-07-03,71.94371796,77.75,78.0,77.12999725,77.12999725,4037569,0.008038412707190856,76.02428436285713,75.70666605566666,0.008562062577358517,Low Risk
2024-07-04,74.0256958,80.0,80.0,77.25,77.75,5062717,0.02893890675241151,76.78571319571428,75.87333272233333,0.011942686741466845,Low Risk
2024-07-07,74.9417572,80.98999786,81.79000092,79.5,80.0,1996731,0.012374973250000032,77.70999908428573,76.08966598433334,0.01071465896954777,Low Risk
2024-07-08,73.93315887,79.90000153,81.87999725,79.5,80.98999786,2808169,-0.013458406702074321,78.44571358857142,76.24933268166666,0.014252771702734816,Low Risk
2024-07-09,72.82276917,78.69999695,80.30000305,78.5,79.90000153,3163648,-0.015018830500890923,78.83857073142858,76.34033253933333,0.016575450442280603,Low Risk
2024-07-10,73.10036469,79.0,80.0,78.5,78.69999695,3201469,0.0038119829939839978,79.06714194142857,76.43099924666667,0.015407862622875556,Low Risk
2024-07-14,72.89679718,78.77999878,79.5,78.23999786,79.0,641337,-0.0027848255696202306,79.30285644571428,76.509999084,0.015360486388652941,Low Risk
2024-07-15,72.63771057,78.5,78.98999786,77.90000153,78.77999878,2278134,-0.003554186142880278,79.40999930285714,76.57699915533334,0.015367872082784444,Low Risk
2024-07-16,71.81417847,77.61000061,78.69999695,77.58000183,78.5,3669454,-0.011337571847133798,79.06857081857143,76.63066584233334,0.009958293183965728,Low Risk
2024-07-17,72.18430328,78.01000214,78.69999695,77.55000305,77.61000061,2832077,0.005153994676666107,78.64285714428571,76.69766591366667,0.008156333376667328,Low Risk
2024-07-18,71.91595459,77.72000122,78.59999847,77.69999695,78.01000214,2709937,-0.003717483810339428,78.33142852857144,76.738332621,0.007323350755602575,Low Risk
2024-07-21,72.63771057,78.5,79.25,77.62999725,77.72000122,1889533,0.010036010907823911,78.3028575357143,76.79799931833334,0.0071150857321526624,Low Risk
2024-07-22,74.58088684,80.59999847,81.0,79.01999664,78.5,4068732,0.02675157286624197,78.53142874571428,76.93299916566666,0.01255232531447569,Low Risk
2024-07-23,75.13607025,81.19999695,81.73999786,80.09999847,80.59999847,5721726,0.00744415001723997,78.87714276999999,77.03299916566668,0.012369495375828968,Low Risk
2024-07-24,75.27487183,81.34999847,82.30000305,81.19999695,81.19999695,3570213,0.0018473094289939151,79.28428540857144,77.15566584233332,0.011952279509036863,Low Risk
2024-07-28,75.87633514,82.0,82.0,81.0,81.34999847,1372808,0.007990184907498143,79.91142817857143,77.33833262099999,0.009480644898846216,Low Risk
2024-07-29,75.87633514,82.0,82.80000305,81.59999847,82.0,2727209,0.0,80.48142787285714,77.53499933866667,0.009921973739059033,Low Risk
2024-07-30,76.07064819,82.20999908,82.48999786,81.63999939,82.0,4327784,0.0025609643902440027,81.12285613857144,77.75333251933333,0.009013488650187137,Low Risk
2024-07-31,77.06999969,83.29000092,83.47000122,82.09999847,82.20999908,4962602,0.013137110474226166,81.80714198428572,78.02533264166667,0.009199368001610017,Low Risk
2024-08-01,77.26431274,83.5,84.09999847,83.31999969,83.29000092,6079247,0.0025213000081691916,82.22142791714285,78.374666087,0.004621040433194841,Low Risk
2024-08-04,76.801651,83.0,83.0,81.33000183,83.5,1870053,-0.005988023952095856,82.47857121000001,78.68466618866665,0.006042004716020543,Low Risk
2024-08-05,75.87633514,82.0,83.0,80.18000031,83.0,5095856,-0.012048192771084376,82.57142857142857,78.96766611733332,0.008374706326372047,Low Risk
2024-08-06,76.07991028,82.22000122,82.69999695,81.5,82.0,2682881,0.002682941707317088,82.60285731714285,79.241666158,0.007879712515913498,Low Risk
2024-08-07,76.23720551,82.38999939,82.69999695,81.90000153,82.22000122,3950872,0.0020676011612446032,82.65857151571429,79.52133280433333,0.007900531110224557,Low Risk
2024-08-08,76.15393066,82.30000305,83.30000305,82.0,82.38999939,1340279,-0.001092321163567389,82.67142922571429,79.77566630033334,0.007878114330491605,Low Risk
2024-08-11,76.8571701,83.05999756,83.30000305,82.0,82.30000305,629991,0.009234440848541414,82.63857160285714,80.06033299766666,0.006883933359757418,Low Risk
2024-08-12,78.12486267,84.43000031,84.80000305,83.09999847,83.05999756,3720441,0.016494134243266068,82.77142879,80.38299967466668,0.00942167680565851,Low Risk
2024-08-13,76.82941437,83.02999878,84.40000153,82.70999908,84.43000031,4226598,-0.016581801786801353,82.77571433,80.61899973566666,0.011474834469987786,Low Risk
2024-08-14,77.72697449,84.0,84.09999847,83.0,83.02999878,4618142,0.011682539253916602,83.06142861571428,80.83899968466667,0.010768571480475919,Low Risk
2024-08-15,78.65229797,85.0,85.0,84.0,84.0,4159609,0.011904761904761862,83.45857129857143,81.10133310966667,0.01120735785886436,Low Risk
2024-08-18,78.46723175,84.80000305,85.0,84.04000092,85.0,484281,-0.002352905294117691,83.8028575357143,81.33633321133333,0.011508502891165158,Low Risk
2024-08-19,77.7454834,84.01999664,84.69999695,84.01999664,84.80000305,2250890,-0.009198188466338686,84.04857090571429,81.47033309933333,0.01249355006378124,Low Risk
2024-08-20,79.93849182,86.38999939,86.48999786,83.91000366,84.01999664,3456356,0.02820760348461726,84.52428545285714,81.65033315033334,0.01570917999265506,Low Risk
2024-08-21,80.50293732,87.0,87.0,86.11000061,86.38999939,2988247,0.007061009541697194,84.89142826571428,81.886999766,0.015022135910059157,Low Risk
2024-08-22,82.15926361,88.79000092,88.79000092,86.01999664,87.0,5197510,0.020574723218390822,85.71428571428571,82.22333323166666,0.012773414402365119,Low Risk
2024-08-25,81.26170349,87.81999969,88.79000092,87.69999695,88.79000092,973477,-0.010924667416930989,86.25999995571429,82.51733322133333,0.01487314553809453,Low Risk
2024-08-26,81.41900635,87.98999786,88.37000275,87.09999847,87.81999969,3317253,0.001935756895924401,86.68714250714285,82.82433319066666,0.014742443651831824,Low Risk
2024-08-27,81.56705475,88.15000153,89.69999695,87.40000153,87.98999786,4274291,0.0018184302067443259,87.16571371857142,83.14599990833334,0.01447554146919949,Low Risk
2024-08-28,81.89092255,88.5,88.98999786,88.09999847,88.15000153,1847841,0.003970487395634326,87.80571419857142,83.50899988799999,0.013007112617666974,Low Risk
2024-08-29,80.57697296,87.08000183,88.87999725,87.08000183,88.5,8097751,-0.01604517706214692,87.90428597571429,83.81133321099999,0.011991207934218196,Low Risk
2024-09-01,80.0772934,86.54000092,87.94000244,86.22000122,87.08000183,1183455,-0.006201204623929701,87.83857182142857,84.105333201,0.01195824977450095,Low Risk
2024-09-02,79.70716095,86.13999939,87.69000244,86.04000092,86.54000092,2600028,-0.004622157681391403,87.46000017428571,84.35999984733333,0.007419281633705929,Low Risk
2024-09-03,80.43816376,86.93000031,86.93000031,85.40000153,86.13999939,3368562,0.009171127531859558,87.33285740571428,84.57099990866666,0.008266269349731455,Low Risk
2024-09-04,80.50293732,87.0,87.47000122,86.0,86.93000031,2202135,0.0008052420309487829,87.19142913999998,84.76433334366666,0.008200454221923795,Low Risk
2024-09-05,80.87306976,87.40000153,87.5,86.69999695,87.0,2427970,0.004597718735632084,87.08428628285715,84.96600011233335,0.008456067163995626,Low Risk
2024-09-08,78.75408173,85.11000061,87.5,85.0,87.40000153,2262801,-0.026201383065353356,86.60000065571428,85.06966679933335,0.012233644159047097,Low Risk
2024-09-09,79.11495209,85.5,85.87000275,84.80000305,85.11000061,3895240,0.004582298051989175,86.37428610857144,85.18633346600001,0.01174460900261883,Low Risk
2024-09-10,79.11495209,85.5,85.94000244,85.0,85.5,2706009,0.0,86.22571454857143,85.29600016333333,0.011657080922972449,Low Risk
2024-09-11,79.02243042,85.40000153,85.90000153,84.69999695,85.5,1997603,-0.001169572748538017,86.12000056857143,85.366333517,0.011584004518540029,Low Risk
2024-09-12,79.85521698,86.30000305,86.5,84.80999756,85.40000153,3228570,0.010538659295970199,86.03000096000001,85.459666952,0.011797112531970931,Low Risk
2024-09-16,79.07794952,85.45999908,87.06999969,85.34999847,86.30000305,1905046,-0.00973353349145678,85.81000082857143,85.54166692133334,0.012197273829137321,Low Risk
2024-09-17,78.65229797,85.0,85.90000153,85.0,85.45999908,3443754,-0.005382624443622919,85.46714346714285,85.64166692133334,0.011808675095802149,Low Risk
2024-09-18,78.88362122,85.25,85.69999695,85.0,85.0,2126266,0.002941176470588225,85.48714338,85.74266688066668,0.006650096911732622,Low Risk
2024-09-19,80.31787872,86.80000305,86.80000305,85.01000214,85.25,5133397,0.018181853958944227,85.67285810142857,85.88966700266668,0.009500891101763833,Low Risk
2024-09-22,79.07794952,85.45999908,87.06999969,85.16999817,86.80000305,3642487,-0.015437833213301944,85.66714368428572,85.99500020366666,0.011645471509862582,Low Risk
2024-09-23,79.16123199,85.55000305,86.5,85.5,85.45999908,3548758,0.0010531707344829666,85.68857247285715,86.07800038666667,0.011638848771370617,Low Risk
2024-09-24,79.02243042,85.40000153,85.94999695,85.05999756,85.36000061,2352733,-0.0017533783127083868,85.56000082714286,86.11033376066666,0.010729957379906722,Low Risk
2024-09-25,78.9854126,85.36000061,85.37000275,84.5,85.0,3714027,-0.00046839483938354576,85.54571533142858,86.18800048833333,0.010089808608696396,Low Risk
2024-09-26,79.02243042,85.40000153,85.94999695,85.05999756,85.36000061,2352733,0.00046861433592004786,85.60285840714286,86.234667206,0.009820295259865457,Low Risk
2024-09-29,78.65229797,85.0,85.65000153,85.0,85.40000153,1288113,-0.004683858581190803,85.56714412142857,86.234667206,0.00995382682104784,Low Risk
2024-09-30,78.18963623,84.5,86.0,84.5,85.0,4921101,-0.00588235294117645,85.23857225714286,86.22466710433334,0.005739012739569211,Low Risk
2024-10-01,79.901474,86.34999847,86.44000244,77.31999969,84.5,9083433,0.021893473017751575,85.36571502714285,86.302333832,0.009348378923832727,Low Risk
2024-10-02,79.19822693,85.58999634,86.25,84.91999817,86.34999847,2067488,-0.008801414516110828,85.37142835428573,86.27566706366666,0.010138685827045734,Low Risk
2024-10-03,78.65229797,85.0,85.91999817,85.0,85.58999634,1763671,-0.006893286192655945,85.31428527857143,86.209000397,0.010476651778742825,Low Risk
2024-10-07,78.65229797,85.0,85.87999725,84.65000153,85.0,3896928,0.0,85.26285662,86.08266703299999,0.010479305889930379,Low Risk
2024-10-08,77.26431274,83.5,85.29000092,82.27999878,85.0,5165665,-0.01764705882352946,84.99142782999999,85.93866704333335,0.012268059664316372,Low Risk
2024-10-09,76.33899689,82.5,84.0,81.61000061,83.5,2775226,-0.0119760479041916,84.63428497285713,85.75566711466666,0.012721736776939916,Low Risk
2024-10-10,74.96026611,81.01000214,82.94999695,81.01000214,82.5,4719444,-0.018060580121212144,84.13571385,85.51766713500001,0.013780895830191922,Low Risk
2024-10-13,74.0256958,80.0,81.98000336,79.01000214,81.01000214,2708902,-0.012467622680154111,83.22857121142859,85.23433380166668,0.0063199472987275325,Low Risk
2024-10-14,74.74744415,80.77999878,80.90000153,79.26999664,80.0,2121411,0.009749984749999996,82.54142870285715,85.0243337,0.01008379036427627,Low Risk
2024-10-15,73.97942352,79.94999695,81.09999847,79.31999969,80.77999878,5262020,-0.01027484330942452,81.81999969571429,84.80466690099999,0.01009259385065744,Low Risk
2024-10-16,73.66481781,79.61000061,81.0,79.55000305,79.94999695,3697700,-0.004252612294815106,81.04999978285714,84.587000275,0.009599829807259876,Low Risk
2024-10-17,73.10036469,79.0,80.15000153,79.0,79.61000061,1659445,-0.007662361579273469,80.40714263999999,84.32266693133333,0.00886207638092548,Low Risk
2024-10-20,70.79632568,76.51000214,79.26999664,76.51000214,79.0,1365111,-0.031518960253164585,79.55142865999998,83.97300033600001,0.012648359959782663,Low Risk
2024-10-21,73.56303406,79.5,79.5,76.0,76.51000214,2313918,0.03907982977871094,79.33571406857143,83.70966695166666,0.02202485103999776,Medium Risk
2024-10-22,73.37796783,79.30000305,80.0,78.5,79.5,3558344,-0.0025156849056603425,79.23571450428572,83.51600036633333,0.021589450279763153,Medium Risk
2024-10-23,72.78575897,78.66000366,79.98999786,78.59999847,79.30000305,1675650,-0.008070609903967685,78.93285805857143,83.28800048833334,0.02114899717133114,Medium Risk
2024-10-24,73.00784302,78.90000153,79.5,78.40000153,78.66000366,2149992,0.003051078805403673,78.78285871285713,83.06800053933333,0.021047775964954586,Medium Risk
2024-10-27,74.85848236,80.90000153,81.19999695,78.94000244,78.90000153,2252558,0.025348541967258997,78.96714455857143,82.91800053933333,0.02330198572508647,Medium Risk
2024-10-28,74.84922028,80.88999939,81.69999695,80.0,80.90000153,10426951,-0.0001236358443861274,79.23714447142856,82.73766708399998,0.022923532009284438,Medium Risk
2024-10-29,74.00718689,79.98000336,81.19999695,79.69999695,80.88999939,2723678,-0.011249796474995355,79.73285893142858,82.55500056000001,0.018624002964494617,Low Risk
2024-10-30,73.78510284,79.73999786,80.65000153,79.5,79.98000336,3502332,-0.0030008188286727577,79.76714433999999,82.37966715533334,0.011952751368194839,Low Risk
2024-10-31,74.0256958,80.0,81.09999847,79.73999786,79.73999786,5291366,0.0032606238647820973,79.86714390428571,82.20466715533333,0.011909871920058988,Low Risk
2024-11-03,74.96026611,81.01000214,81.34999847,80.33000183,80.0,1301130,0.01262502674999988,80.20285797285715,82.011667125,0.011759031099513225,Low Risk
2024-11-04,74.21075439,80.19999695,82.0,80.09999847,81.01000214,5535976,-0.009998829386526409,80.38857160428572,81.83633372066667,0.01295834599934231,Low Risk
2024-11-05,74.67341614,80.69999695,81.09999847,80.40000153,80.19999695,2900789,0.006234414202181515,80.35999952142856,81.67466685066665,0.008599616695952281,Low Risk
2024-11-06,74.95101166,81.0,81.59999847,80.70999908,80.69999695,1500449,0.003717510053759643,80.37571389428571,81.52800013299999,0.00873584459885532,Low Risk
2024-11-07,74.96026611,81.01000214,81.51000214,80.84999847,81.0,3772063,0.00012348320987642936,80.52285657714286,81.383000184,0.0071613288526711704,Low Risk
2024-11-10,75.9781189,82.11000061,82.25,81.05000305,81.01000214,1848763,0.013578551301591135,80.86142839857143,81.27333348666667,0.007983464987852004,Low Risk
2024-11-11,76.30197906,82.45999908,83.0,82.0,82.11000061,4228778,0.004262555929848366,81.21285683857143,81.18866678933334,0.007972369521569489,Low Risk
2024-11-12,75.92259979,82.05000305,82.76999664,81.95999908,82.45999908,1724733,-0.004972059599494316,81.36142839714286,81.10700022433335,0.007702879720695597,Low Risk
2024-11-13,76.33899689,82.5,82.98000336,82.08999634,82.05000305,2571832,0.005484423318373066,81.69000026142858,80.978666942,0.005694916737003471,Low Risk
2024-11-14,76.4500351,82.62000275,83.30000305,82.5,82.5,2624095,0.001454578787878802,81.96428680428572,80.87966715566667,0.005677453874917509,Low Risk
2024-11-17,75.61724091,81.72000122,82.94000244,81.70999908,82.62000275,690506,-0.010893264343300846,82.06714412142857,80.77033386299999,0.007815272730791401,Low Risk
2024-11-18,74.96951294,81.01999664,82.12000275,81.01000214,81.72000122,1084366,-0.00856589047417533,82.06857190714287,80.63766708433333,0.00867451066586523,Low Risk
2024-11-19,74.21075439,80.19999695,81.5,80.19999695,81.01999664,962925,-0.010120954381713232,81.79571424142857,80.52766698266667,0.006972133345001546,Low Risk
2024-11-20,74.0256958,80.0,80.48999786,79.51000214,80.19999695,2751266,-0.0024937276509460204,81.44428580142858,80.44433364933333,0.006165993566398941,Low Risk
2024-11-21,73.8498764,79.80999756,80.5,79.80999756,80.0,2179682,-0.002375030499999986,81.12428501714285,80.40433349666665,0.006196938901641384,Low Risk
2024-11-24,73.8868866,79.84999847,80.25,79.80999756,79.80999756,1680272,0.0005012017444296912,80.74571336999999,80.39933344566666,0.005129476666633865,Low Risk
2024-11-25,73.33170319,79.25,80.5,79.25,79.84999847,6946766,-0.007514069899768661,80.26428440571429,80.34833348633333,0.004424573171700908,Low Risk
2024-11-26,74.0256958,80.0,80.0,79.29000092,79.25,1231100,0.009463722397476282,80.01856994571428,80.35000025466667,0.006712079606809254,Low Risk
2024-11-27,72.73023987,78.59999847,80.0,78.59999847,80.0,2197863,-0.017500019124999988,79.67285592142856,80.31633351666667,0.008543159507517018,Low Risk
2024-11-28,75.3211441,81.40000153,81.40000153,78.37999725,78.59999847,2360058,0.035623449293942455,79.84428514714286,80.39633356766667,0.016823481095285146,Low Risk
2024-12-01,75.17308807,81.23999786,81.37999725,80.41000366,81.40000153,1593370,-0.001965647014650518,80.02142769857143,80.55400009166667,0.016799864565233028,Low Risk
2024-12-02,75.40441895,81.48999786,82.0,80.80000305,81.23999786,4394590,0.00307730190282407,80.26142774142856,80.62033335366667,0.016671862541048944,Low Risk
2024-12-03,76.20019531,82.34999847,82.5,81.01999664,81.48999786,7070349,0.010553449902863887,80.61857059857142,80.72199986766667,0.01684295681294704,Low Risk
2024-12-04,76.15393066,82.30000305,82.59999847,82.0,82.34999847,1661313,-0.0006071089365984328,81.05428531999999,80.84333318066666,0.016209928282473154,Low Risk
2024-12-05,75.87633514,82.0,82.94000244,82.0,82.30000305,3518496,-0.003645237410474178,81.33999960571428,80.946666463,0.0164341580350591,Low Risk
2024-12-08,76.06139374,82.19999695,82.90000153,82.01000214,82.0,712486,0.002438987195122033,81.85428510285715,80.98999964366666,0.01364988628271984,Low Risk
2024-12-09,75.87633514,82.0,82.59999847,82.0,82.19999695,2292861,-0.0024330530099855308,81.93999917,81.026999664,0.004871193795308007,Low Risk
2024-12-10,74.76594543,80.80000305,82.48999786,80.80000305,82.0,951351,-0.014634109146341445,81.87714276857142,81.054332987,0.0077091918148176316,Low Risk
2024-12-11,75.86707306,81.98999786,82.47000122,81.0,80.80000305,2058924,0.01472765798367126,81.94857134000002,81.129332987,0.009679089199139802,Low Risk
2024-12-12,76.79240417,82.98999786,83.22000122,81.90000153,81.98999786,3788611,0.01219660966094338,82.03999982428572,81.22899958233333,0.009967446745773097,Low Risk
2024-12-15,77.25505829,83.48999786,83.69999695,82.59999847,82.98999786,1254864,0.00602482242310054,82.20999908285715,81.31166610633333,0.010087162328709535,Low Risk
2024-12-16,77.44937134,83.69999695,83.80999756,83.30000305,83.48999786,3952970,0.002515260454936552,82.45285579000002,81.428332773,0.009766361364853067,Low Risk
2024-12-17,75.90409088,82.02999878,83.69999695,82.02999878,83.69999695,1252397,-0.019952189138042753,82.42857033714287,81.47266616733334,0.013077382088058235,Low Risk
2024-12-18,76.89418793,83.09999847,84.0,82.30000305,82.02999878,2568768,0.013044004704543255,82.58571297571429,81.54266611633334,0.01392234524236317,Low Risk
2024-12-19,77.71772003,83.98999786,83.98999786,82.01999664,83.09999847,8850138,0.010709980822939391,83.04142652,81.641999307,0.012048266446374472,Low Risk
2024-12-22,77.29207611,83.52999878,84.0,83.05000305,83.98999786,1234435,-0.005476831667108217,83.26142665142858,81.68933257933332,0.011919248505188199,Low Risk
2024-12-23,76.43151855,82.59999847,83.68000031,82.59999847,83.52999878,3239666,-0.011133728284246969,83.20571245285714,81.69399922566667,0.012089369432690579,Low Risk
2024-12-24,75.36740112,81.44999695,83.19999695,81.19999695,82.59999847,3141753,-0.013922536819630515,82.91428375142857,81.67399902233333,0.012604793784476412,Low Risk
2024-12-25,75.5062027,81.59999847,82.09999847,81.20999908,81.44999695,483564,0.0018416393568692069,82.61428396857143,81.64399897133333,0.012554046751300667,Low Risk
2024-12-26,74.84922028,80.88999939,82.0,80.86000061,81.59999847,1506317,-0.008700969280790227,82.45142691285714,81.58633219266667,0.010686193837357878,Low Risk
2024-12-29,73.14664459,79.05000305,81.48999786,79.05000305,80.88999939,1141730,-0.022746895214187268,81.87285613857144,81.49733225366666,0.010877951297376433,Low Risk
2024-12-30,72.73949432,78.61000061,80.0,78.5,79.05000305,2660471,-0.005566128058485886,81.10428510285715,81.41699905266665,0.007730355867338733,Low Risk
2024-12-31,72.63771057,78.5,79.58999634,78.41000366,78.61000061,2586038,-0.0013993208134641666,80.38571384857143,81.36033248766667,0.008212639864018231,Low Risk
2025-01-02,73.20215607,79.11000061,79.48999786,78.61000061,78.5,839510,0.0077707084076432675,79.88714272571428,81.33066584133333,0.010189240700580372,Low Risk
2025-01-05,73.12812805,79.02999878,79.5,79.0,79.11000061,778429,-0.0010112732825574566,79.54142870142857,81.30466588200001,0.00969449262070441,Low Risk
2025-01-06,72.96157074,78.84999847,79.40000153,78.55999756,79.02999878,988286,-0.002277620052874796,79.14857155857143,81.27133254866666,0.009382466290606219,Low Risk
2025-01-08,73.19290161,79.09999847,79.79000092,78.40000153,78.84999847,2704606,0.0031705771065437816,78.89285714142856,81.26633249766668,0.009639222013255113,Low Risk
2025-01-09,71.71238708,77.5,79.75,77.5,79.09999847,575703,-0.020227541099217983,78.67142813428572,81.18299916433334,0.008795757903662108,Low Risk
2025-01-12,70.56499481,76.26000214,77.69000244,76.02999878,77.5,1885655,-0.015999972387096828,78.33571406714286,81.10499928666667,0.010127560374192105,Low Risk
2025-01-13,68.19616699,73.69999695,77.27999878,73.69999695,76.26000214,5257592,-0.033569435066370445,77.64999934571428,80.84833246733334,0.014815530397822674,Low Risk
2025-01-14,69.399086,75.0,75.93000031,73.0,73.69999695,2176304,0.017639119454536223,77.06285640142856,80.64033253866666,0.016975774348824312,Low Risk
2025-01-15,69.86174774,75.5,76.08999634,74.5,75.0,2135244,0.006666666666666599,76.55857086142858,80.44066594333331,0.01769529010651152,Low Risk
2025-01-16,70.602005,76.30000305,76.90000153,75.5,75.5,2139146,0.01059606688741721,76.19428580142858,80.23899942933333,0.0188246018597763,Low Risk
2025-01-19,70.70378876,76.41000366,76.98000336,75.5,75.5,2540348,0.0014416855255945382,75.81000082857143,80.04266611633332,0.018717735663519156,Low Risk
2025-01-20,70.14859772,75.80999756,77.0,75.76000214,76.48000336,1840382,-0.007852454799895492,75.56857190857143,79.83633270166666,0.017564331209270118,Low Risk
2025-01-21,70.6945343,76.40000153,76.69000244,75.90000153,75.80999756,689211,0.007782667049066161,75.58857182142857,79.64299952100001,0.01692154067635794,Low Risk
2025-01-22,70.46321106,76.15000153,77.5,76.15000153,76.40000153,1734049,-0.003272251243369828,75.93857247571428,79.447999572,0.008634148131895641,Low Risk
2025-01-23,70.77781677,76.48999786,77.12999725,75.91000366,76.15000153,1107234,0.004464823679170449,76.15142931285713,79.30433273233332,0.006525757311854215,Low Risk
2025-01-26,71.36077118,77.12000275,78.0,76.48999786,76.48999786,1257177,0.008236434927781033,76.38285827714286,79.141999562,0.006704014193882522,Low Risk
2025-01-27,70.7870636,76.5,77.65000153,76.34999847,77.12000275,1084701,-0.008039454459173978,76.41142927,78.9256663,0.006908135350271372,Low Risk
2025-01-28,70.64826965,76.34999847,77.06999969,75.90000153,76.5,2156180,-0.0019608043137254727,76.40285709999999,78.68766632033334,0.006941793342818669,Low Risk
2025-01-29,70.42619324,76.11000061,77.0,76.0,76.34999847,1495449,-0.003143390501760157,76.44571467857143,78.43466644233334,0.006258932449520002,Low Risk
2025-01-30,70.50946808,76.19999695,77.5,76.13999939,76.11000061,1999292,0.0011824509168139041,76.41714259571428,78.240333048,0.005436325594754614,Low Risk
2025-02-02,70.64826965,76.34999847,77.19000244,76.30999756,76.19999695,565288,0.001968523963307156,76.44571358714286,78.015333048,0.0053284959067534075,Low Risk
2025-02-03,70.962883,76.69000244,76.95999908,76.34999847,76.34999847,1860212,0.004453228249029939,76.47428567,77.77199986733334,0.005327018512565957,Low Risk
2025-02-04,70.8425827,76.55999756,77.5,76.5,76.69000244,1310213,-0.0016951998417488179,76.39428492857142,77.53966649333333,0.004059136792510942,Low Risk
2025-02-05,71.71238708,77.5,77.5,76.30000305,76.55999756,1862235,0.012277984194857483,76.53714207142856,77.36966654433333,0.005291525022840749,Low Risk
2025-02-06,72.17504883,78.0,78.0,77.0,77.5,849156,0.006451612903225712,76.77285657571429,77.254666646,0.005231714781524911,Low Risk
2025-02-09,71.65686798,77.44000244,78.09999847,76.69999695,78.0,298223,-0.007179455897435849,76.96285683714287,77.11600011166666,0.006169130842862483,Low Risk
2025-02-10,71.29599762,77.05000305,78.59999847,77.01999664,77.44000244,915552,-0.005036148989046918,77.08428628,76.98800023366667,0.006804528418637397,Low Risk
2025-02-11,71.44404602,77.20999908,77.75,76.94999695,77.05000305,1717139,0.0020765220462894973,77.20714351000001,76.926666768,0.006805610284353801,Low Risk
2025-02-12,71.80491638,77.59999847,77.69000244,76.30000305,77.20999908,3368646,0.005051151335928816,77.33714294285714,76.89300003,0.006850682115683987,Low Risk
2025-02-13,72.16579437,77.98999786,78.0,77.01999664,77.59999847,1155513,0.0050257654341421265,77.5414287,76.87599995866667,0.006764886374220819,Low Risk
2025-02-16,72.64696503,78.51000214,79.19999695,77.5,77.98999786,675618,0.006667576538897491,77.68571471999999,76.85600000966666,0.0056820849847273236,Low Risk
2025-02-17,73.74809265,79.69999695,80.0,78.55999756,78.51000214,2652116,0.01515723828255644,77.92857142714286,76.87833328200001,0.007511449502283488,Low Risk
2025-02-18,73.33170319,79.25,80.0,79.0,79.69999695,1613489,-0.0056461350968721735,78.18714250714287,76.89166666633334,0.007176298882628521,Low Risk
2025-02-19,73.99793243,79.97000122,80.40000153,79.62000275,79.25,2367137,0.009085188895899154,78.60428510285715,76.920666758,0.006373048689968932,Low Risk
2025-02-20,73.10036469,79.0,80.15000153,78.59999847,79.97000122,1891460,-0.012129563651393394,78.85999952,76.97066675800001,0.009215484069331193,Low Risk
2025-02-23,73.78510284,79.73999786,79.79000092,78.80000305,79.0,714495,0.009367061518987363,79.16571371857142,77.08666661533333,0.00949118383288456,Low Risk
2025-02-24,73.69257355,79.63999939,79.80000305,78.87000275,79.73999786,1897190,-0.0012540565924715752,79.40142822285715,77.28466669666666,0.009665800234545222,Low Risk
2025-02-25,71.80491638,77.59999847,79.63999939,77.52999878,79.63999939,2487313,-0.02561528045737471,79.27142769857143,77.37133331233333,0.014255684033760757,Low Risk
2025-02-26,70.79632568,76.51000214,78.16000366,76.51000214,77.59999847,2730439,-0.01404634473570765,78.81571415428571,77.40500005033333,0.01273440348501179,Low Risk
2025-02-27,70.04680634,75.69999695,77.19000244,75.69999695,76.51000214,5241943,-0.010586918930126643,78.30857086142858,77.384999847,0.012864053268988158,Low Risk
2025-03-02,70.7870636,76.5,76.58999634,75.77999878,75.69999695,1048043,0.010568072420510166,77.81285640142858,77.38799972500001,0.013171145439327642,Low Risk
2025-03-03,71.35150909,77.11000061,77.69999695,76.40000153,76.5,3223736,0.007973864183006496,77.54285648857142,77.43133316,0.013847886881982177,Low Risk
2025-03-04,70.55573273,76.25,77.55000305,76.25,77.11000061,1338446,-0.011152906279298769,77.04428536571427,77.42633310900001,0.012837126324604453,Low Risk
2025-03-05,71.71238708,77.5,77.69999695,76.30999756,76.25,1911317,0.016393442622950838,76.73857116714285,77.47133305800001,0.015458867393947275,Low Risk
2025-03-06,71.71238708,77.5,77.76999664,77.01000214,77.5,915731,0.0,76.72428567142858,77.504999796,0.012094614439642604,Low Risk
2025-03-09,71.99923706,77.80999756,78.0,77.30000305,77.5,1535957,0.003999968516128938,76.90999930285714,77.527999623,0.010442227478755974,Low Risk
2025-03-10,72.0825119,77.90000153,78.05999756,77.51000214,77.80999756,3001977,0.0011567147259012867,77.22428567142858,77.57466634066667,0.008813790612111218,Low Risk
2025-03-11,71.42554474,77.19000244,77.90000153,76.81999969,77.90000153,595010,-0.009114237176575224,77.32285744857143,77.602666473,0.009529607637661763,Low Risk
2025-03-12,71.24972534,77.0,77.23999786,76.88999939,77.19000244,2051147,-0.0024614902706823205,77.30714307571428,77.63233311933332,0.009123229131521717,Low Risk
2025-03-13,71.29599762,77.05000305,77.40000153,76.91999817,77.0,3098373,0.0006493902597402013,77.42142922571428,77.66066665600002,0.007740683694703915,Low Risk
2025-03-16,70.98138428,76.70999908,77.40000153,76.5,77.05000305,923662,-0.004412770363933172,77.30857195142858,77.67266667633334,0.0043117776700711445,Low Risk
2025-03-17,72.11027527,77.93000031,78.08999634,76.41999817,76.70999908,1804081,0.015904070455373898,77.37000056714285,77.71399993866666,0.007901718694811589,Low Risk
2025-03-18,72.17504883,78.0,78.0,77.51000214,77.93000031,1253264,0.0008982380305602167,77.39714377285715,77.76200002,0.007779526718527499,Low Risk
2025-03-19,72.26757813,78.09999847,78.09999847,77.66000366,78.0,881742,0.0012820316666666276,77.4257147642857,77.781999969,0.007781771251722319,Low Risk
2025-03-20,73.00784302,78.90000153,80.0,78.0,78.09999847,5549708,0.01024331723011862,77.67000034857143,77.81200002,0.0072626690434809,Low Risk
2025-03-23,75.68201447,81.79000092,82.0,79.09999847,78.90000153,2161641,0.036628635411383836,78.35428619428572,77.95699996933332,0.01406489534346213,Low Risk
2025-03-24,75.78379822,81.90000153,82.65000153,81.5,81.79000092,1777412,0.0013449151334230525,79.04714312,78.11866658533334,0.014000507886540663,Low Risk
2025-03-25,75.60798645,81.70999908,82.5,81.51000214,81.90000153,1439144,-0.0023199321910927218,79.76142883428572,78.26866658533332,0.013689185118023885,Low Risk
2025-03-26,75.78379822,81.90000153,82.30000305,80.80000305,81.70999908,1952047,0.0023253267915712694,80.32857186571428,78.41200002066667,0.013532149870733574,Low Risk
2025-03-27,76.29272461,82.44999695,82.44999695,81.52999878,81.90000153,1811512,0.0067154506681974535,80.96428571571428,78.560666657,0.01325643602186427,Low Risk
2025-04-03,73.74809265,79.69999695,82.37999725,79.69999695,82.44999695,1813159,-0.03335354883842723,81.19285692714286,78.60033315066667,0.02061626893833609,Medium Risk
2025-04-06,72.73023987,78.59999847,79.69999695,77.30000305,79.69999695,1164359,-0.01380173804385565,81.14999934714287,78.56366653466667,0.02121883710687031,Medium Risk
2025-04-07,72.3138504,78.15000153,79.5,77.34999847,78.59999847,2512404,-0.005725152019840807,80.62999943428572,78.52699991899999,0.013580083134690998,Low Risk
2025-04-08,72.83108521,76.41999817,77.55999756,76.40000153,78.15000153,2082560,-0.02213695874767052,79.84714181142859,78.408666484,0.014232067243316965,Low Risk
2025-04-09,72.43080902,76.0,76.94999695,75.30000305,76.41999817,1131496,-0.005495919655293502,79.03142765714287,78.308666484,0.014004276085384083,Low Risk
2025-04-10,75.28038788,78.98999786,78.98999786,76.01999664,76.0,1824939,0.03934207710526327,78.61571284714286,78.283666484,0.023378304537465863,Medium Risk
2025-04-13,74.81340027,78.5,78.80000305,77.69999695,78.98999786,714482,-0.006203289951576707,78.05142756857143,78.24566650433333,0.02280947755866021,Medium Risk
2025-04-14,73.57444763,77.19999695,79.0,77.19999695,78.5,915379,-0.016560548407643316,77.69428471142858,78.23233312033334,0.02029138871076892,Medium Risk
2025-04-15,73.19324493,76.80000305,77.68000031,76.80000305,77.19999695,1853016,-0.005181268339415346,77.43714250857144,78.24199981733334,0.01988092165579343,Low Risk
2025-04-16,73.38384247,77.0,77.27999878,76.23999786,76.80000305,1113720,0.002604126849705901,77.27285657571429,78.28533325233333,0.019949361729804937,Low Risk
2025-04-17,74.05097198,77.69999695,77.91999817,77.0,77.0,2077370,0.009090869480519403,77.45571354428571,78.32533315066667,0.018086717532001362,Low Risk
2025-04-22,73.63163757,77.26000214,77.94999695,76.80999756,77.69999695,1130069,-0.00566273908972148,77.63571385,78.33033320166666,0.018099135739671108,Low Risk
2025-04-23,75.7569046,79.48999786,79.48999786,77.06999969,77.26000214,2580365,0.028863521333575948,77.70714242142857,78.43833313033333,0.014647362005741701,Low Risk
2025-04-27,76.1667099,79.91999817,80.19000244,79.40000153,79.48999786,1614706,0.005409489515364241,77.90999930285714,78.518999736,0.014351108704870013,Low Risk
2025-04-28,76.71947479,80.5,80.59999847,79.65000153,79.91999817,4859622,0.0072572803213315495,78.38142831,78.61899973599999,0.011595796435033905,Low Risk
2025-04-29,76.20483398,79.95999908,80.80999756,79.95999908,80.5,786823,-0.006708085962732868,78.8328563142857,78.69066645333334,0.011853852816251183,Low Risk
2025-04-30,77.16740417,80.97000122,80.97000122,79.80000305,79.95999908,1895757,0.012631342566543635,79.39999934571428,78.79299977633333,0.012003082951678474,Low Risk
2025-05-04,76.91007996,80.69999695,81.25,80.5,80.97000122,783156,-0.003334621043988628,79.82857077428571,78.90999959333334,0.01259299252106378,Low Risk
2025-05-05,77.07210541,80.87000275,81.48999786,80.59999847,80.69999695,2463210,0.0021066394848234804,80.34428514714286,79.038999685,0.011760689113759448,Low Risk
2025-05-06,78.04419708,81.88999939,82.23999786,80.30000305,80.87000275,2314252,0.012612793437799086,80.68714250857143,79.20033289633332,0.007447194830506,Low Risk
2025-05-07,76.24295807,80.0,82.19999695,80.0,81.88999939,1727286,-0.02307973383903572,80.69857134142856,79.30999959366666,0.01267685789587246,Low Risk
2025-05-08,76.09999847,79.84999847,81.0,79.80999756,80.0,811481,-0.0018750191249999881,80.60571398,79.37399953233333,0.012295162442399471,Low Risk
2025-05-11,74.90870667,78.59999847,80.5,78.59999847,79.84999847,1762984,-0.01565435220978284,80.41142817857143,79.39399948133332,0.013392207105714884,Low Risk
2025-05-12,75.71878052,79.44999695,81.0,79.19999695,78.59999847,4820875,0.010814230235951294,80.19428471142858,79.43899943066667,0.013066609376207731,Low Risk
2025-05-13,76.24295807,80.0,80.59999847,79.51999664,79.44999695,2388721,0.00692263148035277,80.09428514714286,79.47566604633333,0.013540950053505437,Low Risk
2025-05-14,77.56768036,81.38999939,81.38999939,80.0,80.0,2273637,0.017374992374999954,80.16857038142858,79.46233266200001,0.015274482438553276,Low Risk
2025-05-15,77.38659668,81.19999695,81.51000214,80.75,81.38999939,3089941,-0.0023344691168942777,80.06999860428571,79.43899917599998,0.014403106141647987,Low Risk
2025-05-18,76.89102173,80.68000031,81.48999786,80.19999695,81.19999695,1040763,-0.006403899747929764,80.16714150571428,79.40466588366667,0.011184966324125422,Low Risk
2025-05-19,75.57583618,79.30000305,81.0,79.20999908,80.68000031,2714432,-0.01710457678108057,80.08857073142858,79.31799926766668,0.013197353828977,Low Risk
2025-05-20,76.02375793,79.76999664,80.48999786,79.30000305,79.30000305,4105628,0.00592677896498528,80.25571332714286,79.228665924,0.011604070464404155,Low Risk
2025-05-21,76.34779358,80.11000061,80.88999939,79.70999908,79.76999664,1941801,0.00426230392780913,80.34999956428571,79.24233271266667,0.011041284949936808,Low Risk
2025-05-22,76.14765167,79.90000153,80.5,79.83000183,80.11000061,1074737,-0.0026213840769062635,80.33571406857142,79.285666148,0.010808687889499232,Low Risk
2025-05-25,76.14765167,79.90000153,80.30000305,79.90000153,79.90000153,1702788,0.0,80.12285723142858,79.34399948133334,0.007653754314769953,Low Risk
2025-05-26,76.14765167,79.90000153,80.37999725,79.90000153,79.90000153,1372391,0.0,79.9371436,79.45999959333334,0.00771838581824629,Low Risk
2025-05-27,77.43424988,81.25,81.25,79.83000183,79.90000153,751472,0.016896100677709303,80.01857212714286,79.63499959333333,0.010250800645763593,Low Risk
2025-05-28,77.57720947,81.40000153,81.59999847,80.84999847,81.25,1203815,0.001846172676922997,80.31857190999999,79.71533304900001,0.006457093834537061,Low Risk
2025-05-29,78.95911407,82.84999847,82.84999847,81.09999847,81.40000153,7822260,0.01781322988631162,80.75857217142857,79.86033299800002,0.00839456967653785,Low Risk
2025-06-01,76.86243439,80.65000153,81.90000153,80.5,82.84999847,3527979,-0.026553976833163406,80.83571515999999,79.97533315066667,0.014778374640515374,Low Risk
2025-06-02,76.58605194,80.36000061,80.76999664,80.20999908,80.65000153,2697442,-0.003595795592045037,80.9014293142857,80.09399973600001,0.014823288264156746,Low Risk
2025-06-03,77.19599152,81.0,81.12999725,80.34999847,80.36000061,1841870,0.007964153622969983,81.05857195285715,80.22733306933334,0.015045319440997683,Low Risk
2025-06-04,78.04419708,81.88999939,81.88999939,80.51000214,81.0,2247544,0.01098764679012354,81.34285736142859,80.36699981733334,0.015365217848301572,Low Risk
2025-06-10,77.10069275,80.90000153,81.79000092,80.90000153,81.88999939,12160562,-0.012089362161124884,81.29285758,80.48833313033333,0.015095206064775232,Low Risk
2025-06-11,78.67320251,82.55000305,82.55000305,81.0,80.90000153,3055602,0.020395568464706804,81.45714351142858,80.59033330333334,0.01707744833487522,Low Risk
2025-06-12,77.67251587,81.5,82.5,81.25,82.55000305,1796673,-0.012719600378016005,81.26428658714285,80.643000031,0.016285490923599755,Low Risk
2025-06-15,74.33688354,78.0,78.5,77.02999878,81.5,3256853,-0.042944785276073594,80.88571494,80.55966669766667,0.02089240285018684,Medium Risk
2025-06-16,75.38522339,79.09999847,80.0,78.0,78.0,3879188,0.014102544487179625,80.70571463428571,80.53100001066666,0.022068016324015616,Medium Risk
2025-06-17,76.05235291,79.80000305,79.90000153,78.5,79.09999847,2809106,0.008849615594689109,80.53428649857142,80.49200007166668,0.022137369343405593,Medium Risk
2025-06-18,76.25248718,80.01000214,80.15000153,78.38999939,79.80000305,1377096,0.0026315674432797476,80.26571546285716,80.46900024466666,0.021542844588772543,Medium Risk
2025-06-19,74.92777252,78.62000275,80.0,78.62000275,80.01000214,8388452,-0.017372820307738568,79.94000135142858,80.39400024466666,0.02199761141855369,Medium Risk
2025-06-22,76.05235291,79.80000305,79.90000153,77.31999969,78.62000275,1610242,0.015008906877709283,79.54714420857144,80.3243337,0.021082650799138472,Medium Risk
2025-06-23,75.40428925,79.12000275,80.08000183,79.02999878,79.80000305,1185213,-0.008521306691854913,79.20714460142858,80.29500045833333,0.020873001453160088,Medium Risk
2025-06-24,78.91146088,82.80000305,82.80000305,80.5,79.12000275,4003416,0.04651163008206538,79.89285932285715,80.39333394433334,0.020460975225761197,Medium Risk
2025-06-25,79.95980072,83.90000153,83.90000153,82.01000214,82.80000305,2225538,0.01328500530773824,80.57857404571428,80.570000713,0.02042759894165117,Medium Risk
2025-06-29,80.95095825,84.94000244,85.30000305,84.01000214,83.90000153,2748286,0.01239571979778975,81.31285967285714,80.753000896,0.020477932955468636,Medium Risk
2025-06-30,80.34101868,84.30000305,85.44999695,84.0,84.94000244,5040837,-0.007534722999944399,81.92571694571429,80.89633433099999,0.02135757627640776,Medium Risk
2025-07-01,80.97001648,84.95999908,84.95999908,84.08000183,84.30000305,897061,0.007829134117688596,82.83143070714286,81.01533432066667,0.01834135298451482,Low Risk
2025-07-02,80.47444153,84.44000244,85.0,83.5,84.95999908,1845990,-0.006120487825221899,83.49428776285716,81.12333450366667,0.0193374057889126,Low Risk
2025-07-06,79.38798523,83.30000305,84.38999939,83.30000305,84.44000244,887454,-0.013500702949529653,84.09143066285715,81.21066792833334,0.020132978692198066,Medium Risk
2025-07-07,79.59764099,83.51999664,84.0,83.09999847,83.30000305,1102982,0.0026409793750901134,84.19428689000001,81.35133438133333,0.010514738613511869,Low Risk
2025-07-09,80.05510712,84.0,84.69999695,83.55000305,83.51999664,1782414,0.005747166897874578,84.20857238571429,81.49233449333333,0.0094087903195984,Low Risk
2025-07-10,80.95095825,84.94000244,84.94000244,83.59999847,84.0,2025164,0.011190505238095172,84.20857238571429,81.65333455433333,0.009156234553465238,Low Risk
2025-07-13,80.16947174,84.12000275,84.93000031,84.01000214,84.94000244,477977,-0.00965386939539159,84.18285805714287,81.79400126166666,0.009477656984993966,Low Risk
2025-07-14,82.91421509,87.0,87.05000305,83.80000305,84.12000275,4427429,0.034236770754266344,84.47428676000001,82.03066787733334,0.016146632037024582,Low Risk
2025-07-15,84.82028961,89.0,89.0,86.13999939,87.0,3027466,0.02298850574712641,85.12571498285715,82.33400115966667,0.01698110272018865,Low Risk
2025-07-16,83.84819794,87.98000336,89.98000336,87.59999847,89.0,1853892,-0.011460636404494462,85.79428645571429,82.558334605,0.01656984621214593,Low Risk
2025-07-17,85.75427246,89.98000336,90.0,87.55000305,87.98000336,2748573,0.022732438322562,86.71714455857143,82.844334666,0.01722304961930425,Low Risk
2025-07-20,85.77332306,90.0,90.83999634,89.0,89.98000336,1141199,0.00022223426598455553,87.57428741571428,83.08266805033333,0.017616675186797538,Low Risk
2025-07-21,87.20288086,91.5,91.5,90.0,90.0,3688756,0.016666666666666607,88.51142992428572,83.444334666,0.01779712569885139,Low Risk
2025-07-22,86.34514618,90.59999847,91.5,90.51000214,91.5,1773959,-0.009836082295081927,89.43714359857142,83.785667928,0.017832158930644076,Low Risk
2025-07-23,86.34514618,90.59999847,90.59999847,90.59999847,90.59999847,0,0.0,89.95142909428571,84.105667877,0.014761052927361823,Low Risk
2025-07-27,90.52897644,94.98999786,94.98999786,91.5,92.0,2469763,0.04845474022224883,90.80714307428572,84.54233449266667,0.021344314098266134,Medium Risk
2025-07-28,90.44320679,94.90000153,95.0,94.44999695,94.98999786,5355639,-0.0009474295402410737,91.79571424142857,85.00900115933334,0.019944298222335344,Low Risk
2025-07-29,89.29956055,93.69999695,95.30000305,93.69999695,94.90000153,4828693,-0.012644937414681201,92.32714189714285,85.38066762266666,0.020945350579450718,Medium Risk
2025-07-30,89.8713913,94.30000305,94.98999786,93.69000244,93.69999695,2901714,0.006403480464574285,92.94142804714285,85.807334391,0.020791496676329423,Medium Risk
2025-07-31,89.6807785,94.09999847,95.19999695,94.0,94.30000305,1849907,-0.002120939273925093,93.3128564,86.34400100666667,0.02052717709851954,Medium Risk
2025-08-03,89.6807785,94.09999847,94.09999847,94.09999847,94.09999847,0,0.0,93.8128564,86.84400100666667,0.019728377974409187,Low Risk
2025-08-04,89.6807785,94.09999847,94.09999847,94.09999847,94.09999847,0,0.0,94.3128564,87.32066752066666,0.019728377974409187,Low Risk
2025-08-05,89.6807785,94.09999847,94.09999847,94.09999847,94.09999847,0,0.0,94.18571363,87.79033406500001,0.0056849681013684305,Low Risk
2025-08-06,89.6807785,94.09999847,94.09999847,94.09999847,94.09999847,0,0.0,94.07142747857144,88.30633392233334,0.0057068297495352525,Low Risk
2025-08-07,89.6807785,94.09999847,94.09999847,94.09999847,94.09999847,0,0.0,94.12857055285714,88.78300043633334,0.0026734161274315094,Low Risk
2025-08-10,95.31323242,100.0100021,102.0,99.55000305,100.0999985,1100978,0.0628055656332891,94.94428470285713,89.479333748,0.02388496156135531,Medium Risk
2025-08-11,94.35066223,99.0,100.8899994,98.80999756,100.0100021,4558835,-0.010099010886832072,95.64428492142858,90.01933364633332,0.024663315130075244,Medium Risk
2025-08-12,94.82717896,99.5,99.80000305,98.11000061,99.0,1412114,0.005050505050504972,96.41571371142858,90.53933359533333,0.024479524446990777,Medium Risk
2025-08-13,95.16073608,99.84999847,99.90000153,98.80000305,99.5,1554536,0.003517572562814042,97.23714228285714,91.03633346299999,0.02431748808448511,Medium Risk
2025-08-14,93.68353271,98.30000305,99.83000183,98.30000305,99.84999847,1200893,-0.015523239296450275,97.83714293714286,91.50300012966666,0.02590480596815963,Medium Risk
2025-08-17,95.30369568,100.0,100.0,98.19999695,98.30000305,416556,0.017293966401357164,98.68000029857141,92.00433349366666,0.026002068767906162,Medium Risk
2025-08-18,94.92247772,99.59999847,101.5,99.59999847,100.0,5111258,-0.004000015299999937,99.46571458428572,92.50966669466668,0.02627550185654815,Medium Risk
2025-08-19,96.23767853,100.9800034,101.0100021,99.80999756,99.59999847,4961200,0.013855471397578922,99.60428619857144,93.09900003966666,0.012064674522956878,Low Risk
2025-08-20,94.83670807,99.51000214,101.1100006,99.09999847,100.9800034,1818139,-0.014557350074321795,99.67714364714287,93.63200022299999,0.012866523420400643,Low Risk
2025-08-21,94.35066223,99.0,100.1999969,99.0,99.51000214,1800912,-0.00512513444912277,99.60571507571429,94.13200022299999,0.012881772249343774,Low Risk
2025-08-24,93.88367462,98.51000214,99.48999786,98.23000336,99.0,644805,-0.0049494733333333985,99.41428702857142,94.58433354633334,0.012822784812968537,Low Risk
2025-08-25,94.36972046,99.01999664,99.40000153,98.51999664,98.51000214,694526,0.005177083432352569,99.51714325571429,95.08100000933334,0.011460660229536873,Low Risk
2025-08-26,92.44458771,97.0,100.0,97.0,99.01999664,12828089,-0.02039988596792186,99.08857182714287,95.41433334266667,0.011438582484669568,Low Risk
2025-08-27,93.38809204,97.98999786,98.09999847,96.59999847,97.0,1341819,0.010206163505154686,98.85857173999999,95.71399993799999,0.012689538353226441,Low Risk
2025-08-28,92.56848145,97.12999725,98.98000336,97.0,97.98999786,1423537,-0.008776412172482151,98.30857086142858,96.01899973433333,0.01061369831896941,Low Risk
2025-08-31,91.9776001,96.51000214,97.62000275,95.98999786,97.12999725,685120,-0.006383147612000983,97.87999943285715,96.23666636033333,0.009873596116547149,Low Risk
2025-09-01,90.5480423,95.01000214,97.0,94.30000305,96.51000214,6492576,-0.015542430491547021,97.30999973857142,96.40366643166666,0.010760166329221006,Low Risk
2025-09-02,91.49154663,96.0,96.0,94.59999847,95.01000214,1476015,0.010419933035484163,96.95142800428572,96.55366643166667,0.012407010405776986,Low Risk
2025-09-03,91.49154663,96.0,96.0,95.30000305,96.0,1682622,0.0,96.51999991285713,96.73366648266668,0.011941184871024272,Low Risk
2025-09-07,89.6807785,94.09999847,96.23999786,94.09999847,96.0,401763,-0.01979168260416664,96.10571397999999,96.85033314933334,0.011806422928030146,Low Risk
2025-09-08,91.37718201,95.87999725,95.98000336,94.16000366,94.09999847,4657495,0.01891603410139786,95.80428532142858,96.87999979566666,0.013865360874383678,Low Risk
2025-09-09,89.58547211,94.0,96.19999695,93.30000305,95.87999725,2713804,-0.01960781501795472,95.35714285714286,96.84999974466668,0.015158573080811004,Low Risk
2025-09-10,90.42414093,94.87999725,95.19999695,93.09999847,94.0,911228,0.009361672872340465,95.12428501571428,96.889333088,0.015989995965151774,Low Risk
2025-09-11,91.48201752,95.98999786,96.0,94.05999756,94.87999725,1182237,0.011698994963872611,95.26428440428572,96.94566624833334,0.015544555017998942,Low Risk
2025-09-14,91.96806335,96.5,97.0,95.97000122,95.98999786,1147803,0.005313075855505556,95.33571297571429,97.02566629933334,0.015175490917939164,Low Risk
2025-09-15,93.34043884,97.94000244,97.98999786,96.5,96.5,2385696,0.0149223050777203,95.61285618142857,97.15366643166666,0.016059910195743658,Low Risk
2025-09-16,92.45411682,97.01000214,98.69999695,97.01000214,97.94000244,3206056,-0.009495612383405239,96.0285709914286,97.25066655399999,0.013961918436576511,Low Risk
2025-09-17,93.77883911,98.40000153,98.69999695,97.01000214,97.01000214,2204807,0.014328413146450947,96.38857160285714,97.39399998933332,0.013259380959148226,Low Risk
2025-09-18,94.331604,98.98000336,99.09999847,97.80000305,98.40000153,3475911,0.005894327449000869,97.10000065428571,97.556666819,0.008356578298662565,Low Risk
2025-09-21,92.44458771,97.0,99.0,97.0,98.98000336,651952,-0.02000407448763697,97.40285818999999,97.65333353666666,0.013196019604006255,Low Risk
2025-09-22,91.49154663,96.0,97.65000153,94.98000336,97.0,3985165,-0.010309278350515427,97.40428706714285,97.51966680000001,0.013462919157466117,Low Risk
2025-09-23,91.21516418,95.70999908,96.55000305,95.37000275,96.0,1187201,-0.0030208429166665995,97.29142979285714,97.41000010266667,0.013291736532462019,Low Risk
2025-09-24,94.11240387,98.75,99.0,95.70999908,95.70999908,1819071,0.031762626154232754,97.40714373000002,97.38500010266668,0.01752461320974938,Low Risk
2025-09-25,92.92110443,97.5,99.0,97.5,98.75,1348812,-0.012658227848101222,97.47714342428571,97.30666682033333,0.01788659001033818,Low Risk
2025-09-28,94.73187256,99.40000153,100.0,97.5,97.5,1730868,0.01948719517948705,97.62000056714285,97.34333343633334,0.018625219815937642,Low Risk
2025-09-29,95.06543732,99.75,99.90000153,98.59999847,99.40000153,2594141,0.003521111314011005,97.73000008714287,97.33500010300001,0.01855534501941941,Low Risk
2025-09-30,96.25673676,101.0,101.0,99.05999756,99.75,4079424,0.012531328320801949,98.30142865857144,97.38166682066667,0.01627805714921931,Low Risk
2025-10-01,97.21929932,102.0100021,103.1999969,100.3000031,101.0,2296215,0.010000020792079178,99.16000038714286,97.41600011066666,0.014633954011583178,Low Risk
2025-10-02,98.4391861,103.2900009,103.4000015,102.0,102.0100021,1182515,0.012547777410544692,100.24285778999999,97.54200006933334,0.01369002027295502,Low Risk
2025-10-05,100.116539,105.0500031,105.9000015,103.0199966,103.2900009,1607149,0.017039424771657652,101.14285823285714,97.74366683933334,0.010799130965718386,Low Risk
2025-10-06,99.64001465,104.5500031,105.5999985,103.8000031,105.0500031,2250973,-0.004759638127035948,102.15000153285715,97.94500020466667,0.008289177866472413,Low Risk
2025-10-07,100.0688782,105.0,105.5,104.0100021,104.5500031,670646,0.004304130910159687,102.95000131428571,98.14433365,0.007341204151465842,Low Risk
2025-10-08,100.9266129,105.9000015,105.9000015,104.0,105.0,791052,0.008571442857142841,103.82857295714287,98.44100036666666,0.0070847171817193366,Low Risk
2025-10-12,99.16349792,104.0500031,105.9000015,104.0500031,105.9000015,1410684,-0.017469295314410438,104.26428768571428,98.64300054133334,0.011811230217254843,Low Risk
2025-10-13,99.22068024,104.1100006,105.6999969,104.1100006,104.0500031,3951808,0.0005766217992548839,104.56428747142857,98.87566731966668,0.011590793033036327,Low Risk
2025-10-14,99.64001465,104.5500031,105.4000015,104.1999969,104.1100006,866329,0.004226323095420259,104.74428778571429,99.14366735166666,0.01084803906845865,Low Risk
2025-10-15,101.0219193,106.0,106.0,104.5699997,104.5500031,1049817,0.013868932156923197,104.88000162857143,99.51000061366666,0.010148581359146891,Low Risk
2025-10-16,100.3071442,105.25,106.5,105.25,106.0,2644235,-0.007075471698113178,104.98000118571429,99.81833394699999,0.010414492820230402,Low Risk
2025-10-19,100.116539,105.0500031,106.0,104.5599976,105.25,340521,-0.0019002080760095463,104.9871444857143,100.120000717,0.010350278016087764,Low Risk
2025-10-20,100.3643188,105.3099976,107.1500015,105.0699997,105.0500031,9643021,0.002474959470039284,104.90285821428571,100.49366735466667,0.009759664727221536,Low Risk
2025-10-21,99.18255615,104.0699997,106.1800003,104.0,105.3099976,1564532,-0.011774740558915475,104.90571487142857,100.76666743633334,0.008255928773426843,Low Risk
2025-10-22,99.26833344,104.1600037,105.0199966,104.0999985,104.0699997,1967011,0.0008648409749154595,104.91285817142857,101.10533422633333,0.008259672161428873,Low Risk
2025-10-23,98.99195099,103.8700027,105.0,103.0,104.1600037,1116791,-0.002784187689117812,104.81571525714286,101.40500107466666,0.008099107860949683,Low Risk
2025-10-26,100.0688782,105.0,105.1600037,103.8499985,103.8700027,1283847,0.010878957067746331,104.67285811428572,101.70533447933332,0.007221455540356548,Low Risk
2025-10-27,99.84015656,104.7600021,106.1999969,104.0500031,105.0,2119096,-0.002285694285714346,104.60285841428572,101.98066788266667,0.006801102971559604,Low Risk
2025-10-28,100.4500961,105.4000015,105.8000031,104.5100021,104.7600021,1697397,0.006109196135650086,104.65285818571428,102.229334518,0.00721612317977315,Low Risk
2025-10-29,99.64954376,104.5599976,106.0,104.0,105.4000015,1336146,-0.007969676357167832,104.54571532857143,102.48100103333333,0.007795676866192257,Low Risk
2025-10-30,100.5358658,105.4899979,105.4899979,104.0,104.5599976,1644957,0.008894417763452678,104.74857221428572,102.71733424566666,0.006894210554705857,Low Risk
2025-11-02,99.11584473,104.0,105.6900024,104.0,105.4899979,1033040,-0.014124541943895563,104.72571454285715,102.884667467,0.009224465302554746,Low Risk
2025-11-03,101.0123825,105.9899979,105.9899979,103.5599976,104.0,2020688,0.019134595192307646,105.02857100000001,103.18433406366667,0.011606879355748213,Low Risk
2025-11-04,101.9749527,107.0,108.3000031,106.0,105.9899979,5012580,0.009529220870000632,105.31428528571429,103.55100073033333,0.011463496459257462,Low Risk
2025-11-05,101.8796539,106.9000015,107.5,105.5,107.0,1551534,-0.0009345654205606957,105.61999948571429,103.92400081100001,0.011375507578385223,Low Risk
2025-11-06,103.890564,109.0100021,110.0,106.5,106.9000015,5485798,0.019738078301149375,106.13571385714286,104.26600088100001,0.013049783496435229,Low Risk
2025-11-09,106.2636185,111.5,111.6999969,109.3099976,109.0100021,1475397,0.022841921401999477,107.12714277142858,104.73266754766668,0.013182873030419776,Low Risk
2025-11-10,104.9389038,110.1100006,111.6999969,109.25,111.5,3271970,-0.01246636233183851,107.78714315714286,105.08966751666667,0.015551142564431847,Low Risk
2025-11-11,105.0246735,110.1999969,111.5999985,109.5999985,110.1100006,4016660,0.0008173308465133644,108.67285700000001,105.43800074666666,0.013125427331795945,Low Risk
2025-11-12,105.2057495,110.3899994,111.3000031,109.8199997,110.1999969,3162749,0.0017241606655615804,109.30142864285713,105.75100072666666,0.012376036693385732,Low Risk
2025-11-13,103.4045105,108.5,110.5,108.5,110.3899994,1600086,-0.01712111070090283,109.51571435714285,105.96733399,0.014910582126841083,Low Risk
2025-11-16,104.8150101,109.9800034,110.0,108.6699982,108.5,1062513,0.013640584331797267,109.95571462857141,106.19033407333333,0.015427249223191773,Low Risk
2025-11-17,103.3568573,108.4499969,110.0,107.5999985,109.9800034,3727280,-0.013911678966178287,109.87571388571428,106.3036672,0.015003755672069153,Low Risk
2025-11-18,101.9749527,107.0,109.5,106.7300034,108.4499969,2072562,-0.013370188487299095,109.23285674285714,106.38533376333334,0.011358200533580342,Low Risk
2025-11-19,101.498436,106.5,107.8499985,106.4199982,107.0,2352179,-0.004672897196261627,108.71714237142858,106.43533376333333,0.01097269133997027,Low Risk
2025-11-20,101.0409775,106.0199966,106.9899979,106.0199966,106.5,2341851,-0.0045070741784037915,108.11999947142856,106.43933360000001,0.010707906318074127,Low Risk
2025-11-23,101.5460892,106.5500031,107.75,106.0299988,106.0199966,1387926,0.004999118251244994,107.57142857142857,106.52266693333333,0.011137045269024535,Low Risk
2025-11-24,99.60189819,104.5100021,107.4000015,104.5100021,106.5500031,7803328,-0.01914594970105643,107.00142887142859,106.53600031666666,0.0115241511251137,Low Risk
2025-11-25,102.7755051,107.8399963,108.0,105.0,104.5100021,2672993,0.03186292348184727,106.69571357142857,106.64566675666667,0.017180660017912627,Low Risk
2025-11-26,100.8313141,105.8000031,108.0,105.0,107.8399963,1374758,-0.018916851539246604,106.31714302857142,106.63900019333333,0.017818421031877158,Low Risk
2025-11-27,102.4705276,107.5199966,107.75,105.8700027,105.8000031,1206466,0.01625702693386777,106.39142825714286,106.71466674666667,0.018556936571315536,Low Risk
2025-11-30,102.6420746,107.6999969,107.9899979,107.0,107.5199966,1240765,0.0016741099859745034,106.5628563857143,106.80299987333333,0.018397077945967216,Low Risk
2025-12-01,102.7278519,107.7900009,108.0,107.0,107.6999969,1699213,0.0008356917603586922,106.81571414285715,106.88566665,0.018204224411060278,Low Risk
2025-12-02,104.5958099,109.75,109.9700012,108.0,107.7900009,2331006,0.018183496461961823,107.27285655714286,107.07499999333332,0.019161627281455783,Low Risk
2025-12-03,109.5897217,114.9899979,116.5,109.1999969,109.75,4799154,0.04774485558086572,108.7699988142857,107.4359998,0.021943573213957637,Medium Risk
2025-12-04,111.3147202,116.8000031,118.2300034,115.0299988,114.9899979,3211210,0.015740544682625757,110.04999978571428,107.86699981333335,0.02055189507597381,Medium Risk
2025-12-07,110.7428894,116.1999969,117.9000015,115.9000015,116.8000031,882445,-0.005137039247218977,111.53571318571429,108.24033304333334,0.01758195567457313,Low Risk
2025-12-08,102.0615997,107.0909119,107.1363602,105.6454544,105.6363602,2511888,-0.07839143926861847,111.47441537142856,108.31803003666666,0.03880082274626686,Medium Risk
2025-12-09,101.6890411,106.6999969,107.7090912,106.1999969,107.0909119,1989883,-0.0036503097514476446,111.33155822857142,108.36136321666667,0.03881684433848147,Medium Risk
2025-12-10,101.0392456,106.0181808,107.0909119,105.8363647,106.6999969,1406623,-0.006390029239073058,111.07844107142857,108.40996932333333,0.0388662448920661,Medium Risk
2025-12-11,101.1865387,106.1727295,106.6363602,104.6363602,106.0181808,2314525,0.0014577565737667886,110.56740242857143,108.43272704333334,0.03794329977391545,Medium Risk
2025-12-14,100.9352722,105.9090881,106.5818176,105.4545441,106.1727295,1124359,-0.0024831366890685214,109.27012959999999,108.49636331333335,0.030532902200647114,Medium Risk
2025-12-15,102.3215103,107.3636322,109.0909119,106.0,105.9090881,12167009,0.013733893153971888,107.92207661428571,108.54215112333333,0.030245163394686962,Medium Risk
2025-12-16,101.8016739,106.8181839,109.0,106.3636322,107.3636322,2677774,-0.005080382330805766,106.5818176142857,108.53609058666666,0.030247173553986643,Medium Risk
2025-12-17,98.92523956,103.8000031,109.0,103.8000031,106.8180008,4036800,-0.028255309066343326,106.11168778571428,108.43275730666666,0.012522540964057196,Low Risk
2025-12-18,96.2853241,101.0299988,104.9800034,101.0299988,103.8000031,7336195,-0.026685975118241556,105.30168805714287,108.16675719666667,0.015066811276624128,Low Risk
2025-12-21,99.35410309,104.25,104.25,101.6999969,101.0299988,13462014,0.03187173352713124,105.0490908,107.92509053,0.02127192904370142,Medium Risk
2025-12-22,97.01916504,101.8000031,105.4899979,101.8000031,104.25,3112350,-0.02350116930455637,104.4244156,107.64809061333332,0.022605465720393573,Medium Risk
2025-12-23,99.06819153,103.9499969,103.9499969,101.2699966,101.8000031,2041059,0.02111978128220704,104.14454542857143,107.43975728000001,0.024828692164828844,Medium Risk
2025-12-24,99.95451355,104.8799973,104.9800034,103.0100021,103.9499969,1446682,0.008946613061418862,103.78974044285714,107.25609054333334,0.024371965993326535,Medium Risk
2025-12-25,98.16280365,103.0,104.9000015,102.3099976,104.8799973,900610,-0.017925222620119197,103.24428560000001,107.07275721,0.025022239433282818,Medium Risk
2025-12-28,98.639328,103.5,104.3000031,103.0100021,103.0,371565,0.004854368932038833,103.20142801428572,106.85675709666667,0.022916407185520106,Medium Risk
2025-12-29,99.03959656,103.9199982,103.9899979,102.5,103.5,1358308,0.004057953623188393,103.61428507142857,106.70575714,0.01971405049114145,Low Risk
2025-12-30,98.16280365,103.0,104.0,102.6999969,103.9199982,975936,-0.00885294665064762,103.43571364285715,106.57242380666666,0.015810696407407315,Low Risk
2025-12-31,98.16280365,103.0,104.0999985,103.0,103.0,1149458,0.0,103.60714177142859,106.45575714,0.012546861734676793,Low Risk
2026-01-04,95.79927063,100.5199966,103.9800034,100.5199966,103.0,915458,-0.024077702912621346,103.11714172857141,106.27242380666667,0.012542961322475598,Low Risk
2026-01-05,96.25673676,101.0,101.8899994,98.30000305,100.5199966,2958489,0.004775203106204717,102.56285639999999,106.08742370333334,0.011866643428229991,Low Risk
2026-01-06,98.17234039,103.0100021,103.0100021,100.3099976,101.0,2410554,0.019901010891089088,102.56428527142857,106.03742370333333,0.013643883218747276,Low Risk
2026-01-08,99.40175629,104.3000031,105.5800018,103.4000015,103.0100021,3729539,0.012523065466474748,102.67857142857143,105.91942393000001,0.01437795086797897,Low Risk
2026-01-11,103.3759232,108.4700012,110.25,107.6500015,104.3000031,4398040,0.03998080513959268,103.32857185714285,106.00842386666666,0.02062578934976058,Medium Risk
2026-01-12,109.6945496,115.0999985,115.0999985,108.0,108.4700012,5885292,0.06112286555409385,105.05714307142857,106.26109059666666,0.02776679647051303,Medium Risk
2026-01-13,114.6789398,120.3300018,122.8000031,117.8000031,115.0999985,7084743,0.045438778176873695,107.5328576142857,106.68209076,0.028614587293727727,Medium Risk
2026-01-14,112.2201004,117.75,120.5,115.0999985,120.3300018,3450837,-0.021441051785972887,109.99428667142857,107.01409072999999,0.027903040168201467,Medium Risk
2026-01-15,115.9941254,121.7099991,125.8000031,117.8000031,117.75,9089980,0.033630565605095475,112.95285797142857,107.41275736666667,0.026841115546019593,Medium Risk
2026-01-18,117.2712021,123.0500031,124.9899979,122.2200012,121.7099991,1532903,0.011009810285998123,115.81571525714286,107.68142420666666,0.027453436798432807,Medium Risk
2026-01-19,119.034317,124.9000015,125.4000015,123.4000015,123.0500031,2135370,0.015034525423754275,118.75857217142858,107.95142415333333,0.02726313115264266,Medium Risk
2026-01-20,120.7497787,126.6999969,127.0,124.8000031,124.9000015,3931543,0.014411492220838706,121.36285727142857,108.30142415333333,0.026849532217987717,Medium Risk
2026-01-21,121.0356979,127.0,127.5,125.0,126.6999969,3061142,0.002367822473088088,123.06285748571429,108.96506042333334,0.021503695527169964,Medium Risk
2026-01-22,121.7409363,127.7399979,129.3000031,127.0,127.0,4637700,0.005826755118110372,124.12142835714288,109.66639379,0.01661550569076517,Low Risk
2026-01-25,122.8464584,128.8999939,129.8000031,127.8000031,127.7399979,1294336,0.00908091450657511,125.71428462857145,110.42912089333335,0.010128769748697721,Low Risk
2026-01-26,124.8287811,130.9799957,132.6900024,128.9199982,128.8999939,3595252,0.01613655468140407,127.03856985714286,111.25602976666667,0.005129300585766738,Low Risk
2026-01-27,126.6109695,132.8500061,133.7400055,131.3000031,130.9799957,4370756,0.01427706872340373,128.4385702857143,112.15406036666667,0.005322848232952277,Low Risk
2026-01-28,127.706955,134.0,135.0,132.8999939,132.8500061,5649746,0.008656333061320076,129.73857007142857,113.04193929333334,0.0050604067381646856,Low Risk
2026-02-01,125.3243637,131.5,134.0500031,130.5099945,134.0,3097990,-0.018656716417910446,130.42428479999998,113.86466649666667,0.01159258993788091,Low Risk
2026-02-02,123.227684,129.3000031,132.3000031,127.1100006,131.5,4422720,-0.016730014448669173,130.75285667142856,114.71466649666667,0.014342020087926252,Low Risk
2026-02-03,126.7539139,133.0,134.0,129.0299988,129.3000031,13398994,0.028615597921822555,131.50428554285713,115.78033320333333,0.017434760666553542,Low Risk
2026-02-04,130.0895386,136.5,136.9199982,133.1000061,133.0,7906804,0.026315789473684292,132.5900007,116.85533320333333,0.01909487039890076,Low Risk
2026-02-05,130.8043213,137.25,138.9900055,136.6000061,136.5,10151613,0.005494505494505475,133.4857156,118.03699976666667,0.018795076297283143,Low Risk
2026-02-08,129.6130219,136.0,138.9700012,136.0,137.25,1031051,-0.00910746812386154,133.9357147285714,119.10533320333333,0.019326320755352212,Low Risk
2026-02-09,129.6130219,136.0,137.9900055,134.9499969,136.0,9376193,0.0,134.2214290142857,120.14266662666665,0.019218981063043466,Low Risk
2026-02-10,130.1848602,136.6000061,140.1999969,136.6000061,136.0,6741447,0.004411809558823476,134.9500013142857,121.26266683,0.01686504308224606,Low Risk
2026-02-11,127.706955,134.0,137.8699951,134.0,136.6000061,4153875,-0.01903371876935811,135.62142944285713,122.27933349666667,0.01738715511562211,Low Risk
2026-02-12,131.3952026,137.8699951,137.8699951,134.0,134.0,4759146,0.028880560447761328,136.31714302857145,123.41100006,0.01744670560391161,Low Risk
2026-02-15,136.274765,142.9900055,143.9499969,137.1199951,137.8699951,2717846,0.03713650962478332,137.24428667142857,124.74400024333333,0.019924551691490388,Low Risk
2026-02-16,133.9493408,140.5500031,145.0099945,140.25,142.9900055,3050107,-0.01706414648679766,137.7157156857143,125.99566701333333,0.021902036021792373,Medium Risk
2026-02-17,135.0358124,141.6900024,143.0,140.6999969,140.5500031,2232418,0.008110987370017364,138.52857317142858,127.36800054,0.021191959614423713,Medium Risk
2026-02-18,134.1304321,140.7400055,141.9900055,139.4900055,141.6900024,3318142,-0.006704756044241589,139.20571681428572,128.69266739,0.021658064292496445,Medium Risk
2026-02-19,131.519104,138.0,141.9400024,137.1100006,140.7400055,2948796,-0.019468561836882947,139.40571594285714,129.85900065333334,0.023580916704689005,Medium Risk
2026-02-22,128.6599884,135.0,139.8899994,134.5,138.0,1816360,-0.021739130434782594,139.54857308571428,130.88233388333333,0.02399577947192216,Medium Risk
2026-02-23,132.8438263,139.3899994,139.3899994,134.8500061,135.0,3791578,0.03251851407407402,139.76571655714287,131.91300049,0.024720938283653723,Medium Risk
2026-02-24,131.0902405,137.5500031,140.7799988,137.5500031,139.3899994,3969672,-0.013200346566613175,138.98857335714285,132.66133397666667,0.01951001068089176,Low Risk
2026-02-25,125.8485336,132.0500031,138.3600006,130.0200043,137.5500031,4568937,-0.03998545893162542,137.77428764285713,133.05200068666667,0.023347175188861143,Medium Risk
2026-02-26,127.2304382,133.5,133.5,130.0099945,132.0500031,8837996,0.010980665399166423,136.60428729999998,133.57700068666668,0.02371262958358979,Medium Risk
2026-03-01,123.8948059,130.0,130.5899963,127.0500031,133.5,4035340,-0.02621722846441943,135.0700008,133.85333405,0.024632691014816833,Medium Risk
2026-03-02,122.2269897,128.25,131.0,127.9499969,130.0,4633326,-0.013461538461538414,133.67714365714286,134.02666728,0.024392608082494143,Medium Risk
2026-03-03,118.0812836,123.9000015,127.9800034,123.5599976,128.25,9885392,-0.033918116959064326,132.09142958571428,133.99333394666667,0.025752773362289677,Medium Risk
2026-03-04,115.7939911,121.5,124.0,111.0,123.9000015,6593274,-0.01937047192045438,129.53571538571427,133.82000071666667,0.01672145289696806,Low Risk
2026-03-05,120.0826569,126.0,127.0199966,122.5,121.5,6551172,0.03703703703703698,127.88571494285715,133.78666738333334,0.027248230410834105,Medium Risk
2026-03-08,116.1847382,121.9100037,125.1999969,121.5,126.0,2128512,-0.032460288095238043,126.4371436,133.59233424333334,0.02609008315831134,Medium Risk
2026-03-09,117.2235489,123.0,123.1999969,118.0400009,121.9100037,3503813,0.008940991443838309,124.9371436,133.39566778,0.025812835632145297,Medium Risk
2026-03-10,123.4182892,129.5,129.5,123.5999985,123.0,3239515,0.05284552845528445,124.86571502857143,133.34633459,0.03416833109698378,Medium Risk
2026-03-11,119.415535,125.3000031,129.9900055,124.9800034,129.5,5663870,-0.032432408494208476,124.4442869,133.0946678233333,0.03610629427533113,Medium Risk
2026-03-12,116.2705078,122.0,126.5,122.0,125.3000031,3472894,-0.026336815788953416,124.17285811428572,132.69466782333333,0.03511622549001505,Medium Risk
2026-03-15,113.2207947,118.8000031,122.8499985,118.3000031,122.0,2274851,-0.026229482786885305,123.78714427142857,132.27133459333334,0.03578143608516937,Medium Risk
2026-03-16,111.6959305,117.1999969,121.2799988,116.5,118.8000031,5371688,-0.013468065305126231,122.53000097142856,131.86800105333333,0.03124688973888903,Medium Risk
2026-03-17,113.8974533,119.5100021,121.0,117.6999969,117.1999969,3916325,0.019709942500860222,122.1871436,131.41833445666668,0.03118438429874099,Medium Risk
2026-03-18,123.6088943,129.6999969,129.6999969,121.3000031,119.5100021,10023147,0.08526478638560753,123.14428601428573,131.19166768666668,0.045758089875560154,Medium Risk
2026-03-19,123.6088943,129.6999969,129.6999969,129.6999969,129.6999969,0,0.0,123.17285700000001,130.94000091666666,0.04136701316272433,Medium Risk
2026-03-24,118.2718887,124.0999985,127.9899979,124.0999985,129.6999969,9107508,-0.043176549991112645,123.00142777142857,130.5433342,0.04297910133057744,Medium Risk
2026-03-25,120.0826569,126.0,127.5800018,124.3000031,124.0999985,6407219,0.015310245954595958,123.57285634285714,130.2100008666667,0.04168656694399148,Medium Risk
2026-03-26,119.1296234,125.0,126.4000015,125.0,126.0,3349485,-0.007936507936507908,124.45857018571428,129.8233339966667,0.03991300230402745,Medium Risk
2026-03-29,117.7953644,123.5999985,124.6800003,123.1500015,125.0,1420501,-0.011200011999999981,125.37285612857143,129.47666728000002,0.039718816264059736,Medium Risk
2026-03-30,114.164299,119.7900009,124.6999969,119.5,123.5999985,5398338,-0.030825223675063462,125.41285595714285,128.87400080666666,0.04183185391780327,Medium Risk
2026-03-31,115.3174744,121.0,123.5500031,119.6999969,119.7900009,6237239,0.01010100251197188,124.16999925714286,128.14100062333333,0.02115022554936799,Medium Risk
2026-04-01,118.9294815,124.7900009,126.3000031,123.2099991,121.0,7532387,0.03132232148760328,123.46857125714284,127.61566721666667,0.0262393784477862,Medium Risk
2026-04-02,118.1765823,124.0,125.0,122.0999985,124.7900009,2439362,-0.006330642634044481,123.45428575714286,127.02600047,0.020396869767858178,Medium Risk
2026-04-05,120.9403915,126.9000015,127.0,124.3499985,124.0,1779714,0.023387108870967843,123.5828574,126.56466700333334,0.021596332681157012,Medium Risk
2026-04-06,121.7600021,127.7600021,128.5,126.4000015,126.9000015,3126653,0.006776994403739245,123.9771434142857,126.22333374,0.021270533663014624,Medium Risk
2026-04-07,122.0,122.0,123.5,122.0,127.7600021,4575396,-0.04508454919632465,123.7485722,125.79000040666666,0.027936470512879914,Medium Risk
2026-04-08,127.75,127.75,128.1699982,125.4300003,122.0,6673099,0.04713114754098369,124.88571492857143,125.40200042666667,0.029785160707873477,Medium Risk
2026-04-09,129.3999939,129.3999939,130.9799957,126.4000015,127.75,5910781,0.012915803522504987,126.08571405714285,125.13033345333334,0.029811807851257314,Medium Risk
2026-04-14,133.9900055,133.9900055,134.0,130.1199951,129.3999939,4803747,0.035471497808161834,127.40000042857143,125.1950002,0.030342543416525068,Medium Risk
2026-04-15,137.5,137.5,137.5,134.1999969,133.9900055,8957607,0.026195942651856985,129.32857185714286,125.32833353333332,0.029801679458594035,Medium Risk
2026-04-16,140.0,140.0,140.0,138.0,137.5,12285693,0.018181818181818077,131.2000002142857,125.66166686666665,0.029629428624915306,Medium Risk
2026-04-19,142.0,142.0,144.0,142.0,140.0,2203231,0.014285714285714235,133.23428562857143,126.12000019999999,0.029437999084132582,Medium Risk
2026-04-20,139.6999969,139.6999969,141.2799988,137.5,142.0,4313102,-0.016197204929577436,135.7628566142857,126.64666671333335,0.020040202317521794,Medium Risk
2026-04-21,139.0,139.0,139.9799957,138.4299927,139.6999969,2613833,-0.005010715214983641,137.36999947142857,127.23000004666667,0.017704404805542254,Low Risk
2026-04-22,136.2799988,136.2799988,139.5,136.2799988,139.0,2736512,-0.01956835395683465,138.3528573142857,127.57266667333333,0.021380505467363822,Medium Risk
