Date,Close,Open,High,Low,Volume,ChangePercent,Return,MA_7,MA_30,Volatility,Risk_Level
2010-02-15,2.52,2.53,2.53,2.5,179.58,0.0,0.0,2.542857142857143,2.5846666666666667,0.014166339133130926,Low Risk
2010-02-16,2.52,2.53,2.53,2.5,198.76,0.0,0.0,2.5357142857142856,2.5883333333333334,0.008271766310689163,Low Risk
2010-02-17,2.53,2.53,2.59,2.5,283.61,0.4,0.003968253968253954,2.5271428571428567,2.5913333333333335,0.007555213474943066,Low Risk
2010-02-18,2.5,2.53,2.54,2.48,174.18,-1.19,-0.011857707509881354,2.5214285714285714,2.5913333333333335,0.005031680351503102,Low Risk
2010-02-21,2.5,2.48,2.53,2.48,139.94,0.0,0.0,2.517142857142857,2.591666666666667,0.0050322578195617935,Low Risk
2010-02-22,2.54,2.5,2.57,2.5,94.51,1.6,0.016000000000000014,2.5185714285714282,2.5923333333333334,0.008421255300043605,Low Risk
2010-02-23,2.51,2.51,2.52,2.48,255.77,-1.18,-0.011811023622047334,2.5171428571428573,2.5926666666666667,0.00957336867912414,Low Risk
2010-02-24,2.52,2.5,2.53,2.5,24.86,0.4,0.003984063745019917,2.5171428571428573,2.5923333333333334,0.009727228288908442,Low Risk
2010-02-25,2.56,2.55,2.59,2.53,187.08,1.59,0.015873015873015817,2.5228571428571427,2.5936666666666666,0.011419187900161986,Low Risk
2010-02-28,2.56,2.52,2.58,2.52,110.15,0.0,0.0,2.527142857142857,2.594666666666667,0.011421534051456298,Low Risk
2010-03-01,2.62,2.59,2.65,2.56,499.42,2.34,0.0234375,2.544285714285714,2.5966666666666667,0.012182937409242178,Low Risk
2010-03-02,2.62,2.64,2.64,2.61,406.33,0.0,0.0,2.5614285714285714,2.5973333333333333,0.012182937409242178,Low Risk
2010-03-03,2.64,2.61,2.65,2.61,329.32,0.76,0.007633587786259444,2.575714285714286,2.598,0.011520422109404904,Low Risk
2010-03-04,2.59,2.6,2.6,2.57,54.44,-1.89,-0.018939393939394034,2.587142857142857,2.594333333333333,0.013465579692171763,Low Risk
2010-03-07,2.56,2.56,2.61,2.53,158.98,-1.16,-0.01158301158301156,2.5928571428571425,2.5896666666666666,0.014797989199539176,Low Risk
2010-03-08,2.53,2.53,2.59,2.53,103.42,-1.17,-0.011718750000000111,2.5885714285714285,2.585666666666667,0.014259263805678588,Low Risk
2010-03-09,2.54,2.53,2.62,2.52,427.1,0.4,0.0039525691699606735,2.585714285714286,2.5796666666666668,0.014410441922388014,Low Risk
2010-03-10,2.55,2.57,2.57,2.54,610.3,0.39,0.003937007874015741,2.575714285714286,2.574333333333333,0.010145702539586247,Low Risk
2010-03-11,2.54,2.54,2.55,2.53,79.47,-0.39,-0.0039215686274508554,2.564285714285714,2.569666666666667,0.010007141611463537,Low Risk
2010-03-14,2.51,2.53,2.53,2.48,128.73,-1.18,-0.011811023622047334,2.545714285714286,2.565,0.008735477539084586,Low Risk
2010-03-15,2.45,2.5,2.5,2.42,88.06,-2.39,-0.02390438247011939,2.525714285714286,2.5563333333333333,0.009966618188600992,Low Risk
2010-03-16,2.48,2.5,2.51,2.42,63.17,1.22,0.012244897959183598,2.514285714285714,2.55,0.012284377576966817,Low Risk
2010-03-17,2.48,2.53,2.53,2.45,50.34,0.0,0.0,2.507142857142857,2.5436666666666667,0.011923530548153852,Low Risk
2010-03-18,2.61,2.51,2.64,2.51,523.41,5.24,0.05241935483870974,2.5171428571428573,2.5420000000000003,0.024220093849786135,Medium Risk
2010-03-21,2.54,2.59,2.6,2.53,82.08,-2.68,-0.026819923371647403,2.5157142857142856,2.541,0.026903760504580168,Medium Risk
2010-03-22,2.51,2.51,2.54,2.48,36.8,-1.18,-0.011811023622047334,2.5114285714285716,2.538333333333333,0.027245986769026568,Medium Risk
2010-03-23,2.54,2.54,2.61,2.5,1.26,1.2,0.01195219123505975,2.5157142857142856,2.5383333333333336,0.027210548918818744,Medium Risk
2010-03-24,2.51,2.59,2.59,2.46,277.52,-1.18,-0.011811023622047334,2.524285714285714,2.5376666666666665,0.02562881888680182,Medium Risk
2010-03-25,2.57,2.5,2.6,2.49,663.65,2.39,0.0239043824701195,2.537142857142857,2.539,0.026632952882996653,Medium Risk
2010-03-28,2.66,2.6,2.74,2.55,1.22,3.5,0.035019455252918386,2.5628571428571427,2.5436666666666667,0.02866037575481774,Medium Risk
2010-03-29,2.75,2.71,2.76,2.67,873.72,3.38,0.03383458646616533,2.5828571428571427,2.551333333333333,0.02470829202114674,Medium Risk
2010-03-30,2.73,2.73,2.76,2.69,85.98,-0.73,-0.0072727272727273196,2.61,2.558333333333333,0.020971854449437746,Medium Risk
2010-03-31,2.79,2.7,2.96,2.7,1.48,2.2,0.0219780219780219,2.65,2.5669999999999997,0.018738223912171465,Low Risk
2010-04-01,2.97,2.85,3.0,2.85,597.17,6.45,0.06451612903225823,2.7114285714285713,2.5826666666666664,0.02618986309584698,Medium Risk
2010-04-06,3.03,3.0,3.08,2.99,396.64,2.02,0.02020202020202011,2.7857142857142856,2.600333333333333,0.021496791702766194,Medium Risk
2010-04-07,2.98,3.07,3.08,2.94,1.02,-1.65,-0.01650165016501648,2.8442857142857143,2.615,0.027261025355160933,Medium Risk
2010-04-08,3.1,2.98,3.21,2.98,1.04,4.03,0.04026845637583887,2.907142857142857,2.6346666666666665,0.027756713644126366,Medium Risk
2010-04-11,3.21,3.17,3.23,3.17,2.71,3.55,0.03548387096774186,2.972857142857143,2.6576666666666666,0.02787637675523939,Medium Risk
2010-04-12,3.21,3.21,3.21,3.17,676.68,0.0,0.0,3.0414285714285714,2.679333333333333,0.02668455603361621,Medium Risk
2010-04-13,3.15,3.1,3.17,3.1,349.73,-1.87,-0.01869158878504673,3.0928571428571425,2.699,0.031173522343175716,Medium Risk
2010-04-14,3.15,3.16,3.17,3.13,196.38,0.0,0.0,3.1185714285714288,2.716666666666667,0.023745312527159234,Medium Risk
2010-04-15,3.11,3.11,3.12,3.1,151.99,-1.27,-0.012698412698412764,3.13,2.733,0.024333430822933766,Medium Risk
2010-04-18,3.05,3.1,3.1,3.02,359.08,-1.93,-0.019292604501607746,3.1399999999999997,2.746666666666667,0.024744356340199065,Medium Risk
2010-04-19,3.06,3.01,3.12,3.01,337.44,0.33,0.003278688524590345,3.1342857142857143,2.7623333333333333,0.01885199567966412,Low Risk
2010-04-20,2.9,2.96,2.96,2.87,230.2,-5.23,-0.05228758169934644,3.09,2.7736666666666663,0.019182457473210585,Low Risk
2010-04-21,2.81,2.89,2.89,2.79,114.94,-3.1,-0.03103448275862064,3.032857142857143,2.783,0.018926981770013597,Low Risk
2010-04-22,2.76,2.77,2.82,2.73,139.79,-1.78,-0.017793594306049876,2.9771428571428573,2.7903333333333338,0.018929894730821354,Low Risk
2010-04-26,2.87,2.76,2.93,2.76,296.89,3.99,0.03985507246376829,2.937142857142857,2.8009999999999997,0.028838419690720266,Medium Risk
2010-04-27,2.97,2.88,3.01,2.81,378.3,3.48,0.03484320557491283,2.917142857142857,2.8153333333333332,0.034014630055439705,Medium Risk
2010-04-28,2.97,2.9,2.98,2.9,99.26,0.0,0.0,2.9057142857142857,2.8306666666666667,0.03354221795057679,Medium Risk
2010-04-29,2.96,2.98,2.98,2.87,218.87,-0.34,-0.0033670033670034627,2.891428571428571,2.8476666666666666,0.03341861974062393,Medium Risk
2010-05-02,2.84,2.85,2.87,2.81,67.26,-4.05,-0.04054054054054057,2.882857142857143,2.859666666666667,0.030796701853640647,Medium Risk
2010-05-03,2.9,2.92,2.92,2.85,11.43,2.11,0.021126760563380254,2.8957142857142855,2.8736666666666664,0.029022839486316298,Medium Risk
2010-05-04,2.89,2.89,2.89,2.84,365.55,-0.34,-0.0034482758620688614,2.9142857142857146,2.883,0.027628394882016592,Medium Risk
2010-05-05,2.81,2.81,2.82,2.78,31.38,-2.77,-0.02768166089965396,2.9057142857142857,2.892,0.025953443878788698,Medium Risk
2010-05-06,2.81,2.81,2.82,2.79,415.16,0.0,0.0,2.882857142857143,2.902,0.020265660616880517,Medium Risk
2010-05-09,2.75,2.76,2.76,2.69,480.64,-2.14,-0.02135231316725983,2.851428571428571,2.909,0.020518612060894337,Medium Risk
2010-05-10,2.76,2.73,2.8,2.73,10.85,0.36,0.0036363636363636598,2.822857142857143,2.9173333333333336,0.021101180094510393,Medium Risk
2010-05-11,2.74,2.74,2.75,2.73,12.26,-0.72,-0.007246376811594013,2.8085714285714287,2.923,0.01618386113824496,Low Risk
2010-05-12,2.67,2.74,2.74,2.66,111.5,-2.55,-0.025547445255474588,2.775714285714286,2.9233333333333333,0.012912154843490401,Low Risk
2010-05-13,2.7,2.75,2.76,2.64,11.25,1.12,0.011235955056179803,2.748571428571428,2.921666666666667,0.015418677427967662,Low Risk
2010-05-16,2.55,2.59,2.59,2.53,76.28,-5.56,-0.05555555555555569,2.7114285714285713,2.9156666666666666,0.02273885898834667,Medium Risk
2010-05-17,2.55,2.53,2.61,2.53,30.49,0.0,0.0,2.674285714285715,2.9076666666666666,0.02273885898834667,Medium Risk
2010-05-18,2.62,2.57,2.7,2.57,51.45,2.75,0.027450980392156987,2.6557142857142857,2.8960000000000004,0.02702467786466839,Medium Risk
2010-05-19,2.6,2.62,2.62,2.56,229.69,-0.76,-0.007633587786259555,2.632857142857143,2.881666666666667,0.02664801408005052,Medium Risk
2010-05-20,2.56,2.57,2.58,2.56,11.55,-1.54,-0.015384615384615441,2.607142857142857,2.8676666666666666,0.026777445169315493,Medium Risk
2010-05-23,2.53,2.53,2.56,2.53,107.2,-1.17,-0.011718750000000111,2.587142857142857,2.848666666666667,0.02587811827722821,Medium Risk
2010-05-24,2.55,2.56,2.57,2.53,108.5,0.79,0.007905138339920903,2.565714285714286,2.8266666666666667,0.02550689643659403,Medium Risk
2010-05-25,2.46,2.53,2.53,2.3,573.94,-3.53,-0.03529411764705881,2.5528571428571425,2.801666666666667,0.019673352608457085,Low Risk
2010-05-26,2.44,2.43,2.52,2.41,531.52,-0.81,-0.008130081300813052,2.5371428571428574,2.778,0.019571895966634542,Low Risk
2010-05-27,2.5,2.5,2.5,2.46,93.63,2.46,0.024590163934426146,2.52,2.756333333333333,0.01876751410502066,Low Risk
2010-05-30,2.52,2.53,2.55,2.51,30.68,0.8,0.008000000000000007,2.5085714285714285,2.7366666666666664,0.019528217702608014,Low Risk
2010-05-31,2.54,2.52,2.57,2.52,11.5,0.79,0.007936507936507908,2.505714285714286,2.719666666666667,0.019308130408085246,Low Risk
2010-06-01,2.53,2.53,2.53,2.52,515.68,-0.39,-0.003937007874015852,2.505714285714286,2.7019999999999995,0.018802769230906388,Low Risk
2010-06-02,2.53,2.53,2.57,2.53,55.51,0.0,0.0,2.5028571428571427,2.6896666666666667,0.01849443309416949,Low Risk
2010-06-03,2.57,2.53,2.59,2.53,39.05,1.58,0.015810276679841806,2.5185714285714282,2.6816666666666666,0.011425505622060201,Low Risk
2010-06-06,2.53,2.53,2.53,2.51,11.52,-1.56,-0.015564202334630406,2.531428571428571,2.674,0.013200598419582297,Low Risk
2010-06-07,2.53,2.53,2.58,2.53,1.17,0.0,0.0,2.5357142857142856,2.662666666666667,0.010110023236107808,Low Risk
2010-06-08,2.53,2.54,2.54,2.53,21.76,0.0,0.0,2.537142857142857,2.648,0.009730728357677434,Low Risk
2010-06-09,2.53,2.53,2.53,2.53,46.17,0.0,0.0,2.5357142857142856,2.633333333333333,0.009181168521608898,Low Risk
2010-06-10,2.56,2.53,2.58,2.53,37.16,1.19,0.011857707509881577,2.54,2.6199999999999997,0.010098561610893966,Low Risk
2010-06-13,2.58,2.54,2.62,2.54,25.26,0.78,0.0078125,2.5471428571428567,2.611333333333333,0.010305210313688837,Low Risk
2010-06-14,2.58,2.55,2.62,2.55,79.3,0.0,0.0,2.5485714285714285,2.600666666666667,0.008577842673580492,Low Risk
2010-06-15,2.59,2.59,2.61,2.58,19.68,0.39,0.003875968992248069,2.557142857142857,2.5906666666666665,0.004786444666754631,Low Risk
2010-06-16,2.64,2.61,2.66,2.61,70.72,1.93,0.01930501930501949,2.5728571428571425,2.585,0.0073827437881618715,Low Risk
2010-06-17,2.71,2.64,2.78,2.64,546.26,2.65,0.02651515151515138,2.5985714285714288,2.5816666666666666,0.010041715023452396,Low Risk
2010-06-20,2.74,2.71,2.76,2.7,40.6,1.11,0.011070110701107083,2.628571428571429,2.5813333333333333,0.009043034051193131,Low Risk
2010-06-21,2.76,2.76,2.77,2.71,20.07,0.73,0.007299270072992581,2.6571428571428575,2.5813333333333333,0.009175381279773258,Low Risk
2010-06-22,2.75,2.76,2.76,2.64,38.75,-0.36,-0.0036231884057970065,2.681428571428572,2.5816666666666666,0.010696223527468487,Low Risk
2010-06-23,0.0,11.55,11.59,11.55,0.06,-100.0,-1.0,2.312857142857143,2.4926666666666666,0.3821521091655634,High Risk
2010-07-06,2.52,2.41,2.58,2.41,1.01,2.02,0.020242914979756943,2.59,2.4979999999999998,0.02193668979622013,Medium Risk
2010-07-07,2.44,2.52,2.53,2.41,427.46,-3.17,-0.031746031746031744,2.552857142857143,2.4973333333333327,0.022576295344256533,Medium Risk
2010-07-08,2.44,2.42,2.46,2.42,17.45,0.0,0.0,2.5214285714285714,2.4973333333333327,0.02318847827344666,Medium Risk
2010-07-11,2.49,2.44,2.5,2.44,31.85,2.05,0.020491803278688714,2.501428571428572,2.497,0.026263633222927553,Medium Risk
2010-07-13,2.51,2.5,2.53,2.43,113.27,0.8,0.008032128514056103,2.4828571428571427,2.4966666666666666,0.026612917867858615,Medium Risk
2010-07-14,2.53,2.53,2.55,2.53,391.27,0.8,0.007968127490039834,2.4857142857142853,2.496333333333333,0.01918229739320435,Low Risk
2010-07-15,2.53,2.46,2.55,2.46,23.63,0.0,0.0,2.494285714285714,2.4963333333333333,0.017683794533160845,Low Risk
2010-07-18,2.45,2.45,2.45,2.45,1.31,-3.16,-0.03162055335968361,2.4842857142857144,2.493666666666667,0.020217207644181927,Medium Risk
2010-07-19,2.49,2.45,2.52,2.45,11.67,1.63,0.01632653061224487,2.491428571428571,2.4909999999999997,0.017078940836260027,Low Risk
2010-07-20,2.48,2.49,2.49,2.48,15.86,-0.4,-0.004016064257028162,2.4971428571428573,2.489333333333333,0.01726407447225706,Low Risk
2010-07-21,2.46,2.44,2.51,2.44,13.72,-0.81,-0.008064516129032251,2.492857142857143,2.487,0.01558366709116442,Low Risk
2010-07-22,2.53,2.51,2.57,2.51,18.84,2.85,0.028455284552845406,2.4957142857142856,2.4870000000000005,0.01918800487401992,Low Risk
2010-07-25,2.52,2.49,2.54,2.49,18.3,-0.4,-0.0039525691699603405,2.494285714285714,2.486666666666667,0.019025106056117836,Low Risk
2010-07-26,2.54,2.48,2.57,2.48,50.08,0.79,0.007936507936507908,2.4957142857142856,2.4859999999999998,0.019288295370115782,Low Risk
2010-07-27,2.56,2.53,2.58,2.53,18.82,0.79,0.007874015748031482,2.511428571428571,2.4853333333333336,0.01300249457721395,Low Risk
2010-07-28,2.58,2.58,2.59,2.56,49.22,0.78,0.0078125,2.524285714285714,2.4853333333333327,0.01229435517658899,Low Risk
2010-07-29,2.64,2.62,2.66,2.62,261.39,2.33,0.023255813953488413,2.5471428571428567,2.487,0.013194050051512946,Low Risk
2010-08-01,2.67,2.63,2.69,2.62,201.65,1.14,0.011363636363636243,2.577142857142857,2.488,0.010825934090949443,Low Risk
2010-08-02,2.66,2.64,2.72,2.64,277.0,-0.37,-0.0037453183520598232,2.595714285714286,2.486333333333333,0.009315522291235513,Low Risk
2010-08-03,2.67,2.55,2.73,2.55,574.16,0.38,0.003759398496240518,2.617142857142857,2.484,0.008157989325369217,Low Risk
2010-08-04,2.71,2.67,2.73,2.67,135.47,1.5,0.014981273408239737,2.641428571428572,2.4823333333333335,0.008528570601322656,Low Risk
2010-08-05,2.76,2.71,2.79,2.71,426.62,1.85,0.01845018450184499,2.6699999999999995,2.4826666666666664,0.009142609667536135,Low Risk
2010-08-08,2.75,2.73,2.78,2.71,73.34,-0.36,-0.0036231884057970065,2.6942857142857144,2.574333333333333,0.010668111258888622,Low Risk
2010-08-09,2.77,2.78,2.78,2.76,17.07,0.73,0.0072727272727273196,2.712857142857143,2.577,0.008686165182056133,Low Risk
2010-08-10,2.75,2.77,2.77,2.73,69.39,-0.72,-0.0072202166064981865,2.724285714285714,2.5786666666666664,0.009862884060258122,Low Risk
2010-08-11,2.75,2.76,2.77,2.73,67.16,0.0,0.0,2.737142857142857,2.5816666666666666,0.00944862202317405,Low Risk
2010-08-12,2.73,2.74,2.74,2.73,17.68,-0.73,-0.0072727272727273196,2.7457142857142856,2.585,0.010511925105878235,Low Risk
2010-08-15,2.72,2.7,2.73,2.7,2.4,-0.37,-0.003663003663003539,2.7471428571428573,2.5876666666666663,0.009333176846973979,Low Risk
2010-08-16,2.71,2.69,2.73,2.69,9.56,-0.37,-0.003676470588235392,2.7399999999999998,2.594333333333333,0.005012437261655811,Low Risk
2010-08-17,2.71,2.71,2.73,2.69,37.37,0.0,0.0,2.734285714285714,2.602333333333333,0.005075548733077719,Low Risk
2010-08-18,2.75,2.7,2.76,2.7,6.32,1.48,0.014760147601476037,2.731428571428571,2.61,0.007557278959848123,Low Risk
2010-08-19,2.72,2.7,2.76,2.7,48.91,-1.09,-0.010909090909090868,2.7271428571428573,2.619333333333333,0.008166533726285974,Low Risk
2010-08-23,2.76,2.76,2.8,2.76,191.02,1.47,0.014705882352941124,2.728571428571428,2.6300000000000003,0.010252941023748394,Low Risk
2010-08-24,2.77,2.71,2.8,2.7,24.01,0.36,0.0036231884057971175,2.734285714285714,2.639333333333333,0.009675838928962666,Low Risk
2010-08-25,2.76,2.76,2.78,2.75,39.44,-0.36,-0.0036101083032491488,2.7399999999999998,2.647666666666667,0.00967058903843262,Low Risk
2010-08-26,2.79,2.76,2.84,2.76,123.48,1.09,0.010869565217391353,2.7514285714285713,2.656333333333334,0.009777766353182669,Low Risk
2010-08-29,2.77,2.77,2.79,2.76,12.5,-0.72,-0.007168458781361964,2.7600000000000002,2.6643333333333334,0.010629912562846826,Low Risk
2010-08-30,2.81,2.78,2.86,2.76,56.9,1.44,0.014440433212996373,2.768571428571429,2.6763333333333335,0.01057240273899712,Low Risk
2010-08-31,2.83,2.76,2.89,2.76,247.01,0.71,0.007117437722419906,2.7842857142857143,2.687666666666667,0.008590908475056978,Low Risk
2010-09-01,2.88,2.85,2.92,2.85,100.73,1.77,0.0176678445229681,2.801428571428571,2.701,0.009161753475581418,Low Risk
2010-09-02,2.96,2.87,3.01,2.87,213.46,2.78,0.0277777777777779,2.8285714285714287,2.7176666666666667,0.012127194001963913,Low Risk
2010-09-05,2.98,2.87,2.98,2.87,281.87,0.68,0.006756756756756799,2.86,2.7326666666666664,0.01080855727430305,Low Risk
2010-09-06,2.92,2.91,2.92,2.91,27.29,-2.01,-0.020134228187919434,2.8785714285714286,2.746,0.01600541626290575,Low Risk
2010-09-08,2.96,2.92,2.98,2.92,125.26,1.37,0.013698630136986356,2.9057142857142857,2.7600000000000002,0.014911514212615995,Low Risk
2010-09-14,2.98,2.98,2.98,2.94,12.98,0.68,0.006756756756756799,2.9299999999999997,2.774,0.014779565294531142,Low Risk
2010-09-15,2.97,2.98,2.98,2.92,118.18,-0.34,-0.003355704697986517,2.9499999999999997,2.787,0.015459688825925098,Low Risk
2010-09-16,2.92,2.98,2.98,2.89,102.86,-1.68,-0.01683501683501687,2.955714285714286,2.7963333333333336,0.016930778500343066,Low Risk
2010-09-19,2.86,2.83,2.87,2.83,124.37,-2.05,-0.020547945205479423,2.9414285714285713,2.8026666666666666,0.014372311311579625,Low Risk
2010-09-20,2.87,2.87,2.87,2.87,546.97,0.35,0.0034965034965035446,2.9257142857142857,2.8096666666666668,0.013982598016879703,Low Risk
2010-09-21,2.91,2.87,2.92,2.85,377.93,1.39,0.013937282229965264,2.924285714285715,2.8176666666666668,0.013877537335169901,Low Risk
2010-09-22,2.9,2.87,2.98,2.87,1.26,-0.34,-0.003436426116838587,2.915714285714286,2.824,0.01240818378701701,Low Risk
2010-09-23,2.93,2.98,2.98,2.91,19.12,1.03,0.010344827586207028,2.9085714285714284,2.8296666666666668,0.012934373389475382,Low Risk
2010-09-26,2.94,2.91,2.94,2.91,8.05,0.34,0.0034129692832762792,2.9042857142857144,2.8360000000000003,0.013097964007283167,Low Risk
2010-09-27,2.88,2.91,2.94,2.87,125.63,-2.04,-0.020408163265306145,2.8985714285714286,2.8396666666666666,0.013848961303971306,Low Risk
2010-09-28,2.88,2.88,2.89,2.87,21.74,0.0,0.0,2.9014285714285717,2.844,0.011148453966469515,Low Risk
2010-09-29,2.9,2.9,2.95,2.89,596.07,0.69,0.00694444444444442,2.9057142857142857,2.8489999999999998,0.011348949180114198,Low Risk
2010-09-30,2.98,2.94,3.0,2.94,413.98,2.76,0.02758620689655178,2.915714285714286,2.8573333333333335,0.014553536952450789,Low Risk
2010-10-03,2.98,2.98,2.98,2.94,12.19,0.0,0.0,2.9271428571428575,2.866,0.01433722856537748,Low Risk
2010-10-04,3.01,2.93,3.03,2.92,261.97,1.01,0.010067114093959662,2.9385714285714286,2.876,0.014317060086504296,Low Risk
2010-10-05,2.99,2.94,3.03,2.94,75.28,-0.66,-0.006644518272425071,2.9457142857142857,2.8853333333333335,0.01487300657145064,Low Risk
2010-10-07,3.08,3.07,3.11,3.03,103.38,3.01,0.030100334448160515,2.974285714285714,2.896333333333333,0.014137054206720024,Low Risk
2010-10-10,3.0,2.98,3.01,2.98,23.95,-2.6,-0.025974025974025983,2.991428571428571,2.905666666666667,0.019504038540039504,Low Risk
2010-10-11,3.05,3.01,3.09,3.01,152.44,1.67,0.016666666666666607,3.012857142857143,2.9153333333333333,0.019923214451144814,Low Risk
2010-10-12,3.08,3.04,3.1,3.04,58.8,0.98,0.009836065573770592,3.0271428571428567,2.925666666666667,0.01795855266106107,Low Risk
2010-10-13,3.11,3.1,3.14,3.1,65.22,0.97,0.009740259740259605,3.045714285714286,2.9373333333333336,0.01789605979812948,Low Risk
2010-10-14,3.13,3.1,3.15,3.1,82.8,0.64,0.006430868167202508,3.062857142857143,2.9486666666666665,0.017819608677379493,Low Risk
2010-10-17,3.21,3.13,3.27,3.13,419.64,2.56,0.025559105431310014,3.094285714285714,2.963333333333333,0.018242450812096637,Low Risk
2010-10-18,3.21,3.21,3.21,3.17,93.21,0.0,0.0,3.1128571428571425,2.9766666666666666,0.016245798076710633,Low Risk
2010-10-19,3.21,3.2,3.21,3.19,311.65,0.0,0.0,3.142857142857143,2.989333333333333,0.00911881926879795,Low Risk
2010-10-20,3.16,3.16,3.16,3.16,16.97,-1.56,-0.015576323987538832,3.1585714285714284,2.998666666666667,0.012542108369631336,Low Risk
2010-10-21,3.16,3.16,3.17,3.15,108.45,0.0,0.0,3.1700000000000004,3.005333333333333,0.012479318393592433,Low Risk
2010-10-24,3.21,3.2,3.24,3.18,471.42,1.58,0.015822784810126445,3.184285714285714,3.013,0.013160236431720625,Low Risk
2010-10-25,3.23,3.21,3.27,3.21,81.88,0.62,0.006230529595015577,3.198571428571429,3.0233333333333334,0.013155821512354617,Low Risk
2010-10-26,3.26,3.21,3.29,3.21,324.11,0.93,0.009287925696594312,3.2057142857142855,3.033333333333333,0.00985361859584093,Low Risk
2010-10-27,3.26,3.23,3.29,3.23,86.24,0.0,0.0,3.212857142857143,3.042666666666667,0.00985361859584093,Low Risk
2010-10-28,3.23,3.29,3.29,3.18,138.17,-0.92,-0.009202453987730008,3.2157142857142853,3.0513333333333335,0.010774973608250823,Low Risk
2010-10-31,3.21,3.2,3.21,3.2,4.59,-0.62,-0.006191950464396245,3.222857142857143,3.061,0.00877631468364065,Low Risk
2010-11-01,3.21,3.26,3.26,3.19,264.07,0.0,0.0,3.23,3.072666666666667,0.00877631468364065,Low Risk
2010-11-03,3.21,3.17,3.21,3.17,15.24,0.0,0.0,3.23,3.084,0.006430503795149144,Low Risk
2010-11-04,3.3,3.17,3.42,3.17,682.83,2.8,0.028037383177569986,3.2399999999999998,3.097,0.01242763456328447,Low Risk
2010-11-07,3.36,3.33,3.39,3.31,43.65,1.82,0.0181818181818183,3.2542857142857144,3.112333333333333,0.013564417158921371,Low Risk
2010-11-08,3.36,3.34,3.36,3.25,425.21,0.0,0.0,3.2685714285714282,3.1266666666666665,0.013564417158921371,Low Risk
2010-11-09,3.25,3.24,3.25,3.24,13.02,-3.27,-0.03273809523809523,3.2714285714285714,3.1369999999999996,0.0192319449634937,Low Risk
2010-11-10,3.28,3.25,3.28,3.25,44.13,0.92,0.009230769230769154,3.281428571428571,3.150333333333333,0.0191484266143162,Low Risk
2010-11-11,3.38,3.28,3.39,3.28,512.63,3.05,0.030487804878048808,3.3057142857142856,3.1670000000000003,0.021598049506928698,Medium Risk
2010-11-14,3.32,3.38,3.38,3.31,81.74,-1.78,-0.017751479289940808,3.3214285714285716,3.1809999999999996,0.02358945352054649,Medium Risk
2010-11-18,3.36,3.38,3.38,3.35,1.04,1.2,0.012048192771084265,3.3300000000000005,3.1936666666666667,0.021691993171107034,Medium Risk
2010-11-21,3.37,3.39,3.39,3.36,81.45,0.3,0.0029761904761904656,3.331428571428571,3.2066666666666666,0.020627826820324182,Medium Risk
2010-11-22,3.44,3.42,3.54,3.38,612.79,2.08,0.020771513353115667,3.3428571428571425,3.2209999999999996,0.021975820184750344,Medium Risk
2010-11-23,3.47,3.39,3.51,3.39,573.19,0.87,0.008720930232558155,3.374285714285714,3.237,0.015054959678010876,Low Risk
2010-11-24,3.44,3.4,3.47,3.4,59.69,-0.86,-0.008645533141210415,3.3971428571428572,3.249,0.016549747691325493,Low Risk
2010-11-25,3.46,3.44,3.51,3.4,85.73,0.58,0.005813953488372103,3.4085714285714284,3.2643333333333335,0.012931596881438464,Low Risk
2010-11-28,3.43,3.51,3.51,3.39,26.18,-0.87,-0.00867052023121384,3.424285714285714,3.277,0.010720245300332198,Low Risk
2010-11-29,3.47,3.48,3.49,3.44,117.81,1.17,0.011661807580174877,3.44,3.2899999999999996,0.010677110418263564,Low Risk
2010-11-30,3.44,3.42,3.47,3.42,148.75,-0.86,-0.008645533141210415,3.45,3.3009999999999997,0.011824683891986775,Low Risk
2010-12-01,3.38,3.5,3.5,3.36,43.78,-1.74,-0.01744186046511631,3.4414285714285713,3.3093333333333335,0.011048719959691701,Low Risk
2010-12-02,3.37,3.37,3.37,3.37,0.65,-0.3,-0.002958579881656709,3.4271428571428575,3.3146666666666667,0.009901494620847388,Low Risk
2010-12-05,3.44,3.44,3.44,3.44,66.87,2.08,0.020771513353115667,3.4271428571428575,3.3223333333333334,0.013317345750797823,Low Risk
2010-12-06,3.46,3.44,3.49,3.44,71.08,0.58,0.005813953488372103,3.427142857142857,3.3306666666666667,0.013317345750797823,Low Risk
2010-12-08,3.54,3.45,3.61,3.45,327.31,2.31,0.023121387283236983,3.442857142857143,3.3433333333333333,0.015134509026505049,Low Risk
2010-12-09,3.67,3.54,3.7,3.54,672.41,3.67,0.03672316384180796,3.4714285714285715,3.3603333333333336,0.019432557317884146,Low Risk
2010-12-12,3.6,3.58,3.73,3.56,167.44,-1.91,-0.019073569482288777,3.494285714285714,3.3733333333333335,0.021253387657897884,Medium Risk
2010-12-13,3.66,3.67,3.69,3.61,166.81,1.67,0.016666666666666607,3.5342857142857147,3.3876666666666666,0.018529253089428273,Low Risk
2010-12-14,3.68,3.69,3.7,3.67,191.96,0.55,0.005464480874316946,3.5785714285714287,3.4016666666666664,0.017681828022012337,Low Risk
2010-12-15,3.64,3.63,3.66,3.61,26.57,-1.09,-0.010869565217391353,3.607142857142857,3.4143333333333334,0.019272375863859763,Low Risk
2010-12-16,3.67,3.64,3.69,3.58,49.65,0.82,0.008241758241758212,3.6371428571428575,3.4290000000000003,0.019242763098938322,Low Risk
2010-12-19,3.66,3.58,3.69,3.58,60.46,-0.27,-0.0027247956403269047,3.6542857142857144,3.4440000000000004,0.018458063151854585,Low Risk
2010-12-20,3.6,3.6,3.6,3.6,0.51,-1.64,-0.016393442622950838,3.6442857142857146,3.457,0.013439920423656871,Low Risk
2010-12-21,3.66,3.62,3.67,3.62,96.03,1.67,0.016666666666666607,3.652857142857143,3.472,0.012949401914130569,Low Risk
2010-12-22,3.64,3.65,3.65,3.62,31.86,-0.55,-0.005464480874316946,3.65,3.4833333333333334,0.011518511570546328,Low Risk
2010-12-23,3.6,3.63,3.63,3.59,238.58,-1.1,-0.01098901098901095,3.6385714285714283,3.491333333333334,0.011721791698487662,Low Risk
2010-12-26,3.61,3.63,3.63,3.56,36.84,0.28,0.002777777777777768,3.634285714285714,3.499666666666667,0.011338178238136688,Low Risk
2010-12-27,3.56,3.58,3.58,3.56,23.58,-1.39,-0.013850415512465353,3.6185714285714288,3.5100000000000002,0.011370545692683842,Low Risk
2010-12-28,3.53,3.54,3.54,3.52,17.67,-0.84,-0.008426966292134908,3.6,3.5183333333333335,0.0114443634014036,Low Risk
2010-12-29,3.49,3.5,3.58,3.46,34.66,-1.13,-0.011331444759206666,3.584285714285714,3.522,0.01075050481285713,Low Risk
2010-12-30,3.62,3.59,3.67,3.57,206.84,3.72,0.0372492836676217,3.5785714285714287,3.5320000000000005,0.01790114932001624,Low Risk
2011-01-02,3.6,3.58,3.61,3.58,7.39,-0.55,-0.0055248618784530246,3.5728571428571425,3.54,0.017903429760706337,Low Risk
2011-01-03,3.64,3.59,3.67,3.58,24.29,1.11,0.011111111111111072,3.5785714285714287,3.549,0.017887932047289886,Low Risk
2011-01-04,3.69,3.67,3.77,3.67,192.29,1.37,0.013736263736263687,3.5900000000000003,3.5573333333333332,0.018466618939015328,Low Risk
2011-01-05,3.72,3.77,3.79,3.68,307.56,0.81,0.008130081300813163,3.6128571428571425,3.5656666666666665,0.01686776645324129,Low Risk
2011-01-06,3.72,3.72,3.72,3.72,4.33,0.0,0.0,3.6400000000000006,3.575,0.015904716765921232,Low Risk
2011-01-10,3.69,3.7,3.73,3.67,131.1,-0.81,-0.008064516129032362,3.6685714285714286,3.582666666666667,0.015291903002540908,Low Risk
2011-01-11,3.74,3.73,3.78,3.73,8.93,1.36,0.013550135501354976,3.685714285714286,3.5930000000000004,0.009150748857723212,Low Risk
2011-01-12,3.77,3.69,3.79,3.69,861.78,0.8,0.008021390374331583,3.7100000000000004,3.603,0.007984764029268617,Low Risk
2011-01-13,3.78,3.77,3.79,3.72,258.6,0.27,0.0026525198938991412,3.73,3.6143333333333336,0.007834087760289755,Low Risk
2011-01-16,3.68,3.74,3.77,3.66,160.78,-2.65,-0.026455026455026398,3.7285714285714286,3.6243333333333334,0.013449398647636928,Low Risk
2011-01-17,3.64,3.73,3.74,3.59,420.51,-1.09,-0.010869565217391353,3.717142857142857,3.6333333333333337,0.01337935453210656,Low Risk
2011-01-18,3.62,3.6,3.65,3.45,389.53,-0.55,-0.005494505494505475,3.7028571428571424,3.639333333333333,0.013333500422536912,Low Risk
2011-01-19,3.39,3.46,3.54,3.35,91.03,-6.35,-0.06353591160220995,3.66,3.637,0.026382949383982203,Medium Risk
2011-01-23,3.45,3.42,3.51,3.42,13.5,1.77,0.017699115044247815,3.6185714285714283,3.634,0.027082938581335474,Medium Risk
2011-01-24,3.46,3.42,3.63,3.42,29.98,0.29,0.0028985507246375164,3.5742857142857143,3.6270000000000002,0.026542680805357512,Medium Risk
2011-01-26,3.33,3.35,3.4,3.21,327.57,-3.76,-0.037572254335260125,3.5100000000000002,3.6180000000000003,0.02721968609428291,Medium Risk
2011-01-27,3.02,2.98,3.1,2.96,100.06,-9.31,-0.0930930930930931,3.4157142857142864,3.5966666666666667,0.03964303223070503,Medium Risk
2011-03-23,2.72,2.72,2.72,2.72,50.78,-9.93,-0.09933774834437081,3.2842857142857147,3.5646666666666667,0.04700962874481217,Medium Risk
2011-03-24,2.45,2.45,2.53,2.45,1.47,-9.93,-0.09926470588235292,3.117142857142857,3.525,0.04893344436337898,Medium Risk
2011-03-27,2.51,2.21,2.7,2.21,401.58,2.45,0.024489795918367196,2.9914285714285715,3.486333333333333,0.05654490114160648,High Risk
2011-03-28,2.58,2.7,2.7,2.51,292.53,2.79,0.02788844621513964,2.867142857142857,3.4503333333333335,0.05839655598334588,High Risk
2011-03-29,2.62,2.55,2.66,2.55,145.17,1.55,0.015503875968992276,2.7471428571428573,3.417666666666667,0.06007911507846821,High Risk
2011-03-30,2.55,2.59,2.64,2.53,263.81,-2.67,-0.026717557251908497,2.6357142857142857,3.380666666666667,0.060212081182629586,High Risk
2011-03-31,2.62,2.55,2.64,2.55,14.59,2.75,0.027450980392156987,2.5785714285714287,3.3466666666666667,0.05829942870922595,High Risk
2011-04-03,2.75,2.68,2.8,2.68,183.47,4.96,0.04961832061068705,2.5828571428571427,3.3183333333333334,0.050578858141106936,High Risk
2011-04-04,2.76,2.78,2.78,2.73,560.33,0.36,0.0036363636363636598,2.6271428571428572,3.29,0.023939876864199263,Medium Risk
2011-04-05,2.81,2.76,2.83,2.76,75.65,1.81,0.018115942028985588,2.6699999999999995,3.265,0.02374614973695724,Medium Risk
2011-04-06,2.82,2.84,2.84,2.8,253.05,0.36,0.003558718861209842,2.704285714285714,3.241333333333333,0.02358131449091913,Medium Risk
2011-04-07,2.81,2.84,2.84,2.8,157.58,-0.35,-0.0035460992907800915,2.7314285714285718,3.2186666666666666,0.02433460603616153,Medium Risk
2011-04-10,2.83,2.83,2.87,2.81,124.02,0.71,0.007117437722419906,2.7714285714285714,3.192333333333333,0.018390044776136063,Low Risk
2011-04-11,2.78,2.82,2.82,2.76,675.02,-1.77,-0.017667844522968323,2.7942857142857145,3.165,0.02106646680739421,Medium Risk
2011-04-12,2.77,2.76,2.8,2.76,155.55,-0.36,-0.003597122302158251,2.7971428571428576,3.136,0.011061272445033087,Low Risk
2011-04-13,2.87,2.81,2.91,2.81,673.31,3.61,0.036101083032491044,2.812857142857143,3.1086666666666667,0.0173347143783034,Low Risk
2011-04-14,2.89,2.87,2.92,2.87,245.81,0.7,0.006968641114982521,2.8242857142857147,3.0810000000000004,0.016498666800736465,Low Risk
2011-04-17,2.84,2.89,2.89,2.81,145.51,-1.73,-0.01730103806228378,2.827142857142857,3.051666666666667,0.018394680433975946,Low Risk
2011-04-18,2.77,2.84,2.87,2.74,625.53,-2.46,-0.02464788732394363,2.8214285714285716,3.021,0.020857461167050916,Medium Risk
2011-04-19,2.5,2.5,2.53,2.5,364.44,-9.75,-0.09747292418772568,2.7742857142857145,2.9796666666666667,0.04104571242313491,Medium Risk
2011-04-20,2.46,2.38,2.5,2.38,18.69,-1.6,-0.016000000000000014,2.728571428571428,2.936,0.0410446924182665,Medium Risk
2011-04-21,2.46,2.42,2.48,2.42,161.06,0.0,0.0,2.684285714285714,2.8920000000000003,0.041256069544462814,Medium Risk
2011-04-26,2.44,2.43,2.45,2.43,7.43,-0.81,-0.008130081300813052,2.6228571428571428,2.8506666666666667,0.0348230223366058,Medium Risk
2011-04-27,2.49,2.46,2.5,2.46,78.72,2.05,0.020491803278688714,2.565714285714286,2.812333333333333,0.03702720749282212,Medium Risk
2011-04-28,2.48,2.49,2.49,2.46,63.9,-0.4,-0.004016064257028162,2.5142857142857147,2.7743333333333333,0.037551495285380966,Medium Risk
2011-05-02,2.54,2.46,2.59,2.46,219.52,2.42,0.024193548387096753,2.4814285714285718,2.7460000000000004,0.04063801040910562,Medium Risk
2011-05-03,2.62,2.6,2.67,2.53,159.92,3.15,0.03149606299212593,2.4985714285714287,2.7183333333333333,0.018284073387742277,Low Risk
2011-05-04,2.63,2.59,2.67,2.58,159.56,0.38,0.003816793893129722,2.5228571428571427,2.690666666666667,0.015472224191135541,Low Risk
2011-05-05,2.66,2.66,2.68,2.61,555.2,1.14,0.011406844106463865,2.551428571428571,2.6683333333333334,0.014870159512351072,Low Risk
2011-05-08,2.56,2.59,2.6,2.42,396.98,-3.76,-0.03759398496240607,2.5685714285714285,2.653,0.02315579091191326,Medium Risk
2011-05-09,2.59,2.59,2.66,2.58,227.82,1.17,0.01171875,2.582857142857143,2.6486666666666663,0.02254025768218526,Medium Risk
2011-05-10,2.53,2.58,2.58,2.51,781.47,-2.32,-0.02316602316602323,2.59,2.651333333333333,0.024969897344239433,Medium Risk
2011-05-11,2.62,2.59,2.64,2.56,340.37,3.56,0.035573122529644285,2.6014285714285714,2.6550000000000002,0.02686845146036093,Medium Risk
2011-05-12,2.7,2.62,2.72,2.62,1.02,3.05,0.03053435114503822,2.6128571428571425,2.659,0.02671089442122931,Medium Risk
2011-05-15,2.72,2.71,2.73,2.71,327.55,0.74,0.007407407407407307,2.6257142857142854,2.6623333333333337,0.026727530884011363,Medium Risk
2011-05-16,2.72,2.6,2.72,2.6,153.06,0.0,0.0,2.6342857142857143,2.668,0.026628303572931996,Medium Risk
2011-05-17,2.72,2.71,2.73,2.65,181.75,0.0,0.0,2.6571428571428575,2.6713333333333336,0.019901071686752758,Low Risk
2011-05-18,2.72,2.72,2.73,2.72,181.22,0.0,0.0,2.6757142857142857,2.6703333333333332,0.020112947871746133,Medium Risk
2011-05-19,2.72,2.72,2.72,2.72,256.62,0.0,0.0,2.7028571428571433,2.6689999999999996,0.015708812794615532,Low Risk
2011-05-22,2.7,2.73,2.74,2.63,12.08,-0.74,-0.007352941176470562,2.7142857142857144,2.6653333333333333,0.012299146747007189,Low Risk
2011-05-24,2.62,2.63,2.63,2.61,2.37,-2.96,-0.029629629629629672,2.7028571428571433,2.658666666666667,0.011985370420573087,Low Risk
2011-05-25,2.62,2.61,2.71,2.61,146.0,0.0,0.0,2.6885714285714286,2.652333333333333,0.011079962962060548,Low Risk
2011-05-26,2.63,2.63,2.63,2.63,1.31,0.38,0.003816793893129722,2.6757142857142857,2.6456666666666666,0.011470325609456782,Low Risk
2011-05-29,2.69,2.71,2.71,2.64,3.22,2.28,0.02281368821292773,2.6714285714285713,2.6426666666666665,0.015554761275032431,Low Risk
2011-05-30,2.71,2.71,2.71,2.7,8.14,0.74,0.0074349442379182396,2.6700000000000004,2.6406666666666667,0.0159220795400629,Low Risk
2011-05-31,2.64,2.69,2.69,2.62,3.27,-2.58,-0.02583025830258301,2.6585714285714284,2.633,0.018580610850912165,Low Risk
2011-06-01,2.63,2.63,2.66,2.62,10.45,-0.38,-0.0037878787878788955,2.6485714285714286,2.6243333333333334,0.018525581447191707,Low Risk
2011-06-02,2.6,2.62,2.62,2.57,47.25,-1.14,-0.011406844106463754,2.6457142857142855,2.616333333333333,0.015248266022109429,Low Risk
2011-06-05,2.6,2.62,2.62,2.59,7.84,0.0,0.0,2.642857142857143,2.6106666666666665,0.015248266022109429,Low Risk
2011-06-06,2.64,2.59,2.66,2.58,44.86,1.54,0.01538461538461533,2.6442857142857146,2.615333333333333,0.016437060700131175,Low Risk
2011-06-07,2.64,2.64,2.66,2.62,6.53,0.0,0.0,2.6371428571428575,2.6213333333333333,0.013268276402296695,Low Risk
2011-06-08,2.61,2.6,2.64,2.6,4.36,-1.14,-0.011363636363636465,2.6228571428571428,2.626333333333333,0.012792388651848095,Low Risk
2011-06-09,2.61,2.61,2.63,2.61,8.68,0.0,0.0,2.6185714285714283,2.632,0.009059494662507354,Low Risk
2011-06-13,2.61,2.6,2.64,2.6,28.92,0.0,0.0,2.615714285714286,2.6360000000000006,0.009019808885348478,Low Risk
2011-06-14,2.6,2.66,2.7,2.58,1.66,-0.38,-0.003831417624520994,2.6157142857142857,2.64,0.007963387570525941,Low Risk
2011-06-15,2.59,2.59,2.59,2.58,1.38,-0.38,-0.0038461538461539435,2.6142857142857143,2.6416666666666666,0.008097131044198754,Low Risk
2011-06-16,2.49,2.58,2.58,2.41,1.31,-3.86,-0.03861003861003842,2.5928571428571425,2.6373333333333333,0.013991250324058633,Low Risk
2011-06-19,2.55,2.48,2.56,2.46,108.88,2.41,0.02409638554216853,2.5799999999999996,2.6346666666666665,0.018570266618774776,Low Risk
2011-06-20,2.48,2.51,2.51,2.46,605.7,-2.75,-0.027450980392156765,2.5614285714285714,2.6286666666666667,0.020422006412121226,Medium Risk
2011-06-21,2.46,2.49,2.5,2.45,200.91,-0.81,-0.008064516129032251,2.54,2.625333333333333,0.020181314038430778,Medium Risk
2011-06-22,2.46,2.47,2.49,2.45,155.0,0.0,0.0,2.5185714285714282,2.6210000000000004,0.020181314038430778,Medium Risk
2011-06-23,2.42,2.46,2.49,2.36,382.53,-1.63,-0.016260162601625994,2.492857142857143,2.6173333333333337,0.020274933076239846,Medium Risk
2011-06-26,2.39,2.39,2.39,2.39,4.36,-1.24,-0.012396694214875992,2.4642857142857144,2.609666666666667,0.020097828691548452,Medium Risk
2011-06-27,2.36,2.38,2.39,2.35,254.89,-1.26,-0.012552301255230214,2.4457142857142857,2.5983333333333336,0.016223354241086046,Low Risk
2011-06-28,2.44,2.41,2.47,2.41,285.81,3.39,0.033898305084745894,2.4299999999999997,2.589,0.019499167802735473,Low Risk
2011-06-29,2.35,2.42,2.42,2.32,152.61,-3.69,-0.03688524590163933,2.4114285714285715,2.5766666666666667,0.021448063796106132,Medium Risk
2011-06-30,2.35,2.36,2.41,2.33,12.27,0.0,0.0,2.3957142857142855,2.5643333333333334,0.021626393865103125,Medium Risk
2011-07-03,2.35,2.38,2.38,2.34,133.71,0.0,0.0,2.38,2.552,0.021626393865103125,Medium Risk
2011-07-04,2.35,2.36,2.39,2.34,217.71,0.0,0.0,2.37,2.5396666666666667,0.021249967335259263,Medium Risk
2011-07-05,2.35,2.34,2.38,2.34,202.89,0.0,0.0,2.3642857142857143,2.528,0.02094708127943108,Medium Risk
2011-07-06,2.31,2.34,2.34,2.28,144.05,-1.7,-0.017021276595744705,2.357142857142857,2.5176666666666665,0.021378144939628498,Medium Risk
2011-07-07,2.32,2.34,2.34,2.3,39.58,0.43,0.0043290043290042934,2.34,2.5076666666666663,0.014820327254306952,Low Risk
2011-07-10,2.29,2.33,2.33,2.28,32.88,-1.29,-0.012931034482758563,2.3314285714285714,2.4963333333333333,0.007977910976096637,Low Risk
2011-07-11,2.26,2.27,2.27,2.25,41.33,-1.31,-0.013100436681222849,2.3185714285714285,2.4819999999999998,0.008495870566883024,Low Risk
2011-07-12,2.22,2.3,2.3,2.14,201.26,-1.77,-0.017699115044247593,2.3000000000000003,2.4656666666666665,0.009181182050150389,Low Risk
2011-07-13,2.3,2.3,2.34,2.3,225.5,3.6,0.03603603603603589,2.292857142857143,2.4543333333333335,0.019147572295985297,Low Risk
2011-07-14,2.25,2.26,2.26,2.25,838.8,-2.17,-0.021739130434782483,2.2785714285714285,2.441666666666667,0.020323335878058985,Medium Risk
2011-07-17,2.32,2.32,2.32,2.32,29.44,3.11,0.03111111111111109,2.28,2.4323333333333332,0.02382143667470238,Medium Risk
2011-07-18,2.26,2.29,2.32,2.24,60.54,-2.59,-0.025862068965517238,2.2714285714285714,2.4210000000000003,0.025743829751326254,Medium Risk
2011-07-19,2.32,2.34,2.34,2.29,29.62,2.65,0.026548672566371723,2.275714285714286,2.4103333333333334,0.027580868326587783,Medium Risk
2011-07-20,2.28,2.3,2.3,2.27,263.44,-1.72,-0.017241379310344862,2.2785714285714285,2.3983333333333334,0.02800451117291909,Medium Risk
2011-07-21,2.27,2.27,2.28,2.26,21.74,-0.44,-0.004385964912280604,2.2857142857142856,2.387,0.026906462387172418,Medium Risk
2011-07-25,2.27,2.27,2.27,2.27,8.49,0.0,0.0,2.281428571428571,2.375666666666667,0.02277261529220397,Medium Risk
2011-07-26,2.27,2.29,2.29,2.26,12.14,0.0,0.0,2.2842857142857143,2.364333333333333,0.020989303132062605,Medium Risk
2011-07-27,2.25,2.26,2.26,2.25,34.32,-0.88,-0.008810572687224627,2.2742857142857145,2.3526666666666665,0.01653963926779351,Low Risk
2011-07-28,2.24,2.25,2.25,2.23,63.81,-0.44,-0.004444444444444362,2.2714285714285714,2.3409999999999997,0.013594065249271637,Low Risk
2011-07-31,2.27,2.28,2.29,2.24,13.5,1.34,0.013392857142856984,2.2642857142857142,2.333666666666667,0.009374419917938744,Low Risk
2011-08-01,2.29,2.3,2.3,2.26,14.59,0.88,0.008810572687224738,2.265714285714286,2.325,0.00785957033364199,Low Risk
2011-08-02,2.24,2.26,2.26,2.24,29.88,-2.18,-0.02183406113537112,2.2614285714285716,2.317,0.011600146018331188,Low Risk
2011-08-03,2.24,2.24,2.24,2.23,19.25,0.0,0.0,2.257142857142857,2.3096666666666668,0.011600146018331188,Low Risk
2011-08-04,2.25,2.23,2.27,2.23,38.78,0.45,0.004464285714285587,2.2542857142857144,2.3026666666666666,0.011838488275498544,Low Risk
2011-08-07,2.12,2.2,2.2,2.08,263.49,-5.78,-0.057777777777777706,2.2357142857142858,2.292666666666667,0.024634606575161824,Medium Risk
2011-08-08,2.12,2.11,2.14,2.07,185.46,0.0,0.0,2.218571428571429,2.2836666666666665,0.024804174590164138,Medium Risk
2011-08-09,2.07,2.07,2.07,2.06,322.43,-2.36,-0.02358490566037752,2.1900000000000004,2.274,0.02350059061701973,Medium Risk
2011-08-10,2.07,2.07,2.07,2.01,68.82,0.0,0.0,2.1585714285714284,2.2616666666666663,0.022355424256793113,Medium Risk
2011-08-11,2.07,2.07,2.07,2.03,201.77,0.0,0.0,2.1342857142857143,2.2523333333333335,0.022618882238236236,Medium Risk
2011-08-14,2.07,2.07,2.1,2.07,148.44,0.0,0.0,2.11,2.243,0.022618882238236236,Medium Risk
2011-08-15,2.07,2.14,2.16,2.07,518.74,0.0,0.0,2.084285714285714,2.2336666666666667,0.022169127720544336,Medium Risk
2011-08-16,2.08,2.09,2.09,2.08,6.53,0.48,0.004830917874396157,2.0785714285714287,2.2246666666666663,0.009392736225591834,Low Risk
2011-08-17,2.05,2.04,2.1,2.04,6.32,-1.44,-0.014423076923077094,2.0685714285714285,2.2146666666666666,0.010249921266154725,Low Risk
2011-08-18,2.06,2.04,2.1,2.04,19.08,0.49,0.004878048780487809,2.067142857142857,2.2063333333333333,0.006480529614929923,Low Risk
2011-08-21,2.11,2.02,2.16,2.02,12.91,2.43,0.024271844660194164,2.072857142857143,2.1993333333333336,0.011471974189002757,Low Risk
2011-08-22,2.08,2.09,2.09,2.04,6.28,-1.42,-0.01421800947867291,2.0742857142857143,2.192333333333333,0.013180536626892215,Low Risk
2011-08-23,2.07,2.07,2.09,2.07,3.05,-0.48,-0.004807692307692402,2.0742857142857143,2.186,0.013351067251074737,Low Risk
2011-08-24,2.03,2.08,2.08,2.01,52.74,-1.93,-0.019323671497584516,2.0685714285714285,2.179666666666667,0.015234304327708689,Low Risk
2011-08-25,2.07,2.08,2.08,2.07,74.48,1.97,0.019704433497536922,2.067142857142857,2.1719999999999997,0.0173478362288815,Low Risk
2011-08-28,2.06,2.07,2.07,2.05,36.79,-0.48,-0.004830917874396046,2.0685714285714285,2.1656666666666666,0.016424529464588236,Low Risk
2011-08-29,2.06,2.07,2.07,2.05,20.47,0.0,0.0,2.0685714285714285,2.1570000000000005,0.01632638138907591,Low Risk
2011-09-04,2.02,2.02,2.02,2.02,3.27,-1.94,-0.01941747572815533,2.0557142857142856,2.149,0.013689879489353053,Low Risk
2011-09-05,2.04,2.03,2.04,2.03,26.79,0.99,0.00990099009900991,2.05,2.1396666666666664,0.014334311763820752,Low Risk
2011-09-06,2.04,2.04,2.04,2.04,1.44,0.0,0.0,2.045714285714286,2.131666666666667,0.014330666364620511,Low Risk
2011-09-07,2.03,2.03,2.03,2.03,16.11,-0.49,-0.004901960784313819,2.045714285714286,2.123666666666667,0.012319835436503031,Low Risk
2011-09-08,2.03,2.03,2.04,2.03,188.98,0.0,0.0,2.04,2.115666666666667,0.008845911974779143,Low Risk
2011-09-11,2.03,2.02,2.06,2.02,22.76,0.0,0.0,2.0357142857142856,2.1076666666666664,0.008844945718288,Low Risk
2011-09-12,2.03,2.04,2.06,2.02,40.29,0.0,0.0,2.031428571428571,2.1003333333333334,0.008844945718288,Low Risk
2011-09-13,2.0,2.02,2.02,1.97,27.83,-1.48,-0.01477832512315258,2.0285714285714285,2.0923333333333334,0.0073801042045014194,Low Risk
2011-09-14,1.95,1.97,1.97,1.94,17.73,-2.5,-0.025000000000000022,2.0157142857142856,2.0816666666666666,0.009850874800484062,Low Risk
2011-09-15,1.93,1.94,1.97,1.9,27.76,-1.03,-0.01025641025641022,2.0,2.069666666666667,0.009499766745090718,Low Risk
2011-09-18,1.84,2.02,2.02,1.84,570.23,-4.66,-0.04663212435233155,1.9728571428571426,2.0563333333333333,0.017263747658030484,Low Risk
2011-09-19,1.85,1.93,1.93,1.84,219.86,0.54,0.005434782608695565,1.947142857142857,2.0433333333333334,0.01809071137789286,Low Risk
2011-09-20,1.88,1.89,1.96,1.85,7.53,1.62,0.01621621621621605,1.9257142857142857,2.031,0.020863600902414847,Medium Risk
2011-09-21,1.87,1.87,1.91,1.85,17.08,-0.53,-0.005319148936170137,1.9028571428571426,2.022666666666667,0.020501969933685204,Medium Risk
2011-09-22,1.87,1.86,1.89,1.86,8.62,0.0,0.0,1.8842857142857146,2.014333333333333,0.020863008406139662,Medium Risk
2011-09-25,1.84,1.84,1.84,1.84,74.2,-1.6,-0.016042780748663166,1.8685714285714285,2.0066666666666664,0.020001136961065313,Medium Risk
2011-09-26,1.84,1.84,1.85,1.84,172.91,0.0,0.0,1.8557142857142856,1.9989999999999999,0.020190387395974566,Medium Risk
2011-09-27,1.85,1.84,1.85,1.84,19.08,0.54,0.005434782608695565,1.8571428571428572,1.9916666666666667,0.010025161659653075,Low Risk
2011-09-28,1.85,1.85,1.85,1.83,71.86,0.0,0.0,1.8571428571428574,1.9843333333333333,0.009816268407160118,Low Risk
2011-09-29,1.82,1.84,1.87,1.79,177.31,-1.62,-0.016216216216216273,1.8485714285714288,1.976,0.008471199141745718,Low Risk
2011-10-03,1.79,1.79,1.79,1.79,6.53,-1.65,-0.016483516483516536,1.8371428571428574,1.9663333333333333,0.009605923359627401,Low Risk
2011-10-04,1.81,1.84,1.84,1.8,2.18,1.12,0.011173184357541999,1.8285714285714287,1.9583333333333333,0.011539073252903612,Low Risk
2011-10-05,1.79,1.79,1.84,1.78,71.38,-1.1,-0.011049723756906049,1.8214285714285714,1.9493333333333331,0.01084672056763944,Low Risk
2011-10-10,1.79,1.79,1.8,1.77,99.36,0.0,0.0,1.8142857142857145,1.9386666666666665,0.01084672056763944,Low Risk
2011-10-11,1.78,1.78,1.78,1.78,0.84,-0.56,-0.005586592178770999,1.8042857142857145,1.9286666666666668,0.010039594079830788,Low Risk
2011-10-12,1.78,1.79,1.79,1.78,6.58,0.0,0.0,1.794285714285714,1.919,0.010039594079830788,Low Risk
2011-10-13,1.83,1.82,1.84,1.82,30.61,2.81,0.028089887640449396,1.7957142857142858,1.9123333333333332,0.014908069501055703,Low Risk
2011-10-16,1.87,1.87,1.87,1.87,0.65,2.19,0.021857923497267784,1.8071428571428572,1.9056666666666666,0.014504361189034747,Low Risk
2011-10-17,1.93,1.94,1.95,1.88,33.52,3.21,0.03208556149732611,1.8242857142857143,1.9013333333333335,0.01750539160008598,Low Risk
2011-10-18,1.93,1.9,1.95,1.88,41.16,0.0,0.0,1.8442857142857143,1.897,0.015772502360665422,Low Risk
2011-10-19,1.92,1.95,1.95,1.91,3.76,-0.52,-0.005181347150259086,1.8628571428571428,1.8936666666666666,0.016476310307022488,Low Risk
2011-10-20,1.97,1.97,1.97,1.97,1.74,2.6,0.02604166666666674,1.8900000000000001,1.891333333333333,0.015752587459401404,Low Risk
2011-10-23,1.99,1.97,2.0,1.97,83.62,1.02,0.010152284263959421,1.92,1.8896666666666666,0.014598801093349366,Low Risk
2011-10-24,1.93,1.97,2.01,1.93,205.95,-3.02,-0.03015075376884424,1.9342857142857142,1.8863333333333332,0.021584386396117098,Medium Risk
2011-10-25,1.93,1.93,1.93,1.93,3.02,0.0,0.0,1.9428571428571428,1.883,0.02078284090689878,Medium Risk
2011-10-26,1.95,1.95,1.95,1.95,87.48,1.04,0.010362694300518172,1.9457142857142855,1.8803333333333334,0.0173519374277623,Low Risk
2011-10-27,1.95,1.95,1.95,1.95,44.75,0.0,0.0,1.9485714285714286,1.8776666666666666,0.0173519374277623,Low Risk
2011-10-30,2.01,2.01,2.01,2.0,12.41,3.08,0.03076923076923066,1.9614285714285715,1.8780000000000001,0.020110149906616623,Medium Risk
2011-10-31,2.0,2.01,2.05,1.95,49.43,-0.5,-0.004975124378109319,1.9657142857142857,1.8796666666666666,0.01850099491444089,Low Risk
2011-11-03,2.07,2.03,2.15,2.02,307.0,3.5,0.03499999999999992,1.977142857142857,1.8843333333333334,0.022258845106890978,Medium Risk
2011-11-09,2.09,2.07,2.11,2.07,145.91,0.97,0.009661835748792313,2.0,1.8926666666666667,0.01562125040669315,Low Risk
2011-11-10,2.09,2.07,2.11,2.07,261.37,0.0,0.0,2.0228571428571427,1.9006666666666667,0.01562125040669315,Low Risk
2011-11-13,2.1,2.01,2.11,2.01,82.86,0.48,0.004784688995215447,2.0442857142857145,1.908,0.01583248591546628,Low Risk
2011-11-15,2.1,2.07,2.11,2.07,95.82,0.0,0.0,2.0657142857142854,1.9156666666666666,0.01583248591546628,Low Risk
2011-11-17,1.93,2.02,2.06,1.89,22.48,-8.1,-0.080952380952381,2.0542857142857143,1.9176666666666666,0.03589141268771363,Medium Risk
2011-11-20,1.88,1.89,1.93,1.86,33.82,-2.59,-0.025906735751295318,2.037142857142857,1.919,0.036730561133690574,Medium Risk
2011-11-21,1.81,1.84,1.86,1.78,33.75,-3.72,-0.037234042553191404,2.0,1.918,0.03247020848452919,Medium Risk
2011-11-23,1.86,1.84,1.87,1.84,89.12,2.76,0.027624309392265234,1.9671428571428573,1.9183333333333334,0.035625153061045245,Medium Risk
2011-11-24,1.84,1.85,1.85,1.84,68.2,-1.08,-0.010752688172043001,1.9314285714285713,1.918,0.035049718493721585,Medium Risk
2011-11-29,1.86,1.85,1.91,1.84,1.11,1.09,0.010869565217391353,1.897142857142857,1.9193333333333333,0.03576246236709932,Medium Risk
2011-11-30,1.88,1.9,1.9,1.87,137.8,1.08,0.010752688172043001,1.8657142857142859,1.9223333333333334,0.03681096200371966,Medium Risk
2011-12-01,1.86,1.87,1.88,1.84,512.66,-1.06,-0.010638297872340274,1.8557142857142856,1.924,0.022749846707775384,Medium Risk
2011-12-04,1.84,1.88,1.91,1.81,69.69,-1.08,-0.010752688172043001,1.8499999999999999,1.9256666666666669,0.021094088298316077,Medium Risk
2011-12-05,1.83,1.8,1.86,1.8,49.87,-0.54,-0.005434782608695676,1.852857142857143,1.927,0.015007619328423254,Low Risk
2011-12-06,1.84,1.84,1.87,1.84,97.69,0.55,0.005464480874316946,1.8499999999999999,1.9289999999999998,0.010180487661605977,Low Risk
2011-12-07,1.84,1.85,1.88,1.84,178.46,0.0,0.0,1.8499999999999999,1.931,0.009326924463691572,Low Risk
2011-12-08,1.84,1.84,1.85,1.82,41.83,0.0,0.0,1.8471428571428574,1.9313333333333333,0.008038800874934434,Low Risk
2011-12-11,1.84,1.84,1.86,1.84,62.61,0.0,0.0,1.8414285714285714,1.9303333333333332,0.006096511627190696,Low Risk
2011-12-12,1.83,1.83,1.84,1.82,102.4,-0.54,-0.005434782608695676,1.8371428571428574,1.9269999999999998,0.005279809778451595,Low Risk
2011-12-13,1.84,1.84,1.84,1.84,37.38,0.55,0.005464480874316946,1.8371428571428574,1.924,0.0044496127634216995,Low Risk
2011-12-14,1.84,1.84,1.84,1.83,17.2,0.0,0.0,1.8385714285714287,1.9213333333333333,0.0037626603644506955,Low Risk
2011-12-15,1.84,1.86,1.86,1.84,0.65,0.0,0.0,1.8385714285714287,1.9170000000000003,0.0031463546958158707,Low Risk
2011-12-18,1.83,1.83,1.84,1.8,67.18,-0.54,-0.005434782608695676,1.8371428571428574,1.9116666666666666,0.0037585616229159264,Low Risk
2011-12-19,1.84,1.84,1.84,1.81,128.01,0.55,0.005464480874316946,1.837142857142857,1.9086666666666667,0.0044496127634216995,Low Risk
2011-12-20,1.8,1.83,1.83,1.8,17.42,-2.17,-0.021739130434782594,1.8314285714285714,1.9043333333333334,0.0093473722657227,Low Risk
2011-12-21,1.82,1.81,1.83,1.81,8.28,1.11,0.011111111111111072,1.83,1.9,0.010657855934922899,Low Risk
2011-12-22,1.78,1.79,1.79,1.77,32.71,-2.2,-0.02197802197802201,1.8214285714285714,1.8943333333333334,0.01282494220979717,Low Risk
2011-12-25,1.82,1.84,1.84,1.81,14.81,2.25,0.022471910112359605,1.8185714285714287,1.8880000000000001,0.016476642748025513,Low Risk
2011-12-26,1.79,1.79,1.79,1.79,1.37,-1.65,-0.016483516483516536,1.8114285714285714,1.881,0.017388607712138886,Low Risk
2011-12-27,1.79,1.79,1.83,1.78,78.83,0.0,0.0,1.8057142857142858,1.8716666666666666,0.01742465346860993,Low Risk
2011-12-28,1.83,1.78,1.84,1.78,262.78,2.23,0.022346368715083775,1.8042857142857145,1.863,0.0198012079858734,Low Risk
2011-12-29,1.82,1.83,1.84,1.77,246.15,-0.55,-0.005464480874316946,1.8071428571428572,1.8539999999999999,0.017756787713340317,Low Risk
2012-01-03,1.78,1.78,1.78,1.78,0.44,-2.2,-0.02197802197802201,1.8014285714285714,1.8433333333333335,0.019185346318684886,Low Risk
2012-01-04,1.78,1.83,1.83,1.77,72.95,0.0,0.0,1.8014285714285716,1.8326666666666669,0.017266699758853078,Low Risk
2012-01-05,1.77,1.78,1.78,1.77,27.33,-0.56,-0.005617977528089901,1.7942857142857143,1.8273333333333333,0.01420005391132748,Low Risk
2012-01-10,1.84,1.85,1.85,1.84,442.94,3.95,0.039548022598870025,1.8014285714285714,1.826,0.02036783136729945,Medium Risk
2012-01-11,1.83,1.78,1.84,1.78,36.26,-0.54,-0.005434782608695676,1.8071428571428572,1.8266666666666667,0.020652609970465096,Medium Risk
2012-01-15,1.83,1.84,1.84,1.79,6.6,0.0,0.0,1.8071428571428572,1.8256666666666665,0.018876265067150105,Low Risk
2012-01-16,1.8,1.8,1.8,1.79,16.55,-1.64,-0.016393442622950838,1.8042857142857145,1.8243333333333334,0.019845187664192188,Low Risk
2012-01-17,1.83,1.79,1.84,1.77,74.04,1.67,0.016666666666666607,1.8114285714285716,1.8233333333333335,0.018499707675147012,Low Risk
2012-01-18,1.85,1.85,1.85,1.84,67.62,1.09,0.010928961748633892,1.8214285714285714,1.8223333333333334,0.018556143625822336,Low Risk
2012-01-19,1.84,1.84,1.84,1.84,8.71,-0.54,-0.005405405405405461,1.8314285714285714,1.8216666666666668,0.01853475140625889,Low Risk
2012-01-22,1.8,1.8,1.8,1.8,5.23,-2.17,-0.021739130434782594,1.8257142857142858,1.8203333333333334,0.013735761664357622,Low Risk
2012-01-23,1.83,1.8,1.84,1.8,28.42,1.67,0.016666666666666607,1.8257142857142858,1.8203333333333334,0.015521361481051908,Low Risk
2012-01-24,1.84,1.84,1.84,1.83,52.99,0.55,0.005464480874316946,1.8271428571428572,1.8203333333333336,0.015652155710502155,Low Risk
2012-01-26,2.01,1.86,2.02,1.86,931.07,9.24,0.09239130434782594,1.8571428571428572,1.826,0.03618103340492938,Medium Risk
2012-01-29,2.16,2.0,2.21,2.0,1.91,7.46,0.074626865671642,1.9042857142857144,1.8366666666666667,0.042351532523640635,Medium Risk
2012-01-31,2.29,2.27,2.3,2.26,153.48,6.02,0.06018518518518512,1.967142857142857,1.8516666666666668,0.04375004634312297,Medium Risk
2012-02-01,2.25,2.3,2.3,2.23,19.6,-1.75,-0.017467248908296984,2.025714285714286,1.8656666666666668,0.04565307925191395,Medium Risk
2012-02-02,2.15,2.04,2.29,2.04,56.73,-4.44,-0.04444444444444451,2.0757142857142856,1.8760000000000001,0.050493305499457054,High Risk
2012-02-06,2.11,2.11,2.11,2.09,14.16,-1.86,-0.018604651162790753,2.1157142857142857,1.8850000000000002,0.05334921425237166,High Risk
2012-02-07,2.08,2.08,2.14,2.07,65.11,-1.42,-0.01421800947867291,2.15,1.893,0.05484738622412352,High Risk
2012-02-08,2.1,2.09,2.12,2.08,26.79,0.96,0.009615384615384581,2.162857142857143,1.9020000000000001,0.0442715253069976,Medium Risk
2012-02-09,2.11,2.12,2.14,2.07,51.79,0.48,0.004761904761904745,2.1557142857142857,1.911,0.03293416891612649,Medium Risk
2012-02-12,2.25,2.24,2.25,2.24,153.65,6.64,0.06635071090047395,2.15,1.926,0.03492425384421975,Medium Risk
2012-02-13,2.24,2.14,2.25,2.14,205.79,-0.44,-0.004444444444444362,2.1485714285714286,1.9400000000000002,0.034304413142944364,Medium Risk
2012-02-14,2.26,2.26,2.27,2.2,53.98,0.89,0.008928571428571175,2.164285714285714,1.956,0.02820523522084498,Medium Risk
2012-02-15,2.19,2.21,2.24,2.16,95.74,-3.1,-0.030973451327433565,2.1757142857142857,1.9683333333333333,0.030413044001032955,Medium Risk
2012-02-16,2.16,2.23,2.23,2.13,18.73,-1.37,-0.013698630136986245,2.1871428571428573,1.9806666666666668,0.03035688493968461,Medium Risk
2012-02-19,2.15,2.24,2.24,2.14,5.58,-0.46,-0.004629629629629761,2.1942857142857144,1.9926666666666668,0.030534762012799692,Medium Risk
2012-02-20,2.25,2.18,2.27,2.18,4.38,4.65,0.04651162790697683,2.2142857142857144,2.006666666666667,0.034574123831874894,Medium Risk
2012-02-21,2.13,2.14,2.15,2.1,34.05,-5.33,-0.053333333333333344,2.197142857142857,2.0170000000000003,0.031344175162264704,Medium Risk
2012-02-22,2.12,2.12,2.13,2.11,4.22,-0.47,-0.004694835680751019,2.18,2.0283333333333333,0.03134041332878138,Medium Risk
2012-02-23,2.16,2.08,2.18,2.08,49.57,1.89,0.018867924528301883,2.165714285714286,2.041,0.03241103817579054,Medium Risk
2012-02-26,2.18,2.14,2.24,2.14,10.74,0.93,0.0092592592592593,2.164285714285714,2.054666666666667,0.030768529362790325,Medium Risk
2012-02-27,2.14,2.15,2.15,2.14,17.2,-1.83,-0.01834862385321101,2.1614285714285715,2.0646666666666667,0.031155157492901223,Medium Risk
2012-02-28,2.18,2.11,2.22,2.1,54.44,1.87,0.01869158878504673,2.165714285714286,2.0763333333333334,0.03192840093194589,Medium Risk
2012-02-29,2.23,2.11,2.24,2.11,341.28,2.29,0.022935779816513735,2.162857142857143,2.089666666666667,0.027428850388973018,Medium Risk
2012-03-01,2.21,2.17,2.24,2.17,34.84,-0.9,-0.008968609865470878,2.1742857142857144,2.1033333333333335,0.016087303992807334,Low Risk
2012-03-04,2.17,2.21,2.21,2.16,37.55,-1.81,-0.018099547511312264,2.1814285714285715,2.114666666666667,0.01815324290413991,Low Risk
2012-03-05,2.17,2.17,2.18,2.17,6.28,0.0,0.0,2.182857142857143,2.1253333333333333,0.01684036210455835,Low Risk
2012-03-06,2.22,2.22,2.25,2.19,243.9,2.3,0.023041474654378113,2.1885714285714286,2.138,0.01869976728883227,Low Risk
2012-03-07,2.2,2.24,2.25,2.17,14.55,-0.9,-0.009009009009009028,2.197142857142857,2.1513333333333335,0.017217933679258623,Low Risk
2012-03-08,2.17,2.17,2.19,2.15,62.93,-1.36,-0.01363636363636378,2.1957142857142857,2.1626666666666665,0.016980908588309196,Low Risk
2012-03-11,2.13,2.15,2.15,2.1,16.33,-1.84,-0.018433179723502335,2.1814285714285715,2.1723333333333334,0.014463710851642142,Low Risk
2012-03-12,2.12,2.16,2.17,2.1,11.54,-0.47,-0.004694835680751019,2.1685714285714286,2.176,0.014429523136795712,Low Risk
2012-03-13,2.08,2.1,2.1,2.07,66.46,-1.89,-0.018867924528301883,2.1557142857142857,2.1733333333333333,0.01454088175247883,Low Risk
2012-03-14,2.11,2.1,2.11,2.1,10.64,1.44,0.014423076923076872,2.1471428571428572,2.167333333333333,0.016423350378967364,Low Risk
2012-03-15,2.13,2.14,2.15,2.1,11.32,0.95,0.009478672985782088,2.1342857142857143,2.163333333333333,0.013201663464291248,Low Risk
2012-03-18,2.08,2.08,2.08,2.08,18.36,-2.35,-0.023474178403755763,2.117142857142857,2.161,0.01481729824716051,Low Risk
2012-03-19,2.08,2.06,2.09,2.06,23.84,0.0,0.0,2.104285714285714,2.1599999999999997,0.014831737242479577,Low Risk
2012-03-20,2.08,2.08,2.09,2.08,7.11,0.0,0.0,2.097142857142857,2.1599999999999997,0.013847292617261395,Low Risk
2012-03-21,2.11,2.08,2.16,2.08,7.01,1.44,0.014423076923076872,2.0957142857142856,2.1603333333333334,0.015333110491832721,Low Risk
2012-03-22,2.11,2.15,2.15,2.1,9.15,0.0,0.0,2.1,2.1603333333333334,0.01307304238771969,Low Risk
2012-03-26,2.09,2.08,2.13,2.08,24.65,-0.95,-0.009478672985781977,2.097142857142857,2.1550000000000002,0.012430134602197624,Low Risk
2012-03-27,2.12,2.12,2.12,2.12,1.52,1.44,0.014354066985646119,2.0957142857142856,2.1510000000000002,0.013244217272576419,Low Risk
2012-03-28,2.12,2.12,2.12,2.12,3.94,0.0,0.0,2.1014285714285714,2.146333333333333,0.008667037198677828,Low Risk
2012-03-29,2.12,2.12,2.13,2.1,33.75,0.0,0.0,2.107142857142857,2.144,0.008667037198677828,Low Risk
2012-04-01,2.08,2.09,2.09,2.08,40.09,-1.89,-0.018867924528301883,2.107142857142857,2.1413333333333333,0.011971366693611922,Low Risk
2012-04-02,2.09,2.09,2.12,2.08,101.22,0.48,0.004807692307692291,2.1042857142857145,2.1393333333333335,0.010511464807050877,Low Risk
2012-04-03,2.08,2.08,2.08,2.08,4.44,-0.48,-0.004784688995215225,2.1,2.133666666666667,0.01056733937810365,Low Risk
2012-04-04,2.07,2.05,2.07,2.04,696.04,-0.48,-0.004807692307692402,2.097142857142857,2.1316666666666664,0.010155515922679787,Low Risk
2012-04-05,2.07,2.07,2.07,2.07,3.44,0.0,0.0,2.0900000000000003,2.13,0.007585059439715761,Low Risk
2012-04-08,1.95,1.95,1.95,1.95,1.57,-5.8,-0.05797101449275355,2.0657142857142854,2.123,0.02173317107379349,Medium Risk
2012-04-10,1.95,1.95,1.95,1.95,3.48,0.0,0.0,2.0414285714285714,2.1153333333333335,0.02173317107379349,Medium Risk
2012-04-11,2.05,2.01,2.06,2.01,5.57,5.13,0.05128205128205132,2.037142857142857,2.1123333333333334,0.03173011707997602,Medium Risk
2012-04-12,2.06,2.06,2.1,2.04,7.32,0.49,0.004878048780487809,2.032857142857143,2.108333333333333,0.031732510585922365,Medium Risk
2012-04-17,2.07,2.07,2.07,2.02,112.46,0.49,0.004854368932038833,2.031428571428571,2.1029999999999998,0.03178185231677094,Medium Risk
2012-04-18,2.02,2.02,2.07,2.01,15.9,-2.42,-0.02415458937198056,2.0242857142857145,2.0966666666666667,0.033059600664890866,Medium Risk
2012-04-22,2.07,2.07,2.09,2.06,161.41,2.48,0.024752475247524774,2.024285714285714,2.0933333333333333,0.034718109076307284,Medium Risk
2012-04-23,1.99,2.02,2.02,1.97,72.2,-3.86,-0.03864734299516903,2.03,2.0873333333333335,0.029697400837543672,Medium Risk
2012-04-24,1.99,1.99,1.99,1.98,6.53,0.0,0.0,2.0357142857142856,2.0796666666666668,0.029697400837543672,Medium Risk
2012-04-26,1.99,1.97,2.01,1.97,28.24,0.0,0.0,2.027142857142857,2.0726666666666667,0.02090676095760256,Medium Risk
2012-04-29,2.03,2.03,2.05,2.01,194.93,2.01,0.02010050251256268,2.0228571428571427,2.068,0.022704059786565613,Medium Risk
2012-04-30,2.05,2.05,2.05,2.03,45.8,0.99,0.009852216748768461,2.02,2.0653333333333332,0.02302707611407912,Medium Risk
2012-05-02,2.0,2.01,2.01,1.98,14.37,-2.44,-0.024390243902438935,2.017142857142857,2.0613333333333332,0.023066440740121704,Medium Risk
2012-05-06,2.0,1.99,1.99,1.99,0.32,0.0,0.0,2.007142857142857,2.0586666666666664,0.020137961069648113,Medium Risk
2012-05-07,2.04,2.0,2.05,2.0,50.09,2.0,0.020000000000000018,2.0142857142857147,2.0563333333333333,0.015289603119926316,Low Risk
2012-05-08,2.03,2.02,2.04,2.02,106.74,-0.49,-0.004901960784313819,2.02,2.053,0.015593962728621248,Low Risk
2012-05-09,2.04,2.04,2.04,2.04,96.46,0.49,0.0049261083743843415,2.027142857142857,2.0516666666666667,0.015549657541012061,Low Risk
2012-05-10,2.04,2.04,2.05,2.04,50.83,0.0,0.0,2.028571428571429,2.050333333333333,0.013759519676592545,Low Risk
2012-05-13,2.07,2.01,2.07,2.01,87.17,1.47,0.014705882352941124,2.031428571428571,2.05,0.014400056201243877,Low Risk
2012-05-14,2.09,2.09,2.09,2.09,0.59,0.97,0.009661835748792313,2.044285714285714,2.0493333333333332,0.008910575476894455,Low Risk
2012-05-15,2.08,2.08,2.08,2.05,83.78,-0.48,-0.004784688995215225,2.0557142857142856,2.0483333333333333,0.009632401865117591,Low Risk
2012-05-16,2.08,2.09,2.09,2.08,1.07,0.0,0.0,2.0614285714285714,2.048,0.007369790374499296,Low Risk
2012-05-17,2.08,2.08,2.09,2.04,29.11,0.0,0.0,2.0685714285714285,2.0466666666666664,0.006720117360312066,Low Risk
2012-05-20,2.06,2.04,2.08,2.0,91.19,-0.96,-0.009615384615384581,2.0714285714285716,2.0446666666666666,0.008274151480856572,Low Risk
2012-05-21,2.0,2.0,2.0,2.0,6.25,-2.91,-0.029126213592232997,2.0657142857142854,2.0406666666666666,0.014264544681553434,Low Risk
2012-05-22,2.07,2.07,2.07,2.07,61.78,3.5,0.03499999999999992,2.065714285714286,2.0403333333333333,0.019501504421745416,Low Risk
2012-05-23,2.06,2.06,2.07,2.06,8.89,-0.48,-0.004830917874396046,2.061428571428572,2.0393333333333334,0.019089853801736112,Low Risk
2012-05-24,2.08,2.08,2.09,2.08,18.55,0.97,0.009708737864077666,2.061428571428572,2.0393333333333334,0.019507284406010923,Low Risk
2012-05-27,2.11,2.09,2.12,2.09,2.61,1.44,0.014423076923076872,2.065714285714286,2.0406666666666666,0.02023540587854618,Medium Risk
2012-05-28,2.03,1.95,2.04,1.95,22.18,-3.79,-0.03791469194312802,2.0585714285714283,2.0393333333333334,0.02535594443794473,Medium Risk
2012-05-29,2.05,1.95,2.09,1.9,48.13,0.99,0.009852216748768461,2.0571428571428574,2.0426666666666664,0.025600642993294474,Medium Risk
2012-05-30,1.93,1.93,2.07,1.93,1.72,-5.85,-0.0585365853658536,2.047142857142857,2.042,0.032564602179129355,Medium Risk
2012-06-03,1.98,1.98,1.98,1.98,3.7,2.59,0.02590673575129543,2.0342857142857143,2.0396666666666667,0.030857611936693986,Medium Risk
2012-06-04,1.98,1.98,1.98,1.98,1.08,0.0,0.0,2.0228571428571427,2.037,0.030939760227763388,Medium Risk
2012-06-05,1.95,1.94,1.96,1.94,23.08,-1.52,-0.015151515151515138,2.004285714285714,2.033,0.030361555636565684,Medium Risk
2012-06-06,1.95,1.95,2.04,1.94,15.24,0.0,0.0,1.9814285714285713,2.030666666666667,0.028983023185536205,Medium Risk
2012-06-07,1.93,1.95,1.95,1.93,0.57,-1.03,-0.01025641025641022,1.967142857142857,2.0260000000000002,0.02645066711829171,Medium Risk
2012-06-11,2.06,2.06,2.06,2.06,2.4,6.74,0.06735751295336789,1.9685714285714284,2.0283333333333333,0.038637372842745134,Medium Risk
2012-06-13,1.94,1.94,1.94,1.94,1.74,-5.83,-0.058252427184466105,1.97,2.026666666666667,0.03856406950611054,Medium Risk
2012-06-19,1.91,1.93,1.93,1.88,13.07,-1.55,-0.015463917525773252,1.9599999999999997,2.024,0.03732763487465473,Medium Risk
2012-06-20,1.86,1.87,1.87,1.84,15.82,-2.62,-0.02617801047120405,1.942857142857143,2.018333333333333,0.038100539320668224,Medium Risk
2012-06-21,1.94,1.94,1.94,1.89,2.4,4.3,0.043010752688172005,1.9414285714285715,2.0146666666666664,0.04244587306543365,Medium Risk
2012-06-24,1.97,1.93,2.01,1.93,21.99,1.55,0.015463917525773141,1.9442857142857142,2.013666666666667,0.04284453055972373,Medium Risk
2012-06-25,2.11,2.01,2.13,2.01,74.83,7.11,0.07106598984771573,1.97,2.0173333333333336,0.049413197695463304,Medium Risk
2012-06-26,2.14,2.14,2.14,2.14,1.31,1.42,0.014218009478673022,1.9814285714285713,2.0206666666666666,0.04355931253793169,Medium Risk
2012-06-27,2.14,2.08,2.08,2.08,0.13,0.0,0.0,2.0100000000000002,2.0243333333333333,0.033606337281195976,Medium Risk
2012-06-28,2.08,2.0,2.12,2.0,73.77,-2.8,-0.028037383177570097,2.0342857142857143,2.025666666666667,0.03574805137768572,Medium Risk
2012-07-02,2.04,2.11,2.11,2.02,115.27,-1.92,-0.019230769230769273,2.0599999999999996,2.025666666666667,0.034562604198929585,Medium Risk
2012-07-03,2.1,2.04,2.13,2.03,155.95,2.94,0.02941176470588247,2.0828571428571427,2.026666666666667,0.03299256599682338,Medium Risk
2012-07-04,2.07,2.07,2.07,2.07,4.36,-1.43,-0.014285714285714457,2.097142857142857,2.0260000000000002,0.034336909832754586,Medium Risk
2012-07-05,2.1,2.05,2.12,2.04,78.72,1.45,0.01449275362318847,2.095714285714286,2.0266666666666664,0.020958532730026454,Medium Risk
2012-07-08,2.08,2.13,2.13,2.07,10.02,-0.95,-0.00952380952380949,2.087142857142857,2.026666666666667,0.02008445004598703,Medium Risk
2012-07-09,2.05,1.99,2.07,1.99,6.76,-1.44,-0.014423076923077094,2.0742857142857143,2.0256666666666665,0.020357802650579463,Medium Risk
2012-07-10,2.04,2.02,2.09,2.02,2.62,-0.49,-0.004878048780487698,2.0685714285714285,2.025,0.017902325196644534,Low Risk
2012-07-11,2.07,2.07,2.07,2.07,0.87,1.47,0.014705882352941124,2.072857142857143,2.0273333333333334,0.017241614136509337,Low Risk
2012-07-12,2.04,2.07,2.07,2.02,32.12,-1.45,-0.01449275362318836,2.064285714285714,2.026333333333333,0.01321417380938054,Low Risk
2012-07-15,2.03,2.03,2.03,2.03,1.96,-0.49,-0.004901960784313819,2.0585714285714283,2.025333333333333,0.012457995426987105,Low Risk
2012-07-16,2.05,2.04,2.08,2.04,63.89,0.99,0.009852216748768461,2.051428571428571,2.0243333333333333,0.011474177178113857,Low Risk
2012-07-17,2.08,2.07,2.09,2.07,32.67,1.46,0.014634146341463428,2.051428571428571,2.0233333333333334,0.012866894355451101,Low Risk
2012-07-19,2.03,2.08,2.08,2.02,3.04,-2.4,-0.024038461538461675,2.0485714285714285,2.0233333333333334,0.015007332165452018,Low Risk
2012-07-22,2.03,2.07,2.07,2.07,0.3,0.0,0.0,2.0471428571428567,2.022666666666667,0.01492668077695782,Low Risk
2012-07-24,2.01,2.03,2.03,2.0,17.12,-0.99,-0.009852216748768461,2.0385714285714283,2.0253333333333337,0.013550669758262246,Low Risk
2012-07-26,2.07,1.97,2.08,1.97,57.91,2.99,0.029850746268656803,2.0428571428571427,2.0283333333333333,0.017638574410482947,Low Risk
2012-07-29,2.09,2.01,2.11,2.01,30.35,0.97,0.009661835748792313,2.051428571428571,2.032,0.01751692153520116,Low Risk
2012-07-30,2.11,2.08,2.12,2.08,46.58,0.96,0.009569377990430672,2.0599999999999996,2.037333333333333,0.01750230324748643,Low Risk
2012-07-31,2.16,2.08,2.18,2.08,84.71,2.37,0.02369668246445511,2.071428571428571,2.0443333333333333,0.01869223803893969,Low Risk
2012-08-01,2.18,2.18,2.19,2.18,23.08,0.93,0.0092592592592593,2.0928571428571425,2.0526666666666666,0.013391090167101783,Low Risk
2012-08-02,2.09,2.14,2.14,2.07,4.4,-4.13,-0.041284403669724856,2.1014285714285714,2.0536666666666665,0.023763814158178558,Medium Risk
2012-08-05,2.18,2.09,2.19,2.09,32.36,4.31,0.04306220095693791,2.125714285714286,2.0616666666666665,0.026703405739621554,Medium Risk
2012-08-06,2.13,2.13,2.13,2.13,3.01,-2.29,-0.022935779816513846,2.1342857142857143,2.069,0.028223665057646362,Medium Risk
2012-08-07,2.17,2.17,2.17,2.13,51.42,1.88,0.018779342723004744,2.1457142857142855,2.0793333333333335,0.028711373006612435,Medium Risk
2012-08-08,2.21,2.18,2.25,2.18,48.34,1.84,0.018433179723502224,2.16,2.0883333333333334,0.029101462862493467,Medium Risk
2012-08-09,2.21,2.2,2.22,2.17,63.15,0.0,0.0,2.1671428571428573,2.096333333333333,0.028200010754024347,Medium Risk
2012-08-13,2.21,2.14,2.22,2.14,52.72,0.0,0.0,2.1714285714285713,2.0996666666666663,0.028108212863824856,Medium Risk
2012-08-14,2.22,2.17,2.23,2.17,16.12,0.45,0.00452488687782826,2.19,2.102333333333333,0.02060174028314048,Medium Risk
2012-08-15,2.23,2.2,2.24,2.2,19.38,0.45,0.0045045045045044585,2.197142857142857,2.1053333333333333,0.014033676348041764,Low Risk
2012-08-16,2.25,2.25,2.25,2.24,23.78,0.9,0.008968609865470878,2.2142857142857144,2.1109999999999998,0.007939243611625648,Low Risk
2012-08-21,2.27,2.25,2.27,2.22,325.42,0.89,0.008888888888888946,2.2285714285714286,2.1186666666666665,0.006410668871020727,Low Risk
2012-08-22,2.23,2.22,2.25,2.22,4.39,-1.76,-0.017621145374449365,2.2314285714285713,2.1229999999999998,0.00911457965877229,Low Risk
2012-08-23,2.25,2.2,2.27,2.2,13.6,0.9,0.008968609865470878,2.237142857142857,2.129,0.00951888811121314,Low Risk
2012-08-26,2.29,2.27,2.3,2.26,68.14,1.78,0.017777777777777892,2.2485714285714287,2.1353333333333335,0.010969168245598453,Low Risk
2012-08-27,2.31,2.29,2.32,2.29,59.04,0.87,0.008733624454148492,2.261428571428571,2.143,0.011044625762969256,Low Risk
2012-08-28,2.3,2.32,2.32,2.27,28.17,-0.43,-0.0043290043290044045,2.2714285714285714,2.151333333333333,0.011695560627084255,Low Risk
2012-08-29,2.28,2.33,2.33,2.25,15.68,-0.87,-0.008695652173913104,2.275714285714286,2.1593333333333335,0.01244809186889525,Low Risk
2012-08-30,2.33,2.28,2.34,2.28,150.48,2.19,0.021929824561403688,2.2842857142857143,2.168,0.01446955221777874,Low Risk
2012-09-02,2.55,2.34,2.56,2.34,492.73,9.44,0.09442060085836901,2.3299999999999996,2.185,0.03466710323715305,Medium Risk
2012-09-03,2.77,2.64,2.8,2.6,950.26,8.63,0.0862745098039217,2.404285714285714,2.2096666666666662,0.04213886050610282,Medium Risk
2012-09-04,2.82,2.88,2.98,2.72,240.61,1.81,0.018050541516245522,2.48,2.2353333333333336,0.04212485668301448,Medium Risk
2012-09-05,2.7,2.73,2.73,2.63,173.19,-4.26,-0.04255319148936154,2.5357142857142856,2.2560000000000002,0.05029333842536882,High Risk
2012-09-06,2.65,2.7,2.7,2.62,115.44,-1.85,-0.0185185185185186,2.585714285714286,2.2766666666666664,0.05186726881110217,High Risk
2012-09-09,2.68,2.68,2.7,2.67,1.07,1.13,0.01132075471698113,2.642857142857143,2.2983333333333333,0.050453857504161356,High Risk
2012-09-10,2.72,2.7,2.78,2.7,486.44,1.49,0.014925373134328401,2.698571428571429,2.322,0.05058072344518819,High Risk
2012-09-11,2.77,2.76,2.84,2.72,106.3,1.84,0.018382352941176405,2.7300000000000004,2.3453333333333335,0.03980859098174024,Medium Risk
2012-09-12,2.84,2.82,2.85,2.8,361.92,2.53,0.025270758122743597,2.7400000000000007,2.3703333333333334,0.02484544112444185,Medium Risk
2012-09-16,2.79,2.85,2.85,2.76,27.96,-1.76,-0.017605633802816878,2.735714285714286,2.3930000000000002,0.025100160912112108,Medium Risk
2012-09-17,2.78,2.79,2.83,2.73,87.33,-0.36,-0.0035842293906810374,2.747142857142857,2.4136666666666664,0.01762089850679134,Low Risk
2012-09-18,2.76,2.8,2.8,2.76,213.77,-0.72,-0.007194244604316502,2.762857142857143,2.433,0.015576667405930998,Low Risk
2012-09-19,2.74,2.8,2.81,2.71,64.05,-0.72,-0.007246376811594013,2.7714285714285714,2.4546666666666663,0.016078613929283135,Low Risk
2012-09-20,2.84,2.76,2.92,2.76,726.08,3.65,0.03649635036496335,2.788571428571429,2.4766666666666666,0.020217334536923193,Medium Risk
2012-09-23,3.06,2.96,3.12,2.96,1.41,7.75,0.07746478873239449,2.8299999999999996,2.5076666666666667,0.0338258743668695,Medium Risk
2012-09-24,3.22,3.1,3.3,3.06,2.24,5.23,0.05228758169934644,2.884285714285714,2.542666666666667,0.03664363765279115,Medium Risk
2012-09-25,3.26,3.29,3.3,3.19,674.4,1.24,0.012422360248447006,2.9514285714285715,2.5776666666666666,0.03329527664222032,Medium Risk
2012-09-26,3.25,3.26,3.26,3.2,952.61,-0.31,-0.0030674846625766694,3.018571428571429,2.6123333333333334,0.03322714570204567,Medium Risk
2012-09-27,3.21,3.21,3.21,3.21,90.92,-1.23,-0.012307692307692353,3.0828571428571427,2.645666666666666,0.03404825684854105,Medium Risk
2012-09-30,3.24,3.19,3.27,3.06,439.02,0.93,0.009345794392523477,3.154285714285714,2.679666666666667,0.03217513663963455,Medium Risk
2012-10-01,3.07,3.08,3.08,3.07,5.01,-5.25,-0.05246913580246926,3.1871428571428573,2.707666666666667,0.04260300946357225,Medium Risk
2012-10-02,3.08,3.08,3.09,3.08,20.91,0.33,0.0032573289902280145,3.19,2.7353333333333336,0.031324514044905105,Medium Risk
2012-10-03,3.19,3.2,3.21,3.08,7.05,3.57,0.03571428571428559,3.185714285714286,2.7659999999999996,0.027185987870495677,Medium Risk
2012-10-04,3.12,3.1,3.2,3.1,8.28,-2.19,-0.021943573667711602,3.165714285714286,2.795666666666667,0.027456626018389208,Medium Risk
2012-10-08,3.1,3.11,3.11,3.1,6.32,-0.64,-0.0064102564102563875,3.144285714285714,2.824,0.027427710956776343,Medium Risk
2012-10-09,3.06,3.0,3.13,2.99,76.22,-1.29,-0.012903225806451646,3.1228571428571428,2.8496666666666663,0.027449997472245406,Medium Risk
2012-10-10,3.14,3.1,3.18,3.1,59.67,2.61,0.026143790849673332,3.108571428571429,2.877333333333333,0.02970632332670618,Medium Risk
2012-10-11,3.17,3.17,3.19,3.14,224.0,0.96,0.009554140127388422,3.1228571428571428,2.9063333333333334,0.020778674619444156,Medium Risk
2012-10-14,3.17,3.04,3.19,3.04,105.98,0.0,0.0,3.135714285714286,2.936,0.020854615111934018,Medium Risk
2012-10-15,3.19,3.1,3.19,3.1,42.32,0.63,0.006309148264984188,3.1357142857142857,2.9646666666666666,0.01583040024770023,Low Risk
2012-10-16,3.16,3.1,3.19,3.1,180.7,-0.94,-0.00940438871473348,3.141428571428571,2.985,0.013449801037763016,Low Risk
2012-10-17,3.21,3.21,3.22,3.09,114.05,1.58,0.015822784810126445,3.1571428571428575,2.999666666666667,0.01378174861324495,Low Risk
2012-10-18,3.15,3.2,3.2,3.14,39.2,-1.87,-0.01869158878504673,3.1699999999999995,3.0106666666666664,0.015146301584666951,Low Risk
2012-10-21,3.11,3.12,3.12,3.1,96.26,-1.27,-0.012698412698412764,3.165714285714285,3.024333333333333,0.012706058488942035,Low Risk
2012-10-22,3.08,3.14,3.19,3.08,130.65,-0.96,-0.009646302250803762,3.152857142857143,3.038666666666667,0.01202636705783583,Low Risk
2012-10-23,3.09,3.08,3.11,3.08,48.02,0.32,0.0032467532467532756,3.141428571428571,3.052333333333333,0.012268502786656968,Low Risk
2012-10-24,3.15,3.17,3.2,3.15,148.39,1.94,0.01941747572815533,3.1357142857142857,3.066666666666667,0.01477411148451078,Low Risk
2012-10-29,3.15,3.16,3.16,3.15,1.74,0.0,0.0,3.1342857142857143,3.0793333333333335,0.014379894538369992,Low Risk
2012-10-30,3.09,3.1,3.1,3.08,47.91,-1.9,-0.01904761904761909,3.117142857142857,3.0876666666666663,0.013868636860558838,Low Risk
2012-10-31,3.08,3.09,3.14,3.08,119.74,-0.32,-0.003236245954692518,3.107142857142857,3.097333333333333,0.012558176105738887,Low Risk
2012-11-01,3.08,3.08,3.08,3.08,172.47,0.0,0.0,3.102857142857143,3.1073333333333335,0.01184377912314516,Low Risk
2012-11-04,3.0,3.02,3.02,2.98,183.23,-2.6,-0.025974025974025983,3.0914285714285716,3.1153333333333335,0.014955146103774712,Low Risk
2012-11-05,3.0,2.99,3.07,2.99,19.16,0.0,0.0,3.0785714285714287,3.124,0.014754373625841624,Low Risk
2012-11-06,3.0,3.0,3.0,2.99,24.97,0.0,0.0,3.0571428571428574,3.1293333333333337,0.010918226014164712,Low Risk
2012-11-07,3.02,3.01,3.04,3.0,121.75,0.67,0.006666666666666599,3.0385714285714287,3.128,0.011869154604895103,Low Risk
2012-11-08,3.1,3.11,3.11,3.08,79.32,2.65,0.026490066225165476,3.04,3.124,0.015433008077558118,Low Risk
2012-11-11,3.04,3.03,3.05,3.03,8.71,-1.94,-0.01935483870967747,3.0342857142857147,3.1166666666666667,0.017196230363828613,Low Risk
2012-11-12,3.09,3.05,3.15,3.04,4.93,1.64,0.016447368421052655,3.0357142857142856,3.1113333333333335,0.018544238526685984,Low Risk
2012-11-13,3.05,3.05,3.05,3.05,43.78,-1.29,-0.012944983818770184,3.0428571428571423,3.1060000000000003,0.015895961238945277,Low Risk
2012-11-14,3.08,3.08,3.08,3.08,47.04,0.98,0.009836065573770592,3.0542857142857143,3.1006666666666667,0.016074753638036735,Low Risk
2012-11-18,2.98,3.04,3.04,2.94,39.2,-3.25,-0.032467532467532534,3.051428571428571,3.097666666666667,0.021235587605777914,Medium Risk
2012-11-19,2.98,2.98,2.98,2.94,51.86,0.0,0.0,3.045714285714286,3.094333333333333,0.02099508041586655,Medium Risk
2012-11-20,3.06,3.09,3.09,3.05,30.49,2.68,0.02684563758389258,3.0399999999999996,3.0900000000000003,0.021074967277993524,Medium Risk
2012-11-21,3.12,3.1,3.15,3.1,237.74,1.96,0.019607843137254832,3.051428571428571,3.0900000000000003,0.02076645035281964,Medium Risk
2012-11-22,2.99,3.0,3.14,2.98,33.06,-4.17,-0.04166666666666663,3.037142857142857,3.0863333333333336,0.025898196589493612,Medium Risk
2012-11-25,2.7,2.7,2.72,2.7,59.02,-9.7,-0.09698996655518399,2.9871428571428575,3.0743333333333336,0.04380896722593121,Medium Risk
2012-11-26,2.79,2.91,2.91,2.78,4.79,3.33,0.033333333333333215,2.9457142857142857,3.062666666666667,0.046942846221732885,Medium Risk
2012-11-27,2.82,2.76,2.84,2.73,11.28,1.08,0.010752688172043001,2.922857142857143,3.051,0.046805093601502125,Medium Risk
2012-11-28,2.67,2.77,2.77,2.59,10.02,-5.32,-0.05319148936170215,2.8785714285714286,3.0343333333333335,0.049729570721983314,Medium Risk
2012-11-29,2.53,2.55,2.55,2.51,215.27,-5.24,-0.05243445692883897,2.802857142857143,3.0123333333333333,0.04773917461666645,Medium Risk
2012-12-02,2.53,2.61,2.61,2.54,3.27,0.0,0.0,2.718571428571429,2.991333333333334,0.04513513013121001,Medium Risk
2012-12-03,2.53,2.55,2.64,2.5,15.0,0.0,0.0,2.652857142857143,2.9686666666666666,0.045866191624599637,Medium Risk
2012-12-04,2.53,2.53,2.66,2.52,800.65,0.0,0.0,2.6285714285714286,2.9480000000000004,0.032312059245684345,Medium Risk
2012-12-06,2.59,2.42,2.63,2.42,15.03,2.37,0.02371541501976293,2.6,2.9306666666666668,0.030368293910126555,Medium Risk
2012-12-09,2.59,2.59,2.59,2.55,343.81,0.0,0.0,2.567142857142857,2.914333333333333,0.029390052954238483,Medium Risk
2012-12-10,2.59,2.57,2.62,2.57,1.52,0.0,0.0,2.5557142857142856,2.897666666666667,0.023072230738588943,Medium Risk
2012-12-11,2.56,2.56,2.56,2.55,4.79,-1.16,-0.01158301158301156,2.5599999999999996,2.878,0.010610994135789024,Low Risk
2012-12-12,2.69,2.68,2.73,2.64,139.37,5.08,0.05078125,2.5828571428571427,2.8626666666666667,0.021251963013207684,Medium Risk
2012-12-13,2.62,2.55,2.7,2.54,86.02,-2.6,-0.026022304832713727,2.595714285714286,2.847,0.025026846427767827,Medium Risk
2012-12-16,2.73,2.69,2.76,2.69,20.61,4.2,0.041984732824427384,2.624285714285714,2.8353333333333333,0.02836201671992121,Medium Risk
2012-12-19,2.7,2.76,2.85,2.62,70.12,-1.1,-0.01098901098901095,2.64,2.822666666666666,0.02885251121008474,Medium Risk
2012-12-20,2.74,2.66,2.86,2.66,1.6,1.48,0.014814814814814836,2.6614285714285715,2.8139999999999996,0.028855845974161028,Medium Risk
2012-12-23,2.8,2.77,2.87,2.76,15.16,2.19,0.021897810218977964,2.6914285714285713,2.8073333333333332,0.028976776030084386,Medium Risk
2012-12-25,2.8,2.8,2.87,2.77,962.54,0.0,0.0,2.725714285714286,2.8006666666666664,0.02773958521366185,Medium Risk
2012-12-26,2.79,2.77,2.84,2.77,6.18,-0.36,-0.0035714285714284477,2.7399999999999998,2.7929999999999997,0.022601078397686495,Medium Risk
2012-12-27,2.87,2.84,2.89,2.84,25.91,2.87,0.028673835125448077,2.7757142857142862,2.7853333333333334,0.0190912934478986,Low Risk
2012-12-30,2.81,2.9,2.91,2.77,450.78,-2.09,-0.020905923344947785,2.7871428571428574,2.7776666666666667,0.01809173516043925,Low Risk
2012-12-31,2.75,2.78,2.78,2.71,562.28,-2.14,-0.02135231316725983,2.794285714285714,2.7663333333333333,0.019884153416868527,Low Risk
2013-01-02,2.76,2.76,2.78,2.75,542.03,0.36,0.0036363636363636598,2.7971428571428567,2.7566666666666664,0.019194756106250307,Low Risk
2013-01-03,2.77,2.78,2.78,2.77,12.11,0.36,0.0036231884057971175,2.792857142857143,2.7463333333333333,0.017030769035724876,Low Risk
2013-01-06,2.77,2.77,2.78,2.76,49.46,0.0,0.0,2.7885714285714287,2.739333333333333,0.017030769035724876,Low Risk
2013-01-08,2.78,2.76,2.78,2.76,42.78,0.36,0.0036101083032489267,2.787142857142857,2.732666666666667,0.017095313269554654,Low Risk
2013-01-09,2.77,2.78,2.79,2.77,33.93,-0.36,-0.003597122302158251,2.7728571428571422,2.723,0.011331701108883369,Low Risk
2013-01-10,2.76,2.77,2.77,2.76,1.16,-0.36,-0.0036101083032491488,2.7657142857142856,2.711,0.008912279891050978,Low Risk
2013-01-13,2.81,2.78,2.84,2.78,2.9,1.81,0.018115942028985588,2.774285714285714,2.705,0.007368697993096719,Low Risk
2013-01-14,2.77,2.76,2.82,2.76,22.51,-1.42,-0.014234875444839923,2.775714285714286,2.707333333333333,0.00983845151491211,Low Risk
2013-01-15,2.78,2.8,2.8,2.76,67.76,0.36,0.0036101083032489267,2.7771428571428567,2.707,0.009837773581042427,Low Risk
2013-01-16,2.8,2.76,2.82,2.76,33.43,0.72,0.007194244604316502,2.781428571428571,2.7063333333333333,0.010141086325647511,Low Risk
2013-01-17,2.78,2.82,2.82,2.77,45.74,-0.71,-0.0071428571428571175,2.781428571428571,2.71,0.01058761530425558,Low Risk
2013-01-20,2.76,2.76,2.76,2.69,2.1,-0.72,-0.007194244604316502,2.78,2.7176666666666667,0.010877343583949125,Low Risk
2013-01-21,2.75,2.75,2.75,2.75,4.36,-0.36,-0.0036231884057970065,2.7785714285714285,2.725,0.010877974831498083,Low Risk
2013-01-22,2.73,2.73,2.73,2.73,16.55,-0.73,-0.0072727272727273196,2.7671428571428573,2.7316666666666665,0.007289811594661938,Low Risk
2013-01-23,2.76,2.75,2.76,2.75,189.03,1.1,0.01098901098901095,2.7657142857142856,2.739333333333333,0.007666549049064718,Low Risk
2013-01-27,2.76,2.76,2.76,2.76,11.98,0.0,0.0,2.762857142857143,2.745,0.0074633913239590425,Low Risk
2013-01-28,2.76,2.74,2.76,2.73,339.23,0.0,0.0,2.7571428571428567,2.7506666666666666,0.006590036051690871,Low Risk
2013-01-29,2.68,2.71,2.76,2.57,50.65,-2.9,-0.02898550724637672,2.7428571428571424,2.7536666666666667,0.012197403754889789,Low Risk
2013-01-30,2.68,2.76,2.76,2.76,3.48,0.0,0.0,2.7314285714285718,2.7576666666666663,0.012299627245515254,Low Risk
2013-01-31,2.67,2.68,2.69,2.66,6.0,-0.37,-0.003731343283582156,2.7199999999999998,2.7569999999999997,0.012298956079580623,Low Risk
2013-02-03,2.73,2.73,2.73,2.73,14.28,2.25,0.022471910112359605,2.7199999999999998,2.760666666666667,0.015704291176143182,Low Risk
2013-02-04,2.72,2.73,2.73,2.71,71.02,-0.37,-0.003663003663003539,2.7142857142857144,2.7603333333333335,0.014971383291839998,Low Risk
2013-02-05,2.75,2.69,2.76,2.67,712.54,1.1,0.011029411764705843,2.7128571428571426,2.762,0.015774193639924716,Low Risk
2013-02-06,2.73,2.64,2.76,2.64,50.7,-0.73,-0.0072727272727273196,2.7085714285714286,2.761666666666667,0.0159807500125826,Low Risk
2013-02-07,2.75,2.74,2.76,2.72,46.82,0.73,0.0073260073260073,2.718571428571429,2.76,0.010510094900134123,Low Risk
2013-02-10,2.75,2.69,2.72,2.69,3.21,0.0,0.0,2.728571428571428,2.7583333333333333,0.010510094900134123,Low Risk
2013-02-11,2.73,2.71,2.75,2.71,39.17,-0.73,-0.0072727272727273196,2.737142857142857,2.756333333333333,0.011003182518774739,Low Risk
2013-02-12,2.76,2.75,2.8,2.75,54.31,1.1,0.01098901098901095,2.7414285714285715,2.752666666666667,0.008140062386015709,Low Risk
2013-02-13,2.76,2.76,2.76,2.76,17.64,0.0,0.0,2.7471428571428573,2.751,0.007858908925594365,Low Risk
2013-02-14,2.73,2.76,2.76,2.73,47.91,-1.09,-0.010869565217391242,2.744285714285714,2.750333333333333,0.008074237697050249,Low Risk
2013-02-17,2.71,2.71,2.72,2.7,16.85,-0.73,-0.0073260073260073,2.7414285714285715,2.748666666666667,0.00808114286198104,Low Risk
2013-02-18,2.71,2.73,2.73,2.71,45.24,0.0,0.0,2.7357142857142853,2.7466666666666666,0.007251652498128016,Low Risk
2013-02-19,2.7,2.7,2.7,2.7,10.89,-0.37,-0.0036900369003689537,2.7285714285714286,2.744333333333333,0.007210230000759279,Low Risk
2013-02-20,2.7,2.7,2.7,2.7,20.52,0.0,0.0,2.724285714285714,2.7416666666666667,0.006942985678442746,Low Risk
2013-02-21,2.73,2.74,2.75,2.7,10.64,1.11,0.011111111111111072,2.7199999999999998,2.7403333333333335,0.006979812970472025,Low Risk
2013-02-24,2.69,2.69,2.69,2.69,13.07,-1.47,-0.014652014652014711,2.71,2.738,0.008477561598570023,Low Risk
2013-02-25,2.69,2.67,2.67,2.67,2.18,0.0,0.0,2.704285714285714,2.734,0.007907306485251694,Low Risk
2013-02-26,2.69,2.69,2.73,2.69,5.18,0.0,0.0,2.7014285714285715,2.731333333333333,0.007575015906034914,Low Risk
2013-02-28,2.69,2.68,2.73,2.68,0.7,0.0,0.0,2.698571428571429,2.728333333333333,0.007575015906034914,Low Risk
2013-03-04,2.64,2.65,2.65,2.48,39.29,-1.86,-0.018587360594795488,2.69,2.723,0.01011333161618002,Low Risk
2013-03-05,2.64,2.53,2.53,2.53,0.65,0.0,0.0,2.6814285714285715,2.7183333333333333,0.01011333161618002,Low Risk
2013-03-06,2.62,2.62,2.7,2.53,9.58,-0.76,-0.007575757575757569,2.665714285714286,2.7136666666666667,0.007953840347231607,Low Risk
2013-03-07,2.64,2.7,2.73,2.59,1.49,0.76,0.007633587786259444,2.6585714285714284,2.71,0.008287587790619676,Low Risk
2013-03-10,2.64,2.54,2.7,2.54,2.33,0.0,0.0,2.6514285714285717,2.7070000000000003,0.008287587790619676,Low Risk
2013-03-11,2.61,2.64,2.7,2.54,11.04,-1.14,-0.011363636363636465,2.64,2.702,0.00878093223185929,Low Risk
2013-03-13,2.64,2.65,2.65,2.57,47.69,1.15,0.011494252873563315,2.632857142857143,2.698,0.010599086558187951,Low Risk
2013-03-14,2.64,2.64,2.7,2.64,4.82,0.0,0.0,2.632857142857143,2.6940000000000004,0.007925788842935405,Low Risk
2013-03-18,2.64,2.64,2.64,2.64,15.1,0.0,0.0,2.632857142857143,2.6926666666666668,0.007925788842935405,Low Risk
2013-03-20,2.64,2.64,2.66,2.64,39.63,0.0,0.0,2.6357142857142857,2.6913333333333336,0.007198494109657601,Low Risk
2013-03-21,2.64,2.6,2.67,2.6,1.26,0.0,0.0,2.6357142857142857,2.6903333333333337,0.006598581202138592,Low Risk
2013-03-24,2.59,2.6,2.67,2.58,10.56,-1.89,-0.018939393939394034,2.628571428571429,2.6856666666666666,0.009741766920540093,Low Risk
2013-03-25,2.66,2.67,2.69,2.63,10.68,2.7,0.027027027027027195,2.635714285714286,2.683666666666667,0.013943338155882591,Low Risk
2013-03-26,2.64,2.64,2.65,2.64,30.49,-0.75,-0.007518796992481258,2.635714285714286,2.68,0.013818145775249124,Low Risk
2013-03-27,2.67,2.64,2.69,2.64,422.9,1.14,0.011363636363636243,2.64,2.678,0.014459626639561404,Low Risk
2013-03-28,2.65,2.64,2.66,2.64,21.91,-0.75,-0.0074906367041198685,2.641428571428571,2.6746666666666665,0.014877928018402056,Low Risk
2013-03-31,2.64,2.64,2.64,2.61,10.02,-0.38,-0.0037735849056602655,2.641428571428571,2.671,0.014972815140739202,Low Risk
2013-04-01,2.56,2.6,2.6,2.53,36.37,-3.03,-0.030303030303030276,2.63,2.6653333333333338,0.01887674308618735,Low Risk
2013-04-02,2.53,2.53,2.53,2.53,30.81,-1.17,-0.011718750000000111,2.6214285714285714,2.6576666666666666,0.01812138038378303,Low Risk
2013-04-03,2.53,2.53,2.53,2.53,40.51,0.0,0.0,2.6028571428571428,2.65,0.012664996308289914,Low Risk
2013-04-04,2.53,2.53,2.55,2.53,67.51,0.0,0.0,2.587142857142857,2.6433333333333335,0.012935837250197122,Low Risk
2013-04-07,2.53,2.54,2.54,2.53,6.15,0.0,0.0,2.567142857142857,2.6373333333333333,0.010956915949062588,Low Risk
2013-04-09,2.53,2.53,2.58,2.53,0.44,0.0,0.0,2.55,2.631333333333333,0.011330199170742832,Low Risk
2013-04-10,2.64,2.58,2.64,2.58,9.92,4.35,0.04347826086956541,2.55,2.6293333333333333,0.022157236844133114,Medium Risk
2013-04-11,2.72,2.71,2.72,2.67,11.18,3.03,0.030303030303030276,2.5728571428571425,2.6300000000000003,0.01998211962078609,Low Risk
2013-04-14,2.68,2.72,2.73,2.67,99.56,-1.47,-0.014705882352941235,2.5942857142857143,2.628333333333333,0.020519657590059553,Medium Risk
2013-04-15,2.64,2.64,2.64,2.62,2.48,-1.49,-0.014925373134328401,2.61,2.6266666666666665,0.02224560535430826,Medium Risk
2013-04-16,2.64,2.64,2.64,2.64,5.0,0.0,0.0,2.6257142857142854,2.625,0.02224560535430826,Medium Risk
2013-04-17,2.64,2.71,2.71,2.62,11.22,0.0,0.0,2.641428571428572,2.6233333333333335,0.02224560535430826,Medium Risk
2013-04-18,2.66,2.66,2.66,2.66,4.14,0.76,0.007575757575757569,2.66,2.622333333333333,0.02207121854620268,Medium Risk
2013-04-21,2.56,2.66,2.66,2.53,107.12,-3.76,-0.03759398496240607,2.648571428571429,2.619666666666667,0.021232728594908865,Medium Risk
2013-04-22,2.43,2.43,2.44,2.41,6.1,-5.08,-0.05078125,2.607142857142857,2.612666666666667,0.02139442936402246,Medium Risk
2013-04-23,2.41,2.41,2.41,2.41,95.07,-0.82,-0.008230452674897082,2.5685714285714285,2.6056666666666666,0.021587524426776892,Medium Risk
2013-04-24,2.41,2.41,2.43,2.41,28.31,0.0,0.0,2.5357142857142856,2.598,0.022304120978511272,Medium Risk
2013-04-28,2.31,2.31,2.32,2.3,6.47,-4.15,-0.04149377593361003,2.488571428571429,2.587,0.02382272066689653,Medium Risk
2013-04-29,2.4,2.3,2.46,2.3,160.03,3.9,0.03896103896103886,2.454285714285714,2.58,0.032039550918929176,Medium Risk
2013-04-30,2.41,2.41,2.47,2.41,210.2,0.42,0.004166666666666874,2.4185714285714286,2.5723333333333334,0.03169732180930393,Medium Risk
2013-05-07,2.41,2.42,2.43,2.27,405.92,0.0,0.0,2.3971428571428572,2.5646666666666667,0.030092128717759094,Medium Risk
2013-05-08,2.43,2.41,2.43,2.41,54.97,0.83,0.008298755186721962,2.3971428571428572,2.557666666666667,0.023781129970619885,Medium Risk
2013-05-09,2.42,2.45,2.45,2.41,43.85,-0.41,-0.004115226337448652,2.398571428571429,2.550333333333333,0.023586814274051748,Medium Risk
2013-05-12,2.39,2.33,2.41,2.33,6.58,-1.24,-0.012396694214875992,2.3957142857142864,2.542,0.02411899596801946,Medium Risk
2013-05-13,2.41,2.41,2.44,2.41,28.92,0.84,0.008368200836819994,2.41,2.5360000000000005,0.016213188830559624,Low Risk
2013-05-14,2.41,2.41,2.41,2.41,0.49,0.0,0.0,2.411428571428572,2.5276666666666667,0.007350761760863382,Low Risk
2013-05-15,2.44,2.41,2.48,2.41,132.21,1.24,0.012448132780082943,2.415714285714286,2.521,0.008580732687557081,Low Risk
2013-05-16,2.52,2.44,2.55,2.44,459.86,3.28,0.032786885245901676,2.4314285714285715,2.516,0.014405569927660624,Low Risk
2013-05-19,2.52,2.5,2.5,2.5,1.31,0.0,0.0,2.4442857142857144,2.511666666666667,0.01457187920528871,Low Risk
2013-05-20,2.52,2.52,2.52,2.48,202.74,0.0,0.0,2.4585714285714286,2.5076666666666667,0.014207230714562315,Low Risk
2013-05-21,2.52,2.48,2.48,2.48,0.35,0.0,0.0,2.4771428571428573,2.506333333333333,0.012175730545337932,Low Risk
2013-05-22,2.54,2.51,2.57,2.51,344.76,0.79,0.007936507936507908,2.4957142857142856,2.506666666666667,0.012172624351458597,Low Risk
2013-05-23,2.54,2.54,2.55,2.53,61.98,0.0,0.0,2.5142857142857147,2.5069999999999997,0.012172624351458597,Low Risk
2013-05-26,2.53,2.53,2.53,2.53,16.55,-0.39,-0.003937007874015852,2.527142857142857,2.5069999999999997,0.012650087605024323,Low Risk
2013-05-27,2.53,2.53,2.53,2.53,4.36,0.0,0.0,2.5285714285714285,2.5069999999999997,0.003563777169004823,Low Risk
2013-05-28,2.53,2.53,2.53,2.53,229.53,0.0,0.0,2.5300000000000002,2.507,0.003563777169004823,Low Risk
2013-05-29,2.57,2.53,2.62,2.53,99.44,1.58,0.015810276679841806,2.537142857142857,2.5046666666666666,0.006737853287591025,Low Risk
2013-05-30,2.7,2.61,2.76,2.61,547.91,5.06,0.05058365758754868,2.562857142857143,2.5039999999999996,0.019058106994650204,Low Risk
2013-06-02,2.7,2.54,2.74,2.54,3.31,0.0,0.0,2.5857142857142854,2.5046666666666666,0.019437525934990978,Low Risk
2013-06-04,2.54,2.54,2.54,2.54,54.05,-5.93,-0.059259259259259345,2.585714285714286,2.5013333333333336,0.03249197433615774,Medium Risk
2013-06-05,2.53,2.54,2.54,2.46,536.45,-0.39,-0.003937007874015852,2.5857142857142854,2.497666666666667,0.03249197433615774,Medium Risk
2013-06-06,2.48,2.48,2.48,2.47,559.86,-1.98,-0.019762845849802257,2.5785714285714287,2.4923333333333333,0.03338462830790173,Medium Risk
2013-06-09,2.31,2.31,2.31,2.31,10.02,-6.85,-0.06854838709677413,2.5471428571428567,2.4806666666666666,0.041614059775038056,Medium Risk
2013-06-10,2.31,2.31,2.32,2.31,2.57,0.0,0.0,2.5100000000000002,2.4723333333333333,0.04024969740832353,Medium Risk
2013-06-11,2.31,2.31,2.32,2.31,1.58,0.0,0.0,2.454285714285714,2.4683333333333333,0.02982558682606812,Medium Risk
2013-06-13,2.3,2.3,2.3,2.3,13.1,-0.43,-0.0043290043290044045,2.3971428571428572,2.4646666666666666,0.029342981988580374,Medium Risk
2013-06-16,2.2,2.25,2.3,2.15,6.38,-4.35,-0.04347826086956508,2.3485714285714288,2.457666666666667,0.026494748682449734,Medium Risk
2013-06-17,2.3,2.27,2.35,2.27,34.77,4.55,0.04545454545454519,2.315714285714286,2.457333333333333,0.036263819656227325,Medium Risk
2013-06-18,2.28,2.25,2.34,2.25,13.94,-0.87,-0.008695652173913104,2.2871428571428574,2.453333333333333,0.03615849112582844,Medium Risk
2013-06-23,2.3,2.2,2.3,2.19,14.42,0.88,0.00877192982456143,2.2857142857142856,2.4496666666666664,0.026226691099338107,Medium Risk
2013-06-24,2.18,2.18,2.18,2.18,103.05,-5.22,-0.05217391304347807,2.267142857142857,2.442,0.03272701415199248,Medium Risk
2013-06-25,2.18,2.18,2.18,2.18,620.83,0.0,0.0,2.248571428571428,2.4336666666666664,0.03272701415199248,Medium Risk
2013-06-26,2.18,2.34,2.34,2.34,0.44,0.0,0.0,2.2314285714285718,2.425666666666667,0.032843758028827906,Medium Risk
2013-06-27,2.08,2.2,2.2,2.07,812.86,-4.59,-0.04587155963302758,2.2142857142857144,2.4153333333333338,0.03329420428358482,Medium Risk
2013-06-30,2.08,2.03,2.12,2.03,150.88,0.0,0.0,2.182857142857143,2.404333333333333,0.024521217712842134,Medium Risk
2013-07-02,2.19,2.18,2.23,2.17,1.12,5.29,0.05288461538461542,2.1700000000000004,2.397,0.03538097798602561,Medium Risk
2013-07-03,2.16,2.08,2.2,2.07,36.7,-1.37,-0.013698630136986245,2.15,2.3876666666666666,0.034918553576147975,Medium Risk
2013-07-04,2.37,2.34,2.37,2.34,355.6,9.72,0.0972222222222221,2.177142857142857,2.3826666666666667,0.04720489376907496,Medium Risk
2013-07-07,2.31,2.31,2.32,2.31,13.94,-2.53,-0.025316455696202556,2.1957142857142857,2.3756666666666666,0.049284971983469913,Medium Risk
2013-07-08,2.24,2.27,2.3,2.14,31.6,-3.03,-0.030303030303030276,2.2042857142857146,2.366333333333333,0.05151993055262137,High Risk
2013-07-09,2.36,2.41,2.41,2.3,38.62,5.36,0.05357142857142838,2.244285714285714,2.3609999999999998,0.048796755443897076,Medium Risk
2013-07-10,2.39,2.39,2.45,2.39,4.97,1.27,0.01271186440677985,2.2885714285714287,2.356,0.048196224244506286,Medium Risk
2013-07-11,2.31,2.39,2.39,2.3,66.48,-3.35,-0.03347280334728031,2.3057142857142856,2.3483333333333336,0.04970633541054553,Medium Risk
2013-07-14,2.31,2.31,2.31,2.3,24.35,0.0,0.0,2.327142857142857,2.341,0.04894253127402928,Medium Risk
2013-07-15,2.31,2.3,2.3,2.25,1.07,0.0,0.0,2.3185714285714285,2.333666666666667,0.030650701788461715,Medium Risk
2013-07-16,2.29,2.3,2.34,2.19,33.78,-0.87,-0.008658008658008698,2.315714285714286,2.3256666666666663,0.029268152770812742,Medium Risk
2013-07-17,2.32,2.3,2.32,2.3,248.63,1.31,0.013100436681222627,2.327142857142857,2.3173333333333335,0.026458288894309408,Medium Risk
2013-07-18,2.32,2.3,2.33,2.3,9.39,0.0,0.0,2.3214285714285716,2.304666666666667,0.015761560014585542,Low Risk
2013-07-21,2.4,2.38,2.41,2.38,46.37,3.45,0.034482758620689724,2.3228571428571425,2.2946666666666666,0.020622903266953502,Medium Risk
2013-07-22,2.51,2.48,2.53,2.48,26.13,4.58,0.04583333333333339,2.3514285714285714,2.2936666666666667,0.02045340627304734,Medium Risk
2013-07-24,2.44,2.53,2.53,2.41,42.4,-2.79,-0.027888446215139417,2.37,2.2906666666666666,0.02533796146395021,Medium Risk
2013-07-28,2.42,2.44,2.44,2.41,6.53,-0.82,-0.008196721311475419,2.3857142857142857,2.288666666666667,0.025957809156660804,Medium Risk
2013-07-29,2.42,2.43,2.43,2.43,0.87,0.0,0.0,2.404285714285714,2.292333333333333,0.025287589858480918,Medium Risk
2013-07-30,2.44,2.44,2.45,2.43,10.76,0.83,0.008264462809917328,2.4214285714285713,2.296666666666667,0.025196981608342033,Medium Risk
2013-07-31,2.46,2.45,2.53,2.43,63.1,0.82,0.008196721311475308,2.4414285714285713,2.3016666666666667,0.024979910201376306,Medium Risk
2013-08-01,2.47,2.52,2.52,2.44,15.37,0.41,0.004065040650406582,2.4514285714285715,2.3073333333333332,0.022236322218102837,Medium Risk
2013-08-04,2.56,2.55,2.58,2.55,43.28,3.64,0.036437246963562764,2.4585714285714286,2.3193333333333332,0.019418053623594042,Low Risk
2013-08-05,2.6,2.62,2.62,2.55,16.3,1.56,0.015625,2.4814285714285718,2.329333333333333,0.014134377449465545,Low Risk
2013-08-06,2.56,2.55,2.57,2.53,173.82,-1.54,-0.015384615384615441,2.501428571428572,2.3386666666666667,0.015774681100318582,Low Risk
2013-08-07,2.59,2.59,2.59,2.59,461.21,1.17,0.01171875,2.525714285714286,2.3483333333333336,0.015379766320023178,Low Risk
2013-08-12,2.59,2.61,2.62,2.57,499.15,0.0,0.0,2.5471428571428567,2.362,0.01583198147817559,Low Risk
2013-08-13,2.62,2.62,2.67,2.59,3.12,1.16,0.011583011583011782,2.5700000000000003,2.3766666666666665,0.015866968587855027,Low Risk
2013-08-14,2.62,2.59,2.63,2.59,1.52,0.0,0.0,2.5914285714285716,2.3913333333333333,0.016155817970845893,Low Risk
2013-08-18,2.57,2.57,2.57,2.57,4.36,-1.91,-0.019083969465648942,2.592857142857143,2.4076666666666666,0.013624003515478227,Low Risk
2013-08-20,2.53,2.62,2.62,2.53,72.06,-1.56,-0.015564202334630406,2.5828571428571427,2.4226666666666663,0.01299067413699896,Low Risk
2013-08-21,2.53,2.53,2.53,2.53,1.7,0.0,0.0,2.5785714285714287,2.4339999999999997,0.011969029261665416,Low Risk
2013-08-22,2.58,2.53,2.6,2.53,57.77,1.98,0.01976284584980248,2.577142857142857,2.448,0.01372115532748276,Low Risk
2013-08-25,2.58,2.58,2.59,2.56,55.27,0.0,0.0,2.575714285714286,2.455,0.01372115532748276,Low Risk
2013-08-26,2.58,2.58,2.61,2.57,22.3,0.0,0.0,2.57,2.464,0.012684367580085572,Low Risk
2013-08-27,2.51,2.58,2.58,2.5,49.89,-2.71,-0.027131782945736593,2.5542857142857143,2.473,0.015710615616018626,Low Risk
2013-08-28,2.55,2.5,2.55,2.48,804.91,1.59,0.015936254980079667,2.551428571428571,2.479333333333334,0.016410964671591182,Low Risk
2013-08-29,2.59,2.59,2.59,2.56,95.28,1.57,0.015686274509803866,2.5599999999999996,2.4859999999999998,0.01603482320924995,Low Risk
2013-09-01,2.5,2.54,2.57,2.48,40.51,-3.47,-0.03474903474903468,2.5557142857142856,2.4923333333333333,0.021673663890543295,Medium Risk
2013-09-02,2.53,2.49,2.53,2.49,13.47,1.2,0.01200000000000001,2.5485714285714285,2.4996666666666667,0.020575182901440642,Medium Risk
2013-09-03,2.48,2.49,2.52,2.48,180.61,-1.98,-0.019762845849802257,2.5342857142857143,2.505333333333333,0.021493050563420903,Medium Risk
2013-09-04,2.49,2.5,2.5,2.48,60.98,0.4,0.0040322580645162365,2.5214285714285714,2.512,0.021715765627619562,Medium Risk
2013-09-05,2.53,2.49,2.53,2.49,143.93,1.61,0.016064257028112205,2.524285714285714,2.5189999999999997,0.020429953968285723,Medium Risk
2013-09-08,2.53,2.53,2.53,2.53,302.16,0.0,0.0,2.5214285714285714,2.5260000000000002,0.019390614106288076,Low Risk
2013-09-09,2.53,2.53,2.53,2.53,1.45,0.0,0.0,2.512857142857143,2.530333333333333,0.018002808012772684,Low Risk
2013-09-10,2.54,2.55,2.58,2.51,30.58,0.4,0.0039525691699606735,2.5185714285714282,2.531333333333334,0.01145004138586232,Low Risk
2013-09-11,2.53,2.53,2.53,2.52,1.37,-0.39,-0.003937007874015852,2.5185714285714282,2.534333333333333,0.010770290509482972,Low Risk
2013-09-12,2.53,2.53,2.53,2.53,19.67,0.0,0.0,2.525714285714286,2.5379999999999994,0.0064246556965219075,Low Risk
2013-09-15,2.53,2.53,2.58,2.53,0.65,0.0,0.0,2.531428571428571,2.5416666666666665,0.006483902701204566,Low Risk
2013-09-16,2.54,2.53,2.55,2.53,1.04,0.4,0.0039525691699606735,2.5328571428571425,2.545,0.002723239493392368,Low Risk
2013-09-17,2.6,2.55,2.7,2.55,1.94,2.36,0.023622047244094446,2.5428571428571423,2.5496666666666665,0.009092133394094435,Low Risk
2013-09-18,2.64,2.64,2.7,2.6,25.09,1.54,0.01538461538461533,2.5585714285714287,2.555333333333333,0.009811556795826334,Low Risk
2013-09-19,2.62,2.6,2.64,2.6,24.83,-0.76,-0.007575757575757569,2.5700000000000003,2.5573333333333332,0.011120055731853786,Low Risk
2013-09-23,2.64,2.64,2.64,2.64,897.21,0.76,0.007633587786259444,2.585714285714286,2.558666666666667,0.010500964695485568,Low Risk
2013-09-24,2.64,2.59,2.76,2.59,3.83,0.0,0.0,2.6014285714285714,2.5613333333333332,0.010500964695485568,Low Risk
2013-09-25,2.64,2.71,2.71,2.63,19.67,0.0,0.0,2.617142857142857,2.563,0.010500964695485568,Low Risk
2013-09-26,2.72,2.7,2.76,2.62,138.66,3.03,0.030303030303030276,2.642857142857143,2.567333333333333,0.013791406188049107,Low Risk
2013-09-29,2.72,2.66,2.66,2.66,2.18,0.0,0.0,2.66,2.570666666666667,0.012725787509324137,Low Risk
2013-09-30,2.74,2.67,2.76,2.67,250.84,0.74,0.007352941176470562,2.674285714285714,2.5746666666666664,0.0121436748633889,Low Risk
2013-10-01,2.76,2.76,2.81,2.74,447.43,0.73,0.007299270072992581,2.6942857142857144,2.581,0.01071452929641711,Low Risk
2013-10-02,2.75,2.76,2.76,2.69,94.6,-0.36,-0.0036231884057970065,2.71,2.5883333333333334,0.01150867682381586,Low Risk
2013-10-03,2.76,2.75,2.81,2.75,43.55,0.36,0.0036363636363636598,2.7271428571428578,2.5960000000000005,0.011277481847732106,Low Risk
2013-10-07,2.75,2.76,2.76,2.74,5.75,-0.36,-0.0036231884057970065,2.7428571428571433,2.601666666666667,0.011696814915123173,Low Risk
2013-10-08,2.76,2.76,2.76,2.76,82.09,0.36,0.0036363636363636598,2.748571428571428,2.6076666666666664,0.004641593335282765,Low Risk
2013-10-09,2.9,2.76,2.98,2.76,2.99,5.07,0.050724637681159424,2.774285714285714,2.618333333333333,0.01880581728855035,Low Risk
2013-10-10,3.02,3.01,3.03,2.92,2.33,4.14,0.04137931034482767,2.8142857142857145,2.6353333333333335,0.022281894494294338,Medium Risk
2013-10-13,3.07,3.02,3.08,2.98,649.63,1.66,0.01655629139072845,2.858571428571428,2.6526666666666667,0.02207754887759679,Medium Risk
2013-10-20,3.05,3.06,3.06,2.98,218.21,-0.65,-0.006514657980456029,2.9014285714285712,2.668,0.022518205949932722,Medium Risk
2013-10-21,2.99,3.0,3.04,2.98,1.04,-1.97,-0.01967213114754085,2.934285714285714,2.6843333333333335,0.02595870093633596,Medium Risk
2013-10-22,2.98,2.99,2.99,2.78,581.7,-0.33,-0.0033444816053512794,2.9671428571428566,2.6993333333333336,0.025931330598307024,Medium Risk
2013-10-23,2.98,2.98,2.98,2.9,987.06,0.0,0.0,2.998571428571428,2.716,0.026158112937424476,Medium Risk
2013-10-24,2.98,2.88,2.98,2.88,11.01,0.0,0.0,3.0100000000000002,2.7323333333333335,0.01962871695634225,Low Risk
2013-10-27,2.98,2.98,2.98,2.95,789.2,0.0,0.0,3.004285714285714,2.747333333333333,0.010729086957158133,Low Risk
2013-10-28,2.89,2.87,2.9,2.87,20.28,-3.02,-0.030201342281879096,2.9785714285714286,2.759333333333333,0.011853466400413789,Low Risk
2013-10-29,2.91,2.88,2.96,2.87,94.8,0.69,0.006920415224913601,2.9585714285714286,2.772,0.013241240116720152,Low Risk
2013-10-30,2.91,2.89,2.9,2.89,3.4,0.0,0.0,2.947142857142857,2.7843333333333335,0.012041079558872911,Low Risk
2013-10-31,2.9,2.89,2.96,2.89,18.92,-0.34,-0.003436426116838587,2.9357142857142855,2.796666666666667,0.012040545360382293,Low Risk
2013-11-03,2.88,2.88,2.9,2.76,236.87,-0.69,-0.006896551724137945,2.9214285714285717,2.808333333333333,0.011958059750724462,Low Risk
2013-11-04,2.91,2.87,2.98,2.87,369.95,1.04,0.01041666666666674,2.911428571428572,2.821,0.01323517090946921,Low Risk
2013-11-06,2.98,2.98,2.98,2.95,1.24,2.41,0.02405498281786933,2.911428571428572,2.8356666666666666,0.016864305064161797,Low Risk
2013-11-07,2.94,2.94,2.98,2.92,438.41,-1.34,-0.01342281879194629,2.9185714285714286,2.8470000000000004,0.01245090901008066,Low Risk
2013-11-10,2.98,2.98,2.98,2.93,1.41,1.36,0.013605442176870763,2.9285714285714284,2.8583333333333334,0.013084960111346475,Low Risk
2013-11-11,2.98,2.98,2.98,2.98,153.57,0.0,0.0,2.9385714285714286,2.8703333333333334,0.013084960111346475,Low Risk
2013-11-12,3.0,2.98,3.09,2.98,619.82,0.67,0.006711409395973256,2.9528571428571433,2.8823333333333334,0.012749530317967956,Low Risk
2013-11-13,3.06,2.99,3.09,2.99,415.08,2.0,0.020000000000000018,2.978571428571428,2.896333333333333,0.012645871715225682,Low Risk
2013-11-14,3.06,3.06,3.07,3.02,217.05,0.0,0.0,3.0,2.9103333333333334,0.013026488726456868,Low Risk
2013-11-17,3.01,3.1,3.36,2.98,21.3,-1.63,-0.016339869281045805,3.0042857142857144,2.92,0.013300385682090344,Low Risk
2013-11-18,3.2,3.16,3.21,3.15,106.25,6.31,0.06312292358803995,3.0414285714285714,2.936,0.02515907844243284,Medium Risk
2013-11-19,3.29,3.21,3.33,3.21,420.04,2.81,0.028124999999999956,3.085714285714286,2.9543333333333335,0.02585967570472334,Medium Risk
2013-11-20,3.21,3.26,3.26,3.18,201.36,-2.43,-0.024316109422492405,3.1185714285714283,2.969333333333333,0.029510279814892956,Medium Risk
2013-11-21,3.21,3.19,3.24,3.19,114.98,0.0,0.0,3.1485714285714286,2.984666666666667,0.02978225046963347,Medium Risk
2013-11-24,3.25,3.28,3.4,3.21,365.73,1.25,0.012461059190031154,3.1757142857142857,3.001,0.02949889018906231,Medium Risk
2013-11-25,3.2,3.22,3.22,3.19,754.57,-1.54,-0.01538461538461533,3.1957142857142853,3.0159999999999996,0.030825144620401784,Medium Risk
2013-11-26,3.15,3.18,3.21,3.11,60.71,-1.56,-0.01562500000000011,3.2157142857142857,3.0290000000000004,0.03073672435960165,Medium Risk
2013-11-27,3.1,3.11,3.11,3.07,35.71,-1.59,-0.015873015873015817,3.2014285714285715,3.0356666666666663,0.01887003726062938,Low Risk
2013-11-28,3.13,3.19,3.19,3.08,13.94,0.97,0.009677419354838568,3.1785714285714284,3.0393333333333334,0.014312809406891929,Low Risk
2013-12-01,3.12,3.1,3.17,3.08,148.74,-0.32,-0.0031948881789136685,3.165714285714286,3.0409999999999995,0.012113384762510095,Low Risk
2013-12-02,3.12,3.21,3.21,3.1,13.94,0.0,0.0,3.152857142857143,3.0433333333333334,0.012113384762510095,Low Risk
2013-12-03,3.1,3.1,3.1,2.99,663.36,-0.64,-0.0064102564102563875,3.1314285714285717,3.0469999999999997,0.009701381916523134,Low Risk
2013-12-04,3.05,3.04,3.08,3.02,247.47,-1.61,-0.016129032258064613,3.1100000000000003,3.0493333333333337,0.009816014742929422,Low Risk
2013-12-05,3.11,3.05,3.21,3.05,326.2,1.97,0.01967213114754096,3.1042857142857145,3.0536666666666665,0.01305487102806917,Low Risk
2013-12-08,3.16,3.21,3.21,3.13,17.78,1.61,0.016077170418006492,3.1128571428571434,3.0596666666666668,0.012878700160287209,Low Risk
2013-12-09,3.19,3.21,3.21,3.15,105.1,0.95,0.009493670886075778,3.121428571428571,3.066666666666667,0.012862554664778711,Low Risk
2013-12-10,3.13,3.12,3.2,3.12,46.66,-1.88,-0.018808777429467072,3.1228571428571428,3.0746666666666664,0.015212045290792082,Low Risk
2013-12-11,3.12,3.2,3.2,3.1,43.32,-0.32,-0.0031948881789136685,3.1228571428571428,3.0816666666666666,0.015279302031874971,Low Risk
2013-12-12,3.21,3.18,3.22,3.15,254.22,2.88,0.028846153846153744,3.1385714285714283,3.091666666666667,0.018289918297362213,Low Risk
2013-12-15,3.17,3.17,3.19,3.14,70.86,-1.25,-0.012461059190031154,3.155714285714286,3.1006666666666667,0.017619378150248284,Low Risk
2013-12-16,3.17,3.15,3.17,3.15,88.41,0.0,0.0,3.164285714285714,3.1103333333333336,0.016548367293690365,Low Risk
2013-12-17,3.21,3.21,3.23,3.19,108.23,1.26,0.012618296529968376,3.1714285714285713,3.1203333333333334,0.01613405026910314,Low Risk
2013-12-18,3.21,3.25,3.25,3.19,95.73,0.0,0.0,3.174285714285714,3.128,0.015830234589082625,Low Risk
2013-12-19,3.21,3.26,3.26,3.2,483.82,0.0,0.0,3.1857142857142855,3.137,0.013301962182557038,Low Risk
2013-12-22,3.14,3.15,3.16,3.12,84.49,-2.18,-0.02180685358255452,3.1885714285714286,3.1423333333333336,0.01640498026509189,Low Risk
2013-12-23,3.15,3.15,3.15,3.15,50.52,0.32,0.0031847133757960666,3.1799999999999997,3.148,0.011191314684575588,Low Risk
2013-12-24,3.15,3.15,3.16,3.15,74.71,0.0,0.0,3.177142857142857,3.153,0.01032596421132518,Low Risk
2013-12-25,3.14,3.19,3.19,3.11,9.65,-0.32,-0.0031746031746030523,3.172857142857143,3.155666666666667,0.010351698203256494,Low Risk
2013-12-26,3.12,3.14,3.16,3.12,125.6,-0.64,-0.006369426751592355,3.1599999999999997,3.157666666666666,0.008396384730034708,Low Risk
2013-12-29,3.09,3.1,3.1,3.08,163.11,-0.96,-0.009615384615384692,3.142857142857143,3.1603333333333334,0.008414904894815474,Low Risk
2013-12-30,3.15,3.15,3.15,3.15,73.82,1.94,0.01941747572815533,3.1342857142857143,3.158666666666667,0.012633592079438956,Low Risk
2013-12-31,3.13,3.12,3.15,3.12,15.9,-0.63,-0.006349206349206327,3.132857142857143,3.1533333333333333,0.009741575371315245,Low Risk
2014-01-02,3.17,3.1,3.26,3.1,17.59,1.28,0.012779552715654896,3.135714285714286,3.152,0.010934504951507143,Low Risk
2014-01-05,3.17,3.17,3.17,3.17,8.58,0.0,0.0,3.1385714285714283,3.1506666666666665,0.010934504951507143,Low Risk
2014-01-08,3.21,3.21,3.21,3.21,663.32,1.26,0.012618296529968376,3.1485714285714286,3.149333333333333,0.011552150358523717,Low Risk
2014-01-09,3.21,3.25,3.25,3.17,253.13,0.0,0.0,3.161428571428572,3.149666666666667,0.010904399085191953,Low Risk
2014-01-12,3.34,3.22,3.46,3.22,1.6,4.05,0.04049844236760114,3.197142857142857,3.1559999999999997,0.01575458290517007,Low Risk
2014-01-14,3.45,3.5,3.56,3.44,1.05,3.29,0.03293413173652704,3.2399999999999998,3.167666666666667,0.017634278137135223,Low Risk
2014-01-15,3.51,3.44,3.56,3.42,473.87,1.74,0.017391304347825987,3.294285714285714,3.180333333333333,0.015384707137763035,Low Risk
2014-01-16,3.44,3.44,3.44,3.44,630.29,-1.99,-0.019943019943019946,3.3328571428571427,3.1910000000000003,0.020769240999192435,Medium Risk
2014-01-19,3.33,3.39,3.39,3.29,122.82,-3.2,-0.03197674418604646,3.355714285714286,3.198,0.026543904718663167,Medium Risk
2014-01-20,3.33,3.33,3.33,3.21,335.36,0.0,0.0,3.3728571428571428,3.2056666666666667,0.026555777652034502,Medium Risk
2014-01-21,3.29,3.22,3.3,3.22,4.07,-1.2,-0.012012012012012074,3.384285714285714,3.2136666666666667,0.02735096224222118,Medium Risk
2014-01-22,3.34,3.39,3.39,3.33,15.18,1.52,0.015197568389057725,3.384285714285714,3.2213333333333334,0.023029848441713005,Medium Risk
2014-01-23,3.31,3.31,3.39,3.3,20.77,-0.9,-0.008982035928143617,3.3642857142857143,3.2263333333333333,0.018010760961360374,Low Risk
2014-01-26,3.41,3.27,3.55,3.27,77.87,3.02,0.030211480362537735,3.3500000000000005,3.2336666666666667,0.021137754935267684,Medium Risk
2014-01-27,3.45,3.47,3.47,3.44,332.48,1.17,0.011730205278592365,3.3514285714285714,3.244333333333333,0.020519472949969034,Medium Risk
2014-01-28,3.44,3.44,3.47,3.4,1.12,-0.29,-0.0028985507246377384,3.367142857142857,3.2550000000000003,0.015037500996059994,Low Risk
2014-01-29,3.41,3.44,3.44,3.39,59.23,-0.87,-0.008720930232558044,3.3785714285714286,3.2616666666666663,0.01583660737268403,Low Risk
2014-01-30,3.44,3.44,3.44,3.4,72.33,0.88,0.008797653958944274,3.4,3.2706666666666666,0.014319074087355133,Low Risk
2014-02-02,3.4,3.41,3.41,3.39,130.05,-1.16,-0.011627906976744207,3.4085714285714284,3.2783333333333338,0.015160948213018943,Low Risk
2014-02-03,3.36,3.39,3.39,3.35,135.02,-1.18,-0.0117647058823529,3.415714285714286,3.283333333333333,0.01554813784319376,Low Risk
2014-02-04,3.35,3.35,3.35,3.35,300.78,-0.3,-0.0029761904761904656,3.407142857142857,3.288,0.009472543985804535,Low Risk
2014-02-05,3.35,3.33,3.35,3.33,771.1,0.0,0.0,3.392857142857143,3.2926666666666664,0.007332594055264701,Low Risk
2014-02-06,3.36,3.35,3.4,3.35,138.07,0.3,0.0029850746268655914,3.3814285714285717,3.3,0.007823425190596386,Low Risk
2014-02-09,3.33,3.43,3.43,3.33,5.56,-0.89,-0.008928571428571397,3.3699999999999997,3.306,0.007847630024001387,Low Risk
2014-02-10,3.39,3.39,3.39,3.39,1.25,1.8,0.018018018018018056,3.3628571428571425,3.314,0.010540112003705502,Low Risk
2014-02-11,3.39,3.39,3.4,3.36,431.9,0.0,0.0,3.3614285714285717,3.3223333333333334,0.00965685762308519,Low Risk
2014-02-12,3.44,3.42,3.46,3.42,5.02,1.47,0.014749262536873031,3.3728571428571428,3.333,0.009647396270847633,Low Risk
2014-02-13,3.42,3.46,3.46,3.39,327.12,-0.58,-0.005813953488372103,3.382857142857143,3.3440000000000003,0.01001301516971256,Low Risk
2014-02-16,3.38,3.44,3.44,3.36,57.47,-1.17,-0.011695906432748537,3.3871428571428575,3.3516666666666666,0.011467514405324411,Low Risk
2014-02-17,3.41,3.41,3.43,3.38,23.53,0.89,0.00887573964497057,3.3942857142857146,3.3609999999999998,0.011819887880978376,Low Risk
2014-02-18,3.4,3.39,3.43,3.39,34.08,-0.29,-0.0029325513196482023,3.404285714285714,3.368666666666667,0.011075161471542437,Low Risk
2014-02-19,3.44,3.42,3.51,3.42,5.22,1.18,0.0117647058823529,3.411428571428572,3.377666666666667,0.009848913312529451,Low Risk
2014-02-20,3.56,3.5,3.62,3.5,875.09,3.49,0.03488372093023262,3.435714285714286,3.3893333333333335,0.015684732626646786,Low Risk
2014-02-23,3.67,3.62,3.67,3.62,852.66,3.09,0.030898876404494402,3.468571428571429,3.4046666666666665,0.01800961415393202,Low Risk
2014-02-24,3.62,3.63,3.63,3.49,1.12,-1.36,-0.013623978201634857,3.4971428571428573,3.414,0.01930632749231333,Low Risk
2014-02-25,3.55,3.54,3.6,3.51,1.03,-1.93,-0.019337016574585753,3.5214285714285714,3.4173333333333336,0.02078536066548379,Medium Risk
2014-02-26,3.56,3.47,3.56,3.47,75.92,0.28,0.0028169014084507005,3.5428571428571423,3.4189999999999996,0.020830949378404476,Medium Risk
2014-02-27,3.56,3.6,3.6,3.53,823.93,0.0,0.0,3.565714285714286,3.423,0.020641711786242533,Medium Risk
2014-03-02,3.51,3.49,3.61,3.49,70.03,-1.4,-0.014044943820224809,3.575714285714285,3.4290000000000003,0.021869808832038918,Medium Risk
2014-03-03,3.45,3.48,3.48,3.44,270.47,-1.71,-0.017094017094017033,3.56,3.4330000000000003,0.017700230175070674,Low Risk
2014-03-04,3.44,3.44,3.45,3.43,2.29,-0.29,-0.0028985507246377384,3.5271428571428567,3.438,0.008915034523455366,Low Risk
2014-03-05,3.46,3.44,3.58,3.44,9.29,0.58,0.005813953488372103,3.5042857142857144,3.4419999999999997,0.010226804573011991,Low Risk
2014-03-06,3.55,3.56,3.56,3.47,2.37,2.6,0.026011560693641522,3.5042857142857144,3.45,0.01423700266542255,Low Risk
2014-03-09,3.46,3.47,3.49,3.46,30.49,-2.54,-0.025352112676056304,3.4899999999999998,3.4516666666666667,0.017041422093110214,Low Risk
2014-03-10,3.45,3.46,3.46,3.43,206.63,-0.29,-0.0028901734104045396,3.474285714285714,3.451666666666667,0.01696495779808294,Low Risk
2014-03-11,3.44,3.48,3.48,3.43,56.62,-0.29,-0.0028985507246377384,3.4642857142857144,3.4516666666666667,0.016417664780972736,Low Risk
2014-03-12,3.42,3.43,3.43,3.41,78.45,-0.58,-0.005813953488372103,3.46,3.452,0.015290981765759066,Low Risk
2014-03-13,3.41,3.4,3.44,3.4,1.3,-0.29,-0.0029239766081871066,3.455714285714286,3.451,0.01529147023811272,Low Risk
2014-03-16,3.39,3.39,3.4,3.38,46.91,-0.59,-0.0058651026392961825,3.4457142857142857,3.4506666666666663,0.015040020492341278,Low Risk
2014-03-17,3.42,3.38,3.46,3.38,124.8,0.88,0.008849557522123908,3.427142857142857,3.4526666666666666,0.01016607393952996,Low Risk
2014-03-18,3.43,3.42,3.44,3.42,28.68,0.29,0.0029239766081872176,3.422857142857143,3.4553333333333334,0.005319141408265295,Low Risk
2014-03-19,3.4,3.44,3.44,3.4,103.66,-0.87,-0.008746355685131268,3.415714285714286,3.4570000000000003,0.006035809714383838,Low Risk
2014-03-20,3.44,3.4,3.47,3.4,1.02,1.18,0.0117647058823529,3.415714285714286,3.4596666666666662,0.007942684035871592,Low Risk
2014-03-23,3.48,3.47,3.5,3.47,21.82,1.16,0.011627906976744207,3.424285714285714,3.4646666666666666,0.008519806703168776,Low Risk
2014-03-24,3.47,3.48,3.48,3.44,94.47,-0.29,-0.002873563218390718,3.432857142857143,3.4673333333333334,0.00851445879221068,Low Risk
2014-03-25,3.44,3.45,3.45,3.42,48.79,-0.86,-0.008645533141210415,3.44,3.469,0.009020934047201706,Low Risk
2014-03-26,3.45,3.51,3.51,3.44,109.76,0.29,0.0029069767441860517,3.4442857142857144,3.469333333333333,0.008550380615467795,Low Risk
2014-03-27,3.42,3.44,3.49,3.4,287.46,-0.87,-0.008695652173913104,3.442857142857143,3.469333333333333,0.009275153196220548,Low Risk
2014-03-30,3.44,3.4,3.44,3.4,236.5,0.58,0.005847953216374213,3.448571428571429,3.4713333333333334,0.008703839355468946,Low Risk
2014-03-31,3.39,3.42,3.42,3.38,433.19,-1.45,-0.014534883720930147,3.4414285714285713,3.470666666666667,0.009293821518895636,Low Risk
2014-04-01,3.42,3.44,3.44,3.39,18.16,0.88,0.008849557522123908,3.432857142857143,3.4713333333333334,0.008649179600561902,Low Risk
2014-04-02,3.42,3.42,3.43,3.39,3.65,0.0,0.0,3.4257142857142857,3.470666666666667,0.00869376530330531,Low Risk
2014-04-03,3.42,3.4,3.49,3.35,189.24,0.0,0.0,3.422857142857143,3.4659999999999997,0.008198772022577334,Low Risk
2014-04-06,3.44,3.49,3.49,3.31,2.26,0.58,0.005847953216374213,3.4214285714285717,3.4583333333333335,0.00849076997897331,Low Risk
2014-04-07,3.41,3.44,3.44,3.33,23.08,-0.87,-0.008720930232558044,3.4199999999999995,3.4513333333333334,0.008494898691978567,Low Risk
2014-04-08,3.42,3.39,3.44,3.39,23.32,0.29,0.0029325513196480912,3.4171428571428573,3.4470000000000005,0.008204767450827214,Low Risk
2014-04-09,3.44,3.44,3.47,3.4,87.27,0.58,0.005847953216374213,3.424285714285715,3.443,0.00577719713813813,Low Risk
2014-04-10,3.52,3.48,3.57,3.48,82.06,2.33,0.023255813953488413,3.4385714285714286,3.441666666666667,0.009767159329709757,Low Risk
2014-04-13,3.6,3.55,3.62,3.53,72.34,2.27,0.022727272727272707,3.4642857142857144,3.444666666666667,0.011731376305339863,Low Risk
2014-04-14,3.6,3.57,3.63,3.56,128.54,0.0,0.0,3.4899999999999998,3.4496666666666664,0.011731376305339863,Low Risk
2014-04-15,3.61,3.56,3.63,3.47,45.44,0.28,0.002777777777777768,3.5142857142857147,3.4553333333333334,0.011856363601627843,Low Risk
2014-04-16,3.63,3.63,3.65,3.57,149.38,0.55,0.005540166204986097,3.5457142857142854,3.461,0.009747658949540123,Low Risk
2014-04-17,3.64,3.64,3.66,3.62,143.33,0.28,0.0027548209366392573,3.577142857142857,3.464,0.009766346005596971,Low Risk
2014-04-22,3.34,3.43,3.43,3.28,77.63,-8.24,-0.08241758241758246,3.5628571428571427,3.46,0.03606505702799038,Medium Risk
2014-04-23,3.32,3.34,3.34,3.23,431.84,-0.6,-0.005988023952095856,3.5342857142857143,3.4556666666666667,0.03407118748756094,Medium Risk
2014-04-27,3.33,3.32,3.39,3.24,114.98,0.3,0.003012048192771122,3.495714285714286,3.452,0.03187083929600488,Medium Risk
2014-04-28,3.27,3.27,3.27,3.27,132.4,-1.8,-0.018018018018018056,3.448571428571429,3.447,0.0315968593028853,Medium Risk
2014-04-29,3.26,3.26,3.27,3.26,66.79,-0.31,-0.003058103975535187,3.3985714285714286,3.442,0.03117951904014251,Medium Risk
2014-04-30,3.29,3.27,3.33,3.26,19.16,0.92,0.00920245398773023,3.3500000000000005,3.4386666666666668,0.031590549652569105,Medium Risk
2014-05-04,3.29,3.29,3.29,3.29,9.08,0.0,0.0,3.3000000000000003,3.4343333333333335,0.031370670612368604,Medium Risk
2014-05-05,3.28,3.28,3.28,3.24,614.69,-0.3,-0.003039513677811634,3.2914285714285714,3.4293333333333336,0.008437379324374692,Low Risk
2014-05-06,3.28,3.29,3.29,3.24,515.01,0.0,0.0,3.2857142857142856,3.425333333333333,0.008334300173376618,Low Risk
2014-05-07,3.28,3.28,3.28,3.23,15.31,0.0,0.0,3.2785714285714285,3.42,0.008125606855266608,Low Risk
2014-05-08,3.27,3.27,3.27,3.27,5.14,-0.3,-0.0030487804878047697,3.2785714285714285,3.413,0.004331481969022099,Low Risk
2014-05-11,3.27,3.27,3.27,3.27,53.07,0.0,0.0,3.2800000000000002,3.4063333333333334,0.004119737813543966,Low Risk
2014-05-12,3.27,3.27,3.32,3.27,153.53,0.0,0.0,3.277142857142857,3.4006666666666665,0.001485394088922064,Low Risk
2014-05-13,3.28,3.27,3.31,3.27,4.28,0.31,0.003058103975535076,3.275714285714286,3.395,0.0021045183133433197,Low Risk
2014-05-14,3.29,3.28,3.29,3.28,241.43,0.3,0.0030487804878049918,3.277142857142857,3.3906666666666667,0.0021057906219669534,Low Risk
2014-05-15,3.22,3.23,3.27,3.21,59.12,-2.13,-0.02127659574468077,3.2685714285714282,3.3833333333333333,0.00849724901840145,Low Risk
2014-05-18,3.21,3.22,3.22,3.21,205.14,-0.31,-0.0031055900621118626,3.2585714285714285,3.377333333333333,0.008419430363074711,Low Risk
2014-05-19,3.21,3.3,3.3,3.3,0.87,0.0,0.0,3.25,3.3703333333333334,0.008497773252217495,Low Risk
2014-05-20,3.23,3.22,3.31,3.21,30.49,0.62,0.006230529595015577,3.244285714285714,3.3639999999999994,0.00912030298721189,Low Risk
2014-05-21,3.24,3.23,3.28,3.23,75.15,0.31,0.003095975232198178,3.2399999999999998,3.358,0.009291122134994972,Low Risk
2014-05-22,3.26,3.24,3.28,3.24,61.26,0.62,0.006172839506172645,3.237142857142857,3.3519999999999994,0.009602772723544782,Low Risk
2014-05-25,3.26,3.26,3.26,3.26,2.61,0.0,0.0,3.2328571428571427,3.347,0.009465504042706416,Low Risk
2014-05-26,3.25,3.26,3.31,3.25,7.09,-0.31,-0.0030674846625766694,3.237142857142857,3.341333333333333,0.0039399036802349515,Low Risk
2014-05-28,3.27,3.22,3.27,3.21,761.8,0.62,0.006153846153846176,3.2457142857142856,3.3356666666666666,0.0037514635117921248,Low Risk
2014-05-29,3.21,3.23,3.23,3.21,1.61,-1.83,-0.01834862385321101,3.2457142857142856,3.3253333333333335,0.00885486459047707,Low Risk
2014-06-01,3.19,2.99,3.21,2.99,137.25,-0.62,-0.006230529595015577,3.2399999999999998,3.3116666666666665,0.008651717307205304,Low Risk
2014-06-02,3.21,3.07,3.21,3.07,212.9,0.63,0.006269592476489061,3.2357142857142853,3.2986666666666666,0.009022945106960917,Low Risk
2014-06-03,3.21,3.21,3.21,3.19,773.44,0.0,0.0,3.228571428571428,3.2853333333333334,0.00845549158436201,Low Risk
2014-06-04,3.21,3.21,3.22,3.21,583.58,0.0,0.0,3.2214285714285715,3.271333333333333,0.00845549158436201,Low Risk
2014-06-05,3.28,3.08,3.38,3.08,329.27,2.18,0.02180685358255441,3.2257142857142855,3.259333333333333,0.012348425119628668,Low Risk
2014-06-09,3.35,3.32,3.37,3.32,162.35,2.13,0.021341463414634276,3.237142857142857,3.259666666666667,0.014477905719690903,Low Risk
2014-06-10,3.33,3.29,3.35,3.29,11.4,-0.6,-0.005970149253731294,3.2542857142857144,3.26,0.01188060244617038,Low Risk
2014-06-11,3.31,3.35,3.37,3.31,4.75,-0.6,-0.006006006006005982,3.2714285714285714,3.259333333333333,0.011844479896586298,Low Risk
2014-06-12,3.33,3.33,3.33,3.31,49.42,0.6,0.0060422960725075026,3.288571428571429,3.2613333333333334,0.011841846221728555,Low Risk
2014-06-16,3.31,3.32,3.33,3.29,190.4,-0.6,-0.006006006006005982,3.302857142857143,3.2629999999999995,0.01249102981432564,Low Risk
2014-06-17,3.28,3.29,3.29,3.27,69.69,-0.91,-0.009063444108761365,3.3128571428571427,3.2626666666666666,0.013462180638213743,Low Risk
2014-06-18,3.28,3.25,3.3,3.25,976.31,0.0,0.0,3.3128571428571427,3.262333333333333,0.010660550209073139,Low Risk
2014-06-19,3.33,3.32,3.33,3.24,6.55,1.52,0.015243902439024515,3.31,3.264,0.008699426608039584,Low Risk
2014-06-22,3.33,3.33,3.33,3.29,221.08,0.0,0.0,3.3099999999999996,3.2656666666666667,0.0083981128254808,Low Risk
2014-06-23,3.33,3.33,3.33,3.33,2.08,0.0,0.0,3.312857142857143,3.2673333333333336,0.007974782059951679,Low Risk
2014-06-24,3.33,3.33,3.33,3.24,2.44,0.0,0.0,3.3128571428571427,3.2693333333333334,0.007644064594704929,Low Risk
2014-06-25,3.33,3.33,3.34,3.23,2.22,0.0,0.0,3.315714285714286,3.271333333333333,0.0071771130945277655,Low Risk
2014-06-26,3.33,3.27,3.33,3.27,120.85,0.0,0.0,3.3228571428571425,3.2733333333333334,0.005761653551968134,Low Risk
2014-06-29,3.34,3.33,3.35,3.33,58.28,0.3,0.0030030030030030463,3.3314285714285714,3.2753333333333337,0.005683754129167108,Low Risk
2014-06-30,3.43,3.38,3.44,3.38,194.09,2.69,0.026946107784431295,3.3457142857142856,3.28,0.010057958262709107,Low Risk
2014-07-02,3.38,3.34,3.44,3.34,7.3,-1.46,-0.014577259475218707,3.3528571428571428,3.2853333333333334,0.012341332900782037,Low Risk
2014-07-03,3.43,3.42,3.44,3.38,4.99,1.48,0.01479289940828421,3.367142857142857,3.292666666666667,0.013143120274694083,Low Risk
2014-07-06,3.43,3.4,3.4,3.33,3.48,0.0,0.0,3.3814285714285717,3.3,0.013143120274694083,Low Risk
2014-07-07,3.47,3.44,3.47,3.44,15.09,1.17,0.011661807580174877,3.4014285714285712,3.3080000000000003,0.013244570443988466,Low Risk
2014-07-08,3.44,3.47,3.47,3.44,42.93,-0.86,-0.008645533141210415,3.4171428571428573,3.3146666666666667,0.01425889897075104,Low Risk
2014-07-09,3.44,3.45,3.45,3.44,73.79,0.0,0.0,3.4314285714285715,3.320666666666667,0.014364657036119681,Low Risk
2014-07-10,3.52,3.45,3.56,3.44,18.71,2.33,0.023255813953488413,3.4442857142857144,3.329333333333333,0.013433004830797249,Low Risk
2014-07-13,3.44,3.45,3.45,3.33,2.96,-2.27,-0.022727272727272707,3.4528571428571424,3.335666666666667,0.01548599287939796,Low Risk
2014-07-14,3.56,3.45,3.6,3.45,167.96,3.49,0.03488372093023262,3.471428571428571,3.3453333333333335,0.01946798295238683,Low Risk
2014-07-15,3.58,3.6,3.65,3.56,98.21,0.56,0.00561797752808979,3.492857142857143,3.3576666666666664,0.019319178633347336,Low Risk
2014-07-16,3.66,3.63,3.67,3.63,334.49,2.23,0.022346368715083775,3.52,3.3733333333333335,0.020215405327494735,Medium Risk
2014-07-17,3.61,3.63,3.67,3.57,378.4,-1.37,-0.013661202185792476,3.544285714285714,3.386666666666667,0.020971001023124353,Medium Risk
2014-07-20,3.58,3.61,3.61,3.57,59.68,-0.83,-0.008310249307479145,3.5642857142857145,3.399,0.0216638482191024,Medium Risk
2014-07-21,3.47,3.47,3.47,3.47,26.5,-3.07,-0.030726256983240163,3.557142857142857,3.4076666666666666,0.023949667249189975,Medium Risk
2014-07-22,3.47,3.58,3.58,3.58,1.09,0.0,0.0,3.5614285714285714,3.414,0.022109081350088995,Medium Risk
2014-07-24,3.67,3.58,3.71,3.58,733.22,5.76,0.057636887608069065,3.577142857142857,3.4246666666666665,0.02857172581421883,Medium Risk
2014-07-27,3.68,3.67,3.81,3.67,626.83,0.27,0.0027247956403271267,3.5914285714285716,3.4363333333333332,0.028577167382882317,Medium Risk
2014-07-31,3.83,3.74,3.86,3.74,91.5,4.08,0.040760869565217295,3.615714285714286,3.4536666666666664,0.03124014588798096,Medium Risk
2014-08-03,3.78,3.77,3.9,3.77,154.37,-1.31,-0.013054830287206332,3.64,3.4686666666666666,0.031174344022000793,Medium Risk
2014-08-04,3.99,3.89,4.05,3.89,835.3,5.56,0.05555555555555558,3.698571428571429,3.491333333333334,0.035050000957071344,Medium Risk
2014-08-05,4.13,4.02,4.21,4.02,1.17,3.51,0.0350877192982455,3.792857142857143,3.5196666666666667,0.028625055977326258,Medium Risk
2014-08-06,4.21,4.13,4.22,4.02,662.58,1.94,0.01937046004842613,3.898571428571429,3.550666666666667,0.02661113296947584,Medium Risk
2014-08-07,4.36,4.14,4.39,4.14,3.95,3.56,0.03562945368171033,3.9971428571428573,3.5850000000000004,0.023708915759667736,Medium Risk
2014-08-10,4.29,4.25,4.39,4.25,44.12,-1.61,-0.016055045871559703,4.0842857142857145,3.6169999999999995,0.027438986342779307,Medium Risk
2014-08-11,4.41,4.36,4.48,4.36,246.19,2.8,0.027972027972027913,4.167142857142857,3.653,0.02642522339258166,Medium Risk
2014-08-12,4.38,4.39,4.42,4.36,223.68,-0.68,-0.006802721088435382,4.252857142857144,3.688,0.02517236100221895,Medium Risk
2014-08-13,4.36,4.33,4.37,4.33,228.66,-0.46,-0.004566210045662045,4.305714285714286,3.7223333333333333,0.021639470604078715,Medium Risk
2014-08-14,4.51,4.27,4.8,4.27,686.26,3.44,0.03440366972477049,4.36,3.761666666666667,0.021524063327902205,Medium Risk
2014-08-17,4.5,4.48,4.59,4.48,15.96,-0.22,-0.0022172949002217113,4.401428571428571,3.8003333333333336,0.02197594514346904,Medium Risk
2014-08-18,4.53,4.5,4.59,4.48,279.79,0.67,0.006666666666666821,4.425714285714286,3.8370000000000006,0.01879060693731747,Low Risk
2014-08-19,4.75,4.5,4.75,4.5,2.4,4.86,0.04856512141280356,4.491428571428572,3.8826666666666663,0.021967139652174863,Medium Risk
2014-08-20,4.78,4.59,4.8,4.59,5.02,0.63,0.006315789473684275,4.5442857142857145,3.9276666666666666,0.02132845691146703,Medium Risk
2014-08-21,4.78,4.62,4.88,4.6,64.66,0.0,0.0,4.601428571428571,3.9726666666666666,0.020479432463907758,Medium Risk
2014-08-24,4.72,4.88,4.88,4.62,11.77,-1.26,-0.012552301255230214,4.652857142857143,4.014333333333333,0.02178493156147752,Medium Risk
2014-08-25,4.59,4.62,4.64,4.59,928.87,-2.75,-0.02754237288135586,4.664285714285714,4.052666666666666,0.023491506443624417,Medium Risk
2014-08-26,4.7,4.52,4.71,4.39,1.13,2.4,0.023965141612200425,4.692857142857143,4.094666666666667,0.02462617069061671,Medium Risk
2014-08-27,4.63,4.59,4.71,4.59,328.0,-1.49,-0.014893617021276673,4.707142857142857,4.131666666666667,0.025914723524092288,Medium Risk
2014-08-28,4.67,4.59,4.73,4.59,29.7,0.86,0.008639308855291628,4.695714285714286,4.172666666666666,0.017272010517816096,Low Risk
2014-08-31,4.61,4.73,4.73,4.59,7.3,-1.28,-0.012847965738757905,4.671428571428572,4.207666666666666,0.01719821963518202,Low Risk
2014-09-01,4.6,4.6,4.7,4.59,30.84,-0.22,-0.002169197396963307,4.645714285714285,4.241666666666667,0.017111741221500745,Low Risk
2014-09-02,4.78,4.59,4.8,4.59,6.18,3.91,0.039130434782608914,4.654285714285714,4.279,0.023456328574951942,Medium Risk
2014-09-03,4.77,4.61,4.78,4.6,4.64,-0.21,-0.0020920502092051096,4.68,4.317666666666667,0.019793135528296042,Low Risk
2014-09-04,4.67,4.77,4.77,4.6,8.47,-2.1,-0.020964360587002018,4.675714285714285,4.354,0.020155421421653986,Medium Risk
2014-09-07,4.63,4.6,4.77,4.6,9.64,-0.86,-0.008565310492505307,4.675714285714286,4.392666666666667,0.019547664675874585,Low Risk
2014-09-08,4.6,4.6,4.64,4.59,62.04,-0.65,-0.006479481641468721,4.6657142857142855,4.4303333333333335,0.019288356316618956,Low Risk
2014-09-09,4.6,4.59,4.69,4.59,83.84,0.0,0.0,4.664285714285714,4.461333333333333,0.018685734365986778,Low Risk
2014-09-10,4.59,4.6,4.65,4.48,181.16,-0.22,-0.0021739130434782483,4.662857142857143,4.491666666666666,0.01868581883972957,Low Risk
2014-09-11,4.45,4.36,4.66,4.34,28.44,-3.05,-0.030501089324618702,4.615714285714286,4.512333333333333,0.011391967099318107,Low Risk
2014-09-14,4.45,4.39,4.74,4.37,73.79,0.0,0.0,4.57,4.534666666666666,0.011661650379444862,Low Risk
2014-09-15,4.51,4.48,4.59,4.39,181.34,1.35,0.01348314606741563,4.547142857142857,4.5520000000000005,0.013321261664183123,Low Risk
2014-09-16,4.59,4.59,4.59,4.4,2.11,1.77,0.017738359201773912,4.541428571428571,4.567333333333333,0.015623061681972812,Low Risk
2014-09-17,4.59,4.59,4.61,4.59,125.55,0.0,0.0,4.54,4.58,0.015444444283016433,Low Risk
2014-09-18,4.59,4.59,4.59,4.59,36.46,0.0,0.0,4.538571428571428,4.587666666666666,0.015444444283016433,Low Risk
2014-09-21,4.59,4.59,4.59,4.59,6.53,0.0,0.0,4.538571428571428,4.597666666666667,0.015420154140503654,Low Risk
2014-09-22,4.59,4.59,4.61,4.57,91.86,0.0,0.0,4.558571428571429,4.603666666666667,0.007715676549742026,Low Risk
2014-09-23,4.59,4.59,4.61,4.59,2.32,0.0,0.0,4.578571428571428,4.610666666666668,0.007715676549742026,Low Risk
2014-09-24,4.65,4.65,4.65,4.59,3.82,1.31,0.013071895424836777,4.598571428571428,4.620333333333333,0.007636683196172751,Low Risk
2014-09-25,4.69,4.69,4.73,4.65,11.76,0.86,0.008602150537634357,4.612857142857143,4.626333333333334,0.005443073008761513,Low Risk
2014-09-28,4.46,4.59,4.59,4.44,26.13,-4.9,-0.04904051172707902,4.594285714285713,4.625,0.020586622558755655,Medium Risk
2014-09-29,4.46,4.59,4.68,4.59,2.18,0.0,0.0,4.575714285714286,4.6226666666666665,0.020586622558755655,Medium Risk
2014-09-30,4.66,4.62,4.68,4.62,31.23,4.48,0.04484304932735439,4.585714285714286,4.619666666666666,0.027740191393093208,Medium Risk
2014-10-01,4.65,4.65,4.66,4.65,16.82,-0.21,-0.0021459227467810482,4.594285714285715,4.615333333333334,0.027784203237625333,Medium Risk
2014-10-02,4.66,4.66,4.66,4.66,54.01,0.22,0.0021505376344086446,4.604285714285715,4.6113333333333335,0.027767835292833908,Medium Risk
2014-10-08,4.63,4.63,4.63,4.59,214.9,-0.64,-0.006437768240343367,4.601428571428571,4.608333333333333,0.027507437490033933,Medium Risk
2014-10-09,4.59,4.59,4.59,4.59,9.19,-0.86,-0.008639308855291628,4.587142857142857,4.608333333333333,0.027350003154599022,Medium Risk
2014-10-12,4.59,4.46,4.71,4.37,495.41,0.0,0.0,4.605714285714286,4.604666666666668,0.018301178631805602,Low Risk
2014-10-13,4.59,4.59,4.59,4.59,263.5,0.0,0.0,4.624285714285714,4.6033333333333335,0.018301178631805602,Low Risk
2014-10-14,4.56,4.59,4.73,4.19,308.8,-0.65,-0.0065359477124183885,4.609999999999999,4.599666666666667,0.004109492802576014,Low Risk
2014-10-15,4.65,4.59,4.71,4.59,460.82,1.97,0.019736842105263275,4.61,4.601,0.009599983727165085,Low Risk
2014-10-16,4.53,4.59,4.68,4.48,201.22,-2.58,-0.02580645161290329,4.591428571428572,4.598666666666666,0.013569828958719525,Low Risk
2014-10-19,4.59,4.55,4.59,4.55,55.28,1.32,0.013245033112582627,4.5857142857142845,4.5923333333333325,0.014939659623184354,Low Risk
2014-10-20,4.56,4.48,4.59,4.48,847.56,-0.65,-0.0065359477124183885,4.581428571428572,4.585333333333334,0.01478409673078861,Low Risk
2014-10-21,4.62,4.57,4.68,4.57,2.21,1.32,0.013157894736842257,4.5857142857142845,4.583666666666667,0.015716136045621255,Low Risk
2014-10-22,4.67,4.49,4.75,4.49,1.35,1.08,0.010822510822510845,4.597142857142857,4.585,0.016124115287207873,Low Risk
2014-10-23,4.59,4.62,4.62,4.59,435.54,-1.71,-0.017130620985010725,4.601428571428571,4.584666666666666,0.017556422319928083,Low Risk
2014-10-26,4.6,4.59,4.71,4.38,497.76,0.22,0.002178649237472685,4.594285714285713,4.584666666666667,0.015588995792596793,Low Risk
2014-10-27,4.68,4.6,4.74,4.55,372.6,1.74,0.01739130434782621,4.615714285714286,4.587666666666666,0.012598149218032432,Low Risk
2014-10-28,4.68,4.68,4.71,4.65,312.26,0.0,0.0,4.628571428571428,4.595333333333333,0.012091022632974091,Low Risk
2014-10-29,4.7,4.65,4.72,4.65,243.36,0.43,0.00427350427350448,4.648571428571429,4.603666666666667,0.011362216379705506,Low Risk
2014-10-30,4.72,4.71,4.8,4.67,498.61,0.43,0.004255319148936065,4.662857142857143,4.610666666666668,0.010695218295221406,Low Risk
2014-11-02,4.82,4.82,4.87,4.82,238.33,2.12,0.021186440677966267,4.684285714285714,4.618333333333334,0.01250463526754478,Low Risk
2014-11-03,4.82,4.82,4.87,4.72,3.29,0.0,0.0,4.717142857142858,4.626,0.008616216870438407,Low Risk
2014-11-04,4.82,4.61,4.82,4.61,849.41,0.0,0.0,4.748571428571429,4.633666666666667,0.008857098870012882,Low Risk
2014-11-05,4.82,4.65,4.87,4.65,3.18,0.0,0.0,4.768571428571429,4.641333333333334,0.007736207417218958,Low Risk
2014-11-06,4.87,4.71,4.87,4.71,1.36,1.04,0.010373443983402453,4.795714285714285,4.650666666666666,0.00778093641652986,Low Risk
2014-11-09,4.81,4.8,4.82,4.78,9.55,-1.23,-0.012320328542094527,4.811428571428571,4.6579999999999995,0.010388402132032026,Low Risk
2014-11-10,4.81,4.66,4.67,4.66,1.18,0.0,0.0,4.824285714285715,4.663333333333333,0.010451347838314876,Low Risk
2014-11-11,4.82,4.8,4.82,4.8,52.7,0.21,0.0020790020790022457,4.824285714285715,4.6676666666666655,0.006629713311163133,Low Risk
2014-11-12,4.73,4.67,4.73,4.67,290.37,-1.87,-0.018672199170124415,4.811428571428571,4.676666666666667,0.00968905877917376,Low Risk
2014-11-13,4.83,4.81,4.87,4.81,63.08,2.11,0.02114164904862581,4.812857142857143,4.688999999999999,0.013281406504711027,Low Risk
2014-11-17,4.64,4.66,4.8,4.62,11.76,-3.93,-0.03933747412008293,4.787142857142858,4.6883333333333335,0.02005820178318938,Medium Risk
2014-11-18,4.71,4.71,4.71,4.71,3.21,1.51,0.015086206896551824,4.764285714285714,4.690333333333333,0.02073751113606618,Medium Risk
2014-11-19,4.71,4.71,4.71,4.71,24.18,0.0,0.0,4.75,4.691999999999999,0.02049193267700156,Medium Risk
2014-11-23,4.67,4.61,4.76,4.6,73.13,-0.85,-0.00849256900212314,4.7299999999999995,4.693333333333333,0.020548837376680736,Medium Risk
2014-11-24,4.55,4.61,4.81,4.26,17.14,-2.57,-0.025695931477516032,4.691428571428571,4.691999999999999,0.02181562997300469,Medium Risk
2014-11-25,4.55,4.6,4.6,4.6,1.58,0.0,0.0,4.6657142857142855,4.690666666666667,0.021430775343330637,Medium Risk
2014-11-26,4.55,4.61,4.79,4.61,3.43,0.0,0.0,4.625714285714286,4.689333333333334,0.018346427880410333,Low Risk
2014-11-27,4.67,4.59,4.71,4.59,70.46,2.64,0.026373626373626502,4.63,4.693,0.016573137132310862,Low Risk
2014-11-30,4.71,4.7,4.71,4.7,341.66,0.86,0.008565310492505418,4.63,4.694999999999999,0.015818011274072525,Low Risk
2014-12-01,4.71,4.63,4.75,4.63,1.24,0.0,0.0,4.63,4.700999999999999,0.015818011274072525,Low Risk
2014-12-02,4.61,4.65,4.65,4.59,186.49,-2.12,-0.02123142250530774,4.621428571428572,4.701666666666667,0.017604237998418662,Low Risk
2014-12-03,4.71,4.69,4.71,4.69,32.67,2.17,0.021691973969631073,4.644285714285714,4.706666666666667,0.015870465579278032,Low Risk
2014-12-04,4.7,4.61,4.71,4.61,4.79,-0.21,-0.002123142250530785,4.665714285714286,4.709333333333333,0.016002955947386054,Low Risk
2014-12-07,4.71,4.8,4.8,4.71,96.01,0.21,0.0021276595744681437,4.688571428571429,4.710666666666667,0.015917595310113906,Low Risk
2014-12-08,4.7,4.71,4.71,4.62,111.36,-0.21,-0.002123142250530785,4.692857142857143,4.714333333333333,0.012919018784244975,Low Risk
2014-12-09,4.7,4.71,4.76,4.62,13.38,0.0,0.0,4.691428571428571,4.717666666666667,0.01247974821895433,Low Risk
2014-12-10,4.7,4.61,4.61,4.61,0.44,0.0,0.0,4.6899999999999995,4.718333333333334,0.01247974821895433,Low Risk
2014-12-11,4.71,4.71,4.75,4.61,2.02,0.21,0.0021276595744681437,4.704285714285715,4.719333333333334,0.00837988482107391,Low Risk
2014-12-14,4.59,4.61,4.61,4.59,16.96,-2.55,-0.02547770700636942,4.687142857142858,4.7156666666666665,0.009785347360239588,Low Risk
2014-12-15,4.63,4.59,4.65,4.59,41.34,0.87,0.008714596949891185,4.677142857142856,4.712666666666666,0.010863077810653165,Low Risk
2014-12-16,4.37,4.36,4.59,4.36,137.78,-5.62,-0.056155507559395246,4.628571428571428,4.697666666666667,0.02283286485866245,Medium Risk
2014-12-17,4.3,4.36,4.59,4.25,785.72,-1.6,-0.016018306636155666,4.571428571428571,4.6803333333333335,0.022594476058112874,Medium Risk
2014-12-18,4.56,4.59,4.59,4.36,6.32,6.05,0.0604651162790697,4.551428571428572,4.671666666666667,0.03581549309467361,Medium Risk
2014-12-21,4.47,4.38,4.57,4.36,354.09,-1.97,-0.019736842105263164,4.518571428571429,4.659999999999999,0.03624415812988908,Medium Risk
2014-12-22,4.47,4.48,4.48,4.47,127.18,0.0,0.0,4.484285714285714,4.6466666666666665,0.03616777476976596,Medium Risk
2014-12-23,4.47,4.48,4.48,4.39,1.38,0.0,0.0,4.467142857142856,4.6353333333333335,0.03525556910575421,Medium Risk
2014-12-25,4.36,4.36,4.47,4.36,156.53,-2.46,-0.02460850111856816,4.428571428571429,4.620333333333334,0.0356190811493029,Medium Risk
2014-12-29,4.33,4.36,4.52,4.32,26.18,-0.69,-0.006880733944954143,4.422857142857143,4.604,0.028718509425942736,Medium Risk
2014-12-30,4.36,4.36,4.59,4.36,43.6,0.69,0.006928406466512715,4.431428571428571,4.591666666666667,0.028015346885000535,Medium Risk
2014-12-31,4.15,4.36,4.54,3.96,437.79,-4.82,-0.04816513761467889,4.372857142857143,4.569000000000001,0.019100655999622414,Low Risk
2015-01-04,4.36,4.48,4.48,4.36,439.89,5.06,0.050602409638554224,4.357142857142857,4.559666666666667,0.030308107568791626,Medium Risk
2015-01-05,4.46,4.36,4.52,4.36,1.23,2.29,0.022935779816513735,4.355714285714286,4.551333333333333,0.031904455639063745,Medium Risk
2015-01-06,4.46,4.19,4.19,4.19,2.43,0.0,0.0,4.354285714285715,4.543000000000001,0.031904455639063745,Medium Risk
2015-01-11,4.46,4.46,4.46,4.36,466.46,0.0,0.0,4.368571428571428,4.536,0.030026559018500366,Medium Risk
2015-01-13,4.36,4.36,4.36,4.36,1.41,-2.24,-0.022421524663677084,4.372857142857144,4.529666666666667,0.03147304983606059,Medium Risk
2015-01-14,4.33,4.36,4.45,4.13,445.97,-0.69,-0.006880733944954143,4.368571428571428,4.522333333333333,0.03150237579039592,Medium Risk
2015-01-15,4.36,4.16,4.36,4.16,6.52,0.69,0.006928406466512715,4.398571428571429,4.516,0.023490267576713814,Medium Risk
2015-01-18,4.34,4.34,4.36,4.34,4.36,-0.46,-0.004587155963302836,4.395714285714286,4.505,0.013801264689113257,Low Risk
2015-01-19,4.36,4.34,4.36,4.34,183.62,0.46,0.004608294930875667,4.381428571428572,4.493333333333333,0.00973800785821448,Low Risk
2015-01-20,4.37,4.43,4.43,4.36,393.93,0.23,0.002293577981651307,4.368571428571428,4.482,0.009900586631538649,Low Risk
2015-01-21,4.36,4.36,4.43,4.36,2.99,-0.23,-0.0022883295194507935,4.354285714285714,4.473666666666667,0.009827709546149052,Low Risk
2015-01-22,4.36,4.36,4.48,4.36,40.97,0.0,0.0,4.354285714285714,4.462,0.004968599168472384,Low Risk
2015-01-26,4.37,4.36,4.45,4.36,47.98,0.23,0.002293577981651307,4.36,4.451,0.003954317014389331,Low Risk
2015-01-27,4.4,4.37,4.46,4.36,137.38,0.69,0.006864988558352492,4.365714285714286,4.440666666666667,0.003939373691051667,Low Risk
2015-01-28,4.39,4.42,4.42,4.37,223.44,-0.23,-0.002272727272727426,4.372857142857143,4.4303333333333335,0.003425306858325144,Low Risk
2015-01-29,4.36,4.39,4.39,4.31,2.24,-0.68,-0.006833712984054552,4.372857142857143,4.419,0.004373213386636184,Low Risk
2015-02-01,4.48,4.36,4.48,4.36,2.62,2.75,0.02752293577981657,4.388571428571429,4.411666666666666,0.011369963260250441,Low Risk
2015-02-02,4.47,4.47,4.47,4.47,1.3,-0.22,-0.0022321428571430157,4.404285714285714,4.403666666666667,0.01136512215563665,Low Risk
2015-02-03,4.48,4.47,4.56,4.47,3.14,0.22,0.0022371364653246406,4.421428571428572,4.4,0.011277463417646749,Low Risk
2015-02-04,4.65,4.49,4.68,4.48,173.69,3.79,0.0379464285714286,4.461428571428572,4.400666666666667,0.017005997005204478,Low Risk
2015-02-05,4.82,4.65,4.94,4.65,114.66,3.66,0.03655913978494629,4.521428571428571,4.415666666666667,0.01984201056212582,Low Risk
2015-02-08,4.8,4.75,4.82,4.75,560.74,-0.41,-0.004149377593361092,4.58,4.432333333333333,0.020098123447299554,Medium Risk
2015-02-09,4.91,4.93,4.93,4.91,1.29,2.29,0.022916666666666696,4.658571428571428,4.444,0.018265186878424707,Low Risk
2015-02-10,4.91,4.93,4.93,4.91,56.52,0.0,0.0,4.72,4.458666666666667,0.018645441684426067,Low Risk
2015-02-11,4.91,4.93,4.93,4.91,966.45,0.0,0.0,4.782857142857144,4.473333333333333,0.018351804208554385,Low Risk
2015-02-12,4.91,4.73,4.93,4.73,22.5,0.0,0.0,4.844285714285713,4.4879999999999995,0.01860134767746798,Low Risk
2015-02-15,5.1,4.93,5.22,4.93,557.84,3.87,0.038696537678207577,4.908571428571428,4.512666666666667,0.018768240329660756,Low Risk
2015-02-16,5.02,5.19,5.19,4.99,2.14,-1.57,-0.015686274509803977,4.937142857142858,4.535666666666667,0.018423420266515333,Low Risk
2015-02-17,5.17,5.14,5.2,5.05,474.83,2.99,0.029880478087649376,4.99,4.562666666666668,0.01975066100821859,Low Risk
2015-02-18,5.15,5.14,5.15,5.14,652.79,-0.39,-0.003868471953578201,5.024285714285715,4.596,0.01961282506082533,Low Risk
2015-02-19,5.15,5.15,5.17,5.05,375.16,0.0,0.0,5.058571428571428,4.622333333333333,0.01961282506082533,Low Risk
2015-02-22,5.14,5.18,5.18,5.08,5.82,-0.19,-0.001941747572815622,5.091428571428572,4.6450000000000005,0.019741690316421024,Low Risk
2015-02-23,5.14,5.02,5.17,5.02,396.63,0.0,0.0,5.124285714285714,4.667666666666666,0.019741690316421024,Low Risk
2015-02-24,5.17,5.17,5.17,5.15,436.28,0.58,0.005836575875486361,5.134285714285714,4.691333333333334,0.013921291046164368,Low Risk
2015-02-25,5.28,5.06,5.28,5.05,3.15,2.13,0.021276595744680993,5.171428571428572,4.722,0.013064509807438219,Low Risk
2015-02-26,5.2,5.26,5.26,5.14,37.23,-1.52,-0.015151515151515138,5.175714285714285,4.751,0.011027671824536048,Low Risk
2015-03-01,5.23,5.25,5.25,5.23,133.75,0.58,0.005769230769230749,5.187142857142858,4.78,0.010937459453539735,Low Risk
2015-03-02,5.23,5.14,5.25,5.14,210.44,0.0,0.0,5.198571428571428,4.809666666666668,0.010937459453539735,Low Risk
2015-03-03,5.22,5.23,5.23,5.18,437.26,-0.19,-0.0019120458891014325,5.21,4.838333333333334,0.010935565340375611,Low Risk
2015-03-04,5.2,5.2,5.23,5.06,261.35,-0.38,-0.003831417624520994,5.218571428571429,4.866,0.011161085128524968,Low Risk
2015-03-05,5.1,5.24,5.24,5.09,1.03,-1.92,-0.019230769230769384,5.208571428571429,4.890666666666666,0.013411832504424506,Low Risk
2015-03-08,5.19,5.19,5.21,5.19,45.51,1.76,0.01764705882352957,5.195714285714286,4.918333333333333,0.012399883836214058,Low Risk
2015-03-09,5.09,5.19,5.19,5.04,223.37,-1.93,-0.019267822736030893,5.18,4.942333333333333,0.013179219345646458,Low Risk
2015-03-10,4.86,5.19,5.19,4.84,4.3,-4.52,-0.04518664047151266,5.127142857142857,4.957666666666667,0.01990214442714364,Low Risk
2015-03-11,4.83,4.89,4.92,4.82,1.31,-0.62,-0.006172839506172867,5.07,4.972333333333333,0.019504843996641177,Low Risk
2015-03-12,4.82,4.86,4.87,4.82,9.2,-0.21,-0.0020703933747411307,5.012857142857143,4.987666666666668,0.019492450829343,Low Risk
2015-03-15,4.89,5.05,5.05,4.88,146.65,1.45,0.014522821576763434,4.968571428571429,5.001333333333333,0.02174653216542852,Medium Risk
2015-03-16,4.82,4.87,4.98,4.82,2.48,-1.43,-0.014314928425357754,4.928571428571429,5.013,0.021420570051131946,Medium Risk
2015-03-17,4.82,4.97,5.04,4.88,0.7,0.0,0.0,4.875714285714286,5.024333333333334,0.018799910556683015,Low Risk
2015-03-18,4.94,5.04,5.04,4.9,161.5,2.49,0.024896265560165887,4.854285714285714,5.034000000000001,0.022380257824578566,Medium Risk
2015-03-19,4.94,5.04,5.05,4.94,342.99,0.0,0.0,4.865714285714286,5.038,0.013149341322186892,Low Risk
2015-03-22,4.82,4.87,4.98,4.82,4.36,-2.43,-0.02429149797570851,4.864285714285715,5.038666666666667,0.01648125692699338,Low Risk
2015-03-23,4.82,4.83,4.93,4.81,5.68,0.0,0.0,4.864285714285715,5.035666666666667,0.016460235365705633,Low Risk
2015-03-24,4.82,4.82,4.98,4.81,723.93,0.0,0.0,4.854285714285715,5.0326666666666675,0.015209456730616354,Low Risk
2015-03-25,4.81,4.82,4.82,4.78,1.43,-0.21,-0.0020746887966806016,4.852857142857142,5.029333333333333,0.014223786295258355,Low Risk
2015-03-26,4.79,4.78,4.82,4.78,4.36,-0.42,-0.004158004158004047,4.848571428571428,5.025333333333334,0.014300171636096743,Low Risk
2015-03-29,4.84,5.03,5.03,4.8,23.65,1.04,0.010438413361169019,4.8342857142857145,5.016666666666667,0.010511871176508576,Low Risk
2015-03-30,4.83,4.84,4.84,4.82,7.08,-0.21,-0.0020661157024792765,4.818571428571429,5.0103333333333335,0.010446678921159042,Low Risk
2015-03-31,4.81,4.84,4.84,4.78,6.69,-0.41,-0.0041407867494824835,4.817142857142857,4.998333333333333,0.005023223574138501,Low Risk
2015-04-01,4.82,4.82,4.82,4.78,426.37,0.21,0.0020790020790022457,4.817142857142857,4.987333333333334,0.005103759058902391,Low Risk
2015-04-02,4.81,4.65,4.82,4.65,9.8,-0.21,-0.0020746887966806016,4.815714285714286,4.976,0.005164392465623758,Low Risk
2015-04-05,4.77,4.91,4.94,4.75,47.26,-0.83,-0.008316008316008316,4.8100000000000005,4.963666666666667,0.005996549095460362,Low Risk
2015-04-06,4.82,4.82,4.82,4.71,851.48,1.05,0.01048218029350112,4.814285714285715,4.953,0.0072131711066846975,Low Risk
2015-04-07,4.82,4.82,4.82,4.82,45.51,0.0,0.0,4.811428571428571,4.941333333333333,0.005870066820642115,Low Risk
2015-04-08,4.78,4.82,4.82,4.73,77.25,-0.83,-0.008298755186721962,4.804285714285714,4.924666666666666,0.006565177638237343,Low Risk
2015-04-09,4.79,4.72,4.82,4.72,872.48,0.21,0.0020920502092049986,4.801428571428572,4.9110000000000005,0.0065647721124866155,Low Risk
2015-04-14,4.8,4.91,4.91,4.79,547.04,0.21,0.0020876826722338038,4.798571428571428,4.8966666666666665,0.006565358156936148,Low Risk
2015-04-15,4.8,4.8,4.8,4.76,280.49,0.0,0.0,4.797142857142857,4.882333333333333,0.006533142750597044,Low Risk
2015-04-16,4.81,4.8,5.05,4.8,991.45,0.21,0.002083333333333215,4.8028571428571425,4.868666666666667,0.005501953050216893,Low Risk
2015-04-19,4.83,4.82,4.94,4.82,112.64,0.42,0.004158004158004269,4.804285714285714,4.856333333333334,0.004053604296851216,Low Risk
2015-04-20,4.83,4.82,4.9,4.82,151.88,0.0,0.0,4.805714285714286,4.847333333333334,0.004053604296851216,Low Risk
2015-04-21,4.73,4.82,4.82,4.53,72.3,-2.07,-0.020703933747411973,4.798571428571428,4.832,0.008601471932110307,Low Risk
2015-04-22,4.74,4.59,4.82,4.59,251.48,0.21,0.0021141649048626032,4.791428571428571,4.820333333333334,0.008603001780457241,Low Risk
2015-04-23,4.74,4.75,4.75,4.74,798.74,0.0,0.0,4.782857142857142,4.816333333333334,0.008494787111165603,Low Risk
2015-04-26,4.71,4.71,4.73,4.71,6.32,-0.63,-0.006329113924050667,4.7700000000000005,4.812333333333333,0.008611752738278598,Low Risk
2015-04-27,4.71,4.72,4.75,4.6,258.27,0.0,0.0,4.755714285714285,4.808666666666666,0.008454740360864695,Low Risk
2015-04-28,4.72,4.71,4.75,4.71,424.13,0.21,0.002123142250530785,4.74,4.803,0.008200130788613756,Low Risk
2015-04-29,4.74,4.73,4.8,4.72,203.83,0.42,0.004237288135593209,4.727142857142858,4.800333333333334,0.008625932653565269,Low Risk
2015-04-30,4.82,4.82,4.89,4.82,28.69,1.69,0.016877637130801704,4.74,4.800333333333333,0.007072804133293813,Low Risk
2015-05-03,4.82,4.82,4.88,4.82,4.36,0.0,0.0,4.751428571428572,4.796333333333333,0.007147610193343839,Low Risk
2015-05-04,4.84,4.83,4.85,4.83,14.22,0.41,0.004149377593360981,4.765714285714286,4.793,0.007085684196110626,Low Risk
2015-05-05,5.01,4.83,5.03,4.82,49.05,3.51,0.03512396694214881,4.808571428571428,4.799333333333333,0.012909866043089063,Low Risk
2015-05-06,5.08,5.03,5.14,5.03,1.31,1.4,0.0139720558882237,4.861428571428571,4.808000000000001,0.012367776026438557,Low Risk
2015-05-07,5.14,5.15,5.15,5.12,90.34,1.18,0.011811023622047223,4.921428571428572,4.818666666666666,0.01174487362246981,Low Risk
2015-05-10,5.26,5.15,5.4,5.15,198.67,2.33,0.023346303501945442,4.9957142857142856,4.833666666666668,0.01177646923377555,Low Risk
2015-05-11,5.4,5.4,5.58,5.4,4.99,2.66,0.026615969581749166,5.078571428571428,4.854,0.012577682870934453,Low Risk
2015-05-12,5.5,5.57,5.58,5.4,798.58,1.85,0.01851851851851838,5.175714285714285,4.876,0.010284039751992578,Low Risk
2015-05-13,5.51,5.61,5.61,5.4,271.43,0.18,0.0018181818181817189,5.271428571428571,4.898666666666667,0.010869101420780385,Low Risk
2015-05-14,5.51,5.54,5.54,5.45,1.1,0.0,0.0,5.3428571428571425,4.922,0.010129138470416776,Low Risk
2015-05-17,5.51,5.49,5.49,5.49,0.26,0.0,0.0,5.404285714285714,4.945000000000001,0.011372855736437825,Low Risk
2015-05-18,5.61,5.51,5.63,5.51,32.29,1.81,0.01814882032667886,5.471428571428572,4.971666666666667,0.011629757394808453,Low Risk
2015-05-19,5.57,5.51,5.59,5.51,37.82,-0.71,-0.007130124777183555,5.515714285714286,4.998333333333333,0.01261462430413506,Low Risk
2015-05-20,5.56,5.56,5.56,5.56,93.37,-0.18,-0.0017953321364453378,5.538571428571428,5.023,0.01004037427719841,Low Risk
2015-05-21,5.51,5.6,5.6,5.28,4.8,-0.9,-0.008992805755395628,5.54,5.046000000000001,0.008822493010139017,Low Risk
2015-05-24,5.51,5.51,5.51,5.34,48.14,0.0,0.0,5.54,5.070333333333334,0.008796822699031948,Low Risk
2015-05-25,5.35,5.3,5.51,5.28,13.46,-2.9,-0.029038112522686066,5.517142857142858,5.0889999999999995,0.01407699368846837,Low Risk
2015-05-26,5.4,5.4,5.4,5.4,372.39,0.93,0.009345794392523477,5.501428571428571,5.109,0.014948575152057041,Low Risk
2015-05-27,5.37,5.4,5.4,5.28,57.5,-0.56,-0.005555555555555647,5.467142857142856,5.128,0.011762685332864986,Low Risk
2015-05-28,5.39,4.87,5.4,4.87,152.53,0.37,0.003724394785847185,5.441428571428571,5.147333333333333,0.012316900884228477,Low Risk
2015-05-31,5.3,5.28,5.39,5.28,9.61,-1.67,-0.016697588126159513,5.404285714285714,5.163,0.013016151513544407,Low Risk
2015-06-01,5.4,5.23,5.45,5.23,471.81,1.89,0.018867924528301883,5.388571428571429,5.182,0.016106897526061623,Low Risk
2015-06-02,5.57,5.5,5.58,5.49,1.76,3.15,0.031481481481481444,5.397142857142858,5.21,0.02073712076741948,Medium Risk
2015-06-03,5.6,5.61,5.63,5.57,135.63,0.54,0.0053859964093356805,5.432857142857143,5.238666666666666,0.01569176953889022,Low Risk
2015-06-04,5.63,5.58,5.68,5.58,677.59,0.54,0.005357142857142838,5.465714285714285,5.268333333333333,0.015649941354659528,Low Risk
2015-06-07,5.62,5.51,5.63,5.51,12.22,-0.18,-0.001776198934280604,5.501428571428572,5.298666666666667,0.015241462585281357,Low Risk
2015-06-08,5.62,5.51,5.69,5.4,953.37,0.0,0.0,5.534285714285715,5.329,0.015423330422609632,Low Risk
2015-06-09,5.62,5.4,5.63,5.4,674.45,0.0,0.0,5.579999999999999,5.359,0.012283541601449382,Low Risk
2015-06-10,5.63,5.63,5.63,5.62,1.23,0.18,0.001779359430605032,5.612857142857143,5.3886666666666665,0.01154968851561068,Low Risk
2015-06-11,5.63,5.43,5.43,5.43,0.7,0.0,0.0,5.621428571428571,5.415666666666667,0.002814586234758793,Low Risk
2015-06-14,5.63,5.45,5.45,5.44,1.74,0.0,0.0,5.625714285714286,5.442666666666667,0.0022699225052994296,Low Risk
2015-06-16,5.62,5.62,5.62,5.42,218.06,-0.18,-0.001776198934280604,5.6242857142857146,5.468666666666667,0.0012265663623997874,Low Risk
2015-06-17,5.62,5.6,5.63,5.6,4.36,0.0,0.0,5.624285714285714,5.489000000000001,0.0010264015791696648,Low Risk
2015-06-18,5.63,5.6,5.63,5.6,217.77,0.18,0.001779359430605032,5.6257142857142854,5.507333333333333,0.0012270025522360711,Low Risk
2015-06-21,5.63,5.63,5.63,5.63,107.14,0.0,0.0,5.627142857142857,5.523666666666667,0.0012270025522360711,Low Risk
2015-06-22,5.62,5.42,5.63,5.42,109.53,-0.18,-0.001776198934280604,5.6257142857142854,5.535666666666667,0.0012265663623997872,Low Risk
2015-06-24,5.63,5.42,5.63,5.42,305.75,0.18,0.001779359430605032,5.625714285714286,5.543333333333333,0.0014515508698668476,Low Risk
2015-06-25,5.63,5.61,5.63,5.61,287.46,0.0,0.0,5.625714285714286,5.547666666666666,0.0014515508698668476,Low Risk
2015-06-28,5.63,5.4,5.4,5.4,0.44,0.0,0.0,5.627142857142857,5.551666666666666,0.0012270025522360711,Low Risk
2015-07-02,5.56,5.51,5.57,5.4,166.13,-1.24,-0.01243339253996456,5.618571428571428,5.553333333333333,0.004964381516397985,Low Risk
2015-07-05,5.56,5.51,5.56,5.51,343.21,0.0,0.0,5.608571428571429,5.554999999999999,0.004810358614916474,Low Risk
2015-07-06,5.56,5.42,5.42,5.4,1.87,0.0,0.0,5.598571428571428,5.553333333333333,0.004810358614916474,Low Risk
2015-07-08,5.38,5.21,5.4,5.17,1.23,-3.24,-0.03237410071942437,5.564285714285714,5.547,0.012525634734609837,Low Risk
2015-07-09,5.39,5.4,5.4,5.39,7.4,0.19,0.0018587360594795044,5.53,5.541333333333333,0.012534039448128328,Low Risk
2015-07-12,5.39,5.28,5.28,5.28,0.0,0.0,0.0,5.4957142857142856,5.537333333333333,0.012534039448128328,Low Risk
2015-07-13,5.28,5.28,5.28,5.28,347.58,-2.04,-0.020408163265306034,5.445714285714287,5.5296666666666665,0.013223570545205218,Low Risk
2015-07-14,5.28,5.05,5.39,5.05,1.64,0.0,0.0,5.405714285714285,5.527333333333333,0.013525115331433895,Low Risk
2015-07-15,5.28,5.28,5.37,5.28,1.26,0.0,0.0,5.365714285714285,5.5233333333333325,0.013525115331433895,Low Risk
2015-07-16,5.39,5.28,5.4,5.28,603.68,2.08,0.02083333333333326,5.341428571428572,5.524,0.017188719729062808,Low Risk
2015-07-21,5.39,5.39,5.39,5.39,65.33,0.0,0.0,5.3428571428571425,5.524,0.011924978197503915,Low Risk
2015-07-22,5.48,5.4,5.51,5.4,118.7,1.67,0.016697588126159735,5.355714285714285,5.529999999999999,0.013462579208704268,Low Risk
2015-07-26,5.51,5.53,5.53,5.51,196.86,0.55,0.005474452554744325,5.372857142857143,5.533666666666666,0.013455805939206653,Low Risk
2015-07-27,5.51,5.51,5.51,5.51,201.27,0.0,0.0,5.405714285714285,5.531666666666666,0.008931199741268445,Low Risk
2015-07-28,5.54,5.51,5.62,5.51,130.96,0.54,0.005444646098003769,5.442857142857143,5.5296666666666665,0.008535294724637215,Low Risk
2015-07-29,5.63,5.6,5.67,5.6,111.93,1.62,0.016245487364620947,5.492857142857143,5.529666666666667,0.008548265673050016,Low Risk
2015-07-30,5.63,5.63,5.65,5.51,1.74,0.0,0.0,5.527142857142857,5.53,0.007388026760468824,Low Risk
2015-08-02,5.63,5.63,5.63,5.63,123.98,0.0,0.0,5.561428571428571,5.530333333333333,0.007388026760468824,Low Risk
2015-08-03,5.63,5.63,5.63,5.63,33.65,0.0,0.0,5.582857142857144,5.530666666666666,0.006029279546807306,Low Risk
2015-08-04,5.63,5.63,5.63,5.62,703.29,0.0,0.0,5.6,5.530666666666666,0.006142084193920228,Low Risk
2015-08-05,5.63,5.52,5.63,5.52,502.39,0.0,0.0,5.617142857142857,5.530666666666666,0.006142084193920228,Low Risk
2015-08-09,5.63,5.63,5.63,5.52,630.31,0.0,0.0,5.63,5.530666666666667,0.00614021707054528,Low Risk
2015-08-10,5.63,5.63,5.63,5.63,47.16,0.0,0.0,5.63,5.531000000000001,0.0,Low Risk
2015-08-11,5.62,5.63,5.63,5.51,347.29,-0.18,-0.001776198934280604,5.628571428571429,5.531000000000001,0.0006713400941390394,Low Risk
2015-08-12,5.51,5.51,5.51,5.51,9.05,-1.96,-0.019572953736654908,5.611428571428571,5.527,0.007315999239520324,Low Risk
2015-08-13,5.61,5.63,5.63,5.51,111.41,1.81,0.01814882032667886,5.6085714285714285,5.526333333333333,0.010910025350299564,Low Risk
2015-08-16,5.61,5.4,5.4,5.4,0.9,0.0,0.0,5.605714285714286,5.526,0.010910025350299564,Low Risk
2015-08-17,5.41,5.4,5.42,5.4,13.07,-3.57,-0.035650623885918,5.574285714285714,5.518666666666666,0.017180288846286123,Low Risk
2015-08-18,5.4,5.4,5.4,5.4,5.3,-0.18,-0.001848428835489746,5.541428571428573,5.511,0.017094757845017725,Low Risk
2015-08-19,5.28,5.28,5.28,5.06,760.46,-2.22,-0.022222222222222254,5.491428571428572,5.499333333333334,0.017880418078126157,Low Risk
2015-08-20,5.28,5.28,5.28,5.17,1.86,0.0,0.0,5.442857142857144,5.49,0.018011951224000986,Low Risk
2015-08-23,5.22,5.28,5.28,5.06,34.7,-1.14,-0.011363636363636465,5.401428571428572,5.478666666666667,0.01744708290397368,Low Risk
2015-08-24,5.17,5.06,5.51,5.05,687.83,-0.96,-0.009578544061302652,5.338571428571428,5.4656666666666665,0.013288957073216399,Low Risk
2015-08-25,5.17,5.19,5.19,5.17,2.28,0.0,0.0,5.275714285714286,5.458666666666668,0.013288957073216399,Low Risk
2015-08-26,5.16,5.05,5.34,5.05,397.39,-0.19,-0.0019342359767891004,5.24,5.451,0.0082361483288842,Low Risk
2015-08-27,5.17,5.05,5.18,5.05,2.38,0.19,0.0019379844961240345,5.207142857142857,5.443666666666667,0.008718607075205855,Low Risk
2015-08-30,5.21,5.17,5.21,5.17,1.2,0.77,0.007736943907156624,5.1971428571428575,5.441333333333334,0.0066249660466446494,Low Risk
2015-08-31,5.22,5.21,5.36,5.1,2.34,0.19,0.0019193857965451588,5.188571428571429,5.439333333333334,0.006754485464061228,Low Risk
2015-09-01,5.23,5.18,5.23,5.18,339.58,0.19,0.0019157088122607746,5.1899999999999995,5.437666666666667,0.005258168057940435,Low Risk
2015-09-02,5.24,5.28,5.28,5.23,45.73,0.19,0.0019120458891013214,5.2,5.432666666666666,0.0029546136247585,Low Risk
2015-09-03,5.43,5.28,5.43,5.28,909.38,3.63,0.03625954198473269,5.2371428571428575,5.434,0.013162944173713496,Low Risk
2015-09-06,5.43,5.4,5.43,5.4,5.23,0.0,0.0,5.275714285714286,5.432333333333334,0.012960263166365728,Low Risk
2015-09-07,5.49,5.17,5.51,5.17,2.56,1.1,0.011049723756906271,5.321428571428571,5.431666666666667,0.012778530596298273,Low Risk
2015-09-08,5.49,5.28,5.49,5.28,665.81,0.0,0.0,5.361428571428571,5.431,0.013201769838303559,Low Risk
2015-09-09,5.49,5.49,5.49,5.49,591.11,0.0,0.0,5.3999999999999995,5.429333333333334,0.013357931136759113,Low Risk
2015-09-10,5.54,5.51,5.57,5.51,2.12,0.91,0.009107468123861429,5.444285714285714,5.426333333333333,0.013149255074345344,Low Risk
2015-09-13,5.51,5.52,5.52,5.51,288.63,-0.54,-0.005415162454873723,5.482857142857143,5.422333333333333,0.014009082848068828,Low Risk
2015-09-14,5.51,5.49,5.6,5.49,654.42,0.0,0.0,5.494285714285715,5.418333333333334,0.005821219505705662,Low Risk
2015-09-15,5.51,5.51,5.51,5.36,2.36,0.0,0.0,5.505714285714285,5.414333333333333,0.005821219505705662,Low Risk
2015-09-17,5.51,5.51,5.51,5.3,579.45,0.0,0.0,5.508571428571429,5.410333333333333,0.004288013745770912,Low Risk
2015-09-20,5.32,5.4,5.4,5.28,11.41,-3.45,-0.03448275862068961,5.484285714285714,5.4,0.013939719049874413,Low Risk
2015-09-21,5.29,5.28,5.51,5.28,970.25,-0.56,-0.005639097744360999,5.455714285714286,5.388666666666667,0.013805449247276443,Low Risk
2015-09-22,5.29,5.29,5.3,5.29,228.76,0.0,0.0,5.420000000000001,5.3773333333333335,0.012609207016080872,Low Risk
2015-09-28,5.3,5.31,5.31,5.28,6.24,0.19,0.001890359168241984,5.39,5.366666666666666,0.013010423737496231,Low Risk
2015-09-30,5.49,5.43,5.51,5.43,97.72,3.58,0.03584905660377369,5.387142857142857,5.366,0.02044821720906417,Medium Risk
2015-10-01,5.49,5.32,5.32,5.32,0.34,0.0,0.0,5.384285714285715,5.362,0.02044821720906417,Medium Risk
2015-10-04,5.29,5.29,5.32,5.28,6.01,-3.64,-0.03642987249544627,5.352857142857144,5.351333333333333,0.024568016520401952,Medium Risk
2015-10-05,5.51,5.28,5.52,5.28,1.12,4.16,0.041587901701323204,5.380000000000001,5.354666666666666,0.026390986011123073,Medium Risk
2015-10-07,5.5,5.5,5.51,5.5,1.39,-0.18,-0.001814882032667886,5.409999999999999,5.3580000000000005,0.026164862873177066,Medium Risk
2015-10-08,5.51,5.51,5.51,5.51,45.73,0.18,0.0018181818181817189,5.441428571428571,5.365666666666667,0.026105849389229607,Medium Risk
2015-10-11,5.51,5.51,5.52,5.51,31.04,0.0,0.0,5.471428571428571,5.373333333333333,0.02616670622142357,Medium Risk
2015-10-12,5.63,5.53,5.67,5.53,693.98,2.18,0.021778584392014633,5.491428571428571,5.387,0.023923195335640794,Medium Risk
2015-10-13,5.62,5.62,5.62,5.51,177.4,-0.18,-0.001776198934280604,5.509999999999999,5.402,0.023980170448791912,Medium Risk
2015-10-15,5.58,5.58,5.59,5.58,37.23,-0.71,-0.007117437722419906,5.551428571428572,5.415666666666667,0.017513435657558214,Low Risk
2015-10-18,5.58,5.59,5.59,5.59,0.24,0.0,0.0,5.561428571428571,5.429666666666666,0.009228484543602752,Low Risk
2015-10-19,5.75,5.59,5.81,5.59,1.02,3.05,0.03046594982078843,5.597142857142857,5.449,0.01395311045479299,Low Risk
2015-10-20,5.75,5.75,5.81,5.74,3.04,0.0,0.0,5.631428571428572,5.467,0.014070194057285618,Low Risk
2015-10-21,5.71,5.67,5.74,5.67,12.7,-0.7,-0.006956521739130417,5.659999999999999,5.483333333333333,0.014806897720776096,Low Risk
2015-10-22,5.74,5.71,5.74,5.71,30.92,0.53,0.005253940455341555,5.675714285714286,5.500333333333334,0.01292015927238299,Low Risk
2015-10-25,5.62,5.58,5.63,5.51,1.34,-2.09,-0.020905923344947785,5.675714285714285,5.513,0.015768156222719716,Low Risk
2015-10-26,5.66,5.63,5.67,5.63,3.22,0.71,0.007117437722419906,5.687142857142858,5.520666666666667,0.015598351577013442,Low Risk
2015-10-27,5.59,5.58,5.61,5.58,23.95,-1.24,-0.012367491166077826,5.688571428571429,5.525999999999999,0.016552292684973095,Low Risk
2015-10-28,5.62,5.58,5.63,5.58,52.7,0.54,0.005366726296959001,5.67,5.530333333333333,0.010592452473767965,Low Risk
2015-10-29,5.6,5.63,5.63,5.58,469.34,-0.36,-0.003558718861210064,5.648571428571429,5.534000000000001,0.010497510751254284,Low Risk
2015-11-01,5.61,5.6,5.63,5.59,42.51,0.18,0.0017857142857145014,5.634285714285714,5.537999999999999,0.010568289542921732,Low Risk
2015-11-02,5.63,5.63,5.63,5.63,263.24,0.36,0.0035650623885916666,5.618571428571428,5.5409999999999995,0.010380100150868168,Low Risk
2015-11-03,5.63,5.64,5.64,5.51,591.68,0.0,0.0,5.62,5.545,0.006588588230420593,Low Risk
2015-11-04,5.63,5.63,5.63,5.52,2.38,0.0,0.0,5.615714285714286,5.549,0.005865772327614723,Low Risk
2015-11-05,5.63,5.62,5.65,5.62,637.79,0.0,0.0,5.621428571428572,5.553,0.0028880069954210497,Low Risk
2015-11-08,5.63,5.63,5.63,5.63,421.93,0.0,0.0,5.622857142857143,5.557,0.0021642606003350936,Low Risk
2015-11-09,5.52,5.63,5.63,5.51,586.03,-1.95,-0.019538188277087087,5.611428571428571,5.563666666666666,0.007840967016227733,Low Risk
2015-11-10,5.34,5.47,5.47,5.28,486.06,-3.26,-0.032608695652173836,5.572857142857143,5.565333333333332,0.013666302960584817,Low Risk
2015-11-11,5.25,5.28,5.37,5.25,60.1,-1.69,-0.016853932584269593,5.518571428571428,5.563999999999999,0.013222228270497443,Low Risk
2015-11-12,5.34,5.34,5.34,5.24,830.71,1.71,0.017142857142857126,5.477142857142858,5.565333333333332,0.01652685768316754,Low Risk
2015-11-15,5.17,5.17,5.28,5.17,650.3,-3.18,-0.03183520599250933,5.411428571428572,5.554666666666667,0.018420239548249884,Low Risk
2015-11-16,5.17,5.17,5.17,5.17,96.96,0.0,0.0,5.345714285714285,5.544,0.018420239548249884,Low Risk
2015-11-17,5.17,5.17,5.17,5.17,260.9,0.0,0.0,5.28,5.540000000000001,0.018420239548249884,Low Risk
2015-11-18,5.08,5.05,5.17,4.94,212.55,-1.74,-0.01740812379110246,5.217142857142856,5.525666666666666,0.018291254587304927,Low Risk
2015-11-19,5.17,5.18,5.18,5.17,144.6,1.77,0.017716535433070835,5.192857142857143,5.514666666666667,0.018569377537026595,Low Risk
2015-11-22,5.05,5.05,5.05,4.85,382.88,-2.32,-0.023210831721470093,5.164285714285714,5.499333333333333,0.019412665457280362,Low Risk
2015-11-23,4.94,5.17,5.17,4.84,729.33,-2.18,-0.02178217821782169,5.107142857142857,5.480333333333333,0.017354807709827683,Low Risk
2015-11-24,4.92,4.94,5.05,4.82,2.01,-0.4,-0.004048582995951455,5.071428571428571,5.456666666666667,0.014760536997032636,Low Risk
2015-11-25,4.95,4.94,4.96,4.94,8.28,0.61,0.0060975609756097615,5.04,5.434333333333333,0.015405683545029088,Low Risk
2015-11-26,4.94,4.94,4.94,4.94,6.31,-0.2,-0.002020202020201922,5.007142857142858,5.412999999999999,0.015291061624345485,Low Risk
2015-11-29,4.94,4.94,4.94,4.94,0.87,0.0,0.0,4.987142857142857,5.391666666666667,0.014598354220899324,Low Risk
2015-12-02,5.05,5.05,5.17,4.94,1.95,2.23,0.022267206477732726,4.97,5.368333333333334,0.015774945283227804,Low Risk
2015-12-03,5.04,4.82,5.05,4.82,87.05,-0.2,-0.001980198019801982,4.968571428571429,5.344666666666667,0.01311206988177463,Low Risk
2015-12-08,5.01,4.94,5.05,4.94,7.52,-0.6,-0.005952380952381042,4.978571428571429,5.321333333333333,0.009689861694741767,Low Risk
2015-12-09,4.94,4.94,4.94,4.94,1.01,-1.4,-0.013972055888223478,4.981428571428572,5.294666666666667,0.011319924755495108,Low Risk
2015-12-10,4.91,4.9,4.91,4.9,4.79,-0.61,-0.006072874493927127,4.975714285714285,5.271000000000001,0.011275509082212283,Low Risk
2015-12-13,4.79,4.79,4.79,4.78,11.56,-2.44,-0.024439918533604943,4.954285714285715,5.242,0.01434530127122347,Low Risk
2015-12-14,4.89,4.95,4.95,4.89,2.06,2.09,0.020876826722338038,4.9471428571428575,5.218666666666667,0.017263376690348265,Low Risk
2015-12-15,4.9,4.9,4.9,4.9,590.33,0.2,0.002044989775051187,4.925714285714285,5.1946666666666665,0.014050499558447631,Low Risk
2015-12-16,4.9,4.9,4.91,4.9,171.6,0.0,0.0,4.905714285714287,5.171333333333333,0.014122710027872165,Low Risk
2015-12-17,4.9,4.97,4.97,4.97,1.21,0.0,0.0,4.890000000000001,5.147666666666667,0.014159850307916114,Low Risk
2015-12-20,4.91,4.9,4.91,4.9,4.97,0.2,0.0020408163265306367,4.885714285714286,5.123666666666667,0.013378948761752883,Low Risk
2015-12-21,4.88,4.97,4.97,4.79,23.72,-0.61,-0.006109979633401319,4.881428571428572,5.098666666666667,0.013381396475372247,Low Risk
2015-12-22,4.96,4.88,4.97,4.88,26.43,1.64,0.016393442622950838,4.905714285714287,5.076333333333333,0.009770670486993852,Low Risk
2015-12-24,4.99,4.97,5.07,4.97,853.29,0.6,0.006048387096774244,4.920000000000001,5.055000000000001,0.006969604599321941,Low Risk
2015-12-27,4.97,4.83,4.97,4.83,108.29,-0.4,-0.004008016032064243,4.93,5.033,0.00745443184950608,Low Risk
2015-12-28,5.04,5.04,5.07,5.04,1.36,1.41,0.014084507042253502,4.95,5.017,0.008618199553988336,Low Risk
2015-12-29,5.04,4.93,5.06,4.93,47.67,0.0,0.0,4.97,5.007000000000001,0.008618199553988336,Low Risk
2015-12-30,5.09,4.98,5.1,4.98,202.16,0.99,0.009920634920634885,4.9957142857142856,5.001666666666667,0.008822077002064783,Low Risk
2015-12-31,5.16,5.2,5.2,5.1,69.63,1.38,0.013752455795677854,5.035714285714286,4.995666666666667,0.007705481805106771,Low Risk
2016-01-03,5.13,4.97,5.15,4.97,9.91,-0.58,-0.005813953488372103,5.0600000000000005,4.994333333333333,0.008239983782083432,Low Risk
2016-01-04,5.12,5.0,5.15,4.97,2.83,-0.19,-0.0019493177387913674,5.078571428571428,4.992666666666667,0.008593783622276427,Low Risk
2016-01-05,5.19,5.15,5.22,5.15,62.63,1.37,0.013671875,5.11,4.993333333333333,0.008544524706690983,Low Risk
2016-01-06,5.21,5.05,5.22,5.05,116.64,0.39,0.0038535645472059787,5.134285714285714,4.9976666666666665,0.007823242021424546,Low Risk
2016-01-10,5.21,5.04,5.04,5.04,1.87,0.0,0.0,5.158571428571428,4.999,0.007823242021424546,Low Risk
2016-01-11,5.04,5.05,5.05,5.0,38.81,-3.26,-0.03262955854126681,5.151428571428572,4.998666666666667,0.01571263446077642,Low Risk
2016-01-13,5.0,5.05,5.05,4.92,840.4,-0.79,-0.007936507936507908,5.128571428571428,5.000666666666667,0.014326513668789433,Low Risk
2016-01-14,4.68,4.73,4.73,4.5,51.55,-6.4,-0.06400000000000006,5.064285714285715,4.992666666666667,0.026764187713820466,Medium Risk
2016-01-17,4.68,4.69,4.69,4.59,603.49,0.0,0.0,5.001428571428571,4.983666666666666,0.026904617184490814,Medium Risk
2016-01-18,4.69,4.69,4.73,4.68,34.4,0.21,0.002136752136752351,4.93,4.975333333333334,0.025347332432319337,Medium Risk
2016-01-19,4.73,4.73,4.73,4.73,281.86,0.85,0.008528784648187626,4.861428571428571,4.968333333333334,0.025953055332592356,Medium Risk
2016-01-20,4.73,4.73,4.73,4.65,1.83,0.0,0.0,4.792857142857144,4.957666666666666,0.025953055332592356,Medium Risk
2016-01-21,4.73,4.73,4.75,4.73,676.75,0.0,0.0,4.748571428571429,4.947333333333334,0.024832738731748665,Medium Risk
2016-01-26,4.73,4.54,4.54,4.54,0.43,0.0,0.0,4.710000000000001,4.938000000000001,0.025056401223014228,Medium Risk
2016-01-27,4.73,4.73,4.73,4.73,102.87,0.0,0.0,4.717142857142858,4.930999999999999,0.0031899674053108874,Low Risk
2016-01-28,4.73,4.73,4.73,4.6,101.3,0.0,0.0,4.724285714285715,4.925,0.0031899674053108874,Low Risk
2016-02-01,4.66,4.54,4.67,4.54,376.18,-1.48,-0.014799154334038112,4.720000000000001,4.9206666666666665,0.006905774705768159,Low Risk
2016-02-02,4.72,4.6,4.73,4.6,157.79,1.29,0.012875536480686511,4.718571428571429,4.915000000000001,0.00800276820414653,Low Risk
2016-02-03,4.73,4.73,4.73,4.73,103.16,0.21,0.0021186440677967155,4.718571428571429,4.9093333333333335,0.008054787683427534,Low Risk
2016-02-04,4.8,4.74,4.91,4.73,96.45,1.48,0.014799154334038,4.728571428571429,4.906000000000001,0.009799490708555274,Low Risk
2016-02-07,4.73,4.73,4.73,4.73,7.95,-1.46,-0.01458333333333317,4.728571428571429,4.900333333333333,0.011697204280185752,Low Risk
2016-02-08,4.97,4.75,4.97,4.73,154.15,5.07,0.05073995771670181,4.762857142857143,4.902333333333333,0.02244156422734773,Medium Risk
2016-02-09,4.97,4.75,4.97,4.75,93.47,0.0,0.0,4.797142857142857,4.905333333333333,0.02244156422734773,Medium Risk
2016-02-10,5.02,4.97,5.07,4.97,98.99,1.01,0.010060362173038184,4.848571428571428,4.907333333333333,0.020216923082634435,Medium Risk
2016-02-11,4.97,4.97,4.97,4.97,139.45,-1.0,-0.009960159362549792,4.884285714285714,4.906666666666666,0.02163023270963532,Medium Risk
2016-02-14,4.97,4.97,5.1,4.86,207.85,0.0,0.0,4.918571428571428,4.906666666666666,0.021734227781985804,Medium Risk
2016-02-15,4.97,4.97,5.17,4.97,241.6,0.0,0.0,4.942857142857143,4.904333333333333,0.02160184656696927,Medium Risk
2016-02-16,4.97,5.2,5.2,5.2,0.24,0.0,0.0,4.977142857142857,4.902,0.02002378994160865,Medium Risk
2016-02-17,5.16,5.1,5.18,4.97,646.86,3.82,0.03822937625754541,5.0042857142857144,4.904333333333333,0.015556463564654588,Low Risk
2016-02-18,5.16,4.93,4.93,4.93,0.23,0.0,0.0,5.031428571428571,4.904333333333333,0.015556463564654588,Low Risk
2016-02-21,5.16,5.07,5.07,4.97,1.13,0.0,0.0,5.051428571428572,4.905333333333333,0.015526997426235305,Low Risk
2016-02-22,4.97,5.04,5.04,4.95,323.71,-3.68,-0.036821705426356655,5.051428571428572,4.900333333333333,0.02166810298883209,Medium Risk
2016-02-23,4.97,4.97,4.97,4.97,0.33,0.0,0.0,5.051428571428572,4.893000000000001,0.02166810298883209,Medium Risk
2016-02-24,4.97,5.1,5.1,4.79,0.7,0.0,0.0,5.051428571428572,4.885000000000001,0.02166810298883209,Medium Risk
2016-02-25,4.98,4.97,5.22,4.96,1.65,0.2,0.00201207243460777,5.0528571428571425,4.8773333333333335,0.021678333928906997,Medium Risk
2016-02-28,5.21,5.1,5.35,5.1,125.04,4.62,0.0461847389558232,5.0600000000000005,4.883,0.024063914266732978,Medium Risk
2016-02-29,5.23,5.17,5.35,5.17,36.67,0.38,0.0038387715930903177,5.07,4.890666666666666,0.02406445059869596,Medium Risk
2016-03-01,5.23,5.2,5.2,5.2,2.01,0.0,0.0,5.08,4.909,0.02406445059869596,Medium Risk
2016-03-02,5.23,5.24,5.24,5.22,3.77,0.0,0.0,5.117142857142857,4.927333333333334,0.017151288380225102,Low Risk
2016-03-03,5.23,5.22,5.35,5.22,8.44,0.0,0.0,5.154285714285715,4.945333333333333,0.017151288380225102,Low Risk
2016-03-06,5.22,5.22,5.22,5.21,2.65,-0.19,-0.0019120458891014325,5.19,4.961666666666667,0.017303953217622823,Low Risk
2016-03-07,5.22,5.22,5.22,5.22,1.46,0.0,0.0,5.224285714285714,4.978,0.017420050272596466,Low Risk
2016-03-08,5.22,5.22,5.35,5.22,1.01,0.0,0.0,5.225714285714285,4.994333333333333,0.0017253870224381233,Low Risk
2016-03-09,5.22,5.22,5.22,5.22,1.04,0.0,0.0,5.224285714285714,5.010666666666666,0.0007226854168287786,Low Risk
2016-03-10,5.22,5.22,5.29,5.22,1.38,0.0,0.0,5.222857142857143,5.027,0.0007226854168287786,Low Risk
2016-03-13,5.2,5.21,5.21,5.2,17.83,-0.38,-0.003831417624520994,5.218571428571429,5.042666666666666,0.0015068288234648067,Low Risk
2016-03-14,5.48,5.46,5.72,5.43,3.88,5.38,0.05384615384615388,5.2542857142857144,5.069999999999999,0.020765320754981997,Medium Risk
2016-03-15,5.47,5.22,5.47,5.22,40.28,-0.18,-0.0018248175182482562,5.29,5.095,0.020759196334708387,Medium Risk
2016-03-16,5.47,5.47,5.57,4.98,106.18,0.0,0.0,5.325714285714286,5.119666666666666,0.020759196334708387,Medium Risk
2016-03-17,5.44,5.35,5.47,5.22,192.33,-0.55,-0.005484460694698212,5.357142857142857,5.141,0.02116191831711687,Medium Risk
2016-03-20,5.32,5.25,5.47,5.25,3.41,-2.21,-0.022058823529411797,5.371428571428572,5.160666666666667,0.023710726699040438,Medium Risk
2016-03-21,5.47,5.27,5.47,5.27,583.28,2.82,0.02819548872180433,5.4071428571428575,5.177333333333334,0.025456765005741972,Medium Risk
2016-03-22,5.49,5.47,5.69,5.47,45.27,0.37,0.00365630712979903,5.448571428571428,5.1946666666666665,0.02508143504534703,Medium Risk
2016-03-23,5.48,5.47,5.72,5.47,282.97,-0.18,-0.0018214936247722413,5.448571428571428,5.21,0.014897484824014397,Low Risk
2016-03-24,5.74,5.69,5.82,5.69,44.11,4.74,0.04744525547445244,5.4871428571428575,5.235666666666666,0.02317764471103645,Medium Risk
2016-03-28,5.74,5.74,5.85,5.72,241.34,0.0,0.0,5.525714285714286,5.261333333333334,0.02317764471103645,Medium Risk
2016-03-29,5.57,5.94,5.94,5.48,5.5,-2.96,-0.029616724738675937,5.5442857142857145,5.281333333333333,0.026868118820734022,Medium Risk
2016-03-30,5.57,5.72,5.72,5.72,1.84,0.0,0.0,5.58,5.301333333333333,0.024537946659074956,Medium Risk
2016-03-31,5.87,5.87,5.87,5.87,4.82,5.39,0.05385996409335725,5.637142857142857,5.325,0.02964665594307979,Medium Risk
2016-04-03,5.86,5.86,5.86,5.85,193.57,-0.17,-0.0017035775127768327,5.6899999999999995,5.348333333333334,0.029920918173361,Medium Risk
2016-04-04,5.81,5.86,5.86,5.47,263.06,-0.85,-0.008532423208191253,5.7371428571428575,5.370000000000001,0.03045574877582815,Medium Risk
2016-04-05,5.79,5.8,5.85,5.72,753.74,-0.34,-0.0034423407917383297,5.744285714285715,5.397333333333333,0.025330005110720182,Medium Risk
2016-04-06,5.74,5.72,5.83,5.72,5.23,-0.86,-0.008635578583765069,5.744285714285715,5.423,0.025624342960277414,Medium Risk
2016-04-07,5.88,5.85,5.97,5.8,38.93,2.44,0.024390243902439046,5.788571428571428,5.453333333333333,0.023133402593173882,Medium Risk
2016-04-10,5.98,5.97,6.02,5.97,2.81,1.7,0.017006802721088565,5.847142857142857,5.486666666666666,0.02304719508749631,Medium Risk
2016-04-11,5.98,6.07,6.07,5.85,1.31,0.0,0.0,5.862857142857144,5.512333333333333,0.012872574283828675,Low Risk
2016-04-12,5.92,6.03,6.03,5.86,4.35,-1.0,-0.010033444816053616,5.871428571428572,5.535333333333333,0.013708218849384435,Low Risk
2016-04-13,5.93,5.92,5.93,5.88,63.79,0.17,0.0016891891891892552,5.888571428571429,5.558666666666667,0.012982117951749736,Low Risk
2016-04-14,5.96,5.99,6.03,5.88,37.13,0.51,0.005059021922428464,5.912857142857143,5.583,0.012673360729236688,Low Risk
2016-04-17,6.14,6.19,6.19,5.97,3.43,3.02,0.030201342281879207,5.97,5.613333333333333,0.014483806438173593,Low Risk
2016-04-18,5.97,5.98,5.98,5.91,6.87,-2.77,-0.027687296416938123,5.982857142857142,5.638333333333334,0.01852655490239241,Low Risk
2016-04-19,5.97,6.01,6.02,5.94,1.45,0.0,0.0,5.981428571428571,5.663333333333333,0.01735770518043555,Low Risk
2016-04-20,5.9,6.02,6.07,5.85,132.78,-1.17,-0.011725293132328174,5.970000000000001,5.686000000000001,0.017902505285425176,Low Risk
2016-04-21,5.92,5.85,5.97,5.85,56.84,0.34,0.003389830508474523,5.97,5.709333333333333,0.01758789955492877,Low Risk
2016-04-24,5.93,5.97,6.07,5.92,56.72,0.17,0.0016891891891892552,5.97,5.7330000000000005,0.01758789955492877,Low Risk
2016-04-26,5.73,5.85,5.85,5.71,805.8,-3.37,-0.03372681281618872,5.937142857142858,5.750666666666666,0.021460327883260216,Medium Risk
2016-04-27,5.59,5.6,5.6,5.41,182.85,-2.44,-0.02443280977312401,5.8585714285714285,5.754333333333333,0.01544199775465668,Low Risk
2016-04-28,5.47,5.47,5.47,5.42,6.98,-2.15,-0.02146690518783545,5.7871428571428565,5.754333333333333,0.014627768962727012,Low Risk
2016-05-03,5.45,5.45,5.45,5.45,2.28,-0.37,-0.003656307129798808,5.7128571428571435,5.753666666666667,0.014172525413746506,Low Risk
2016-05-04,5.45,5.45,5.47,5.44,11.46,0.0,0.0,5.6485714285714295,5.7540000000000004,0.014996166444965518,Low Risk
2016-05-05,5.65,5.7,5.72,5.6,48.16,3.67,0.03669724770642202,5.61,5.765000000000001,0.023346101828806573,Medium Risk
2016-05-08,5.65,5.52,5.72,5.52,0.4,0.0,0.0,5.57,5.771,0.023256947689013107,Medium Risk
2016-05-09,5.72,5.47,5.74,5.47,745.97,1.24,0.012389380530973382,5.5685714285714285,5.778666666666667,0.020701497759621632,Medium Risk
2016-05-10,5.75,5.82,5.85,5.72,35.04,0.52,0.005244755244755206,5.591428571428572,5.7876666666666665,0.017701294219320565,Low Risk
2016-05-11,5.77,5.84,5.85,5.75,603.97,0.35,0.003478260869565153,5.634285714285715,5.788666666666667,0.013749051576358707,Low Risk
2016-05-12,5.96,5.85,5.97,5.85,543.33,3.29,0.032928942807625816,5.707142857142857,5.796,0.01553433155586297,Low Risk
2016-05-15,5.82,5.85,5.85,5.47,4.49,-2.35,-0.02348993288590595,5.76,5.804333333333333,0.020533826630737693,Medium Risk
2016-05-16,5.49,5.82,5.49,5.49,2.16,-5.67,-0.05670103092783507,5.737142857142857,5.801666666666667,0.02871270193328074,Medium Risk
2016-05-17,5.72,5.72,5.72,5.72,150.44,4.19,0.041894353369763104,5.747142857142857,5.796666666666667,0.03357559802308846,Medium Risk
2016-05-18,5.72,5.72,5.84,5.72,44.93,0.0,0.0,5.747142857142857,5.792,0.03327720288873038,Medium Risk
2016-05-19,5.72,5.72,5.84,5.72,382.34,0.0,0.0,5.742857142857143,5.789,0.033211002928082003,Medium Risk
2016-05-22,5.72,5.72,5.72,5.72,1.89,0.0,0.0,5.735714285714286,5.786666666666666,0.03317157416261262,Medium Risk
2016-05-23,5.78,5.72,5.72,5.72,95.02,1.05,0.010489510489510634,5.71,5.787999999999999,0.030335590798138346,Medium Risk
2016-05-24,5.72,5.72,5.72,5.72,1.21,-1.04,-0.01038062283737029,5.695714285714286,5.782666666666667,0.029317429955143144,Medium Risk
2016-05-26,5.83,5.72,5.97,5.8,207.49,1.92,0.019230769230769384,5.744285714285715,5.777666666666667,0.017354580444042696,Low Risk
2016-05-29,5.79,5.82,5.82,5.77,3.05,-0.69,-0.006861063464837058,5.754285714285714,5.771333333333333,0.010103124895468081,Low Risk
2016-05-30,5.75,5.77,5.77,5.72,2.98,-0.69,-0.006908462867012077,5.758571428571428,5.765666666666666,0.010629976173735596,Low Risk
2016-05-31,5.78,5.78,5.78,5.78,4.88,0.52,0.00521739130434784,5.767142857142857,5.760666666666666,0.010747150736257812,Low Risk
2016-06-01,5.78,5.78,5.78,5.78,898.62,0.0,0.0,5.775714285714286,5.754666666666666,0.010747150736257812,Low Risk
2016-06-02,5.84,5.8,5.85,5.75,36.04,1.04,0.01038062283737018,5.784285714285714,5.744666666666666,0.01073210842953509,Low Risk
2016-06-05,5.84,5.75,5.75,5.75,0.74,0.0,0.0,5.801428571428572,5.740333333333334,0.009453799896539357,Low Risk
2016-06-06,5.72,5.75,5.75,5.7,86.66,-2.05,-0.020547945205479423,5.785714285714286,5.732,0.010016135975514071,Low Risk
2016-06-07,5.83,5.73,5.85,5.73,30.25,1.92,0.019230769230769384,5.791428571428571,5.729666666666666,0.012695020936189008,Low Risk
2016-06-08,5.75,5.74,5.85,5.72,39.69,-1.37,-0.013722126929674117,5.791428571428571,5.724,0.013633727867117015,Low Risk
2016-06-09,5.74,5.73,5.85,5.72,72.36,-0.17,-0.0017391304347825765,5.785714285714286,5.717666666666667,0.013449112637437912,Low Risk
2016-06-13,5.72,5.74,5.74,5.7,352.34,-0.35,-0.0034843205574913716,5.777142857142857,5.717333333333333,0.013474103366249792,Low Risk
2016-06-14,5.72,5.72,5.72,5.66,315.39,0.0,0.0,5.759999999999999,5.721666666666667,0.012495653901007816,Low Risk
2016-06-16,5.66,5.72,5.72,5.66,11.18,-1.05,-0.010489510489510412,5.734285714285714,5.728,0.012717651430520257,Low Risk
2016-06-19,5.66,5.66,5.67,5.66,21.28,0.0,0.0,5.725714285714285,5.734999999999999,0.010554925392699168,Low Risk
2016-06-20,5.66,5.67,5.67,5.47,431.85,0.0,0.0,5.701428571428572,5.742,0.0056231181097704174,Low Risk
2016-06-21,5.66,5.67,5.67,5.47,421.53,0.0,0.0,5.688571428571429,5.742333333333334,0.0038713449876216625,Low Risk
2016-06-22,5.66,5.66,5.66,5.66,201.02,0.0,0.0,5.677142857142857,5.742666666666667,0.003963897451544857,Low Risk
2016-06-23,5.71,5.66,5.72,5.66,36.38,0.88,0.008833922261484162,5.675714285714286,5.742333333333333,0.005592799617192266,Low Risk
2016-06-26,5.48,5.5,5.5,5.47,23.0,-4.03,-0.04028021015761818,5.6414285714285715,5.733333333333333,0.016121068893998062,Low Risk
2016-06-27,5.51,5.51,5.51,5.51,20.1,0.55,0.005474452554744325,5.62,5.724666666666667,0.01650323617215487,Low Risk
2016-06-28,5.49,5.47,5.51,5.47,162.14,-0.36,-0.003629764065335661,5.595714285714286,5.7090000000000005,0.016424063087157263,Low Risk
2016-06-29,5.69,5.7,5.7,5.47,48.65,3.64,0.03642987249544638,5.6000000000000005,5.704666666666667,0.022598499883063332,Medium Risk
2016-07-03,5.68,5.69,5.69,5.22,654.89,-0.18,-0.0017574692442883233,5.602857142857144,5.711,0.02262089500843978,Medium Risk
2016-07-04,5.72,5.68,5.72,5.68,180.61,0.7,0.007042253521126751,5.611428571428571,5.711,0.022739595033855895,Medium Risk
2016-07-10,5.72,5.72,5.72,5.72,958.02,0.0,0.0,5.612857142857143,5.711,0.022523771469491544,Medium Risk
2016-07-11,5.72,5.51,5.51,5.51,0.28,0.0,0.0,5.647142857142858,5.711,0.013855822796816856,Low Risk
2016-07-12,5.65,5.63,5.67,5.63,257.36,-1.22,-0.012237762237762184,5.667142857142856,5.708666666666668,0.01553123996878731,Low Risk
2016-07-13,5.6,5.64,5.65,5.52,1.85,-0.88,-0.008849557522124019,5.682857142857143,5.702666666666667,0.016057766936979016,Low Risk
2016-07-14,5.59,5.6,5.6,5.57,15.96,-0.18,-0.0017857142857142794,5.668571428571427,5.698333333333334,0.006321338727115199,Low Risk
2016-07-17,5.58,5.59,5.6,5.57,157.03,-0.18,-0.0017889087656529634,5.654285714285714,5.6899999999999995,0.00632072391303314,Low Risk
2016-07-18,5.57,5.52,5.57,5.52,1.95,-0.18,-0.0017921146953404632,5.632857142857143,5.682666666666666,0.004790689899759435,Low Risk
2016-07-19,5.57,5.57,5.6,5.57,2.0,0.0,0.0,5.611428571428571,5.676666666666667,0.004790689899759435,Low Risk
2016-07-20,5.63,5.6,5.65,5.6,278.39,1.08,0.010771992818671361,5.598571428571428,5.671666666666667,0.007286763307111081,Low Risk
2016-07-21,5.69,5.6,5.72,5.6,261.93,1.07,0.010657193605683846,5.604285714285715,5.668666666666667,0.007189050254386724,Low Risk
2016-07-24,5.69,5.57,5.62,5.57,0.8,0.0,0.0,5.617142857142857,5.663666666666667,0.005807391620991886,Low Risk
2016-07-25,5.57,5.57,5.72,5.57,904.88,-2.11,-0.02108963093145877,5.614285714285715,5.6546666666666665,0.010640292844833508,Low Risk
2016-07-26,5.92,5.74,6.09,5.72,223.81,6.28,0.06283662477558338,5.662857142857143,5.661333333333333,0.02610156767560248,Medium Risk
2016-07-27,6.1,6.12,6.12,5.78,853.43,3.04,0.03040540540540526,5.738571428571428,5.670333333333334,0.02675892660303584,Medium Risk
2016-07-28,6.09,6.03,6.09,6.03,1.1,-0.16,-0.0016393442622950616,5.812857142857142,5.6816666666666675,0.026902219767009277,Medium Risk
2016-07-31,6.09,6.09,6.09,6.09,4.02,0.0,0.0,5.878571428571429,5.693333333333333,0.02736401516357353,Medium Risk
2016-08-01,6.02,6.09,6.11,5.97,76.52,-1.15,-0.011494252873563315,5.925714285714285,5.703333333333333,0.028737041160340378,Medium Risk
2016-08-02,6.05,6.14,6.14,5.97,34.53,0.5,0.004983388704318914,5.977142857142858,5.714333333333333,0.028554506845357,Medium Risk
2016-08-03,6.09,6.09,6.1,6.09,2.3,0.66,0.006611570247933907,6.051428571428572,5.728666666666667,0.025413000419512027,Medium Risk
2016-08-04,6.05,6.09,6.09,6.02,786.14,-0.66,-0.006568144499178974,6.069999999999999,5.741666666666666,0.013539749316146142,Low Risk
2016-08-08,6.05,5.76,6.03,5.75,1.94,0.0,0.0,6.062857142857142,5.754666666666667,0.006286285127621853,Low Risk
2016-08-09,6.05,5.97,5.97,5.77,1.1,0.0,0.0,6.057142857142857,5.767666666666667,0.0062958981508990305,Low Risk
2016-08-10,6.05,6.02,6.03,6.02,4.08,0.0,0.0,6.051428571428572,5.780666666666666,0.0062958981508990305,Low Risk
2016-08-11,5.99,6.06,6.22,5.97,2.93,-0.99,-0.009917355371900749,6.047142857142857,5.790000000000001,0.005868343232802056,Low Risk
2016-08-14,5.97,5.97,5.97,5.97,287.46,-0.33,-0.0033388981636061077,6.035714285714286,5.806333333333333,0.005345024643917182,Low Risk
2016-08-15,6.02,6.09,6.09,5.88,861.97,0.84,0.008375209380234505,6.025714285714286,5.823333333333333,0.005831817304491132,Low Risk
2016-08-16,5.97,5.97,5.97,5.89,15.18,-0.83,-0.00830564784053156,6.014285714285714,5.839333333333333,0.006107220222115031,Low Risk
2016-08-17,5.93,5.97,5.97,5.89,418.3,-0.67,-0.00670016750418756,5.997142857142856,5.847333333333333,0.006285223048753108,Low Risk
2016-08-18,5.97,6.03,6.03,5.91,137.28,0.67,0.006745362563237878,5.985714285714286,5.856999999999999,0.00723822008548514,Low Risk
2016-08-21,5.97,5.87,6.06,5.87,3.18,0.0,0.0,5.974285714285713,5.865333333333333,0.00723822008548514,Low Risk
2016-08-22,5.91,5.91,5.91,5.9,943.98,-1.01,-0.01005025125628134,5.9628571428571435,5.871666666666666,0.007262954905694374,Low Risk
2016-08-23,5.9,5.91,5.91,5.9,854.33,-0.17,-0.0016920473773265332,5.952857142857143,5.877666666666666,0.007235058233663466,Low Risk
2016-08-24,5.89,5.89,5.89,5.89,36.18,-0.17,-0.0016949152542373724,5.934285714285714,5.885666666666666,0.005757078613577175,Low Risk
2016-08-25,5.93,5.78,5.97,5.78,68.35,0.68,0.00679117147707986,5.928571428571429,5.896666666666666,0.0062853139404031805,Low Risk
2016-08-28,5.93,5.81,5.81,5.72,2.38,0.0,0.0,5.928571428571429,5.9079999999999995,0.005749809116944821,Low Risk
2016-08-29,5.88,5.73,5.73,5.73,12.98,-0.84,-0.00843170320404718,5.9157142857142855,5.918,0.005649189103974764,Low Risk
2016-08-30,5.95,5.73,5.96,5.73,20.33,1.19,0.011904761904761862,5.912857142857143,5.930666666666667,0.007791470085059532,Low Risk
2016-08-31,5.97,5.94,5.97,5.72,2.96,0.34,0.003361344537815114,5.921428571428571,5.944,0.006595399752058685,Low Risk
2016-09-01,5.97,5.81,5.97,5.81,100.55,0.0,0.0,5.931428571428571,5.955333333333333,0.0064906854199868495,Low Risk
2016-09-04,5.97,5.89,5.97,5.81,2.43,0.0,0.0,5.942857142857142,5.964666666666667,0.006373294483551582,Low Risk
2016-09-05,5.94,5.92,5.96,5.92,128.47,-0.5,-0.005025125628140614,5.944285714285714,5.973,0.006440753822715374,Low Risk
2016-09-06,5.91,5.92,5.92,5.81,5.68,-0.51,-0.005050505050505083,5.941428571428571,5.984333333333334,0.006749991447634249,Low Risk
2016-09-07,5.92,5.92,5.92,5.92,1.12,0.17,0.0016920473773265332,5.947142857142857,5.984333333333334,0.005771734119173552,Low Risk
2016-09-08,5.91,5.82,5.91,5.81,199.93,-0.17,-0.0016891891891891442,5.941428571428572,5.978,0.0031973884714252714,Low Risk
2016-09-14,5.91,5.91,5.91,5.91,309.57,0.0,0.0,5.932857142857143,5.9719999999999995,0.0026451679547354434,Low Risk
2016-09-15,5.9,5.81,5.91,5.73,359.87,-0.17,-0.0016920473773265332,5.922857142857143,5.9656666666666665,0.002567940145333521,Low Risk
2016-09-18,5.91,5.9,5.91,5.74,643.97,0.17,0.0016949152542371504,5.914285714285714,5.962000000000001,0.0028203278617650227,Low Risk
2016-09-19,5.91,5.74,5.74,5.74,0.24,0.0,0.0,5.909999999999999,5.957333333333334,0.002356694816668422,Low Risk
2016-09-20,5.77,5.78,5.78,5.67,91.02,-2.37,-0.02368866328257202,5.890000000000001,5.946666666666666,0.009059791975676704,Low Risk
2016-09-21,5.79,5.68,5.92,5.5,42.69,0.35,0.0034662045060658286,5.871428571428572,5.938000000000001,0.00924829534191268,Low Risk
2016-09-22,5.9,5.87,5.91,5.72,16.3,1.9,0.01899827288428324,5.869999999999999,5.933000000000001,0.012514154573805588,Low Risk
2016-09-25,5.62,5.72,5.72,5.47,200.2,-4.75,-0.0474576271186441,5.828571428571429,5.918666666666666,0.021808040914252466,Medium Risk
2016-09-26,5.47,5.47,5.62,5.4,1.64,-2.67,-0.026690391459074814,5.767142857142858,5.899333333333333,0.022825790443886215,Medium Risk
2016-09-27,5.47,5.48,5.48,5.48,3.29,0.0,0.0,5.704285714285715,5.882,0.02268309962955809,Medium Risk
2016-09-28,5.74,5.72,5.77,5.72,38.6,4.94,0.04936014625228524,5.680000000000001,5.874333333333333,0.032245072222285134,Medium Risk
2016-09-29,5.86,5.72,5.88,5.72,158.23,2.09,0.020905923344947785,5.692857142857143,5.869000000000001,0.03204607082378201,Medium Risk
2016-10-03,5.86,5.72,5.72,5.72,0.57,0.0,0.0,5.702857142857143,5.865333333333334,0.03205821810475792,Medium Risk
2016-10-04,5.77,5.72,5.81,5.72,64.73,-1.54,-0.015358361774744145,5.684285714285714,5.86,0.0316782788115167,Medium Risk
2016-10-05,5.87,5.85,5.89,5.82,160.78,1.73,0.017331022530329365,5.72,5.856666666666667,0.025251150284410925,Medium Risk
2016-10-09,5.87,5.54,5.78,5.54,1.47,0.0,0.0,5.777142857142857,5.853333333333334,0.021072235653381843,Medium Risk
2016-10-10,5.87,5.82,5.82,5.6,1.92,0.0,0.0,5.8342857142857145,5.852,0.021072235653381843,Medium Risk
2016-10-11,5.83,5.83,5.83,5.83,77.8,-0.68,-0.006814310051107331,5.847142857142857,5.849666666666667,0.012798894664292175,Low Risk
2016-10-13,5.83,5.85,5.89,5.61,136.22,0.0,0.0,5.8428571428571425,5.847666666666667,0.009826237364057461,Low Risk
2016-10-16,5.61,5.67,5.68,5.6,33.65,-3.77,-0.037735849056603765,5.807142857142857,5.837000000000001,0.01706700090888051,Low Risk
2016-10-17,5.62,5.62,5.72,5.47,89.46,0.18,0.0017825311942958333,5.785714285714286,5.826666666666667,0.016740864815865883,Low Risk
2016-10-18,5.52,5.52,5.52,5.47,1.34,-1.78,-0.017793594306049876,5.735714285714286,5.814666666666667,0.014527370024051633,Low Risk
2016-10-19,5.36,5.58,5.68,5.29,104.83,-2.9,-0.02898550724637672,5.662857142857143,5.795,0.015731399026011533,Low Risk
2016-10-20,5.22,5.35,5.35,5.16,2.68,-2.61,-0.026119402985074758,5.569999999999999,5.77,0.015282697570414682,Low Risk
2016-10-23,5.13,5.12,5.47,5.1,562.78,-1.72,-0.01724137931034475,5.47,5.742,0.014674667630857051,Low Risk
2016-10-24,5.11,5.11,5.11,5.11,159.27,-0.39,-0.0038986354775827348,5.367142857142857,5.713333333333334,0.01393226798904614,Low Risk
2016-10-25,5.06,5.1,5.11,4.97,281.98,-0.98,-0.009784735812133238,5.288571428571429,5.684,0.01127611834195193,Low Risk
2016-10-26,5.1,5.1,5.2,5.1,390.79,0.79,0.007905138339920903,5.214285714285714,5.657,0.012879992106672827,Low Risk
2016-10-27,5.19,5.1,5.22,5.1,170.75,1.76,0.01764705882352957,5.167142857142857,5.632666666666666,0.017233663476082448,Low Risk
2016-10-30,5.22,5.22,5.22,5.22,410.13,0.58,0.005780346820809079,5.147142857142858,5.609666666666667,0.015293299795456239,Low Risk
2016-10-31,5.22,5.12,5.22,5.12,1.32,0.0,0.0,5.147142857142858,5.586666666666667,0.01165835983457488,Low Risk
2016-11-01,5.22,5.22,5.22,5.22,1.12,0.0,0.0,5.159999999999999,5.563999999999999,0.008885978446998738,Low Risk
2016-11-02,5.22,5.22,5.34,5.22,2.43,0.0,0.0,5.175714285714285,5.5409999999999995,0.00853164347201709,Low Risk
2016-11-03,5.74,5.48,5.75,5.48,1.63,9.96,0.09961685823754807,5.272857142857142,5.535333333333333,0.03624261478801125,Medium Risk
2016-11-06,6.45,6.31,6.94,6.17,766.95,12.37,0.12369337979094075,5.465714285714285,5.558000000000001,0.05302724982335321,High Risk
2016-11-07,6.84,6.59,7.1,6.47,1.79,6.05,0.0604651162790697,5.701428571428572,5.593,0.05312801013560817,High Risk
2016-11-08,7.47,6.96,7.52,6.96,2.49,9.21,0.09210526315789469,6.022857142857143,5.645333333333332,0.05350892770960959,High Risk
2016-11-09,7.88,7.22,7.96,7.22,3.85,5.49,0.05488621151271755,6.402857142857142,5.720666666666667,0.04807441543422591,Medium Risk
2016-11-10,7.71,7.83,7.93,7.64,3.44,-2.16,-0.021573604060913687,6.758571428571428,5.795333333333334,0.05310528266865597,High Risk
2016-11-13,7.93,7.85,8.11,7.71,2.02,2.85,0.028534370946822207,7.145714285714285,5.877333333333334,0.04879019793289474,Medium Risk
2016-11-14,7.84,7.71,7.86,7.71,1.27,-1.13,-0.011349306431273631,7.445714285714287,5.947333333333334,0.05261036853391798,High Risk
2016-11-15,7.85,7.84,7.96,7.84,265.71,0.13,0.0012755102040815647,7.645714285714285,6.0136666666666665,0.04202536129040115,Medium Risk
2016-11-16,7.91,7.84,8.08,7.84,1.23,0.76,0.007643312101910826,7.798571428571428,6.082,0.04017570913090986,Medium Risk
2016-11-17,8.07,8.07,8.22,7.96,1.99,2.02,0.020227560050569027,7.884285714285714,6.158666666666666,0.025768091079307828,Medium Risk
2016-11-20,8.05,7.98,8.08,7.98,33.64,-0.25,-0.0024783147459727095,7.908571428571428,6.231333333333334,0.017382317628140687,Low Risk
2016-11-21,8.22,8.18,8.31,8.1,336.59,2.11,0.02111801242236022,7.981428571428572,6.309666666666667,0.014498823203148426,Low Risk
2016-11-22,8.44,8.22,8.46,8.22,668.78,2.68,0.02676399026763976,8.054285714285715,6.395333333333334,0.014117437493333593,Low Risk
2016-11-23,8.47,8.46,8.53,8.46,208.95,0.36,0.0035545023696683664,8.144285714285713,6.483333333333333,0.011392867582834722,Low Risk
2016-11-24,8.49,8.48,8.52,8.46,2.72,0.24,0.0023612750885477762,8.235714285714286,6.572000000000001,0.011242296516190941,Low Risk
2016-11-27,8.23,8.27,8.46,8.21,774.72,-3.06,-0.03062426383981154,8.281428571428572,6.6593333333333335,0.019555027398364483,Low Risk
2016-11-28,8.44,8.23,8.46,8.23,5.8,2.55,0.025516403402187082,8.334285714285715,6.753333333333333,0.020291594928189143,Medium Risk
2016-11-29,8.41,8.21,8.47,8.21,1.67,-0.36,-0.0035545023696681444,8.385714285714286,6.849666666666666,0.02037575839974787,Medium Risk
2016-11-30,8.49,8.48,8.52,8.46,51.36,0.95,0.009512485136742077,8.424285714285714,6.954,0.01943351003782148,Low Risk
2016-12-01,8.49,8.46,8.54,8.46,4.21,0.0,0.0,8.431428571428572,7.063000000000001,0.01685093824026571,Low Risk
2016-12-04,8.43,8.46,8.46,8.21,196.76,-0.71,-0.007067137809187329,8.425714285714287,7.173,0.01705603742865559,Low Risk
2016-12-05,8.4,8.48,8.48,8.21,2.57,-0.36,-0.003558718861209842,8.412857142857144,7.282666666666667,0.017034333052990243,Low Risk
2016-12-06,8.46,8.45,8.48,8.21,869.04,0.71,0.0071428571428571175,8.445714285714285,7.396,0.011224281152437877,Low Risk
2016-12-07,8.46,8.46,8.46,8.46,1.43,0.0,0.0,8.448571428571428,7.508,0.005998279031651613,Low Risk
2016-12-08,8.46,8.46,8.51,8.46,1.49,0.0,0.0,8.455714285714286,7.617,0.005757939016195944,Low Risk
2016-12-12,8.46,8.44,8.46,8.23,1.17,0.0,0.0,8.451428571428572,7.725,0.004318492871646203,Low Risk
2016-12-14,8.45,8.43,8.46,8.43,803.79,-0.12,-0.0011820330969268822,8.445714285714287,7.832666666666667,0.004318904073622421,Low Risk
2016-12-15,8.46,8.46,8.51,8.35,7.78,0.12,0.0011834319526629056,8.450000000000001,7.940666666666667,0.0032824284495591204,Low Risk
2016-12-18,8.46,8.46,8.54,8.45,351.85,0.0,0.0,8.45857142857143,8.048666666666668,0.0027846794180289916,Low Risk
2016-12-19,8.49,8.46,8.66,8.46,806.97,0.35,0.0035460992907800915,8.462857142857143,8.140333333333334,0.001504145004421524,Low Risk
2016-12-20,8.46,8.46,8.48,8.21,3.7,-0.35,-0.0035335689045935537,8.462857142857143,8.207333333333333,0.0021547859559043468,Low Risk
2016-12-21,8.46,8.58,8.58,8.21,855.5,0.0,0.0,8.462857142857143,8.261333333333333,0.0021547859559043468,Low Risk
2016-12-22,8.46,8.46,8.58,8.46,2.64,0.0,0.0,8.462857142857143,8.294333333333334,0.0021547859559043468,Low Risk
2016-12-25,8.46,8.48,8.53,8.28,209.94,0.0,0.0,8.464285714285715,8.313666666666668,0.0020919332484698387,Low Risk
2016-12-26,8.46,8.46,8.46,8.46,1.05,0.0,0.0,8.464285714285715,8.338666666666667,0.0020437264556589564,Low Risk
2016-12-27,8.46,8.46,8.52,8.46,289.19,0.0,0.0,8.464285714285715,8.356333333333334,0.0020437264556589564,Low Risk
2016-12-28,8.46,8.51,8.54,8.46,283.5,0.0,0.0,8.46,8.377,0.001335563508857942,Low Risk
2016-12-29,9.02,8.58,9.18,8.58,501.87,6.62,0.06619385342789585,8.540000000000001,8.416,0.025018924927324233,Medium Risk
2017-01-02,9.19,9.17,9.23,8.81,272.5,1.88,0.018847006651884657,8.644285714285715,8.458666666666668,0.02484518893567767,Medium Risk
2017-01-03,9.19,8.95,9.19,8.83,652.67,0.0,0.0,8.748571428571429,8.496,0.02484518893567767,Medium Risk
2017-01-04,9.08,8.95,9.15,8.86,964.19,-1.2,-0.01196953210010876,8.837142857142856,8.530333333333333,0.026195837618173796,Medium Risk
2017-01-05,9.08,9.08,9.1,8.95,154.45,0.0,0.0,8.925714285714287,8.559,0.026195837618173796,Medium Risk
2017-01-08,9.21,9.08,9.45,9.08,1.68,1.43,0.014317180616740144,9.032857142857143,8.584666666666667,0.025800913291992644,Medium Risk
2017-01-09,9.21,9.54,9.54,8.95,4.03,0.0,0.0,9.14,8.609333333333334,0.025800913291992644,Medium Risk
2017-01-10,9.64,9.45,9.95,9.45,1.03,4.67,0.04668838219326821,9.228571428571428,8.647666666666668,0.01925688225520757,Low Risk
2017-01-11,9.7,9.7,9.94,9.58,98.54,0.62,0.006224066390041472,9.301428571428572,8.696666666666667,0.01884390101207795,Low Risk
2017-01-12,9.92,9.7,10.56,9.7,97.3,2.27,0.022680412371134162,9.405714285714286,8.746,0.019206678201792393,Low Risk
2017-01-15,9.95,9.95,9.95,9.95,136.13,0.3,0.003024193548387011,9.530000000000001,8.797333333333334,0.01689796815891792,Low Risk
2017-01-16,9.94,9.95,9.95,9.33,440.59,-0.1,-0.0010050251256281673,9.652857142857142,8.845666666666666,0.01703329981414769,Low Risk
2017-01-17,9.95,9.95,10.2,9.95,311.46,0.1,0.001006036217303885,9.758571428571429,8.894333333333332,0.017612219281049564,Low Risk
2017-01-18,10.0,9.95,10.02,9.95,2.0,0.5,0.005025125628140836,9.87142857142857,8.946666666666665,0.017175128244563465,Low Risk
2017-01-19,9.95,10.17,10.17,9.09,1.49,-0.5,-0.0050000000000001155,9.915714285714285,8.998333333333333,0.008838241669766088,Low Risk
2017-01-22,9.61,9.7,9.7,9.45,25.76,-3.42,-0.0341708542713568,9.902857142857142,9.036666666666667,0.016996527624603155,Low Risk
2017-01-23,9.94,9.94,9.95,9.89,1.27,3.43,0.03433922996878258,9.905714285714286,9.086,0.020028187658588756,Medium Risk
2017-01-24,9.82,9.82,9.82,9.45,109.43,-1.21,-0.012072434607645843,9.887142857142857,9.131333333333334,0.020512974514970906,Medium Risk
2017-01-26,9.7,9.7,9.7,9.58,871.52,-1.22,-0.012219959266802527,9.852857142857143,9.172666666666665,0.02088453261663492,Medium Risk
2017-01-29,9.83,9.85,9.91,9.82,107.71,1.34,0.013402061855670278,9.835714285714285,9.218666666666667,0.021815217170536715,Medium Risk
2017-01-30,9.87,9.7,9.89,9.7,88.45,0.41,0.004069175991861629,9.817142857142857,9.265666666666668,0.0217703022079629,Medium Risk
2017-01-31,9.7,9.7,9.71,9.7,181.84,-1.72,-0.01722391084093211,9.781428571428572,9.306999999999999,0.022558425248065617,Medium Risk
2017-02-01,9.69,9.7,9.7,9.46,463.31,-0.1,-0.0010309278350515427,9.792857142857143,9.347000000000001,0.018054985232861667,Low Risk
2017-02-02,9.69,9.7,9.7,9.45,1.08,0.0,0.0,9.757142857142856,9.388,0.010794605869843031,Low Risk
2017-02-05,9.69,9.7,9.7,8.95,994.63,0.0,0.0,9.73857142857143,9.429,0.010157679315105904,Low Risk
2017-02-06,9.69,9.69,9.69,9.69,155.34,0.0,0.0,9.737142857142857,9.47,0.009072041790440067,Low Risk
2017-02-07,9.68,9.69,9.7,9.22,695.01,-0.1,-0.0010319917440659854,9.715714285714284,9.510666666666667,0.006858895533041606,Low Risk
2017-02-08,9.69,9.68,9.7,9.67,2.07,0.1,0.0010330578512396382,9.69,9.551666666666668,0.00648405868153406,Low Risk
2017-02-09,9.68,9.7,9.7,9.45,1.23,-0.1,-0.0010319917440659854,9.687142857142856,9.592333333333332,0.0007802472558717707,Low Risk
2017-02-12,9.66,9.69,9.69,9.45,414.1,-0.21,-0.0020661157024792765,9.682857142857143,9.632333333333332,0.0010079532623214838,Low Risk
2017-02-13,9.32,9.45,9.45,9.28,89.85,-3.52,-0.035196687370600444,9.629999999999999,9.642333333333333,0.013145251134472173,Low Risk
2017-02-14,9.28,9.29,9.29,9.28,125.86,-0.43,-0.0042918454935623185,9.571428571428571,9.645333333333333,0.012946150781826314,Low Risk
2017-02-15,9.45,9.4,9.45,9.4,16.08,1.83,0.018318965517241326,9.537142857142857,9.654,0.0158962954348812,Low Risk
2017-02-16,9.42,8.89,9.42,8.89,5.3,-0.32,-0.0031746031746030523,9.5,9.665333333333333,0.015862193625452246,Low Risk
2017-02-19,9.2,9.2,9.2,9.2,28.16,-2.34,-0.023354564755838747,9.429999999999998,9.669333333333332,0.017248390483236453,Low Risk
2017-02-20,8.96,8.95,9.02,8.72,143.21,-2.61,-0.02608695652173898,9.327142857142857,9.661,0.01830844555553787,Low Risk
2017-02-21,8.71,9.18,9.18,8.49,607.99,-2.79,-0.0279017857142857,9.191428571428572,9.644333333333332,0.018842204909391175,Low Risk
2017-02-22,8.48,8.74,8.74,8.45,458.38,-2.64,-0.02640642939150406,9.071428571428571,9.605666666666666,0.017478628767481894,Low Risk
2017-02-23,8.48,8.71,9.17,8.21,8.36,0.0,0.0,8.957142857142857,9.565,0.017915904742355965,Low Risk
2017-02-26,8.48,8.95,8.95,8.68,1.19,0.0,0.0,8.818571428571428,9.517,0.013407666100120513,Low Risk
2017-02-27,8.48,8.48,8.58,8.48,1.88,0.0,0.0,8.684285714285716,9.468,0.013928739801878304,Low Risk
2017-02-28,8.46,8.16,8.46,8.16,28.18,-0.24,-0.002358490566037652,8.57857142857143,9.418666666666667,0.014045112653223746,Low Risk
2017-03-01,8.7,8.7,8.81,8.46,1.12,2.84,0.028368794326240954,8.541428571428572,9.377,0.019025264601864204,Low Risk
2017-03-02,8.66,8.47,8.93,7.96,106.25,-0.46,-0.0045977011494251485,8.534285714285714,9.332333333333334,0.01594379044859151,Low Risk
2017-03-05,8.71,8.83,8.83,8.71,368.49,0.58,0.005773672055427337,8.567142857142859,9.291,0.011249002356544219,Low Risk
2017-03-06,8.83,8.5,8.95,8.5,1.54,1.38,0.013777267508610747,8.617142857142857,9.264999999999999,0.011654199847389718,Low Risk
2017-03-07,8.84,8.83,8.95,8.71,326.66,0.11,0.0011325028312569874,8.668571428571429,9.228333333333333,0.011566956664893463,Low Risk
2017-03-08,8.95,8.71,8.95,8.71,182.56,1.24,0.012443438914027105,8.735714285714286,9.199333333333334,0.011444237825844215,Low Risk
2017-03-09,8.82,8.72,8.89,8.71,471.07,-1.45,-0.014525139664804398,8.787142857142857,9.169999999999998,0.013902537403386091,Low Risk
2017-03-12,8.95,8.95,8.96,8.93,1.79,1.47,0.01473922902494329,8.822857142857144,9.140666666666666,0.010882772751308166,Low Risk
2017-03-13,8.94,8.94,8.95,8.83,189.04,-0.11,-0.0011173184357541333,8.862857142857143,9.109666666666666,0.010491309087585358,Low Risk
2017-03-14,8.81,8.95,8.95,8.71,227.25,-1.45,-0.014541387024608388,8.877142857142857,9.08,0.012692520757125467,Low Risk
2017-03-15,8.83,8.83,8.83,8.72,635.68,0.23,0.002270147559591429,8.877142857142857,9.051333333333334,0.01156270708218951,Low Risk
2017-03-16,8.73,8.74,8.89,8.71,6.55,-1.13,-0.011325028312570762,8.86142857142857,9.019333333333332,0.012304537264091035,Low Risk
2017-03-19,8.95,8.95,9.2,8.83,179.61,2.52,0.025200458190148822,8.861428571428572,8.994666666666665,0.015326054223852862,Low Risk
2017-03-20,9.05,9.2,9.45,8.95,101.95,1.12,0.011173184357541999,8.894285714285713,8.973333333333333,0.014281093931686532,Low Risk
2017-03-21,9.11,8.87,9.2,8.87,236.5,0.66,0.006629834254143541,8.917142857142858,8.954333333333333,0.013553470845975359,Low Risk
2017-03-22,8.97,8.97,9.33,8.95,84.52,-1.54,-0.015367727771679385,8.921428571428573,8.930333333333332,0.015179787082424963,Low Risk
2017-03-23,9.2,9.2,9.2,9.2,2.24,2.56,0.02564102564102555,8.977142857142857,8.914333333333333,0.016080676535158666,Low Risk
2017-03-26,9.27,9.2,9.45,9.2,51.56,0.76,0.007608695652173925,9.040000000000001,8.901333333333334,0.015983035556561463,Low Risk
2017-03-27,9.32,9.08,9.33,9.08,79.54,0.54,0.005393743257821049,9.124285714285715,8.901333333333334,0.013885902867757502,Low Risk
2017-03-28,8.96,9.09,9.27,8.95,214.46,-3.86,-0.03862660944205998,9.125714285714285,8.890666666666668,0.02097842015714826,Medium Risk
2017-03-29,9.2,9.18,9.3,9.08,183.33,2.68,0.02678571428571419,9.147142857142857,8.882333333333333,0.023048641272390535,Medium Risk
2017-03-30,9.25,9.09,9.33,9.09,608.68,0.54,0.005434782608695787,9.167142857142858,8.876666666666667,0.02301805591493683,Medium Risk
2017-04-02,9.18,9.23,9.23,9.15,118.89,-0.76,-0.007567567567567601,9.197142857142856,8.876000000000001,0.022187829585543446,Medium Risk
2017-04-03,9.21,9.33,9.33,9.18,444.47,0.33,0.0032679738562093608,9.198571428571428,8.884333333333334,0.01997166821594421,Low Risk
2017-04-04,9.19,9.11,9.2,9.1,85.43,-0.22,-0.0021715526601521207,9.187142857142858,8.900333333333332,0.019717934808057103,Low Risk
2017-04-05,9.19,9.19,9.2,8.95,15.74,0.0,0.0,9.168571428571427,8.924000000000001,0.019527760444486498,Low Risk
2017-04-06,8.96,9.02,9.03,8.95,1.5,-2.5,-0.025027203482045568,9.168571428571429,8.94,0.015523966092375163,Low Risk
2017-04-09,8.95,9.08,9.08,8.95,451.2,-0.11,-0.001116071428571619,9.132857142857143,8.955666666666668,0.010200273798096479,Low Risk
2017-04-10,8.96,9.02,9.02,8.92,449.94,0.11,0.0011173184357544663,9.09142857142857,8.971666666666666,0.009659143994216761,Low Risk
2017-04-11,9.2,9.08,9.2,8.95,832.23,2.68,0.02678571428571419,9.094285714285714,8.996333333333332,0.01505854862337065,Low Risk
2017-04-12,9.19,8.96,9.2,8.96,22.43,-0.11,-0.0010869565217390686,9.09142857142857,9.012666666666666,0.015010583164424086,Low Risk
2017-04-13,9.16,9.18,9.18,8.95,260.8,-0.33,-0.0032644178454841466,9.087142857142856,9.029333333333334,0.015039990146124164,Low Risk
2017-04-18,8.96,8.98,8.98,8.93,32.13,-2.18,-0.02183406113537112,9.054285714285715,9.037666666666667,0.01707660685901408,Low Risk
2017-04-19,8.96,8.96,8.96,8.96,75.67,0.0,0.0,9.054285714285715,9.042,0.014192022050324974,Low Risk
2017-04-20,8.96,8.97,8.99,8.95,22.8,0.0,0.0,9.055714285714286,9.046,0.014182533657607086,Low Risk
2017-04-23,8.97,9.05,9.05,8.95,229.1,0.11,0.0011160714285713969,9.057142857142859,9.046666666666665,0.014182520887689383,Low Risk
2017-04-24,8.78,8.71,8.83,8.71,499.02,-2.12,-0.021181716833890918,8.997142857142856,9.045333333333334,0.010270347500953863,Low Risk
2017-04-26,8.78,8.78,8.82,8.78,324.91,0.0,0.0,8.938571428571429,9.039666666666667,0.01037540087511727,Low Risk
2017-04-27,8.69,8.47,8.78,8.47,33.49,-1.03,-0.010250569476081939,8.871428571428572,9.031333333333333,0.010353659023512632,Low Risk
2017-04-30,8.78,8.78,8.83,8.52,6.43,1.04,0.010356731875719172,8.845714285714285,9.030333333333335,0.010044361994132465,Low Risk
2017-05-02,8.83,8.83,8.83,8.58,915.35,0.57,0.005694760820045719,8.827142857142857,9.030333333333333,0.010532554407880763,Low Risk
2017-05-03,8.83,8.61,8.61,8.61,0.42,0.0,0.0,8.808571428571428,9.033666666666667,0.010532554407880763,Low Risk
2017-05-04,8.91,8.62,8.95,8.62,49.55,0.91,0.009060022650056565,8.8,9.032333333333334,0.011327018286739876,Low Risk
2017-05-07,8.98,8.95,9.18,8.95,303.59,0.79,0.007856341189674598,8.828571428571427,9.030000000000001,0.00724393377330527,Low Risk
2017-05-08,9.1,9.08,9.18,9.08,56.55,1.34,0.013363028953229383,8.874285714285714,9.029666666666666,0.007970499089509938,Low Risk
2017-05-09,9.2,9.14,9.21,9.08,125.03,1.1,0.01098901098901095,8.947142857142858,9.037333333333331,0.004348562783344835,Low Risk
2017-05-10,9.65,9.2,9.7,9.2,3.48,4.89,0.048913043478260976,9.071428571428571,9.052333333333333,0.016097996528908604,Low Risk
2017-05-11,9.7,9.51,9.7,9.51,613.12,0.52,0.005181347150258864,9.195714285714287,9.066666666666666,0.0161416407636633,Low Risk
2017-05-14,9.7,9.7,9.7,9.45,126.26,0.0,0.0,9.320000000000002,9.079333333333333,0.0161416407636633,Low Risk
2017-05-15,9.7,9.7,9.7,9.5,232.33,0.0,0.0,9.432857142857143,9.103999999999997,0.016913304051995058,Low Risk
2017-05-16,9.65,9.33,9.7,8.95,41.86,-0.52,-0.005154639175257603,9.528571428571427,9.119,0.018156025531789223,Low Risk
2017-05-17,9.81,9.33,10.17,9.33,973.59,1.66,0.01658031088082912,9.629999999999999,9.137666666666666,0.01828174642496608,Low Risk
2017-05-18,9.81,9.85,9.85,9.7,1.02,0.0,0.0,9.717142857142857,9.158666666666667,0.018741846349968228,Low Risk
2017-05-21,9.84,9.47,9.95,9.47,13.61,0.31,0.003058103975535076,9.744285714285713,9.179666666666666,0.006860880391006688,Low Risk
2017-05-22,9.7,9.7,9.78,9.7,11.68,-1.42,-0.014227642276422814,9.744285714285713,9.196666666666665,0.009248832778222043,Low Risk
2017-05-23,9.95,9.7,10.02,9.7,20.18,2.58,0.025773195876288568,9.78,9.222000000000001,0.013420897996307388,Low Risk
2017-05-24,9.82,9.82,9.82,9.77,2.98,-1.31,-0.01306532663316573,9.797142857142857,9.250666666666667,0.01485600813646516,Low Risk
2017-05-25,9.94,9.82,9.95,9.82,442.24,1.22,0.012219959266802416,9.838571428571429,9.283666666666667,0.014941453529629244,Low Risk
2017-05-28,9.95,9.93,9.95,9.93,677.43,0.1,0.001006036217303885,9.858571428571427,9.316666666666666,0.013939972152141813,Low Risk
2017-05-29,9.96,9.95,10.2,9.95,947.3,0.1,0.0010050251256283893,9.879999999999999,9.342,0.013919788933710877,Low Risk
2017-05-30,9.94,9.82,10.07,9.82,60.47,-0.2,-0.002008032128514192,9.894285714285713,9.366999999999999,0.014002395190902886,Low Risk
2017-05-31,10.18,10.17,10.2,9.82,68.65,2.41,0.024144869215291687,9.962857142857143,9.401,0.014313489445497974,Low Risk
2017-06-01,10.2,10.2,10.21,10.2,182.79,0.2,0.0019646365422396617,9.998571428571427,9.442333333333332,0.011702669188583632,Low Risk
2017-06-04,10.25,10.2,10.3,10.2,16.28,0.49,0.004901960784313708,10.06,9.485333333333333,0.009121534504280328,Low Risk
2017-06-05,10.25,10.2,10.39,10.2,5.5,0.0,0.0,10.104285714285714,9.528333333333332,0.008939649208371096,Low Risk
2017-06-06,10.39,10.37,10.7,10.37,3.01,1.37,0.013658536585365866,10.167142857142858,9.575666666666669,0.009399119463143814,Low Risk
2017-06-07,10.95,10.82,11.04,10.82,456.57,5.39,0.053897978825793835,10.308571428571428,9.648,0.019893335641134272,Low Risk
2017-06-08,11.2,10.94,11.39,10.94,1.03,2.28,0.022831050228310446,10.48857142857143,9.728666666666667,0.01878953181778932,Low Risk
2017-06-11,11.2,11.19,11.22,11.19,11.57,0.0,0.0,10.634285714285713,9.812333333333333,0.019534147807356596,Low Risk
2017-06-12,11.19,11.19,11.2,10.94,309.46,-0.09,-0.0008928571428571397,10.775714285714285,9.892666666666665,0.019852243429861326,Low Risk
2017-06-13,11.07,11.19,11.19,10.94,134.83,-1.07,-0.010723860589812229,10.892857142857142,9.967333333333332,0.021764636215355224,Medium Risk
2017-06-14,10.94,10.82,10.94,10.7,291.75,-1.17,-0.011743450767841113,10.991428571428571,10.037666666666667,0.02318297267543218,Medium Risk
2017-06-15,10.94,10.94,10.94,10.94,325.65,0.0,0.0,11.069999999999999,10.105333333333332,0.02335617419431179,Medium Risk
2017-06-18,10.94,10.72,10.96,10.72,184.13,0.0,0.0,11.06857142857143,10.170666666666666,0.011364593225802787,Low Risk
2017-06-19,10.95,10.95,10.97,10.94,111.92,0.09,0.000914076782449813,11.032857142857143,10.232333333333335,0.005516146928791935,Low Risk
2017-06-20,10.95,10.97,10.97,10.97,2.04,0.0,0.0,10.997142857142856,10.290666666666668,0.005516146928791935,Low Risk
2017-06-21,11.13,11.07,11.19,11.07,83.3,1.64,0.016438356164383716,10.98857142857143,10.34,0.009311529464039086,Low Risk
2017-06-22,11.15,10.95,11.17,10.95,34.5,0.18,0.0017969451931716396,10.999999999999998,10.388333333333332,0.008209317302055114,Low Risk
2017-06-28,11.07,10.94,11.17,10.94,773.39,-0.72,-0.007174887892376636,11.018571428571429,10.434,0.007133010800957109,Low Risk
2017-07-02,11.2,11.17,11.37,11.01,220.3,1.17,0.01174345076784089,11.055714285714286,10.484000000000002,0.007992796685394377,Low Risk
2017-07-03,11.2,11.19,11.2,11.19,307.78,0.0,0.0,11.092857142857142,10.535666666666666,0.007992796685394377,Low Risk
2017-07-04,11.19,11.19,11.19,11.19,154.78,-0.09,-0.0008928571428571397,11.127142857142855,10.581666666666667,0.008114275557799137,Low Risk
2017-07-05,11.19,11.19,11.36,11.19,506.84,0.0,0.0,11.161428571428573,10.627666666666666,0.008114275557799137,Low Risk
2017-07-06,11.51,11.29,11.96,11.21,22.23,2.86,0.02859696157283298,11.215714285714284,10.683333333333334,0.011869992166471438,Low Risk
2017-07-09,11.51,11.28,11.28,11.28,2.03,0.0,0.0,11.267142857142858,10.743666666666666,0.011966493246476875,Low Risk
2017-07-10,11.59,11.37,11.69,11.32,54.62,0.7,0.0069504778453519656,11.34142857142857,10.798333333333334,0.010780086152100257,Low Risk
2017-07-11,12.1,11.64,12.19,11.64,482.65,4.4,0.04400345125107852,11.469999999999999,10.874333333333333,0.017885407491184814,Low Risk
2017-07-12,12.43,12.41,12.47,12.39,1.76,2.73,0.027272727272727337,11.645714285714288,10.957333333333333,0.017999774715710962,Low Risk
2017-07-13,12.45,12.44,12.69,12.44,2.74,0.16,0.0016090104585679832,11.825714285714286,11.040666666666665,0.017649964656219715,Low Risk
2017-07-16,12.44,12.43,12.44,12.43,7.86,-0.08,-0.0008032128514056103,12.004285714285713,11.123333333333333,0.017769658775536348,Low Risk
2017-07-17,12.58,12.44,13.06,12.44,589.51,1.13,0.0112540192926045,12.157142857142857,11.211333333333334,0.016801688885737954,Low Risk
2017-07-18,12.56,12.57,12.57,11.96,626.42,-0.16,-0.0015898251192368873,12.307142857142855,11.290666666666668,0.017014495322315828,Low Risk
2017-07-19,12.42,12.43,12.44,12.09,43.82,-1.11,-0.011146496815286677,12.425714285714283,11.364666666666666,0.01925581939503765,Low Risk
2017-07-20,12.42,12.41,12.44,12.19,581.52,0.0,0.0,12.471428571428572,11.437000000000001,0.012243428936826894,Low Risk
2017-07-24,12.42,11.94,12.19,11.94,2.98,0.0,0.0,12.47,11.509333333333334,0.006539540899731531,Low Risk
2017-07-25,12.18,11.69,12.19,11.69,30.35,-1.93,-0.019323671497584516,12.431428571428572,11.568999999999999,0.009667524493077213,Low Risk
2017-07-26,12.03,12.19,12.19,11.94,633.32,-1.23,-0.012315270935960632,12.372857142857143,11.604999999999999,0.010179868755664992,Low Risk
2017-07-27,11.83,11.82,11.83,11.82,6.05,-1.66,-0.016625103906899308,12.265714285714287,11.626,0.008130788669755069,Low Risk
2017-07-30,11.69,11.82,11.82,11.47,109.38,-1.18,-0.01183431952662728,12.141428571428573,11.642333333333333,0.007534820626623842,Low Risk
2017-07-31,11.66,11.69,11.69,11.44,482.52,-0.26,-0.0025662959794695572,12.032857142857143,11.658,0.008032447470906588,Low Risk
2017-08-01,11.46,11.69,11.69,11.2,291.35,-1.72,-0.01715265866209259,11.895714285714286,11.671,0.007440878092498632,Low Risk
2017-08-02,11.46,11.2,11.2,11.2,0.2,0.0,0.0,11.758571428571429,11.688333333333334,0.007440878092498632,Low Risk
2017-08-03,11.47,11.44,11.57,11.44,4.8,0.09,0.0008726003490400203,11.657142857142857,11.706,0.007765974739130712,Low Risk
2017-08-06,11.44,11.47,11.47,11.01,893.31,-0.26,-0.0026155187445511263,11.572857142857144,11.722666666666667,0.007840362837876523,Low Risk
2017-08-07,11.44,11.44,11.44,11.2,381.61,0.0,0.0,11.517142857142858,11.738999999999999,0.0069531339263423485,Low Risk
2017-08-08,11.44,11.23,11.45,11.19,573.9,0.0,0.0,11.48142857142857,11.755333333333333,0.006358724065394642,Low Risk
2017-08-09,11.44,11.2,11.47,11.2,460.96,0.0,0.0,11.450000000000001,11.765666666666666,0.006465420197026083,Low Risk
2017-08-10,11.19,11.2,11.44,10.96,78.5,-2.19,-0.021853146853146876,11.411428571428573,11.767,0.008222157178685291,Low Risk
2017-08-13,11.08,10.94,11.16,10.7,10.52,-0.98,-0.009830205540661274,11.357142857142858,11.767333333333335,0.00838827382679992,Low Risk
2017-08-15,11.06,11.06,11.07,11.04,245.87,-0.18,-0.0018050541516244634,11.29857142857143,11.762666666666666,0.008145333850777403,Low Risk
2017-08-16,11.06,11.06,11.19,10.94,2.21,0.0,0.0,11.244285714285715,11.758000000000001,0.00833907176086066,Low Risk
2017-08-17,11.05,11.06,11.06,10.94,34.98,-0.09,-0.000904159132007254,11.18857142857143,11.753333333333332,0.00825924053092745,Low Risk
2017-08-20,10.66,10.2,11.69,10.2,24.73,-3.53,-0.03529411764705892,11.077142857142858,11.735666666666667,0.013724647795553038,Low Risk
2017-08-21,11.19,11.19,11.19,11.19,571.7,4.97,0.04971857410881797,11.04142857142857,11.725,0.026579814631605272,Medium Risk
2017-08-22,11.19,11.19,11.19,11.19,6.28,0.0,0.0,11.04142857142857,11.714333333333334,0.0252250285538463,Medium Risk
2017-08-23,11.32,10.58,11.32,10.58,327.72,1.16,0.011617515638963516,11.075714285714286,11.705333333333332,0.025096081360873615,Medium Risk
2017-08-24,11.32,11.23,11.32,11.23,81.91,0.0,0.0,11.112857142857141,11.679333333333334,0.025043704196930573,Medium Risk
2017-08-27,11.31,11.26,11.32,11.26,40.54,-0.09,-0.0008833922261484162,11.148571428571428,11.642,0.025067031290412697,Medium Risk
2017-08-28,11.31,11.44,11.44,11.34,1.23,0.0,0.0,11.185714285714285,11.604000000000001,0.025043084152311827,Medium Risk
2017-08-29,11.44,11.44,11.57,11.44,1.59,1.15,0.011494252873563093,11.297142857142857,11.570666666666666,0.018258883625646424,Low Risk
2017-08-30,11.44,11.44,11.44,11.44,720.27,0.0,0.0,11.332857142857142,11.532666666666666,0.005734095170136329,Low Risk
2017-09-05,11.44,11.44,11.94,11.44,1.22,0.0,0.0,11.368571428571428,11.495333333333331,0.005734095170136329,Low Risk
2017-09-06,11.46,11.47,11.69,11.45,925.64,0.17,0.0017482517482518833,11.388571428571428,11.463333333333335,0.004361450847082288,Low Risk
2017-09-07,11.44,11.47,11.47,11.44,883.62,-0.17,-0.0017452006980803736,11.405714285714286,11.430666666666667,0.004525975986995843,Low Risk
2017-09-10,11.43,11.44,11.44,11.32,534.9,-0.09,-0.0008741258741258306,11.422857142857143,11.397666666666668,0.004525158434071648,Low Risk
2017-09-11,11.17,10.45,11.19,10.45,509.89,-2.27,-0.022747156605424257,11.402857142857142,11.363999999999999,0.010290922332580514,Low Risk
2017-09-12,11.16,11.19,11.19,10.7,12.26,-0.09,-0.0008952551477170445,11.362857142857143,11.335,0.008556249071907444,Low Risk
2017-09-13,10.96,10.94,11.19,10.94,473.2,-1.79,-0.017921146953404965,11.294285714285715,11.306000000000001,0.009908125791920717,Low Risk
2017-09-14,11.19,11.19,11.19,11.19,4.0,2.1,0.020985401459853836,11.258571428571429,11.289333333333333,0.014264940596428063,Low Risk
2017-09-17,11.19,11.19,11.21,11.19,813.24,0.0,0.0,11.219999999999999,11.273666666666665,0.014181703404378236,Low Risk
2017-09-18,11.19,11.19,11.19,11.19,12.87,0.0,0.0,11.184285714285712,11.264666666666667,0.014229138955130985,Low Risk
2017-09-19,11.19,11.22,11.22,11.19,2.91,0.0,0.0,11.15,11.255666666666665,0.014255378124718342,Low Risk
2017-09-20,11.19,11.19,11.2,11.19,3.4,0.0,0.0,11.152857142857144,11.246333333333332,0.011267090607832883,Low Risk
2017-09-24,11.44,10.94,11.94,10.94,3.12,2.23,0.022341376228775633,11.192857142857141,11.246333333333332,0.013955196717157593,Low Risk
2017-09-25,11.44,11.44,11.81,11.44,74.98,0.0,0.0,11.26142857142857,11.246333333333332,0.010577896427285221,Low Risk
2017-09-26,11.44,11.44,11.44,11.44,227.96,0.0,0.0,11.297142857142857,11.246333333333332,0.00844424649260872,Low Risk
2017-09-27,11.44,11.44,11.44,11.44,4.83,0.0,0.0,11.332857142857142,11.246333333333332,0.00844424649260872,Low Risk
2017-09-28,11.44,11.44,11.56,11.32,83.36,0.0,0.0,11.368571428571427,11.254666666666669,0.00844424649260872,Low Risk
2017-10-01,11.33,11.32,11.44,11.32,20.1,-0.96,-0.009615384615384581,11.388571428571428,11.263,0.009733591967948249,Low Risk
2017-10-02,11.21,11.21,11.21,11.21,5.13,-1.06,-0.010591350397175625,11.391428571428571,11.267999999999999,0.01082526720357525,Low Risk
2017-10-03,11.44,11.44,11.44,11.44,1.77,2.05,0.020517395182872322,11.391428571428571,11.280666666666665,0.010210958512970488,Low Risk
2017-10-04,11.19,11.22,11.26,11.19,2.76,-2.19,-0.021853146853146876,11.355714285714285,11.285333333333334,0.013145714734149896,Low Risk
2017-10-08,11.19,10.45,11.19,10.45,241.32,0.0,0.0,11.319999999999999,11.302999999999999,0.013145714734149896,Low Risk
2017-10-09,11.19,11.19,11.56,11.19,492.84,0.0,0.0,11.284285714285716,11.302999999999999,0.013145714734149896,Low Risk
2017-10-10,11.19,11.19,11.19,11.19,299.71,0.0,0.0,11.248571428571429,11.302999999999999,0.013145714734149896,Low Risk
2017-10-11,11.19,11.19,11.19,11.19,3.96,0.0,0.0,11.228571428571428,11.298666666666666,0.0128476845109013,Low Risk
2017-10-15,11.19,11.07,11.19,10.99,214.51,0.0,0.0,11.225714285714286,11.294333333333332,0.012235662644598626,Low Risk
2017-10-16,10.94,11.07,11.07,10.57,58.23,-2.23,-0.022341376228775744,11.154285714285715,11.282,0.010783280669438075,Low Risk
2017-10-17,10.37,10.82,10.82,10.07,46.27,-5.21,-0.05210237659963435,11.037142857142857,11.250666666666666,0.02009186689203374,Medium Risk
2017-10-18,10.23,10.45,10.65,10.19,426.01,-1.35,-0.013500482160077043,10.9,11.210333333333333,0.019541296830321957,Low Risk
2017-10-19,10.42,10.42,10.43,10.42,487.13,1.86,0.01857282502443791,10.789999999999997,11.176333333333334,0.02255926617193471,Medium Risk
2017-10-22,10.2,10.42,10.43,10.2,4.28,-2.11,-0.021113243761996192,10.648571428571428,11.135,0.02242445730331933,Medium Risk
2017-10-23,10.21,10.2,10.3,10.2,556.16,0.1,0.0009803921568629637,10.508571428571429,11.093333333333332,0.02252149866396383,Medium Risk
2017-10-24,10.21,10.2,10.23,9.95,211.52,0.0,0.0,10.368571428571428,11.052333333333333,0.02252149866396383,Medium Risk
2017-10-25,10.21,10.2,10.22,10.2,61.31,0.0,0.0,10.264285714285714,11.011666666666665,0.022524775732832555,Medium Risk
2017-10-26,10.2,10.2,10.22,10.2,175.83,-0.1,-0.0009794319294810228,10.24,10.979333333333333,0.01250432007611465,Low Risk
2017-10-29,10.42,10.33,10.43,10.23,21.76,2.16,0.021568627450980538,10.267142857142858,10.954666666666666,0.014178123650832822,Low Risk
2017-10-30,10.45,10.43,10.55,10.43,6.08,0.29,0.0028790786948176272,10.27142857142857,10.937666666666667,0.012380057956850685,Low Risk
2017-10-31,10.47,10.57,10.57,10.45,273.12,0.19,0.001913875598086312,10.31,10.913666666666668,0.007956075095706679,Low Risk
2017-11-01,10.5,10.57,10.57,10.5,600.26,0.29,0.002865329512893977,10.351428571428572,10.890666666666668,0.007877589734255282,Low Risk
2017-11-02,10.51,10.48,10.53,10.48,596.49,0.1,0.0009523809523810378,10.394285714285715,10.868,0.007804161123331845,Low Risk
2017-11-05,10.41,10.47,10.47,10.4,269.75,-0.95,-0.009514747859181716,10.422857142857142,10.842,0.009331013664562498,Low Risk
2017-11-06,10.48,10.45,10.7,10.45,324.56,0.67,0.00672430355427478,10.462857142857143,10.818333333333333,0.009263345242625084,Low Risk
2017-11-07,10.45,10.45,10.45,10.45,532.51,-0.29,-0.002862595419847458,10.467142857142857,10.785333333333334,0.005224312472753037,Low Risk
2017-11-08,10.41,10.45,10.45,10.32,169.6,-0.38,-0.00382775119617218,10.461428571428572,10.751000000000001,0.005312952767351886,Low Risk
2017-11-09,10.51,10.45,10.57,10.45,259.15,0.96,0.009606147934678066,10.467142857142857,10.72,0.006554475902237172,Low Risk
2017-11-12,10.45,10.45,10.45,10.44,160.87,-0.57,-0.0057088487155091405,10.459999999999999,10.687,0.006847201305697401,Low Risk
2017-11-13,10.45,10.45,10.45,10.45,376.44,0.0,0.0,10.45142857142857,10.653999999999998,0.006819191337882624,Low Risk
2017-11-14,10.45,10.44,10.44,10.32,3.9,0.0,0.0,10.457142857142856,10.624666666666666,0.00563801970036832,Low Risk
2017-11-15,10.44,10.45,10.45,10.35,125.0,-0.1,-0.000956937799043045,10.45142857142857,10.599,0.0049433790871933675,Low Risk
2017-11-16,10.52,10.58,10.58,10.32,24.95,0.77,0.00766283524904221,10.46142857142857,10.568333333333333,0.005665647808572662,Low Risk
2017-11-19,10.52,10.25,10.45,10.25,2.72,0.0,0.0,10.477142857142857,10.546,0.005298469817353014,Low Risk
2017-11-20,10.62,10.58,10.7,10.52,9.05,0.95,0.009505703422053147,10.492857142857142,10.527,0.005272979354817475,Low Risk
2017-11-21,10.7,10.69,10.7,10.69,270.46,0.75,0.007532956685499137,10.528571428571427,10.510666666666667,0.00458612358940653,Low Risk
2017-11-22,10.7,10.7,10.7,10.7,1.06,0.0,0.0,10.564285714285713,10.494333333333335,0.00458612358940653,Low Risk
2017-11-23,10.71,10.89,10.94,10.7,209.85,0.09,0.0009345794392525697,10.60142857142857,10.478333333333333,0.004483367473870271,Low Risk
2017-11-26,10.6,10.2,10.92,10.2,21.9,-1.03,-0.010270774976657404,10.624285714285715,10.458666666666666,0.006812459714349256,Low Risk
2017-11-27,10.81,10.5,10.87,10.5,24.94,1.98,0.019811320754717032,10.665714285714285,10.454333333333333,0.009467580354986887,Low Risk
2017-11-28,11.19,10.92,11.19,10.77,2.24,3.52,0.035152636447733476,10.76142857142857,10.481666666666666,0.01483605339671607,Low Risk
2017-11-29,11.15,10.82,11.19,10.77,58.77,-0.36,-0.003574620196604039,10.837142857142856,10.512333333333334,0.015560781018508777,Low Risk
2017-12-03,11.17,10.82,11.19,10.8,30.1,0.18,0.0017937219730941312,10.904285714285715,10.537333333333333,0.015683878406975237,Low Risk
2017-12-04,11.12,11.19,11.19,10.82,65.54,-0.45,-0.004476275738585556,10.964285714285714,10.568,0.016068375720325455,Low Risk
2017-12-05,11.18,11.19,11.19,11.14,437.38,0.54,0.0053956834532373765,11.031428571428572,10.600333333333333,0.015939318735712728,Low Risk
2017-12-06,10.99,11.19,11.19,10.94,111.87,-1.7,-0.016994633273702986,11.087142857142856,10.626333333333331,0.0172503458363668,Low Risk
2017-12-07,11.12,11.18,11.43,10.94,784.85,1.18,0.01182893539581431,11.131428571428572,10.656666666666666,0.016372794417910164,Low Risk
2017-12-10,11.12,11.32,11.32,11.32,2.85,0.0,0.0,11.12142857142857,10.687333333333333,0.009024942232326093,Low Risk
2017-12-11,11.19,11.13,11.2,11.07,102.8,0.63,0.00629496402877705,11.127142857142855,10.713,0.009297191189445777,Low Risk
2017-12-12,11.44,11.44,11.44,11.44,4.02,2.23,0.022341376228775633,11.165714285714285,10.746,0.012461094811338133,Low Risk
2017-12-13,11.44,11.42,11.42,11.42,1.34,0.0,0.0,11.211428571428572,10.778333333333332,0.012093941408011757,Low Risk
2017-12-14,11.19,11.19,11.19,11.11,222.57,-2.19,-0.021853146853146876,11.212857142857143,10.801333333333332,0.015517147547375017,Low Risk
2017-12-17,11.19,10.84,10.89,10.84,0.62,0.0,0.0,11.241428571428571,10.824,0.013581605635532184,Low Risk
2017-12-18,10.94,10.9,10.94,10.9,674.18,-2.23,-0.022341376228775744,11.215714285714284,10.841666666666667,0.015710300252430684,Low Risk
2017-12-19,10.95,10.94,11.19,10.94,1.61,0.09,0.000914076782449813,11.191428571428572,10.857333333333333,0.01573563168832277,Low Risk
2017-12-20,10.94,10.94,10.96,10.94,317.33,-0.09,-0.0009132420091324533,11.155714285714286,10.873666666666667,0.015325828467407925,Low Risk
2017-12-21,10.91,10.96,10.96,10.82,7.06,-0.27,-0.002742230347349106,11.079999999999998,10.890333333333333,0.010576506980829778,Low Risk
2017-12-25,10.7,10.82,10.82,10.7,322.92,-1.92,-0.019248395967002785,10.974285714285713,10.896666666666667,0.01103495224657738,Low Risk
2017-12-26,10.64,10.7,10.7,10.42,70.89,-0.56,-0.005607476635513864,10.895714285714286,10.902999999999999,0.009609059280099757,Low Risk
2017-12-27,10.69,10.47,10.7,10.47,509.22,0.47,0.0046992481203007586,10.824285714285713,10.911,0.010327811054573621,Low Risk
2017-12-28,10.7,10.7,10.7,10.63,239.15,0.09,0.00093545369504211,10.790000000000001,10.919333333333332,0.007801540045338625,Low Risk
2017-12-31,10.41,10.48,10.48,10.29,113.53,-2.71,-0.027102803738317638,10.712857142857143,10.918333333333331,0.011625898210723322,Low Risk
2018-01-02,10.38,10.38,10.57,10.32,60.47,-0.29,-0.0028818443804033977,10.632857142857144,10.913666666666666,0.011472976311362963,Low Risk
2018-01-04,10.45,10.39,10.45,10.39,654.94,0.67,0.00674373795761074,10.567142857142857,10.911333333333335,0.01262056571049792,Low Risk
2018-01-08,10.45,10.45,10.45,10.41,440.53,0.0,0.0,10.531428571428572,10.905666666666667,0.011297231465271425,Low Risk
2018-01-09,10.45,10.45,10.45,10.38,3.32,0.0,0.0,10.504285714285714,10.897333333333334,0.011306490410934587,Low Risk
2018-01-10,10.66,10.67,10.7,10.45,168.81,2.01,0.02009569377990439,10.5,10.895999999999999,0.014097041075641433,Low Risk
2018-01-11,10.69,10.57,10.7,10.57,2.54,0.28,0.0028142589118198558,10.498571428571427,10.895333333333332,0.014142644220703281,Low Risk
2018-01-14,10.65,10.93,10.93,10.65,29.3,-0.37,-0.003741814780168329,10.532857142857143,10.897,0.008203375941697977,Low Risk
2018-01-15,10.45,10.45,10.47,10.44,85.55,-1.88,-0.018779342723004744,10.542857142857143,10.885,0.011666421035985955,Low Risk
2018-01-16,10.5,10.45,10.65,10.4,19.0,0.48,0.004784688995215447,10.549999999999999,10.862,0.011528887911093204,Low Risk
2018-01-17,10.44,10.4,10.45,10.26,455.82,-0.57,-0.005714285714285783,10.54857142857143,10.838333333333333,0.01178930575975214,Low Risk
2018-01-18,10.45,10.5,10.5,10.45,1.76,0.1,0.0009578544061301653,10.548571428571426,10.814333333333332,0.011795908896437867,Low Risk
2018-01-21,10.41,10.32,10.42,10.27,7.06,-0.38,-0.00382775119617218,10.512857142857143,10.790666666666665,0.007818403898278058,Low Risk
2018-01-22,10.45,10.39,10.45,10.39,289.33,0.38,0.003842459173871271,10.478571428571428,10.766333333333334,0.00796203027457231,Low Risk
2018-01-23,10.36,10.37,10.37,10.35,10.9,-0.86,-0.008612440191387516,10.437142857142856,10.745333333333333,0.008224624519860994,Low Risk
2018-01-24,10.49,10.45,10.57,10.32,88.71,1.25,0.01254826254826269,10.442857142857141,10.724333333333334,0.00724857974041173,Low Risk
2018-01-28,10.45,10.45,10.45,10.45,15.27,-0.38,-0.0038131553860820677,10.435714285714285,10.702,0.00714273449640922,Low Risk
2018-01-29,10.71,10.35,10.87,10.35,17.69,2.49,0.024880382775119836,10.474285714285713,10.686,0.011540868903950304,Low Risk
2018-01-30,11.19,10.7,11.19,10.7,284.91,4.48,0.04481792717086819,10.58,10.677666666666665,0.01917703414993471,Low Risk
2018-01-31,11.19,10.94,11.19,10.94,921.55,0.0,0.0,10.691428571428572,10.669333333333332,0.01876802127134327,Low Risk
2018-02-01,11.19,11.19,11.19,10.94,746.93,0.0,0.0,10.797142857142857,10.669333333333332,0.0190500616759999,Low Risk
2018-02-04,11.19,11.19,11.19,11.19,4.02,0.0,0.0,10.915714285714285,10.669333333333332,0.017892504888714966,Low Risk
2018-02-05,11.19,11.19,11.19,10.7,841.94,0.0,0.0,11.015714285714285,10.677666666666665,0.01835800577087962,Low Risk
2018-02-06,11.05,10.55,11.07,10.53,124.61,-1.25,-0.012511170688114248,11.10142857142857,10.681000000000001,0.019651182654291405,Low Risk
2018-02-07,10.94,10.76,10.94,10.76,162.69,-1.0,-0.009954751131221795,11.134285714285713,10.681000000000001,0.019117617941947017,Low Risk
2018-02-08,10.94,10.7,10.7,10.7,2.01,0.0,0.0,11.098571428571429,10.681999999999999,0.005530580765397113,Low Risk
2018-02-11,10.77,10.77,10.77,10.77,16.49,-1.55,-0.015539305301645379,11.038571428571428,10.684333333333335,0.006961249906220198,Low Risk
2018-02-12,10.77,10.89,10.89,10.83,0.5,0.0,0.0,10.978571428571428,10.688666666666668,0.006961249906220198,Low Risk
2018-02-13,10.82,10.89,10.89,10.77,414.9,0.46,0.00464252553389044,10.925714285714287,10.693000000000001,0.007742087735915265,Low Risk
2018-02-14,10.82,10.55,10.82,10.55,97.59,0.0,0.0,10.872857142857143,10.697,0.007742087735915265,Low Risk
2018-02-15,10.82,10.82,10.83,10.82,463.87,0.0,0.0,10.840000000000002,10.710666666666667,0.0070711595969186825,Low Risk
2018-02-18,10.85,10.94,10.94,10.75,7.32,0.28,0.0027726432532346745,10.827142857142857,10.726333333333335,0.006599012603438775,Low Risk
2018-02-19,10.84,10.85,10.85,10.75,989.75,-0.09,-0.0009216589861751334,10.812857142857142,10.739333333333333,0.006581167202107811,Low Risk
2018-02-20,10.82,10.82,10.82,10.82,256.7,-0.18,-0.0018450184501844769,10.819999999999999,10.751666666666665,0.0022511929342169962,Low Risk
2018-02-21,10.81,10.82,10.82,10.7,164.8,-0.09,-0.0009242144177449285,10.825714285714286,10.763666666666666,0.0023226009821245256,Low Risk
2018-02-22,10.73,10.7,10.82,10.61,121.71,-0.74,-0.007400555041628176,10.812857142857142,10.766,0.0031004681263355808,Low Risk
2018-02-25,10.66,10.7,10.7,10.63,8.82,-0.65,-0.006523765144454852,10.790000000000001,10.765000000000002,0.0036205732799444363,Low Risk
2018-02-26,10.69,10.7,10.72,10.65,1.77,0.28,0.0028142589118198558,10.77142857142857,10.766333333333334,0.004028532519864094,Low Risk
2018-02-27,11.01,10.66,11.19,10.66,24.26,2.99,0.029934518241347075,10.794285714285715,10.785,0.012739132984829865,Low Risk
2018-02-28,11.19,11.19,11.19,11.16,7.64,1.63,0.016348773841961872,10.844285714285714,10.808,0.013680040859918979,Low Risk
2018-03-01,11.19,11.31,11.31,11.18,51.13,0.0,0.0,10.897142857142857,10.833,0.013551685065005446,Low Risk
2018-03-04,11.12,11.19,11.19,10.94,6.69,-0.63,-0.006255585344057235,10.941428571428572,10.855333333333334,0.014072884425906223,Low Risk
2018-03-05,11.02,11.12,11.12,10.94,3.7,-0.9,-0.008992805755395628,10.982857142857142,10.875666666666666,0.01430135241578976,Low Risk
2018-03-06,11.19,10.94,11.31,10.94,438.83,1.54,0.015426497277676976,11.058571428571428,10.900333333333332,0.014037969390275674,Low Risk
2018-03-07,11.19,11.19,11.21,11.19,42.16,0.0,0.0,11.129999999999999,10.927999999999999,0.014218282196647404,Low Risk
2018-03-08,11.56,11.31,11.75,11.31,150.01,3.31,0.033065236818588195,11.208571428571428,10.963666666666665,0.01509543138293333,Low Risk
2018-03-11,11.27,11.69,11.75,11.11,148.46,-2.51,-0.025086505190311525,11.219999999999999,10.990999999999998,0.01857918859266239,Low Risk
2018-03-12,11.6,11.66,11.81,11.44,150.66,2.93,0.02928127772848277,11.278571428571428,11.020666666666667,0.021361122080206643,Medium Risk
2018-03-13,11.81,11.83,12.04,11.69,1.61,1.81,0.01810344827586219,11.377142857142857,11.041333333333334,0.02113867974971831,Medium Risk
2018-03-14,11.82,11.81,11.82,11.81,1.55,0.08,0.0008467400508043177,11.491428571428571,11.062333333333333,0.020055539133810075,Medium Risk
2018-03-15,11.95,11.94,12.16,11.94,432.2,1.1,0.010998307952622577,11.6,11.087666666666667,0.01993392051006348,Low Risk
2018-03-18,11.97,11.81,12.06,11.81,15.59,0.17,0.0016736401673640433,11.711428571428572,11.113666666666667,0.019809215369356512,Low Risk
2018-03-19,11.95,12.01,12.01,11.94,61.07,-0.17,-0.001670843776107045,11.767142857142858,11.139000000000001,0.0172006226643312,Low Risk
2018-03-20,12.02,11.94,12.15,11.94,2.63,0.59,0.0058577405857740406,11.874285714285715,11.171333333333333,0.011116533698350993,Low Risk
2018-03-21,11.84,11.96,11.96,11.46,6.08,-1.5,-0.014975041597337757,11.90857142857143,11.201333333333334,0.010420848374263138,Low Risk
2018-03-22,12.06,12.06,12.15,12.06,2.33,1.86,0.01858108108108114,11.944285714285714,11.238666666666667,0.010537318499879293,Low Risk
2018-03-25,12.06,12.06,12.06,12.06,10.85,0.0,0.0,11.978571428571428,11.281666666666666,0.01057155715802428,Low Risk
2018-03-26,12.16,12.16,12.19,12.16,619.46,0.83,0.008291873963515828,12.008571428571429,11.328,0.010272274491875396,Low Risk
2018-03-27,12.43,12.3,12.5,12.3,284.73,2.22,0.022203947368421018,12.074285714285713,11.381666666666666,0.01264219807234616,Low Risk
2018-03-28,12.43,12.31,12.31,12.31,0.6,0.0,0.0,12.142857142857142,11.435333333333334,0.012499880391883541,Low Risk
2018-03-29,12.43,12.43,12.44,12.32,205.28,0.0,0.0,12.20142857142857,11.489,0.012682961359689738,Low Risk
2018-04-01,12.48,11.94,13.18,11.94,94.61,0.4,0.004022526146419958,12.292857142857143,11.543333333333333,0.009313207326678995,Low Risk
2018-04-02,12.41,12.93,12.93,12.19,88.05,-0.56,-0.005608974358974339,12.342857142857142,11.595666666666666,0.009037133030837575,Low Risk
2018-04-03,12.07,11.94,12.17,11.94,562.46,-2.74,-0.0273972602739726,12.344285714285716,11.637333333333334,0.015053764713482439,Low Risk
2018-04-04,12.19,12.19,12.43,12.06,219.86,0.99,0.009942004971002394,12.348571428571429,11.683333333333334,0.015213378877254595,Low Risk
2018-04-05,12.08,12.41,12.91,11.84,1.08,-0.9,-0.009023789991796538,12.29857142857143,11.728333333333333,0.012013873010728652,Low Risk
2018-04-10,12.19,11.95,12.98,11.95,769.34,0.91,0.009105960264900625,12.264285714285714,11.779333333333334,0.012974911404058547,Low Risk
2018-04-11,12.32,12.32,12.32,12.31,617.17,1.07,0.010664479081214262,12.248571428571429,11.833666666666666,0.01393642321517337,Low Risk
2018-04-12,12.43,12.25,12.44,12.25,32.17,0.89,0.008928571428571397,12.241428571428571,11.881,0.014358916846180495,Low Risk
2018-04-15,12.43,12.23,12.23,12.23,0.4,0.0,0.0,12.244285714285715,11.922333333333333,0.014180662291223809,Low Risk
2018-04-16,12.43,12.08,12.44,12.08,290.15,0.0,0.0,12.295714285714284,11.963666666666665,0.007431126266111359,Low Risk
2018-04-17,12.31,12.07,12.41,12.07,972.75,-0.97,-0.009654062751407788,12.312857142857142,12.003333333333332,0.008530850854816589,Low Risk
2018-04-18,12.19,12.19,12.19,12.19,5.65,-0.97,-0.009748172217709294,12.328571428571427,12.042333333333334,0.008681874363131871,Low Risk
2018-04-19,12.16,12.19,12.19,12.06,79.31,-0.25,-0.0024610336341263084,12.324285714285713,12.074666666666667,0.008031175791291456,Low Risk
2018-04-22,12.17,12.19,12.19,12.09,80.04,0.08,0.000822368421052655,12.30285714285714,12.107333333333335,0.006502842904648222,Low Risk
2018-04-23,11.29,11.61,11.61,10.11,1.81,-7.23,-0.07230895645028768,12.14,12.098333333333333,0.02639021549657562,Medium Risk
2018-04-24,11.3,11.19,11.32,11.19,2.0,0.09,0.0008857395925598865,11.978571428571428,12.099333333333334,0.02646682579500534,Medium Risk
2018-04-26,11.36,11.29,12.19,11.26,4.89,0.53,0.005309734513274211,11.825714285714286,12.091333333333333,0.026979613093537875,Medium Risk
2018-04-29,11.44,11.44,11.44,11.44,590.47,0.7,0.007042253521126751,11.70142857142857,12.079,0.02798727350877114,Medium Risk
2018-04-30,11.44,11.44,11.44,11.32,400.78,0.0,0.0,11.594285714285714,12.066333333333334,0.02824701161199971,Medium Risk
2018-05-02,11.44,11.49,11.49,11.33,1.34,0.0,0.0,11.491428571428571,12.049333333333333,0.028352331986168346,Medium Risk
2018-05-03,11.53,11.44,11.69,11.34,5.45,0.79,0.00786713286713292,11.4,12.034666666666665,0.028851622610076955,Medium Risk
2018-05-06,11.63,11.67,11.67,11.47,250.92,0.87,0.008673026886383495,11.448571428571428,12.024,0.003851615915627972,Low Risk
2018-05-07,11.63,11.63,11.63,11.45,357.19,0.0,0.0,11.495714285714286,12.011000000000001,0.003992678798359498,Low Risk
2018-05-08,11.81,11.49,11.81,11.49,124.44,1.55,0.015477214101461634,11.56,12.01,0.005892085431351376,Low Risk
2018-05-09,11.8,11.69,11.81,11.69,518.88,-0.08,-0.0008467400508044287,11.611428571428572,12.001333333333331,0.006305726211123649,Low Risk
2018-05-13,11.78,11.77,11.81,11.77,2.58,-0.17,-0.0016949152542373724,11.66,11.991999999999999,0.006533633277561241,Low Risk
2018-05-14,11.69,11.69,11.69,11.64,902.01,-0.76,-0.007640067911714787,11.695714285714287,11.976333333333335,0.007858159376371965,Low Risk
2018-05-15,11.45,11.54,11.54,11.44,4.35,-2.05,-0.020530367835757124,11.684285714285716,11.943666666666667,0.011489638623070123,Low Risk
2018-05-16,11.46,11.46,12.16,11.44,514.21,0.09,0.0008733624454149158,11.659999999999998,11.911333333333333,0.010757156823014284,Low Risk
2018-05-17,11.46,11.47,11.47,11.47,0.2,0.0,0.0,11.635714285714286,11.879,0.010757156823014284,Low Risk
2018-05-21,11.96,11.51,12.16,11.51,6.18,4.36,0.04363001745200701,11.657142857142857,11.861666666666666,0.019835263859,Low Risk
2018-05-22,11.76,11.96,11.96,11.69,8.77,-1.67,-0.016722408026755953,11.651428571428571,11.84,0.02107960638304792,Medium Risk
2018-05-23,11.69,11.69,11.69,11.48,762.06,-0.6,-0.005952380952380931,11.638571428571428,11.827333333333334,0.021187779592539188,Medium Risk
2018-05-24,11.69,11.69,11.69,11.57,1.52,0.0,0.0,11.638571428571428,11.810666666666666,0.020978823403954523,Medium Risk
2018-05-27,11.69,11.69,11.69,11.69,0.43,0.0,0.0,11.672857142857142,11.797666666666665,0.01893559843308161,Low Risk
2018-05-28,11.69,11.69,11.69,10.97,805.1,0.0,0.0,11.705714285714285,11.780999999999999,0.0189557226842142,Low Risk
2018-05-29,11.69,11.44,11.69,11.44,141.32,0.0,0.0,11.73857142857143,11.759999999999998,0.0189557226842142,Low Risk
2018-05-30,11.44,11.42,11.44,11.42,185.63,-2.14,-0.021385799828913643,11.664285714285715,11.726999999999999,0.009083763561658154,Low Risk
2018-05-31,11.59,11.69,11.69,10.82,968.41,1.31,0.013111888111888126,11.639999999999999,11.699000000000002,0.010293949655208448,Low Risk
2018-06-04,11.43,11.38,11.44,10.84,297.0,-1.38,-0.01380500431406384,11.602857142857143,11.665666666666668,0.011181922895520837,Low Risk
2018-06-05,11.36,10.7,11.37,10.67,749.3,-0.61,-0.006124234470691214,11.555714285714286,11.634000000000002,0.011133488045813574,Low Risk
2018-06-11,11.44,11.44,11.44,11.4,1.66,0.7,0.007042253521126751,11.52,11.609000000000002,0.011853147898719415,Low Risk
2018-06-12,11.44,11.42,11.44,11.42,211.56,0.0,0.0,11.484285714285713,11.585,0.011853147898719415,Low Risk
2018-06-13,11.32,11.32,11.32,11.32,8.27,-1.05,-0.010489510489510412,11.43142857142857,11.556666666666667,0.012068379497027751,Low Risk
2018-06-14,11.09,11.07,11.19,11.07,4.22,-2.03,-0.02031802120141346,11.38142857142857,11.55,0.011823967667985812,Low Risk
2018-06-19,11.07,11.07,11.07,11.07,8.42,-0.18,-0.0018034265103696878,11.307142857142855,11.542333333333334,0.009201980076771317,Low Risk
2018-06-20,11.07,11.07,11.07,11.07,58.61,0.0,0.0,11.255714285714285,11.532666666666666,0.008847899706032511,Low Risk
2018-06-21,11.03,11.57,11.57,10.67,297.72,-0.36,-0.0036133694670280603,11.208571428571428,11.519,0.008823243255063212,Low Risk
2018-06-24,10.67,10.84,11.07,10.57,140.11,-3.26,-0.0326382592928377,11.098571428571429,11.493333333333334,0.01242966892082994,Low Risk
2018-06-25,10.59,10.65,10.7,10.45,69.17,-0.75,-0.007497656982193068,10.977142857142857,11.465,0.011744839968982191,Low Risk
2018-06-26,10.6,10.7,10.7,10.45,548.74,0.09,0.0009442870632672129,10.874285714285714,11.434000000000001,0.012578335036399374,Low Risk
2018-06-28,11.17,10.7,11.19,10.7,15.23,5.38,0.05377358490566042,10.885714285714286,11.418666666666667,0.02587878702023643,Medium Risk
2018-07-02,10.7,10.45,10.71,10.45,312.02,-4.21,-0.042076991942703756,10.832857142857142,11.387666666666666,0.03071167821686857,Medium Risk
2018-07-03,10.71,10.94,10.94,10.45,1.34,0.09,0.0009345794392525697,10.781428571428572,11.350999999999999,0.030736239158191812,Medium Risk
2018-07-04,10.45,10.45,10.45,10.45,7.64,-2.43,-0.024276377217553824,10.698571428571428,11.306000000000001,0.0316371418101141,Medium Risk
2018-07-05,10.4,10.48,10.48,10.23,77.63,-0.48,-0.004784688995215225,10.66,11.26,0.02959962250257954,Medium Risk
2018-07-09,10.22,10.2,10.45,10.2,891.48,-1.73,-0.017307692307692246,10.607142857142858,11.211,0.030061049317424437,Medium Risk
2018-07-10,10.2,10.2,10.22,10.2,1.61,-0.2,-0.001956947162426781,10.549999999999999,11.169333333333332,0.02999042201090412,Medium Risk
2018-07-12,10.38,10.67,10.7,9.95,418.92,1.76,0.01764705882352957,10.437142857142858,11.133333333333333,0.01941430757334486,Low Risk
2018-07-15,10.38,10.21,10.21,10.21,0.25,0.0,0.0,10.391428571428573,11.097333333333331,0.013549456573079493,Low Risk
2018-07-16,10.7,10.7,10.7,10.7,1.67,3.08,0.030828516377649162,10.39,11.055333333333333,0.019050085272232894,Low Risk
2018-07-17,10.7,10.7,10.7,10.32,2.64,0.0,0.0,10.425714285714283,11.020000000000001,0.01582645836847562,Low Risk
2018-07-18,10.45,10.45,10.45,10.45,229.31,-2.34,-0.02336448598130836,10.432857142857143,10.978666666666667,0.018735964396362846,Low Risk
2018-07-19,10.45,10.45,10.69,10.45,1.07,0.0,0.0,10.465714285714284,10.937333333333333,0.017004691500632323,Low Risk
2018-07-24,10.45,10.45,10.45,10.45,0.08,0.0,0.0,10.501428571428571,10.895999999999999,0.016919585991052977,Low Risk
2018-07-25,10.58,10.65,10.7,10.57,1.23,1.24,0.012440191387559807,10.53,10.859000000000002,0.016301626326998886,Low Risk
2018-07-26,10.57,10.45,10.57,10.45,792.26,-0.09,-0.000945179584120992,10.557142857142855,10.821666666666667,0.016332988232137295,Low Risk
2018-07-29,10.57,10.57,10.57,10.57,37.22,0.0,0.0,10.538571428571428,10.792666666666667,0.010656958493970395,Low Risk
2018-07-30,10.57,10.57,10.57,10.57,282.9,0.0,0.0,10.52,10.758666666666667,0.010656958493970395,Low Risk
2018-07-31,10.88,10.21,10.88,10.21,67.25,2.93,0.029328287606433356,10.581428571428571,10.740333333333332,0.011385098328839225,Low Risk
2018-08-01,11.17,10.94,11.42,10.94,2.14,2.67,0.026654411764705843,10.684285714285716,10.734,0.013390262472278933,Low Risk
2018-08-05,11.41,10.95,11.44,10.95,85.62,2.15,0.0214861235452104,10.821428571428571,10.732999999999999,0.013274407504959231,Low Risk
2018-08-06,11.32,11.39,11.39,11.19,446.15,-0.79,-0.007887817703768563,10.927142857142856,10.729000000000001,0.015396906033089422,Low Risk
2018-08-07,11.32,11.32,11.32,11.32,315.52,0.0,0.0,11.034285714285716,10.729000000000001,0.015290694936275754,Low Risk
2018-08-08,11.34,11.42,11.42,11.32,5.46,0.18,0.0017667844522968323,11.144285714285715,10.737333333333334,0.015112817530693998,Low Risk
2018-08-09,11.33,10.95,11.43,10.95,168.89,-0.09,-0.0008818342151675207,11.252857142857144,10.746,0.015215268247778945,Low Risk
2018-08-12,11.33,10.95,10.95,10.95,0.68,0.0,0.0,11.317142857142857,10.754666666666669,0.012887136696791904,Low Risk
2018-08-13,11.32,11.32,11.33,11.32,711.28,-0.09,-0.0008826125330979595,11.338571428571427,10.764333333333333,0.009148077931633452,Low Risk
2018-08-14,11.32,11.32,11.32,11.32,1.4,0.0,0.0,11.325714285714286,10.786,0.0031094710484203115,Low Risk
2018-08-15,11.32,11.32,11.32,11.32,85.59,0.0,0.0,11.325714285714286,10.810333333333334,0.0008830027356196333,Low Risk
2018-08-16,11.31,11.31,11.31,11.31,82.42,-0.09,-0.0008833922261484162,11.324285714285713,10.834,0.0009440737723033752,Low Risk
2018-08-19,11.31,11.32,11.32,11.19,82.53,0.0,0.0,11.319999999999999,10.838666666666667,0.0004717767028180977,Low Risk
2018-08-27,11.32,11.32,11.43,11.31,1.38,0.09,0.0008841732979663064,11.31857142857143,10.859333333333332,0.0006096528516571972,Low Risk
2018-08-28,11.44,11.43,11.44,11.2,1.21,1.06,0.010600706713780772,11.334285714285715,10.883666666666667,0.004107358053525132,Low Risk
2018-08-29,11.39,11.2,11.44,11.2,18.9,-0.44,-0.004370629370629264,11.344285714285716,10.915,0.004609651109158761,Low Risk
2018-08-30,11.44,11.44,11.44,11.44,4.36,0.44,0.004389815627743543,11.361428571428572,10.949666666666666,0.004764380109601001,Low Risk
2018-09-02,11.44,11.44,11.44,11.44,3.39,0.0,0.0,11.37857142857143,10.990333333333332,0.004764380109601001,Low Risk
2018-09-03,11.44,11.44,11.44,11.44,1.86,0.0,0.0,11.397142857142857,11.031666666666666,0.004701478623629398,Low Risk
2018-09-04,11.44,11.44,11.44,11.44,41.51,0.0,0.0,11.415714285714285,11.067,0.004701478623629398,Low Risk
2018-09-05,11.44,11.44,11.44,11.44,320.53,0.0,0.0,11.432857142857141,11.102333333333336,0.004737019681628964,Low Risk
2018-09-06,11.44,11.44,11.44,11.44,1.11,0.0,0.0,11.432857142857143,11.127,0.002528926971179652,Low Risk
2018-09-09,11.42,11.21,11.44,11.2,8.66,-0.17,-0.0017482517482516613,11.437142857142856,11.151,0.0018854720150184548,Low Risk
2018-09-10,11.44,11.44,11.44,11.2,23.6,0.18,0.0017513134851137035,11.437142857142858,11.184,0.0010102377409216868,Low Risk
2018-09-12,11.44,11.44,11.64,11.44,2.38,0.0,0.0,11.437142857142858,11.217,0.0010102377409216868,Low Risk
2018-09-13,11.09,11.21,11.21,11.07,28.14,-3.06,-0.030594405594405516,11.387142857142857,11.238333333333335,0.011607835652411264,Low Risk
2018-09-16,11.09,10.94,10.94,10.7,2.54,0.0,0.0,11.337142857142856,11.255333333333333,0.011607835652411264,Low Risk
2018-09-17,10.94,10.94,10.94,10.94,390.01,-1.35,-0.01352569882777277,11.265714285714285,11.267666666666665,0.011881644710957805,Low Risk
2018-09-18,11.16,11.07,11.19,11.07,121.96,2.01,0.02010968921389411,11.225714285714284,11.287333333333333,0.01553034191519804,Low Risk
2018-09-19,10.94,10.94,10.94,10.94,5.27,-1.97,-0.01971326164874554,11.157142857142858,11.299666666666667,0.016650190674153673,Low Risk
2018-09-20,10.95,10.94,10.95,10.94,10.76,0.09,0.000914076782449813,11.087142857142855,11.302,0.016588154242284506,Low Risk
2018-09-23,11.07,11.07,11.07,11.07,93.13,1.1,0.010958904109589218,11.034285714285714,11.298666666666666,0.017738769921007095,Low Risk
2018-09-24,10.94,10.7,10.94,10.7,161.03,-1.17,-0.011743450767841113,11.012857142857143,11.283,0.014204791854677648,Low Risk
2018-09-25,11.01,11.07,11.07,10.94,64.33,0.64,0.006398537477148025,11.001428571428573,11.272666666666664,0.014545988680791318,Low Risk
2018-09-26,10.9,10.7,10.94,10.7,5.8,-1.0,-0.009990917347865502,10.995714285714286,11.258666666666667,0.01409060248379083,Low Risk
2018-10-01,10.7,10.7,10.7,10.69,193.44,-1.83,-0.01834862385321112,10.930000000000001,11.237333333333334,0.012100668397211838,Low Risk
2018-10-02,10.7,10.7,10.7,10.7,2.18,0.0,0.0,10.895714285714286,11.216333333333333,0.010553913560664183,Low Risk
2018-10-03,10.7,10.7,10.7,10.7,0.27,0.0,0.0,10.860000000000001,11.195333333333332,0.010501263899668304,Low Risk
2018-10-04,10.69,10.01,10.7,10.01,81.28,-0.09,-0.0009345794392523477,10.805714285714286,11.174333333333331,0.00861203334843518,Low Risk
2018-10-08,10.69,10.69,10.7,10.05,171.63,0.0,0.0,10.77,11.153333333333332,0.008201108703032601,Low Risk
2018-10-10,10.69,10.1,10.68,10.05,1.03,0.0,0.0,10.724285714285713,11.132333333333332,0.0072449866396110596,Low Risk
2018-10-11,10.45,10.45,10.45,10.45,159.7,-2.25,-0.022450888681010306,10.66,11.103666666666667,0.009939555941698926,Low Risk
2018-10-14,10.45,10.45,10.7,10.45,1.52,0.0,0.0,10.624285714285714,11.075,0.008433960220248693,Low Risk
2018-10-15,10.44,10.45,10.45,10.44,1.53,-0.1,-0.000956937799043045,10.587142857142855,11.045666666666667,0.008378356857865565,Low Risk
2018-10-16,10.45,10.44,10.45,10.4,805.38,0.1,0.0009578544061301653,10.551428571428572,11.012666666666666,0.008452114619454276,Low Risk
2018-10-17,10.32,10.32,10.32,10.32,410.52,-1.24,-0.012440191387559696,10.498571428571427,10.977,0.009006762471313467,Low Risk
2018-10-18,10.32,10.32,10.33,10.32,596.3,0.0,0.0,10.445714285714287,10.939666666666666,0.009006762471313467,Low Risk
2018-10-21,10.2,10.2,10.2,10.2,6.31,-1.16,-0.011627906976744318,10.375714285714285,10.898333333333333,0.009006564434989059,Low Risk
2018-10-22,10.2,10.2,10.2,10.2,6.4,0.0,0.0,10.34,10.857000000000001,0.00590272201998436,Low Risk
2018-10-23,10.2,10.2,10.2,10.2,108.55,0.0,0.0,10.304285714285713,10.815666666666665,0.00590272201998436,Low Risk
2018-10-25,10.07,10.06,10.17,9.95,2.09,-1.27,-0.012745098039215641,10.251428571428571,10.77,0.00670402436144171,Low Risk
2018-10-29,9.95,9.95,9.95,9.95,1.12,-1.19,-0.011916583912611856,10.179999999999998,10.720333333333333,0.006521524910234401,Low Risk
2018-10-30,9.95,9.95,10.2,9.95,539.76,0.0,0.0,10.127142857142857,10.671333333333333,0.006474530233449634,Low Risk
2018-10-31,9.97,10.07,10.2,9.95,404.07,0.2,0.0020100502512563345,10.077142857142857,10.622333333333334,0.006780136183498552,Low Risk
2018-11-01,9.96,9.95,10.2,9.95,18.02,-0.1,-0.0010030090270811698,10.042857142857143,10.573,0.006185389368966488,Low Risk
2018-11-04,9.96,9.96,9.96,9.96,0.6,0.0,0.0,10.008571428571429,10.535333333333334,0.006185389368966488,Low Risk
2018-11-05,10.09,10.2,10.2,9.95,432.39,1.31,0.013052208835341306,9.992857142857144,10.502,0.008791948837827678,Low Risk
2018-11-06,10.45,10.2,10.45,10.2,1.28,3.57,0.03567888999008906,10.047142857142857,10.485666666666667,0.015198913201349121,Low Risk
2018-11-07,10.45,10.45,10.45,10.45,2.01,0.0,0.0,10.118571428571428,10.461999999999998,0.013509119629677525,Low Risk
2018-11-08,10.33,10.45,10.45,10.2,132.72,-1.15,-0.011483253588516651,10.172857142857143,10.441666666666666,0.015117277392020269,Low Risk
2018-11-11,10.46,10.46,10.46,10.46,265.34,1.26,0.012584704743465736,10.242857142857144,10.425333333333333,0.015242328976289663,Low Risk
2018-11-12,10.45,10.46,10.46,10.45,20.85,-0.1,-0.0009560229445507717,10.312857142857142,10.404666666666666,0.015238239598098897,Low Risk
2018-11-13,10.57,10.38,10.7,10.32,1.34,1.15,0.011483253588516762,10.4,10.392333333333333,0.014977151886864819,Low Risk
2018-11-14,10.7,10.57,10.7,10.57,1.18,1.23,0.012298959318826741,10.487142857142857,10.382000000000001,0.014942690188721696,Low Risk
2018-11-15,10.41,10.57,10.57,10.2,193.06,-2.71,-0.027102803738317638,10.481428571428571,10.365666666666666,0.014761465223690132,Low Risk
2018-11-18,10.41,10.41,10.7,10.41,82.47,0.0,0.0,10.475714285714286,10.356,0.014761465223690132,Low Risk
2018-11-19,10.65,10.47,10.7,10.45,75.86,2.31,0.023054755043227626,10.521428571428572,10.354333333333333,0.016165723438903754,Low Risk
2018-11-21,10.7,10.7,10.7,10.47,1.64,0.47,0.004694835680751019,10.555714285714286,10.354333333333333,0.015776866793136793,Low Risk
2018-11-22,10.32,10.47,10.47,9.95,202.63,-3.55,-0.035514018691588656,10.537142857142856,10.342,0.021660048748627016,Medium Risk
2018-11-25,9.95,9.95,9.95,9.95,4.56,-3.59,-0.03585271317829464,10.448571428571428,10.317333333333334,0.024147046298471805,Medium Risk
2018-11-26,9.95,9.95,9.95,9.92,796.64,0.0,0.0,10.34142857142857,10.292666666666667,0.022804658899122816,Medium Risk
2018-11-27,9.95,9.95,10.2,9.95,68.43,0.0,0.0,10.275714285714287,10.276,0.021711926415685336,Medium Risk
2018-11-28,9.95,9.95,9.95,9.95,103.89,0.0,0.0,10.209999999999999,10.259333333333332,0.021711926415685336,Medium Risk
2018-11-29,9.95,9.95,10.07,9.95,398.53,0.0,0.0,10.11,10.242999999999999,0.01795217628015001,Low Risk
2018-12-02,9.95,10.2,10.2,10.2,0.51,0.0,0.0,10.002857142857142,10.226333333333335,0.017411974220901516,Low Risk
2018-12-03,9.83,9.95,9.95,9.7,97.19,-1.21,-0.012060301507537563,9.932857142857143,10.21,0.013558004512006488,Low Risk
2018-12-04,9.83,9.7,10.32,9.7,91.64,0.0,0.0,9.915714285714285,10.193666666666667,0.004558365503626353,Low Risk
2018-12-05,9.94,10.15,10.2,9.82,124.27,1.12,0.011190233977619535,9.914285714285713,10.185,0.006715207412636386,Low Risk
2018-12-06,9.82,9.82,9.83,9.82,391.78,-1.21,-0.012072434607645843,9.895714285714286,10.172333333333333,0.008087914032083228,Low Risk
2018-12-09,9.82,9.82,9.82,9.82,221.39,0.0,0.0,9.877142857142857,10.159666666666665,0.008087914032083228,Low Risk
2018-12-10,9.82,9.82,9.82,9.82,76.62,0.0,0.0,9.858571428571429,10.151333333333332,0.008087914032083228,Low Risk
2018-12-11,10.02,10.2,10.2,9.82,71.25,2.04,0.020366598778003953,9.868571428571428,10.153666666666668,0.011714238805767517,Low Risk
2018-12-12,10.2,10.2,10.32,10.2,155.54,1.8,0.017964071856287456,9.921428571428573,10.162,0.011605531065628593,Low Risk
2018-12-13,10.13,10.2,10.32,10.07,45.07,-0.69,-0.00686274509803908,9.964285714285714,10.167333333333334,0.01239574906477349,Low Risk
2018-12-16,10.13,10.07,10.07,10.07,0.22,0.0,0.0,9.991428571428571,10.173,0.012087227742723548,Low Risk
2018-12-17,10.08,10.07,10.2,10.07,39.86,-0.49,-0.0049358341559724295,10.028571428571428,10.176999999999998,0.010865859371217711,Low Risk
2018-12-18,10.2,10.2,10.2,10.2,7.63,1.19,0.011904761904761862,10.082857142857142,10.180666666666667,0.011102802594896963,Low Risk
2018-12-19,10.2,10.08,10.08,10.08,1.02,0.0,0.0,10.137142857142857,10.172333333333334,0.011102802594896963,Low Risk
2018-12-20,10.11,10.08,10.2,10.07,110.87,-0.88,-0.008823529411764675,10.15,10.161000000000001,0.010012750815256223,Low Risk
2018-12-23,10.13,10.24,10.24,10.12,45.35,0.2,0.001978239366963619,10.139999999999999,10.154333333333334,0.0069337730112049925,Low Risk
2018-12-24,10.08,10.08,10.08,10.08,12.06,-0.49,-0.0049358341559724295,10.132857142857144,10.141666666666667,0.006694627193106696,Low Risk
2018-12-26,10.08,10.09,10.09,10.09,0.55,0.0,0.0,10.125714285714285,10.129333333333333,0.006694627193106696,Low Risk
2018-12-27,10.11,10.1,10.15,10.1,4.22,0.3,0.0029761904761904656,10.129999999999999,10.114,0.006523533320272602,Low Risk
2018-12-30,10.12,10.11,10.2,9.95,87.54,0.1,0.0009891196834816984,10.118571428571428,10.094666666666665,0.004227684976622535,Low Risk
2018-12-31,10.2,10.2,10.2,10.2,179.32,0.79,0.007905138339920903,10.118571428571428,10.087666666666667,0.0054536944806190205,Low Risk
2019-01-02,10.2,10.2,10.2,10.2,70.57,0.0,0.0,10.131428571428572,10.080666666666666,0.003856914709155472,Low Risk
2019-01-03,10.2,10.32,10.32,10.32,0.85,0.0,0.0,10.141428571428571,10.065666666666665,0.0038691062500515283,Low Risk
2019-01-08,10.2,10.2,10.2,10.2,44.05,0.0,0.0,10.15857142857143,10.049000000000001,0.002949509281713116,Low Risk
2019-01-10,10.27,10.3,10.3,10.27,6.42,0.69,0.006862745098039191,10.185714285714285,10.047333333333334,0.0033983164855208746,Low Risk
2019-01-13,10.27,10.25,10.45,10.25,0.34,0.0,0.0,10.208571428571428,10.057999999999998,0.003537838774104218,Low Risk
2019-01-14,10.3,10.3,10.3,10.3,68.35,0.29,0.002921129503408171,10.234285714285715,10.069666666666667,0.003498125965518188,Low Risk
2019-01-15,10.27,10.27,10.27,10.15,829.27,-0.29,-0.002912621359223433,10.244285714285713,10.080333333333332,0.0030921609647858663,Low Risk
2019-01-16,10.27,10.27,10.27,10.26,5.62,0.0,0.0,10.254285714285714,10.091000000000001,0.0030921609647858663,Low Risk
2019-01-17,10.22,10.22,10.22,10.22,2.21,-0.49,-0.004868549172346581,10.257142857142856,10.1,0.0038132100930664305,Low Risk
2019-01-20,10.22,10.45,10.45,10.45,0.02,0.0,0.0,10.26,10.109,0.0038132100930664305,Low Risk
2019-01-21,10.2,9.95,10.2,9.95,528.85,-0.2,-0.001956947162426781,10.25,10.121333333333332,0.002513629940156927,Low Risk
2019-01-22,10.2,10.2,10.2,10.2,897.61,0.0,0.0,10.239999999999998,10.133666666666667,0.002513629940156927,Low Risk
2019-01-23,10.2,10.12,10.66,10.12,1.71,0.0,0.0,10.225714285714286,10.142333333333333,0.0019351356463649676,Low Risk
2019-01-27,10.45,10.45,10.5,10.45,810.79,2.45,0.02450980392156854,10.251428571428571,10.163333333333334,0.009862272480049838,Low Risk
2019-01-28,10.2,10.5,10.5,10.2,221.12,-2.39,-0.02392344497607657,10.241428571428571,10.176,0.014112837799657909,Low Risk
2019-01-29,10.2,10.23,10.23,10.2,1.0,0.0,0.0,10.23857142857143,10.188666666666668,0.014003707789532761,Low Risk
2019-01-30,10.45,10.45,10.45,10.45,422.14,2.45,0.02450980392156854,10.27142857142857,10.203,0.016838115467200803,Low Risk
2019-01-31,10.62,10.45,10.63,10.45,20.91,1.63,0.016267942583731987,10.331428571428571,10.217,0.01729167005904992,Low Risk
2019-02-03,10.57,10.57,10.57,10.45,124.63,-0.47,-0.00470809792843685,10.384285714285713,10.231666666666666,0.017647721746321936,Low Risk
2019-02-04,10.57,10.57,10.57,10.57,1.96,0.0,0.0,10.437142857142858,10.246333333333332,0.017647721746321936,Low Risk
2019-02-05,10.7,10.7,10.7,10.57,959.4,1.23,0.012298959318826741,10.472857142857142,10.267,0.01594663851783342,Low Risk
2019-02-06,11.19,10.7,11.69,10.7,7.89,4.58,0.04579439252336459,10.614285714285714,10.299999999999999,0.017650619355413115,Low Risk
2019-02-07,10.72,10.82,10.82,10.7,341.73,-4.2,-0.04200178731009818,10.688571428571427,10.317333333333332,0.027420791871474687,Medium Risk
2019-02-10,10.82,10.82,10.85,10.76,1.72,0.93,0.009328358208955168,10.741428571428571,10.341,0.026429193875686846,Medium Risk
2019-02-11,10.76,10.76,10.76,10.7,19.99,-0.55,-0.005545286506469571,10.76142857142857,10.361999999999998,0.026203101040033976,Medium Risk
2019-02-12,10.82,10.73,10.82,10.73,182.79,0.56,0.005576208178438735,10.797142857142857,10.386666666666665,0.026041212280899437,Medium Risk
2019-02-13,10.82,10.82,10.94,10.7,199.63,0.0,0.0,10.832857142857142,10.411333333333335,0.026041212280899437,Medium Risk
2019-02-14,10.96,10.94,10.99,10.94,28.57,1.29,0.012939001848428777,10.870000000000001,10.439666666666666,0.026077797359835914,Medium Risk
2019-02-17,11.06,10.97,11.19,10.97,23.85,0.91,0.009124087591240837,10.851428571428572,10.471,0.018919523833032244,Low Risk
2019-02-18,11.06,11.19,11.19,11.14,4.99,0.0,0.0,10.900000000000002,10.499666666666666,0.0065634991347569525,Low Risk
2019-02-19,11.06,11.19,11.19,11.14,4.19,0.0,0.0,10.934285714285712,10.528333333333334,0.006361027125915615,Low Risk
2019-02-20,11.19,11.19,11.56,10.95,810.48,1.18,0.011754068716093968,10.995714285714287,10.561333333333334,0.005747868123478828,Low Risk
2019-02-21,11.19,11.32,11.56,11.32,3.64,0.0,0.0,11.04857142857143,10.594333333333333,0.006129891509157434,Low Risk
2019-02-24,11.19,11.68,11.77,11.66,6.74,0.0,0.0,11.101428571428572,10.625,0.006129891509157434,Low Risk
2019-02-25,11.32,11.32,11.74,11.32,79.88,1.16,0.011617515638963516,11.152857142857142,10.66,0.005852650462652868,Low Risk
2019-02-26,11.32,11.75,11.75,11.32,2.8,0.0,0.0,11.19,10.693999999999999,0.005702218974439109,Low Risk
2019-02-27,11.38,11.68,11.68,11.38,105.39,0.53,0.005300353356890497,11.235714285714284,10.731,0.005534415732112942,Low Risk
2019-02-28,11.38,11.38,11.44,11.38,1.36,0.0,0.0,11.281428571428574,10.767999999999999,0.005534415732112942,Low Risk
2019-03-03,11.44,11.44,11.44,11.39,21.77,0.53,0.005272407732864526,11.317142857142857,10.808666666666666,0.004481715522726444,Low Risk
2019-03-04,11.44,11.44,11.44,11.33,485.18,0.0,0.0,11.352857142857143,10.849333333333332,0.004481715522726444,Low Risk
2019-03-05,11.43,11.44,11.44,11.21,38.69,-0.09,-0.0008741258741258306,11.387142857142857,10.890333333333333,0.004595497992257124,Low Risk
2019-03-06,11.21,11.32,11.32,10.71,124.95,-1.92,-0.01924759405074361,11.371428571428572,10.924000000000001,0.008307626154743243,Low Risk
2019-03-07,11.13,10.97,11.44,10.72,112.8,-0.71,-0.007136485280999083,11.344285714285714,10.955000000000002,0.008546767590561563,Low Risk
2019-03-10,11.13,10.75,11.43,10.73,6.1,0.0,0.0,11.30857142857143,10.977666666666666,0.007967727251454223,Low Risk
2019-03-11,11.13,10.7,10.94,10.7,1.02,0.0,0.0,11.272857142857143,11.008666666666667,0.007967727251454223,Low Risk
2019-03-12,11.13,10.97,11.37,10.97,101.69,0.0,0.0,11.228571428571428,11.039666666666667,0.007257400186505048,Low Risk
2019-03-13,11.19,11.19,11.4,11.19,287.22,0.54,0.005390835579514697,11.192857142857141,11.064333333333334,0.007988667073996723,Low Risk
2019-03-14,11.2,11.2,11.21,10.94,731.81,0.09,0.0008936550491509543,11.16,11.083666666666666,0.008098823723334045,Low Risk
2019-03-17,11.2,11.4,11.43,11.19,4.57,0.0,0.0,11.15857142857143,11.104666666666667,0.0036670935468560584,Low Risk
2019-03-18,11.19,11.19,11.19,11.07,372.55,-0.09,-0.0008928571428571397,11.167142857142858,11.125333333333334,0.0021017494903185184,Low Risk
2019-03-19,11.19,11.19,11.19,11.05,151.5,0.0,0.0,11.175714285714283,11.141666666666667,0.0021017494903185184,Low Risk
2019-03-20,11.26,11.21,11.32,11.19,463.78,0.63,0.006255585344057124,11.194285714285714,11.144000000000002,0.0028985512793309465,Low Risk
2019-03-21,11.35,11.2,11.75,11.2,44.41,0.8,0.00799289520426294,11.225714285714286,11.165,0.0036187192657327087,Low Risk
2019-03-24,11.86,11.92,11.93,11.8,8.04,4.49,0.04493392070484581,11.32142857142857,11.199666666666667,0.016448368924339277,Low Risk
2019-03-25,11.56,11.24,11.62,11.24,466.75,-2.53,-0.025295109612141542,11.372857142857143,11.226333333333335,0.02084545017326051,Medium Risk
2019-03-26,11.57,11.57,11.57,11.48,1.02,0.09,0.0008650519031141446,11.425714285714287,11.251333333333333,0.020815392310080873,Medium Risk
2019-03-27,11.57,11.56,11.57,11.56,8.04,0.0,0.0,11.48,11.276333333333332,0.020777129410870194,Medium Risk
2019-03-28,11.44,11.44,11.86,11.44,925.01,-1.12,-0.011235955056179803,11.515714285714285,11.292333333333334,0.021640666156797668,Medium Risk
2019-03-31,11.45,11.47,11.47,11.44,75.97,0.09,0.0008741258741258306,11.542857142857143,11.305333333333332,0.021616209330905228,Medium Risk
2019-04-01,11.44,11.44,11.44,11.44,1.23,-0.09,-0.0008733624454148048,11.555714285714286,11.318,0.02150639071367766,Medium Risk
2019-04-02,11.44,11.44,11.56,11.32,1.62,0.0,0.0,11.495714285714286,11.330666666666666,0.00988811334689954,Low Risk
2019-04-03,11.57,11.57,11.94,11.57,741.09,1.14,0.011363636363636465,11.497142857142858,11.343333333333334,0.006551247783788055,Low Risk
2019-04-04,11.47,11.94,11.96,11.44,291.56,-0.86,-0.008643042350907515,11.482857142857142,11.352666666666666,0.007317229053756035,Low Risk
2019-04-07,11.47,11.47,11.47,11.47,0.9,0.0,0.0,11.468571428571428,11.362,0.007317229053756035,Low Risk
2019-04-08,11.47,11.47,11.5,11.47,153.41,0.0,0.0,11.472857142857142,11.366999999999999,0.005835284926125684,Low Risk
2019-04-09,11.5,11.5,11.51,11.49,22.98,0.26,0.0026155187445509043,11.48,11.373,0.005896226898647255,Low Risk
2019-04-10,11.53,11.5,11.55,11.5,82.08,0.26,0.002608695652173809,11.492857142857144,11.378000000000002,0.005894397109380982,Low Risk
2019-04-11,11.58,11.57,11.69,11.44,371.94,0.43,0.004336513443191636,11.512857142857143,11.384666666666668,0.005982456658161602,Low Risk
2019-04-14,11.49,11.81,11.81,11.44,126.76,-0.78,-0.007772020725388629,11.501428571428571,11.386333333333335,0.0051776179487537655,Low Risk
2019-04-15,11.36,11.4,11.69,11.19,338.94,-1.13,-0.011314186248912117,11.485714285714286,11.383666666666668,0.005886490030121685,Low Risk
2019-04-16,10.59,10.45,10.94,10.45,58.92,-6.78,-0.06778169014084501,11.36,11.355666666666668,0.025695177926614403,Medium Risk
2019-04-17,10.59,10.51,10.51,10.51,0.8,0.0,0.0,11.234285714285715,11.334999999999999,0.025695177926614403,Medium Risk
2019-04-18,10.59,10.5,10.5,10.5,1.9,0.0,0.0,11.104285714285714,11.317,0.02548157451847071,Medium Risk
2019-04-21,10.22,10.26,10.44,10.01,6.11,-3.49,-0.03493862134088754,10.917142857142858,11.286666666666665,0.025983875328410358,Medium Risk
2019-04-22,10.22,10.2,10.2,10.2,0.44,0.0,0.0,10.722857142857142,11.256333333333334,0.025442526891808075,Medium Risk
2019-04-23,10.32,9.95,10.38,9.95,5.27,0.98,0.009784735812133016,10.555714285714286,11.229333333333333,0.027344235770438166,Medium Risk
2019-04-24,10.32,10.67,10.68,10.32,2.01,0.0,0.0,10.407142857142857,11.200333333333333,0.027919365022205347,Medium Risk
2019-04-30,10.45,10.45,10.51,10.45,2.35,1.26,0.012596899224806002,10.387142857142857,11.175333333333333,0.015559588529208078,Low Risk
2019-05-02,10.66,10.57,10.77,10.57,408.36,2.01,0.02009569377990439,10.397142857142857,11.157333333333334,0.01765808701310913,Low Risk
2019-05-05,10.45,10.48,10.48,10.45,22.11,-1.97,-0.019699812382739323,10.377142857142857,11.132666666666667,0.019347360743895838,Low Risk
2019-05-06,10.46,10.81,10.81,10.45,152.88,0.1,0.000956937799043267,10.411428571428571,11.108333333333333,0.012693720683997173,Low Risk
2019-05-07,10.65,10.57,10.81,10.57,843.39,1.82,0.018164435946462776,10.472857142857142,11.088,0.013701683363710982,Low Risk
2019-05-08,10.54,10.47,10.7,10.46,21.34,-1.03,-0.010328638497652642,10.504285714285714,11.061000000000002,0.01483432607057096,Low Risk
2019-05-12,10.45,10.47,10.47,10.45,4.56,-0.85,-0.008538899430740043,10.522857142857143,11.014000000000001,0.015470347317879959,Low Risk
2019-05-13,10.57,10.57,10.69,10.57,244.78,1.15,0.011483253588516762,10.540000000000001,10.981,0.015347153997508162,Low Risk
2019-05-14,10.94,10.72,10.94,10.72,363.33,3.5,0.03500473036896867,10.58,10.96,0.01893527458981766,Low Risk
2019-05-15,10.83,10.71,10.94,10.57,299.66,-1.01,-0.010054844606946944,10.634285714285713,10.935333333333334,0.017206955446623682,Low Risk
2019-05-16,10.82,10.82,10.82,10.82,4.81,-0.09,-0.0009233610341643494,10.685714285714285,10.914666666666667,0.01729940733240679,Low Risk
2019-05-19,10.63,10.7,10.7,10.57,383.21,-1.76,-0.01756007393715342,10.682857142857143,10.887333333333334,0.018013782615653628,Low Risk
2019-05-20,10.7,10.81,10.81,10.7,923.56,0.66,0.0065851364063969076,10.705714285714285,10.862666666666668,0.017546266941007558,Low Risk
2019-05-21,10.7,10.57,10.7,10.57,294.69,0.0,0.0,10.741428571428571,10.838000000000001,0.016955210192886917,Low Risk
2019-05-22,10.7,10.7,10.7,10.7,2.61,0.0,0.0,10.76,10.809,0.01660657006093974,Low Risk
2019-05-23,10.7,10.7,10.7,10.7,186.43,0.0,0.0,10.725714285714286,10.783333333333333,0.008008579479508544,Low Risk
2019-05-26,10.59,10.7,10.7,10.45,18.87,-1.03,-0.010280373831775602,10.691428571428572,10.754,0.008041438496560312,Low Risk
2019-05-27,10.7,10.7,10.7,10.7,436.64,1.04,0.010387157695939564,10.674285714285714,10.728333333333333,0.009560557217413104,Low Risk
2019-05-28,10.69,10.47,10.82,10.47,84.51,-0.09,-0.0009345794392523477,10.682857142857141,10.701333333333334,0.006494629953780342,Low Risk
2019-05-29,10.7,10.7,10.7,10.7,281.53,0.09,0.00093545369504211,10.682857142857141,10.673666666666666,0.005990631404007853,Low Risk
2019-05-30,10.7,10.7,10.7,10.7,580.9,0.0,0.0,10.682857142857143,10.644333333333332,0.005990631404007853,Low Risk
2019-06-09,10.7,10.7,10.7,10.7,0.6,0.0,0.0,10.682857142857143,10.617999999999999,0.005990631404007853,Low Risk
2019-06-10,10.91,10.81,10.94,10.81,28.55,1.96,0.01962616822429908,10.712857142857143,10.603,0.009529621683703932,Low Risk
2019-06-11,10.94,10.73,10.94,10.73,878.36,0.27,0.00274977085242889,10.762857142857143,10.614666666666666,0.007627093211858786,Low Risk
2019-06-12,10.89,10.94,10.94,10.7,145.11,-0.46,-0.00457038391224851,10.790000000000001,10.624666666666666,0.007853757902173153,Low Risk
2019-06-13,10.94,10.93,10.94,10.72,922.97,0.46,0.0045913682277318735,10.825714285714286,10.636333333333333,0.007722482986904893,Low Risk
2019-06-16,10.94,10.72,10.72,10.72,2.01,0.0,0.0,10.86,10.660333333333334,0.007778779672446674,Low Risk
2019-06-17,10.94,10.7,10.94,10.45,442.43,0.0,0.0,10.894285714285713,10.684333333333333,0.007778779672446674,Low Risk
2019-06-18,10.73,10.72,10.75,10.72,4.38,-1.92,-0.019195612431444187,10.898571428571428,10.698,0.011559442538853434,Low Risk
2019-06-19,10.94,10.94,10.94,10.94,68.35,1.96,0.019571295433364222,10.902857142857142,10.718666666666667,0.011544285429320374,Low Risk
2019-06-20,10.94,10.73,10.94,10.73,1.36,0.0,0.0,10.902857142857142,10.735000000000001,0.011499664741595311,Low Risk
2019-06-24,10.94,10.75,10.75,10.74,0.17,0.0,0.0,10.91,10.744333333333334,0.011321537658908103,Low Risk
2019-06-25,10.94,10.73,10.94,10.71,1.32,0.0,0.0,10.91,10.760666666666667,0.011191417686684227,Low Risk
2019-06-26,11.36,11.06,11.44,11.06,20.06,3.84,0.03839122486288837,10.97,10.790666666666668,0.018306178940467974,Low Risk
2019-06-27,11.69,11.66,11.72,11.66,993.84,2.9,0.029049295774647987,11.077142857142858,10.825333333333333,0.020050974703281935,Medium Risk
2019-07-02,11.69,11.69,11.69,11.69,1.5,0.0,0.0,11.214285714285714,10.863666666666665,0.01642763874502349,Low Risk
2019-07-03,11.69,11.5,11.69,11.5,203.63,0.0,0.0,11.321428571428571,10.905,0.016673339352211346,Low Risk
2019-07-04,11.69,11.69,11.69,11.44,4.27,0.0,0.0,11.428571428571429,10.942333333333332,0.016673339352211346,Low Risk
2019-07-07,11.69,10.7,10.7,10.7,0.04,0.0,0.0,11.535714285714286,10.967333333333332,0.016673339352211346,Low Risk
2019-07-08,11.69,11.69,11.69,11.69,737.33,0.0,0.0,11.64285714285714,10.996,0.016673339352211346,Low Risk
2019-07-09,11.68,11.69,11.69,10.72,159.92,-0.09,-0.0008554319931565191,11.688571428571427,11.024666666666667,0.011038093658041306,Low Risk
2019-07-10,11.58,11.44,11.67,11.19,30.77,-0.86,-0.008561643835616417,11.672857142857142,11.056333333333333,0.0031980397503197523,Low Risk
2019-07-11,11.31,10.98,11.44,10.87,31.55,-2.33,-0.023316062176165775,11.618571428571428,11.076666666666664,0.008799685502508646,Low Risk
2019-07-16,11.19,11.19,11.19,11.19,97.71,-1.06,-0.010610079575596898,11.547142857142857,11.092999999999998,0.008773726825597461,Low Risk
2019-07-17,11.19,11.19,11.19,11.19,348.27,0.0,0.0,11.475714285714286,11.109333333333332,0.008773726825597461,Low Risk
2019-07-18,11.19,11.19,11.19,11.19,91.26,0.0,0.0,11.404285714285715,11.125666666666666,0.008773726825597461,Low Risk
2019-07-21,11.19,10.73,11.19,10.7,1.6,0.0,0.0,11.332857142857142,11.145666666666665,0.008773726825597461,Low Risk
2019-07-22,10.94,10.94,10.94,10.76,268.27,-2.23,-0.022341376228775744,11.227142857142857,11.153666666666664,0.010232696713154302,Low Risk
2019-07-24,10.82,10.82,10.82,10.82,1.25,-1.1,-0.010968921389396646,11.118571428571428,11.157999999999998,0.010245706797265879,Low Risk
2019-07-25,10.82,10.82,10.82,10.72,149.12,0.0,0.0,11.04857142857143,11.162,0.00872216291035013,Low Risk
2019-07-28,10.82,10.72,10.94,10.72,0.78,0.0,0.0,10.995714285714286,11.166,0.008764925189539124,Low Risk
2019-07-29,10.82,10.82,10.82,10.81,266.49,0.0,0.0,10.942857142857141,11.17,0.008764925189539124,Low Risk
2019-07-30,10.82,10.94,10.94,10.82,724.39,0.0,0.0,10.89,11.167,0.008764925189539124,Low Risk
2019-07-31,10.82,10.82,10.82,10.71,1.4,0.0,0.0,10.83714285714286,11.163,0.008764925189539124,Low Risk
2019-08-01,10.82,10.95,10.95,10.95,1.01,0.0,0.0,10.82,11.160666666666666,0.004145862592420267,Low Risk
2019-08-04,10.82,10.82,10.83,10.82,136.03,0.0,0.0,10.82,11.156666666666666,0.0,Low Risk
2019-08-05,10.82,10.85,10.85,10.85,0.35,0.0,0.0,10.82,11.152666666666667,0.0,Low Risk
2019-08-07,10.97,10.94,11.07,10.94,206.18,1.39,0.013863216266173817,10.84142857142857,11.153666666666668,0.005239803230255211,Low Risk
2019-08-08,11.19,11.19,11.2,11.19,2.07,2.01,0.020054694621695512,10.894285714285713,11.169,0.008465943134092374,Low Risk
2019-08-14,11.19,11.23,11.23,11.23,0.7,0.0,0.0,10.947142857142856,11.177333333333333,0.008465943134092374,Low Risk
2019-08-15,11.19,11.19,11.21,11.19,1.01,0.0,0.0,11.0,11.185666666666666,0.008465943134092374,Low Risk
2019-08-18,11.19,10.95,11.19,10.95,0.41,0.0,0.0,11.052857142857144,11.193999999999999,0.008465943134092374,Low Risk
2019-08-19,11.19,11.19,11.2,10.94,75.22,0.0,0.0,11.105714285714287,11.202333333333334,0.008465943134092374,Low Risk
2019-08-20,11.19,11.19,11.2,11.19,446.46,0.0,0.0,11.15857142857143,11.196666666666665,0.008465943134092374,Low Risk
2019-08-21,11.19,11.19,11.2,11.19,410.29,0.0,0.0,11.19,11.18,0.00757996208404866,Low Risk
2019-08-22,11.19,11.19,11.19,11.19,1.71,0.0,0.0,11.19,11.163333333333332,0.0,Low Risk
2019-08-25,10.98,11.19,11.19,10.85,216.21,-1.88,-0.018766756032171483,11.16,11.139666666666667,0.007093167053790868,Low Risk
2019-08-26,10.98,10.96,10.96,10.94,2.64,0.0,0.0,11.13,11.116000000000001,0.007093167053790868,Low Risk
2019-08-27,10.96,11.07,11.07,10.94,145.32,-0.18,-0.0018214936247722413,11.097142857142856,11.091666666666667,0.007011362840546324,Low Risk
2019-08-28,11.05,10.82,11.07,10.7,515.02,0.82,0.008211678832116709,11.077142857142857,11.070333333333334,0.008175755355059395,Low Risk
2019-08-29,11.07,11.07,11.07,10.94,722.89,0.18,0.0018099547511312153,11.06,11.05,0.008269079899043194,Low Risk
2019-09-01,11.19,11.19,11.19,11.07,9.74,1.08,0.010840108401083848,11.06,11.037,0.009519399851094073,Low Risk
2019-09-02,11.19,11.19,11.19,11.19,1.54,0.0,0.0,11.06,11.033,0.009519399851094073,Low Risk
2019-09-03,11.19,11.19,11.19,11.19,844.28,0.0,0.0,11.09,11.033,0.004826027412727117,Low Risk
2019-09-04,11.19,11.19,11.19,10.76,458.91,0.0,0.0,11.12,11.033,0.004826027412727117,Low Risk
2019-09-05,11.19,10.73,11.19,10.73,1.1,0.0,0.0,11.152857142857142,11.033,0.004583346174466361,Low Risk
2019-09-08,10.89,10.94,10.94,10.76,2.94,-2.68,-0.026809651474530738,11.129999999999999,11.023,0.011625398250506562,Low Risk
2019-09-09,10.76,10.76,10.77,10.76,159.77,-1.19,-0.011937557392102893,11.085714285714285,11.017,0.012024368328488326,Low Risk
2019-09-10,10.84,10.94,10.94,10.76,112.17,0.74,0.0074349442379182396,11.035714285714286,11.017666666666667,0.011375966390446586,Low Risk
2019-09-11,10.8,10.77,10.82,10.76,127.6,-0.37,-0.0036900369003689537,10.98,11.017,0.011218544474625494,Low Risk
2019-09-12,10.7,10.77,10.77,10.7,65.15,-0.93,-0.009259259259259411,10.91,11.013,0.011075663592446909,Low Risk
2019-09-15,10.7,10.65,10.65,10.65,0.19,0.0,0.0,10.840000000000002,11.008999999999999,0.011075663592446909,Low Risk
2019-09-17,10.7,10.7,10.7,9.95,1.81,0.0,0.0,10.769999999999998,11.004999999999999,0.011075663592446909,Low Risk
2019-09-18,10.7,10.38,10.45,10.21,0.86,0.0,0.0,10.742857142857144,11.001,0.006501590186383167,Low Risk
2019-09-19,10.45,10.45,10.45,10.45,4.98,-2.34,-0.02336448598130836,10.698571428571428,10.988666666666667,0.009843668147119788,Low Risk
2019-09-22,10.41,10.32,10.45,10.32,484.34,-0.38,-0.00382775119617218,10.637142857142857,10.975,0.008462754916428658,Low Risk
2019-09-23,10.24,10.2,10.32,10.14,53.93,-1.63,-0.016330451488952957,10.557142857142859,10.955666666666668,0.009264428719499639,Low Risk
2019-09-24,10.08,10.09,10.09,9.97,581.29,-1.56,-0.015625,10.468571428571428,10.925999999999998,0.009760436431478179,Low Risk
2019-09-25,10.09,10.07,10.3,10.02,2.86,0.1,0.0009920634920634885,10.381428571428572,10.889333333333333,0.009909637777422778,Low Risk
2019-09-26,10.1,10.15,10.19,10.1,308.45,0.1,0.0009910802775023875,10.295714285714284,10.853,0.010054146152469873,Low Risk
2019-09-29,10.32,10.47,10.57,10.32,423.61,2.18,0.0217821782178218,10.241428571428571,10.824000000000002,0.015104967836826489,Low Risk
2019-09-30,10.32,10.32,10.33,10.32,92.65,0.0,0.0,10.222857142857142,10.795,0.012788490193395211,Low Risk
2019-10-01,10.42,10.32,10.45,10.32,208.05,0.97,0.009689922480620172,10.224285714285715,10.769333333333332,0.013421545158567139,Low Risk
2019-10-02,10.49,10.45,10.57,10.45,1.38,0.67,0.006717850287907945,10.26,10.746,0.011354202301627281,Low Risk
2019-10-03,10.63,10.57,10.63,10.57,589.47,1.33,0.013346043851286904,10.338571428571429,10.727333333333332,0.008004012097090289,Low Risk
2019-10-07,10.7,10.7,10.7,10.7,8.04,0.66,0.0065851364063969076,10.425714285714287,10.711,0.007491900820911254,Low Risk
2019-10-08,10.7,10.7,11.14,10.7,357.46,0.0,0.0,10.51142857142857,10.701666666666666,0.00766363124998448,Low Risk
2019-10-09,10.7,10.7,10.7,10.45,334.9,0.0,0.0,10.565714285714284,10.692333333333332,0.005351936943439773,Low Risk
2019-10-10,10.7,10.7,10.7,10.7,25.33,0.0,0.0,10.620000000000001,10.683666666666666,0.005351936943439773,Low Risk
2019-10-13,10.7,10.7,10.7,10.7,8.04,0.0,0.0,10.66,10.671999999999999,0.005246545607789148,Low Risk
2019-10-14,10.7,10.7,10.7,10.7,226.43,0.0,0.0,10.689999999999998,10.659666666666665,0.005239761920559421,Low Risk
2019-10-15,10.77,10.77,10.77,10.76,19.46,0.65,0.006542056074766434,10.709999999999999,10.645666666666667,0.0032027311700337925,Low Risk
2019-10-16,10.77,10.77,10.77,10.77,42.21,0.0,0.0,10.719999999999999,10.631666666666666,0.0024726647766914224,Low Risk
2019-10-17,10.78,10.7,10.87,10.7,191.31,0.09,0.0009285051067779992,10.731428571428571,10.617999999999999,0.002438847559434862,Low Risk
2019-10-20,10.8,10.8,10.8,10.8,22.18,0.19,0.0018552875695734272,10.745714285714286,10.604999999999999,0.0024041012812530418,Low Risk
2019-10-21,10.8,10.8,10.8,10.8,321.84,0.0,0.0,10.76,10.592,0.0024041012812530418,Low Risk
2019-10-22,10.79,10.82,10.82,10.01,104.15,-0.09,-0.0009259259259261077,10.772857142857143,10.588666666666667,0.002512642547311921,Low Risk
2019-10-23,10.77,10.77,10.77,10.77,217.1,-0.19,-0.001853568118628357,10.782857142857143,10.589,0.00274692726549837,Low Risk
2019-10-24,10.77,10.77,10.78,10.77,173.02,0.0,0.0,10.782857142857141,10.586666666666666,0.0011970285884878378,Low Risk
2019-10-27,10.77,10.77,10.77,10.77,2.21,0.0,0.0,10.782857142857141,10.585666666666667,0.0011970285884878378,Low Risk
2019-10-28,10.82,10.82,10.82,10.82,281.45,0.46,0.00464252553389044,10.788571428571428,10.589666666666666,0.0021335830895499713,Low Risk
2019-10-29,10.94,10.92,10.94,10.92,217.33,1.11,0.01109057301293892,10.808571428571428,10.597666666666667,0.004562091409361842,Low Risk
2019-10-30,10.94,10.84,10.84,10.82,2.0,0.0,0.0,10.828571428571427,10.605666666666668,0.004562091409361842,Low Risk
2019-10-31,10.92,10.92,10.92,10.92,100.87,-0.18,-0.001828153564899404,10.847142857142856,10.613000000000001,0.004665185927253806,Low Risk
2019-11-03,10.97,10.94,11.04,10.94,14.3,0.46,0.0045787545787545625,10.875714285714285,10.630333333333333,0.0044731468490999465,Low Risk
2019-11-04,10.97,11.01,11.01,11.01,1.05,0.0,0.0,10.904285714285715,10.649000000000001,0.0044731468490999465,Low Risk
2019-11-05,10.94,10.94,10.94,10.94,775.13,-0.27,-0.0027347310847767314,10.928571428571429,10.672333333333334,0.004846078962243494,Low Risk
2019-11-06,10.93,10.7,10.94,10.7,34.75,-0.09,-0.000914076782449702,10.944285714285714,10.700666666666669,0.004843924388670816,Low Risk
2019-11-07,11.06,10.94,11.07,10.77,2.13,1.19,0.011893870082342328,10.961428571428572,10.733,0.005112297067437431,Low Risk
2019-11-11,11.1,11.12,11.12,10.96,9.04,0.36,0.0036166365280287938,10.984285714285715,10.766333333333334,0.0051098414357289065,Low Risk
2019-11-12,11.07,11.07,11.09,11.07,52.47,-0.27,-0.002702702702702675,11.005714285714287,10.791333333333332,0.00523079445422295,Low Risk
2019-11-13,11.02,11.02,11.15,11.02,20.62,-0.45,-0.004516711833785103,11.012857142857143,10.814666666666666,0.005589947784142834,Low Risk
2019-11-17,10.94,10.94,11.01,10.94,2.01,-0.73,-0.007259528130671544,11.008571428571429,10.832,0.006354604178775544,Low Risk
2019-11-18,10.95,11.01,11.07,10.7,1.92,0.09,0.000914076782449813,11.010000000000002,10.847333333333333,0.006277861852972546,Low Risk
2019-11-19,10.95,10.76,10.82,10.76,0.34,0.0,0.0,11.012857142857143,10.858,0.006261589119149992,Low Risk
2019-11-20,10.94,10.94,10.94,10.94,20.1,-0.09,-0.0009132420091324533,10.995714285714286,10.866000000000001,0.0036125375071397333,Low Risk
2019-11-21,10.72,10.94,10.94,10.7,1.54,-2.01,-0.02010968921389389,10.941428571428572,10.866666666666667,0.00725227481403793,Low Risk
2019-11-25,10.91,10.93,10.94,10.7,36.99,1.77,0.017723880597014796,10.918571428571427,10.873666666666667,0.011289065191765996,Low Risk
2019-11-26,10.94,10.94,10.94,10.7,24.93,0.27,0.00274977085242889,10.907142857142857,10.881666666666666,0.011355439475779577,Low Risk
2019-11-27,10.88,10.94,10.94,10.88,1.89,-0.55,-0.005484460694698212,10.89857142857143,10.887666666666666,0.01121086688261462,Low Risk
2019-11-28,10.94,10.82,10.94,10.82,8.54,0.55,0.0055147058823528106,10.897142857142857,10.895666666666667,0.011455592514965017,Low Risk
2019-12-01,10.71,11.07,11.19,10.63,23.28,-2.1,-0.02102376599634359,10.862857142857141,10.893666666666666,0.013923133790610182,Low Risk
2019-12-02,10.76,10.7,10.76,10.7,2.09,0.47,0.00466853408029877,10.837142857142856,10.893333333333334,0.014224325108820624,Low Risk
2019-12-03,10.76,10.76,10.76,10.76,1.42,0.0,0.0,10.842857142857143,10.892666666666665,0.011856950466767,Low Risk
2019-12-04,10.7,10.7,10.7,10.7,7.97,-0.56,-0.005576208178438735,10.812857142857142,10.889333333333333,0.009224458919320841,Low Risk
2019-12-05,10.7,10.7,10.82,10.58,1.52,0.0,0.0,10.778571428571428,10.886,0.00900792376804267,Low Risk
2019-12-08,10.24,10.22,10.45,10.2,9.89,-4.3,-0.04299065420560744,10.687142857142856,10.867666666666667,0.017650871302376414,Low Risk
2019-12-09,10.57,10.57,10.58,10.57,908.89,3.22,0.0322265625,10.634285714285713,10.860999999999999,0.02319813840586209,Medium Risk
2019-12-10,10.47,10.58,10.7,10.34,6.69,-0.95,-0.009460737937559083,10.6,10.851,0.022231153139226956,Medium Risk
2019-12-11,10.34,10.45,10.45,10.32,37.78,-1.24,-0.012416427889207382,10.540000000000001,10.836666666666666,0.022184309374770336,Medium Risk
2019-12-12,10.32,10.32,10.33,10.32,6.09,-0.19,-0.0019342359767891004,10.477142857142857,10.819999999999999,0.02211691600010331,Medium Risk
2019-12-15,10.33,10.34,10.34,10.33,6.0,0.1,0.0009689922480620172,10.424285714285714,10.799666666666667,0.022262669501842188,Medium Risk
2019-12-16,10.46,10.57,10.57,10.32,382.15,1.26,0.012584704743465736,10.39,10.783666666666667,0.023203250795017238,Medium Risk
2019-12-17,10.45,10.45,10.45,10.45,3.1,-0.1,-0.0009560229445507717,10.42,10.767999999999999,0.015182866058846717,Low Risk
2019-12-18,10.58,10.57,10.84,10.57,101.74,1.24,0.012440191387559807,10.421428571428573,10.754999999999999,0.009679752977001289,Low Risk
2019-12-19,10.82,10.7,10.82,10.59,512.81,2.27,0.022684310018903586,10.471428571428572,10.75,0.011750028248804216,Low Risk
2019-12-22,10.82,10.82,10.82,10.71,40.37,0.0,0.0,10.540000000000001,10.746,0.009432216190398543,Low Risk
2019-12-23,10.67,10.57,10.82,10.57,38.8,-1.39,-0.013863216266173817,10.590000000000002,10.737333333333332,0.011958101711009465,Low Risk
2019-12-24,10.7,10.81,10.82,10.7,2.66,0.28,0.002811621368322248,10.642857142857142,10.725333333333333,0.011878782450289112,Low Risk
2019-12-25,10.92,10.81,11.07,10.7,25.44,2.06,0.020560747663551426,10.70857142857143,10.719333333333333,0.01304195121257284,Low Risk
2019-12-26,10.93,10.94,10.94,10.82,50.27,0.09,0.0009157509157509125,10.777142857142858,10.714666666666666,0.012888112042631909,Low Risk
2019-12-29,10.92,10.82,10.94,10.82,84.77,-0.09,-0.0009149130832570851,10.825714285714286,10.711333333333332,0.012851876262834405,Low Risk
2019-12-30,10.98,10.94,11.06,10.83,98.99,0.55,0.005494505494505475,10.848571428571429,10.712666666666667,0.010186113519272,Low Risk
2019-12-31,10.85,10.94,10.94,10.82,293.33,-1.18,-0.011839708561020124,10.852857142857143,10.709333333333332,0.011499648107348279,Low Risk
2020-01-02,10.85,10.71,10.71,10.71,1.59,0.0,0.0,10.87857142857143,10.706,0.009671880802690795,Low Risk
2020-01-05,10.7,10.71,10.71,10.45,357.14,-1.38,-0.01382488479262678,10.878571428571428,10.698,0.011444750203847298,Low Risk
2020-01-06,10.69,10.7,10.8,10.51,868.52,-0.09,-0.0009345794392523477,10.845714285714283,10.697,0.007076019555643416,Low Risk
2020-01-08,10.81,11.04,11.04,10.51,102.52,1.12,0.01122544434050532,10.828571428571427,10.693666666666667,0.008874796398929838,Low Risk
2020-01-09,10.82,10.82,10.83,10.82,631.68,0.09,0.0009250693802034249,10.814285714285715,10.689666666666666,0.008923580033211032,Low Risk
2020-01-12,10.82,10.57,10.57,10.57,0.6,0.0,0.0,10.79142857142857,10.687666666666667,0.00845796013976728,Low Risk
2020-01-13,10.79,10.82,10.82,10.7,303.68,-0.28,-0.0027726432532348966,10.782857142857143,10.682666666666668,0.007330500419196832,Low Risk
2020-01-14,11.0,10.81,11.04,10.81,19.25,1.95,0.019462465245597915,10.804285714285713,10.692333333333332,0.010622444132313894,Low Risk
2020-01-15,11.05,10.94,11.11,10.94,2.35,0.45,0.00454545454545463,10.854285714285714,10.702,0.008004539326672094,Low Risk
2020-01-16,11.04,11.07,11.07,11.01,288.09,-0.09,-0.0009049773755657187,10.904285714285715,10.711333333333332,0.008001113000415032,Low Risk
2020-01-19,11.03,11.09,11.09,11.01,8.31,-0.09,-0.0009057971014492239,10.935714285714287,10.722333333333333,0.0076427918269797055,Low Risk
2020-01-20,11.02,11.01,11.12,11.01,27.79,-0.09,-0.0009066183136898776,10.964285714285714,10.733,0.007752529039677387,Low Risk
2020-01-21,10.94,10.94,10.94,10.94,27.74,-0.73,-0.007259528130671544,10.981428571428571,10.756333333333334,0.008604177226801969,Low Risk
2020-01-22,10.94,10.94,11.19,10.94,617.49,0.0,0.0,11.002857142857142,10.768666666666666,0.008430962139562011,Low Risk
2020-01-23,10.99,10.95,11.07,10.95,943.2,0.46,0.004570383912248621,11.001428571428571,10.786,0.004012601000369036,Low Risk
2020-01-26,11.19,11.19,11.19,11.19,8.04,1.82,0.018198362147406666,11.021428571428572,10.814333333333334,0.007998490739340641,Low Risk
2020-01-27,11.04,11.04,11.04,11.04,13.13,-1.34,-0.013404825737265424,11.02142857142857,10.838333333333335,0.009883396364623678,Low Risk
2020-01-28,10.96,11.02,11.02,10.94,532.58,-0.72,-0.007246376811594013,11.011428571428572,10.859333333333332,0.010267783884729197,Low Risk
2020-01-29,10.94,11.18,11.18,10.94,1.13,-0.18,-0.0018248175182482562,11.0,10.875333333333334,0.010274280752048823,Low Risk
2020-01-30,10.94,10.82,10.94,10.82,2.87,0.0,0.0,11.0,10.891666666666667,0.009896007963273988,Low Risk
2020-02-02,10.8,10.71,10.82,10.71,5.68,-1.28,-0.01279707495429605,10.98,10.899,0.01102290227191106,Low Risk
2020-02-03,10.77,10.8,10.8,10.71,11.58,-0.28,-0.002777777777777879,10.948571428571428,10.897333333333332,0.010660579112470588,Low Risk
2020-02-04,10.86,10.92,10.92,10.86,425.35,0.84,0.008356545961002881,10.90142857142857,10.898666666666665,0.007647195620764147,Low Risk
2020-02-05,10.87,10.89,10.89,10.7,124.79,0.09,0.0009208103130755596,10.877142857142857,10.905333333333335,0.006636496128296819,Low Risk
2020-02-06,10.87,10.94,10.95,10.76,140.78,0.0,0.0,10.864285714285716,10.911,0.0062725103770947515,Low Risk
2020-02-09,10.82,10.94,10.94,10.82,27.21,-0.46,-0.004599816007359592,10.847142857142856,10.907666666666668,0.006407739430785966,Low Risk
2020-02-10,10.82,10.82,10.82,10.81,172.59,0.0,0.0,10.83,10.904,0.006407739430785966,Low Risk
2020-02-11,10.82,10.82,10.82,10.82,28.75,0.0,0.0,10.832857142857142,10.900666666666666,0.004062809441670595,Low Risk
2020-02-12,10.73,10.82,10.82,10.62,113.17,-0.83,-0.008317929759704246,10.827142857142858,10.892333333333333,0.0051499645585422,Low Risk
2020-02-13,10.7,10.7,10.7,10.69,71.52,-0.28,-0.002795899347623587,10.804285714285713,10.887333333333334,0.0033603092672890044,Low Risk
2020-02-16,10.7,10.7,10.7,10.69,11.26,0.0,0.0,10.78,10.882333333333332,0.0032375202476497434,Low Risk
2020-02-17,10.7,10.7,10.7,10.7,20.72,0.0,0.0,10.755714285714287,10.882333333333332,0.0032375202476497434,Low Risk
2020-02-18,10.7,10.69,10.7,10.69,13.31,0.0,0.0,10.73857142857143,10.882666666666667,0.0031453588754214623,Low Risk
2020-02-19,10.7,10.7,10.94,10.69,1.87,0.0,0.0,10.72142857142857,10.879,0.0031453588754214623,Low Risk
2020-02-20,10.94,10.94,10.94,10.7,3.39,2.24,0.02242990654205612,10.73857142857143,10.883000000000001,0.009676538150689914,Low Risk
2020-02-23,10.72,10.74,10.74,10.72,251.36,-2.01,-0.02010968921389389,10.737142857142857,10.879666666666667,0.012351012348235463,Low Risk
2020-02-24,10.7,10.7,10.7,10.7,1.4,-0.19,-0.001865671641791189,10.737142857142857,10.876666666666667,0.012321739071460303,Low Risk
2020-02-25,10.61,10.62,10.7,10.57,3.08,-0.84,-0.008411214953271018,10.724285714285713,10.863666666666665,0.012732409380139439,Low Risk
2020-02-26,10.45,10.45,10.45,10.45,5.09,-1.51,-0.015080113100848225,10.688571428571427,10.843666666666666,0.013743641269164211,Low Risk
2020-02-27,10.45,10.45,10.45,10.44,2.48,0.0,0.0,10.652857142857142,10.824000000000002,0.013743641269164211,Low Risk
2020-03-01,9.95,9.95,10.2,9.7,3.51,-4.78,-0.04784688995215314,10.545714285714284,10.788,0.021527808622165176,Medium Risk
2020-03-02,10.2,10.2,10.2,9.82,2.18,2.51,0.025125628140703515,10.44,10.760666666666667,0.022220233487959148,Medium Risk
2020-03-03,10.92,10.57,11.19,10.45,45.02,7.06,0.07058823529411762,10.468571428571428,10.76,0.03681615258803419,Medium Risk
2020-03-04,10.5,10.07,10.7,9.83,14.27,-3.85,-0.038461538461538436,10.44,10.745333333333333,0.040109069407413246,Medium Risk
2020-03-05,10.57,10.57,10.57,10.57,3.01,0.67,0.006666666666666599,10.434285714285712,10.731333333333334,0.040113016691523166,Medium Risk
2020-03-08,10.33,10.42,10.42,9.98,185.08,-2.27,-0.022705771050141932,10.417142857142855,10.702666666666666,0.04069463712387514,Medium Risk
2020-03-09,9.95,9.99,10.01,9.82,886.05,-3.68,-0.03678606001936113,10.345714285714285,10.666333333333332,0.04286898056007046,Medium Risk
2020-03-10,9.59,9.85,9.85,9.58,6.27,-3.62,-0.03618090452261302,10.294285714285715,10.620666666666667,0.04117343752532438,Medium Risk
2020-03-11,9.46,9.69,9.7,9.33,387.48,-1.36,-0.013555787278414888,10.188571428571427,10.571333333333333,0.03907106043133084,Medium Risk
2020-03-15,8.68,8.53,8.71,8.51,29.24,-8.25,-0.08245243128964075,9.868571428571428,10.496,0.02753552000011449,Medium Risk
2020-03-16,8.68,8.25,9.2,8.24,1.32,0.0,0.0,9.608571428571427,10.425333333333333,0.02976124549932359,Medium Risk
2020-03-17,8.75,8.95,9.08,8.46,163.5,0.81,0.008064516129032251,9.348571428571429,10.358,0.030023866263566172,Medium Risk
2020-03-19,7.96,7.96,8.45,7.96,5.23,-9.03,-0.0902857142857143,9.01,10.261333333333333,0.038398675701612206,Medium Risk
2020-03-22,7.96,7.96,8.01,7.73,989.12,0.0,0.0,8.725714285714286,10.164333333333333,0.04070292637152453,Medium Risk
2020-03-23,8.26,8.51,8.56,8.11,1.2,3.77,0.03768844221105527,8.535714285714286,10.077333333333334,0.04795387941710969,Medium Risk
2020-03-24,8.2,8.11,8.21,8.08,147.62,-0.73,-0.007263922518159882,8.355714285714285,9.99,0.04815503474821673,Medium Risk
2020-03-25,7.96,8.15,8.15,7.96,4.17,-2.93,-0.029268292682926744,8.252857142857142,9.894666666666666,0.04001577374904397,Medium Risk
2020-03-26,7.96,7.96,8.16,7.96,142.52,0.0,0.0,8.15,9.799333333333333,0.04001577374904397,Medium Risk
2020-03-29,7.96,7.92,7.96,7.92,664.48,0.0,0.0,8.037142857142857,9.706999999999999,0.039468257091426866,Medium Risk
2020-03-30,7.36,7.92,7.92,7.21,274.59,-7.54,-0.07537688442211055,7.951428571428571,9.595666666666666,0.034699982973830534,Medium Risk
2020-03-31,7.34,7.46,7.46,7.21,1.07,-0.27,-0.0027173913043478937,7.862857142857143,9.483666666666666,0.03457657565429081,Medium Risk
2020-04-01,7.42,7.46,7.46,7.34,99.76,1.09,0.01089918256130784,7.742857142857143,9.374333333333334,0.029383096005262052,Medium Risk
2020-04-02,7.34,7.46,7.46,7.34,2.05,-1.08,-0.010781671159029615,7.619999999999999,9.262333333333332,0.02926219614791288,Medium Risk
2020-04-05,7.49,7.68,7.71,7.39,29.47,2.04,0.02043596730245234,7.552857142857143,9.155333333333333,0.031274943087158814,Medium Risk
2020-04-06,7.41,7.36,7.46,7.34,375.06,-1.07,-0.010680907877169576,7.474285714285714,9.037666666666667,0.03106691763204316,Medium Risk
2020-04-07,7.24,7.46,7.46,7.11,2.05,-2.29,-0.022941970310391357,7.371428571428572,8.921666666666669,0.031077539333195892,Medium Risk
2020-04-08,7.1,7.33,7.33,7.0,1.69,-1.93,-0.019337016574585753,7.3342857142857145,8.801666666666666,0.015801610308307578,Low Risk
2020-04-09,7.2,7.21,7.21,7.09,3.43,1.41,0.014084507042253502,7.314285714285714,8.687999999999999,0.017404111901651375,Low Risk
2020-04-12,7.45,7.34,7.58,7.28,1.32,3.47,0.03472222222222232,7.318571428571429,8.588,0.02216563423623407,Medium Risk
2020-04-13,7.45,7.49,7.49,7.34,869.11,0.0,0.0,7.3342857142857145,8.488000000000001,0.021595119653064463,Medium Risk
2020-04-14,7.51,7.46,7.85,7.46,2.09,0.81,0.00805369127516764,7.337142857142857,8.406666666666666,0.020334824643079744,Medium Risk
2020-04-15,7.71,7.71,7.77,7.67,346.84,2.66,0.026631158455392878,7.380000000000001,8.323666666666666,0.021739752880709957,Medium Risk
2020-04-16,7.79,7.71,7.84,7.59,387.89,1.04,0.01037613488975353,7.458571428571429,8.219333333333333,0.017635780758756825,Low Risk
2020-04-21,7.7,7.72,7.72,7.61,304.41,-1.16,-0.011553273427471145,7.5442857142857145,8.126,0.015552472775913219,Low Risk
2020-04-22,7.65,7.67,7.71,7.6,444.89,-0.65,-0.00649350649350644,7.608571428571429,8.028666666666666,0.016924033285452146,Low Risk
2020-04-23,7.65,7.65,7.71,7.63,545.44,0.0,0.0,7.637142857142857,7.939333333333334,0.012603808997524613,Low Risk
2020-04-26,7.71,7.71,7.71,7.66,1.27,0.78,0.007843137254901933,7.674285714285714,7.8646666666666665,0.01255207119482015,Low Risk
2020-04-27,7.72,7.7,7.82,7.7,1.4,0.13,0.0012970168612191912,7.704285714285715,7.802333333333333,0.012536059961202068,Low Risk
2020-04-28,6.93,6.95,7.06,6.86,1.65,-10.23,-0.10233160621761661,7.5928571428571425,7.718000000000001,0.039507285543827333,Medium Risk
2020-04-29,6.92,6.96,6.99,6.87,2.29,-0.14,-0.0014430014430013571,7.468571428571429,7.6593333333333335,0.03851150244742959,Medium Risk
2020-04-30,6.96,6.96,7.02,6.93,2.17,0.58,0.005780346820809301,7.362857142857143,7.602,0.03939940097389969,Medium Risk
2020-05-03,6.95,6.95,6.98,6.74,2.43,-0.14,-0.001436781609195359,7.2628571428571425,7.542,0.0395977245955957,Medium Risk
2020-05-04,6.91,6.91,6.94,6.78,652.62,-0.58,-0.0057553956834532904,7.1571428571428575,7.507,0.03934420124610525,Medium Risk
2020-05-05,6.86,6.91,6.93,6.84,2.03,-0.72,-0.00723589001447178,7.035714285714286,7.4703333333333335,0.038367439131770924,Medium Risk
2020-05-06,6.87,6.77,6.96,6.77,1.94,0.15,0.001457725947521915,6.914285714285714,7.424,0.03837947338429314,Medium Risk
2020-05-07,6.84,6.87,6.94,6.72,882.65,-0.44,-0.004366812227074246,6.901428571428572,7.378666666666667,0.004473878944941391,Low Risk
2020-05-10,6.65,6.59,6.74,6.59,111.19,-2.78,-0.02777777777777768,6.862857142857143,7.334999999999999,0.010744986833495515,Low Risk
2020-05-11,6.25,6.64,6.64,6.23,2.01,-6.02,-0.06015037593984962,6.761428571428572,7.2780000000000005,0.02204330748230174,Medium Risk
2020-05-12,6.38,6.39,6.47,6.33,2.18,2.08,0.02079999999999993,6.680000000000001,7.225333333333334,0.025639064991545415,Medium Risk
2020-05-13,6.43,6.53,6.53,6.37,326.54,0.78,0.00783699059561127,6.611428571428571,7.194333333333333,0.02667244206946919,Medium Risk
2020-05-14,6.43,6.36,6.47,6.36,1.96,0.0,0.0,6.55,7.164,0.026932722472655605,Medium Risk
2020-05-17,6.39,6.43,6.43,6.32,814.34,-0.62,-0.0062208398133748455,6.481428571428572,7.129666666666666,0.026595490160823892,Medium Risk
2020-05-18,6.32,6.34,6.34,6.22,1.53,-1.1,-0.010954616588419341,6.407142857142857,7.095666666666667,0.026479952437416025,Medium Risk
2020-05-19,6.34,6.24,6.34,6.24,552.79,0.32,0.0031645569620253333,6.362857142857143,7.057333333333333,0.02577071094028854,Medium Risk
2020-05-20,6.34,6.34,6.34,6.26,690.06,0.0,0.0,6.3757142857142854,7.021666666666666,0.010264948057428723,Low Risk
2020-05-21,6.18,6.27,6.27,6.12,574.27,-2.52,-0.025236593059936974,6.347142857142856,6.9863333333333335,0.011000570309516346,Low Risk
2020-05-31,6.29,6.22,6.39,6.19,108.76,1.78,0.017799352750809128,6.327142857142857,6.959333333333333,0.013270907734497498,Low Risk
2020-06-01,6.34,6.29,6.39,6.29,177.3,0.79,0.007949125596184325,6.314285714285714,6.930666666666666,0.013901895355445134,Low Risk
2020-06-02,6.35,6.34,6.44,6.34,4.91,0.16,0.001577287066246047,6.308571428571429,6.894000000000001,0.013812760957096838,Low Risk
2020-06-03,6.46,6.39,6.59,6.38,5.66,1.73,0.017322834645669305,6.328571428571429,6.861,0.014472154745596592,Low Risk
2020-06-04,6.95,6.49,7.11,6.49,2.39,7.59,0.07585139318885448,6.4157142857142855,6.842333333333333,0.031028074409503136,Medium Risk
2020-06-07,7.33,7.09,7.36,7.09,2.52,5.47,0.054676258992805815,6.557142857142857,6.829666666666666,0.03379025147099535,Medium Risk
2020-06-08,7.22,7.42,7.42,7.21,2.85,-1.5,-0.015006821282401162,6.7057142857142855,6.810666666666666,0.03158536963144661,Medium Risk
2020-06-09,7.21,7.22,7.24,7.21,2.35,-0.14,-0.0013850415512465242,6.837142857142857,6.794333333333333,0.032904576995460975,Medium Risk
2020-06-10,7.21,7.21,7.22,7.21,89.13,0.0,0.0,6.961428571428572,6.779666666666667,0.033526740077593674,Medium Risk
2020-06-11,7.21,7.21,7.21,7.21,259.88,0.0,0.0,7.084285714285714,6.765,0.033668391838456505,Medium Risk
2020-06-14,6.97,7.2,7.2,6.84,29.77,-3.33,-0.03328710124826628,7.157142857142857,6.740333333333333,0.03903907035565218,Medium Risk
2020-06-15,6.96,6.96,7.09,6.96,554.07,-0.14,-0.001434720229555153,7.158571428571428,6.715,0.026848006506215782,Medium Risk
2020-06-16,6.97,7.08,7.09,6.96,33.04,0.14,0.001436781609195359,7.107142857142857,6.716333333333333,0.012824032150341554,Low Risk
2020-06-17,6.99,6.99,6.99,6.96,279.42,0.29,0.0028694404591105283,7.074285714285714,6.718666666666667,0.012766082803670099,Low Risk
2020-06-18,7.08,6.99,7.28,6.96,153.58,1.29,0.012875536480686733,7.055714285714286,6.722666666666667,0.014388748250631802,Low Risk
2020-06-21,6.97,6.96,6.98,6.96,513.25,-1.55,-0.015536723163841804,7.021428571428572,6.723333333333334,0.015117652561900787,Low Risk
2020-06-22,7.09,7.09,7.09,7.09,2.43,1.72,0.017216642754662947,7.0042857142857144,6.729333333333333,0.01726284390228004,Low Risk
2020-06-23,7.08,7.01,7.09,6.97,630.31,-0.14,-0.0014104372355430161,7.0200000000000005,6.736666666666666,0.010655833994453285,Low Risk
2020-06-24,7.22,7.21,7.27,7.09,98.48,1.98,0.0197740112994349,7.057142857142858,6.748333333333333,0.012307998521049161,Low Risk
2020-06-25,7.08,7.09,7.19,6.96,207.66,-1.94,-0.01939058171745145,7.072857142857144,6.756333333333333,0.01550482845423432,Low Risk
2020-06-28,7.18,6.96,7.33,6.96,73.51,1.41,0.01412429378531077,7.1000000000000005,6.774,0.01613915538856475,Low Risk
2020-06-29,7.16,6.98,7.21,6.98,74.87,-0.28,-0.0027855153203342198,7.111428571428571,6.804333333333333,0.01577714534786304,Low Risk
2020-06-30,7.38,7.21,7.46,7.1,643.26,3.07,0.030726256983240274,7.17,6.837666666666666,0.01699002154793063,Low Risk
2020-07-05,7.28,7.25,7.34,7.25,6.03,-1.36,-0.013550135501354976,7.1971428571428575,6.8660000000000005,0.018239237570864042,Low Risk
2020-07-06,7.14,7.14,7.14,7.09,2.58,-1.92,-0.019230769230769273,7.205714285714286,6.889666666666667,0.020242038779352888,Medium Risk
2020-07-07,7.14,7.14,7.14,7.14,184.16,0.0,0.0,7.194285714285714,6.914666666666666,0.018557071772203254,Low Risk
2020-07-08,7.21,7.21,7.21,7.09,973.57,0.98,0.009803921568627416,7.212857142857142,6.944333333333333,0.01707265181452672,Low Risk
2020-07-09,7.2,7.06,7.21,6.96,1.05,-0.14,-0.001386962552011095,7.215714285714285,6.973,0.016337602465336783,Low Risk
2020-07-12,7.21,7.21,7.21,7.2,1.32,0.14,0.001388888888888884,7.222857142857143,7.002,0.016273281098496167,Low Risk
2020-07-13,7.15,7.0,7.21,7.0,18.78,-0.83,-0.00832177531206657,7.1899999999999995,7.0343333333333335,0.009854971429508474,Low Risk
2020-07-14,7.09,7.09,7.09,7.09,260.05,-0.84,-0.008391608391608463,7.162857142857143,7.060999999999999,0.009236354859740808,Low Risk
2020-07-15,7.08,7.09,7.19,6.72,1.96,-0.14,-0.0014104372355430161,7.154285714285714,7.0856666666666674,0.006214845506846674,Low Risk
2020-07-16,6.72,6.75,6.87,6.72,465.81,-5.08,-0.05084745762711873,7.094285714285713,7.098,0.019693550380292014,Low Risk
2020-07-19,6.71,6.72,6.72,6.67,44.18,-0.15,-0.0014880952380952328,7.022857142857143,7.106333333333334,0.01836669348579081,Low Risk
2020-07-20,6.72,6.72,6.84,6.69,56.52,0.15,0.0014903129657226621,6.954285714285715,7.098666666666666,0.018623680445057106,Low Risk
2020-07-21,6.72,6.72,6.72,6.72,1.18,0.0,0.0,6.884285714285714,7.078333333333333,0.01849336243912114,Low Risk
2020-07-22,6.71,6.64,6.72,6.64,75.59,-0.15,-0.0014880952380952328,6.821428571428571,7.061333333333334,0.01876600921159351,Low Risk
2020-07-26,6.71,6.72,6.72,6.71,2.18,0.0,0.0,6.767142857142857,7.044666666666667,0.019067754572739227,Low Risk
2020-07-27,6.72,6.81,6.81,6.69,199.66,0.15,0.0014903129657226621,6.715714285714285,7.028333333333333,0.019257238075745777,Low Risk
2020-07-28,6.72,6.72,6.76,6.72,2.58,0.0,0.0,6.715714285714285,7.0120000000000005,0.0012159302019632717,Low Risk
2020-07-29,6.72,6.72,6.72,6.71,5.18,0.0,0.0,6.717142857142856,7.003666666666666,0.0010278016588021344,Low Risk
2020-08-04,6.62,6.72,6.72,6.55,175.31,-1.49,-0.014880952380952328,6.702857142857143,6.992333333333334,0.0056899466117636376,Low Risk
2020-08-05,6.53,6.59,6.6,6.49,5.4,-1.36,-0.013595166163141936,6.675714285714286,6.977666666666667,0.007010509459240802,Low Risk
2020-08-06,6.6,6.59,6.67,6.59,17.92,1.07,0.010719754977029039,6.659999999999999,6.964666666666667,0.008996366808633456,Low Risk
2020-08-09,6.69,6.71,6.96,6.57,351.99,1.36,0.013636363636363669,6.6571428571428575,6.951666666666667,0.010865603113587256,Low Risk
2020-08-10,6.71,6.65,6.72,6.65,121.08,0.3,0.002989536621823552,6.655714285714287,6.943,0.010923137614504468,Low Risk
2020-08-11,6.72,6.72,6.91,6.72,3.09,0.15,0.0014903129657226621,6.655714285714287,6.930666666666667,0.01094131855157396,Low Risk
2020-08-12,6.74,6.74,6.8,6.71,1.51,0.3,0.0029761904761904656,6.658571428571428,6.9193333333333324,0.010996674026868925,Low Risk
2020-08-13,6.65,6.72,6.72,6.59,33.85,-1.34,-0.013353115727002929,6.662857142857143,6.900333333333333,0.010650776657112584,Low Risk
2020-08-16,6.64,6.66,6.66,6.59,63.08,-0.15,-0.0015037593984963404,6.678571428571429,6.885666666666666,0.008759545439861365,Low Risk
2020-08-17,6.57,6.64,6.64,6.52,3.36,-1.05,-0.010542168674698704,6.674285714285714,6.865333333333334,0.009083145605353312,Low Risk
2020-08-18,6.51,6.64,6.64,6.47,1.34,-0.91,-0.009132420091324311,6.648571428571429,6.843666666666667,0.006956962579049848,Low Risk
2020-08-19,6.45,6.48,6.48,6.36,476.42,-0.92,-0.009216589861751112,6.61142857142857,6.812666666666667,0.0064639431548074635,Low Risk
2020-08-23,6.47,6.47,6.55,6.45,2.93,0.31,0.0031007751937983663,6.575714285714286,6.785666666666667,0.006779790175346625,Low Risk
2020-08-24,6.41,6.42,6.59,6.37,5.38,-0.93,-0.009273570324574876,6.528571428571429,6.761333333333334,0.005768475090001897,Low Risk
2020-08-25,6.4,6.38,6.47,6.36,229.95,-0.16,-0.0015600624024960652,6.492857142857142,6.736666666666666,0.005355953138525297,Low Risk
2020-08-26,6.31,6.34,6.34,6.28,2.07,-1.41,-0.014062500000000089,6.445714285714287,6.706666666666667,0.005891628387972735,Low Risk
2020-08-27,6.22,6.31,6.31,6.12,3.57,-1.43,-0.01426307448494446,6.395714285714285,6.674,0.006386210950032154,Low Risk
2020-08-30,6.3,6.29,6.33,6.22,152.64,1.29,0.012861736334405238,6.365714285714285,6.643666666666666,0.009995982297915111,Low Risk
2020-08-31,6.16,6.22,6.31,6.09,2.25,-2.22,-0.022222222222222143,6.324285714285715,6.610666666666666,0.011998551705271938,Low Risk
2020-09-01,6.23,6.21,6.34,6.2,1.38,1.14,0.011363636363636465,6.289999999999999,6.582,0.013421258661790274,Low Risk
2020-09-02,6.31,6.4,6.47,6.25,3.56,1.28,0.01284109149277679,6.275714285714286,6.556333333333333,0.014858105364546502,Low Risk
2020-09-03,6.33,6.37,6.37,6.24,350.84,0.32,0.0031695721077655836,6.265714285714286,6.543333333333333,0.014996234684487653,Low Risk
2020-09-06,6.33,6.23,6.39,6.23,545.64,0.0,0.0,6.268571428571428,6.530666666666667,0.013932869076400602,Low Risk
2020-09-07,6.42,6.46,6.47,6.27,352.34,1.42,0.014218009478673022,6.297142857142857,6.520666666666667,0.013019615609142466,Low Risk
2020-09-08,6.22,6.44,6.44,6.22,2.53,-3.12,-0.031152647975077885,6.285714285714286,6.5040000000000004,0.01803101865544544,Low Risk
2020-09-09,6.41,6.22,6.45,6.22,200.21,3.05,0.030546623794212246,6.321428571428571,6.494,0.01901677031132898,Low Risk
2020-09-10,6.45,6.47,6.54,6.39,916.08,0.62,0.006240249609984483,6.352857142857142,6.485333333333333,0.018867435226935132,Low Risk
2020-09-13,6.51,6.52,6.57,6.47,29.25,0.93,0.009302325581395321,6.381428571428572,6.4783333333333335,0.018672579884327918,Low Risk
2020-09-14,6.47,6.47,6.53,6.44,6.34,-0.61,-0.006144393241167445,6.401428571428572,6.47,0.019119469931006328,Low Risk
2020-09-15,6.47,6.58,6.58,6.45,2.79,0.0,0.0,6.421428571428572,6.461666666666667,0.019119469931006328,Low Risk
2020-09-16,6.48,6.47,6.57,6.47,272.91,0.15,0.0015455950540959051,6.430000000000001,6.456999999999999,0.018501950756663492,Low Risk
2020-09-17,6.52,6.47,6.61,6.47,2.07,0.62,0.006172839506172645,6.472857142857143,6.456666666666666,0.011635262080610394,Low Risk
2020-09-20,6.52,6.48,6.57,6.47,897.18,0.0,0.0,6.488571428571428,6.454,0.005194007384313451,Low Risk
2020-09-21,6.47,6.47,6.53,6.44,4.79,-0.77,-0.0076687116564416735,6.491428571428571,6.446666666666667,0.006084391438195811,Low Risk
2020-09-22,6.44,6.47,6.47,6.34,771.38,-0.46,-0.004636785162287382,6.481428571428571,6.437666666666667,0.004866608597739111,Low Risk
2020-09-23,6.42,6.31,6.47,6.29,142.49,-0.31,-0.0031055900621118626,6.474285714285714,6.427666666666666,0.004509112506301835,Low Risk
2020-09-24,6.37,6.35,6.46,6.32,54.76,-0.78,-0.007788161993769416,6.46,6.415333333333334,0.005113142667830943,Low Risk
2020-09-27,6.37,6.37,6.37,6.37,50.44,0.0,0.0,6.444285714285714,6.406000000000001,0.004954777686862561,Low Risk
2020-09-28,6.43,6.37,6.46,6.37,168.05,0.94,0.009419152276294973,6.431428571428571,6.399,0.0059470189588483975,Low Risk
2020-09-29,6.45,6.55,6.57,6.39,8.15,0.31,0.0031104199066873672,6.421428571428572,6.395,0.006228176172685569,Low Risk
2020-09-30,6.59,6.47,6.64,6.47,2.99,2.17,0.021705426356589008,6.438571428571429,6.397666666666667,0.010094066368461477,Low Risk
2020-10-01,6.59,6.47,6.72,6.47,720.91,0.0,0.0,6.46,6.402333333333333,0.009678070492418155,Low Risk
2020-10-04,6.71,6.66,6.72,6.62,807.86,1.82,0.018209408194233667,6.501428571428571,6.410333333333333,0.010621329201572919,Low Risk
2020-10-05,6.72,6.63,6.74,6.63,5.47,0.15,0.0014903129657226621,6.551428571428572,6.4206666666666665,0.009016276013042532,Low Risk
2020-10-06,6.81,6.77,6.89,6.72,3.18,1.34,0.013392857142857206,6.614285714285714,6.434333333333333,0.008515878075638111,Low Risk
2020-10-07,6.88,6.89,6.94,6.84,3.18,1.03,0.010279001468428861,6.678571428571429,6.453333333333333,0.008518728890349284,Low Risk
2020-10-11,6.9,6.94,6.94,6.78,1.44,0.29,0.0029069767441860517,6.742857142857143,6.476,0.008545426115406863,Low Risk
2020-10-12,6.89,6.9,6.96,6.84,1.41,-0.14,-0.0014492753623189802,6.785714285714286,6.495666666666667,0.007552991292421679,Low Risk
2020-10-13,6.82,6.83,6.83,6.77,522.45,-1.02,-0.010159651669085501,6.818571428571429,6.517666666666667,0.009668571258843189,Low Risk
2020-10-14,6.82,6.82,6.82,6.73,2.16,0.0,0.0,6.8342857142857145,6.537333333333334,0.007770793677716569,Low Risk
2020-10-15,6.75,6.77,6.82,6.72,29.16,-1.03,-0.01026392961876832,6.838571428571429,6.5520000000000005,0.009137654985651418,Low Risk
2020-10-18,6.72,6.72,6.73,6.6,195.39,-0.44,-0.004444444444444473,6.825714285714286,6.565,0.007301775494266786,Low Risk
2020-10-19,6.72,6.7,6.74,6.65,288.44,0.0,0.0,6.802857142857143,6.578,0.005173310908167257,Low Risk
2020-10-20,6.59,6.72,6.72,6.54,22.11,-1.93,-0.019345238095238027,6.758571428571428,6.583666666666667,0.007150660949681196,Low Risk
2020-10-21,6.57,6.71,6.71,6.47,63.66,-0.3,-0.0030349013657055,6.7128571428571435,6.5953333333333335,0.0069863675867972855,Low Risk
2020-10-22,6.44,6.47,6.47,6.23,368.81,-1.98,-0.019786910197869045,6.658571428571429,6.596333333333334,0.00854357219951182,Low Risk
2020-10-25,6.44,6.44,6.47,6.34,909.37,0.0,0.0,6.604285714285715,6.596,0.00854357219951182,Low Risk
2020-10-26,6.46,6.35,6.47,6.31,333.75,0.31,0.0031055900621117516,6.562857142857143,6.594333333333334,0.009433748301928682,Low Risk
2020-10-27,6.46,6.57,6.57,6.42,948.74,0.0,0.0,6.525714285714286,6.593999999999999,0.009718061180689668,Low Risk
2020-10-28,6.46,6.39,6.47,6.39,128.13,0.0,0.0,6.488571428571428,6.593666666666667,0.009718061180689668,Low Risk
2020-11-01,6.47,6.49,6.59,6.42,97.38,0.15,0.001547987616099089,6.471428571428572,6.593333333333333,0.007806177430005882,Low Risk
2020-11-02,6.35,6.47,6.47,6.22,1.34,-1.85,-0.018547140649149974,6.4399999999999995,6.587666666666666,0.009878476005755187,Low Risk
2020-11-03,6.35,6.02,6.39,6.02,3.39,0.0,0.0,6.427142857142856,6.581999999999999,0.007398890809473395,Low Risk
2020-11-04,6.23,6.39,6.39,6.22,571.37,-1.89,-0.018897637795275424,6.397142857142858,6.574,0.00965702781702409,Low Risk
2020-11-05,6.26,6.42,6.44,6.18,871.49,0.48,0.004815409309791185,6.368571428571428,6.568,0.009905336144588987,Low Risk
2020-11-08,6.28,6.33,6.34,6.18,316.6,0.32,0.0031948881789138905,6.3428571428571425,6.5633333333333335,0.01021286032577249,Low Risk
2020-11-09,6.32,6.44,6.47,6.22,2.2,0.64,0.006369426751592355,6.322857142857143,6.5616666666666665,0.010888356832668027,Low Risk
2020-11-10,6.41,6.46,6.6,6.29,2.77,1.42,0.014240506329114,6.314285714285714,6.563,0.012693499463970288,Low Risk
2020-11-11,6.44,6.42,6.53,6.39,546.43,0.47,0.004680187207488418,6.327142857142857,6.5633333333333335,0.010215573614200203,Low Risk
2020-11-12,6.42,6.52,6.52,6.38,1.39,-0.31,-0.0031055900621118626,6.337142857142857,6.562333333333333,0.01038584207762662,Low Risk
2020-11-15,6.42,6.47,6.47,6.39,420.75,0.0,0.0,6.364285714285714,6.556666666666667,0.005447616205278698,Low Risk
2020-11-16,6.45,6.37,6.47,6.37,23.56,0.47,0.004672897196261738,6.3914285714285715,6.5520000000000005,0.005445694006387863,Low Risk
2020-11-17,6.45,6.47,6.47,6.38,152.47,0.0,0.0,6.4157142857142855,6.543333333333333,0.005681849939335982,Low Risk
2020-11-18,6.42,6.43,6.47,6.39,1.4,-0.47,-0.0046511627906976605,6.43,6.533333333333333,0.006350600998238234,Low Risk
2020-11-19,6.39,6.47,6.47,6.35,499.41,-0.47,-0.004672897196261738,6.427142857142857,6.519333333333333,0.00398960971769724,Low Risk
2020-11-22,6.35,6.35,6.45,6.34,881.52,-0.63,-0.006259780907668211,6.414285714285714,6.501666666666666,0.0037874491035282238,Low Risk
2020-11-23,6.35,6.41,6.41,6.33,415.82,0.0,0.0,6.404285714285715,6.483333333333333,0.003818445422671843,Low Risk
2020-11-24,6.35,6.35,6.37,6.34,2.44,0.0,0.0,6.394285714285714,6.465333333333334,0.003818445422671843,Low Risk
2020-11-25,6.44,6.46,6.46,6.37,456.8,1.42,0.014173228346456845,6.392857142857143,6.452666666666667,0.006870835480206104,Low Risk
2020-11-26,6.45,6.35,6.47,6.35,284.96,0.16,0.0015527950310558758,6.3928571428571415,6.440333333333332,0.006903414936509942,Low Risk
2020-11-29,6.47,6.46,6.52,6.39,1.35,0.31,0.0031007751937983663,6.3999999999999995,6.430999999999999,0.006646111117430227,Low Risk
2020-11-30,6.42,6.46,6.47,6.42,48.4,-0.77,-0.007727975270479082,6.404285714285714,6.421,0.007170165613864813,Low Risk
2020-12-01,6.45,6.42,6.52,6.42,1.82,0.47,0.004672897196261738,6.418571428571428,6.412,0.006569229296824169,Low Risk
2020-12-02,6.5,6.37,6.59,6.37,1.28,0.78,0.007751937984496138,6.4399999999999995,6.409000000000001,0.006776241664407366,Low Risk
2020-12-03,6.45,6.5,6.5,6.39,243.52,-0.77,-0.007692307692307665,6.4542857142857155,6.404999999999999,0.00793645142296881,Low Risk
2020-12-06,6.55,6.57,6.64,6.43,374.05,1.55,0.015503875968992276,6.47,6.408666666666666,0.008277897746664402,Low Risk
2020-12-07,6.44,6.57,6.57,6.36,993.6,-1.68,-0.016793893129770865,6.468571428571429,6.408666666666666,0.011050196339974502,Low Risk
2020-12-08,6.43,6.51,6.51,6.39,253.73,-0.16,-0.0015527950310559868,6.4628571428571435,6.407666666666667,0.010960296326703572,Low Risk
2020-12-09,6.45,6.44,6.55,6.39,3.08,0.31,0.0031104199066873672,6.467142857142858,6.407333333333333,0.010583157905796479,Low Risk
2020-12-10,6.51,6.57,6.59,6.47,5.83,0.93,0.009302325581395321,6.475714285714285,6.409000000000001,0.011007886373322005,Low Risk
2020-12-13,6.61,6.62,6.64,6.44,1.85,1.54,0.015360983102918668,6.491428571428571,6.413666666666667,0.012067192143417862,Low Risk
2020-12-14,6.66,6.62,6.75,6.59,483.94,0.76,0.0075642965204236745,6.521428571428571,6.424,0.011279436576679354,Low Risk
2020-12-15,6.78,6.74,6.95,6.74,1.29,1.8,0.018018018018018056,6.554285714285714,6.4383333333333335,0.011714576297125141,Low Risk
2020-12-16,6.73,6.8,6.84,6.67,16.61,-0.74,-0.007374631268436516,6.595714285714286,6.455,0.009026310523004717,Low Risk
2020-12-17,6.71,6.59,6.79,6.47,1.39,-0.3,-0.002971768202080338,6.635714285714286,6.47,0.009246536046705943,Low Risk
2020-12-20,6.71,6.77,6.88,6.73,12.74,0.0,0.0,6.672857142857143,6.484333333333334,0.009488203728731662,Low Risk
2020-12-21,6.6,6.72,6.72,6.49,1.21,-1.64,-0.016393442622950838,6.685714285714286,6.493666666666667,0.01238930435910893,Low Risk
2020-12-22,6.8,6.6,6.84,6.59,336.82,3.03,0.030303030303030276,6.7128571428571435,6.506666666666667,0.01586795134088808,Low Risk
2020-12-23,6.96,6.84,6.96,6.74,2.53,2.35,0.0235294117647058,6.755714285714285,6.524,0.017501465161510972,Low Risk
2020-12-24,6.95,6.99,7.01,6.84,115.79,-0.14,-0.001436781609195359,6.779999999999999,6.541666666666667,0.016891325115003297,Low Risk
2020-12-27,6.95,7.03,7.03,6.75,6.54,0.0,0.0,6.811428571428571,6.559333333333333,0.016307916863906143,Low Risk
2020-12-28,7.02,6.96,7.09,6.94,503.39,1.01,0.010071942446043147,6.855714285714286,6.578333333333333,0.016025495377934122,Low Risk
2020-12-29,7.2,7.08,7.34,7.08,198.23,2.56,0.025641025641025772,6.925714285714285,6.6033333333333335,0.01716050893749822,Low Risk
2020-12-30,7.33,7.33,7.34,7.16,3.62,1.81,0.01805555555555549,7.029999999999999,6.633666666666667,0.012574851696101702,Low Risk
2020-12-31,7.22,7.36,7.36,7.21,379.41,-1.5,-0.015006821282401162,7.090000000000001,6.661333333333333,0.0149263517961926,Low Risk
2021-01-03,7.28,7.23,7.31,7.23,905.68,0.83,0.008310249307479367,7.135714285714286,6.692333333333334,0.013439548330897097,Low Risk
2021-01-04,7.31,7.33,7.39,7.22,1.64,0.41,0.004120879120879106,7.187142857142857,6.724333333333333,0.013049708296040057,Low Risk
2021-01-05,7.3,7.31,7.31,7.17,882.45,-0.14,-0.001367989056087482,7.237142857142857,6.756,0.013187003041032328,Low Risk
2021-01-06,7.26,6.97,7.39,6.97,978.79,-0.55,-0.005479452054794498,7.271428571428571,6.783333333333333,0.013897228506153134,Low Risk
2021-01-10,7.47,7.19,7.57,7.19,1.51,2.89,0.02892561983471076,7.3100000000000005,6.817333333333334,0.014744048067995064,Low Risk
2021-01-11,7.47,7.49,7.54,7.46,203.08,0.0,0.0,7.33,6.850666666666667,0.0136960977756656,Low Risk
2021-01-12,7.01,7.49,7.49,6.85,2.97,-6.16,-0.06157965194109771,7.299999999999999,6.870333333333333,0.027814853553790143,Medium Risk
2021-01-13,6.78,6.84,6.91,6.63,715.72,-3.28,-0.032810271041369354,7.228571428571428,6.881333333333333,0.02912573737457471,Medium Risk
2021-01-14,6.76,6.72,6.84,6.72,99.2,-0.29,-0.002949852507374673,7.1499999999999995,6.89,0.028684111370899937,Medium Risk
2021-01-17,6.85,6.84,6.91,6.84,837.74,1.33,0.013313609467455523,7.085714285714286,6.903333333333334,0.0299915558264706,Medium Risk
2021-01-18,6.96,6.96,7.02,6.89,84.19,1.61,0.016058394160584077,7.042857142857143,6.917,0.03144129208957359,Medium Risk
2021-01-19,7.0,6.99,7.19,6.96,3.14,0.57,0.005747126436781658,6.975714285714285,6.935666666666666,0.02826176552340908,Medium Risk
2021-01-20,7.01,7.09,7.21,7.0,1.7,0.14,0.0014285714285713347,6.909999999999999,6.955,0.02834169424465211,Medium Risk
2021-01-21,7.16,7.19,7.21,7.16,1.07,2.14,0.021398002853067144,6.9314285714285715,6.978666666666667,0.017995232032176265,Low Risk
2021-01-24,7.05,7.21,7.21,6.97,15.48,-1.54,-0.015363128491620137,6.97,6.996666666666666,0.012572477349492312,Low Risk
2021-01-25,7.03,7.03,7.03,7.03,63.77,-0.28,-0.0028368794326240065,7.008571428571429,7.010666666666666,0.012559646267289571,Low Risk
2021-01-26,7.07,6.96,7.09,6.96,72.37,0.57,0.005689900426742556,7.04,7.024333333333334,0.012109653471651579,Low Risk
2021-01-27,6.99,7.03,7.08,6.98,31.0,-1.13,-0.011315417256011373,7.0442857142857145,7.031333333333333,0.01220799807456132,Low Risk
2021-01-31,6.98,6.99,6.99,6.97,684.2,-0.14,-0.0014306151645206988,7.041428571428571,7.039666666666666,0.012011147482561164,Low Risk
2021-02-01,6.96,6.98,7.04,6.96,1.2,-0.29,-0.002865329512894088,7.034285714285715,7.048,0.012014995339360164,Low Risk
2021-02-02,6.96,6.88,7.08,6.88,1.75,0.0,0.0,7.005714285714285,7.056333333333333,0.007091898502237258,Low Risk
2021-02-03,6.97,6.99,7.06,6.93,443.15,0.14,0.001436781609195359,6.994285714285715,7.068666666666667,0.005203709142022463,Low Risk
2021-02-04,7.05,7.01,7.21,6.96,197.25,1.15,0.011477761836441891,6.997142857142857,7.077,0.007108609502105912,Low Risk
2021-02-07,7.05,7.01,7.01,6.98,3.25,0.0,0.0,6.994285714285715,7.079999999999999,0.006721356796343412,Low Risk
2021-02-08,6.96,6.96,7.05,6.88,46.92,-1.28,-0.012765957446808529,6.99,7.080333333333333,0.007124752327620831,Low Risk
2021-02-09,6.98,7.18,7.19,6.9,92.59,0.29,0.00287356321839094,6.99,7.081333333333333,0.007225383418718249,Low Risk
2021-02-10,6.94,7.09,7.09,6.93,49.07,-0.57,-0.005730659025787954,6.9871428571428575,7.078666666666667,0.007492472250131743,Low Risk
2021-02-11,6.88,6.94,6.96,6.87,346.23,-0.86,-0.008645533141210415,6.975714285714285,7.0680000000000005,0.008105551205876811,Low Risk
2021-02-14,6.87,6.88,6.88,6.72,106.53,-0.15,-0.0014534883720930258,6.961428571428572,7.052666666666667,0.007996651359520213,Low Risk
2021-02-15,6.87,6.85,6.85,6.85,0.02,0.0,0.0,6.935714285714286,7.0409999999999995,0.005573859882724605,Low Risk
2021-02-16,6.71,6.75,6.81,6.69,179.78,-2.33,-0.02328966521106257,6.887142857142857,7.022,0.00894585086293165,Low Risk
2021-02-17,6.71,6.71,6.71,6.5,11.98,0.0,0.0,6.851428571428571,7.002,0.00887585357323505,Low Risk
2021-02-18,6.71,6.7,6.72,6.62,55.73,0.0,0.0,6.812857142857143,6.982333333333333,0.00849989439693019,Low Risk
2021-02-21,6.67,6.69,6.69,6.59,521.62,-0.6,-0.005961251862891204,6.774285714285713,6.962666666666666,0.008500984034491545,Low Risk
2021-02-22,6.67,6.67,6.67,6.62,168.68,0.0,0.0,6.744285714285715,6.935999999999999,0.00861566001016515,Low Risk
2021-02-23,6.55,6.54,6.57,6.53,125.9,-1.8,-0.01799100449775115,6.698571428571428,6.905333333333333,0.009855563756183171,Low Risk
2021-02-24,6.61,6.54,6.72,6.53,140.6,0.92,0.009160305343511421,6.661428571428572,6.892,0.011389759152447816,Low Risk
2021-02-25,6.66,6.65,6.7,6.5,1.18,0.76,0.0075642965204236745,6.654285714285714,6.888000000000001,0.009063478265884214,Low Risk
2021-02-28,6.62,6.65,6.67,6.53,120.51,-0.6,-0.006006006006005982,6.641428571428571,6.883333333333334,0.009232154966707254,Low Risk
2021-03-01,6.56,6.64,6.64,6.52,26.89,-0.91,-0.009063444108761365,6.619999999999999,6.873666666666666,0.009552815358966186,Low Risk
2021-03-02,6.47,6.59,6.59,6.42,238.6,-1.37,-0.013719512195121908,6.591428571428572,6.857333333333333,0.010345713586422051,Low Risk
2021-03-03,6.35,6.47,6.47,6.34,1.05,-1.85,-0.018547140649149974,6.545714285714285,6.8356666666666674,0.011385575209267158,Low Risk
2021-03-04,6.35,6.43,6.43,6.34,2.91,0.0,0.0,6.517142857142857,6.813666666666666,0.010469822177809718,Low Risk
2021-03-07,6.39,6.34,6.46,6.28,81.69,0.63,0.006299212598425141,6.485714285714286,6.787999999999999,0.009893423824500232,Low Risk
2021-03-08,6.24,6.44,6.44,6.22,494.27,-2.35,-0.023474178403755763,6.425714285714285,6.761,0.01038132354993727,Low Risk
2021-03-09,6.25,6.26,6.27,6.17,160.34,0.16,0.0016025641025640969,6.372857142857143,6.735,0.011143731173896167,Low Risk
2021-03-10,6.22,6.22,6.22,6.22,316.85,-0.48,-0.0048000000000000265,6.324285714285714,6.706666666666666,0.011200507454355914,Low Risk
2021-03-11,6.22,6.22,6.22,6.18,287.62,0.0,0.0,6.288571428571429,6.681,0.011135017273376206,Low Risk
2021-03-14,6.2,6.22,6.22,6.17,42.78,-0.32,-0.003215434083601254,6.267142857142857,6.654999999999999,0.009549700215809113,Low Risk
2021-03-15,5.97,6.17,6.2,5.73,1.76,-3.71,-0.03709677419354851,6.212857142857142,6.622,0.015688351164187778,Low Risk
2021-03-16,5.97,6.09,6.09,5.94,192.76,0.0,0.0,6.152857142857142,6.589,0.014844633518245984,Low Risk
2021-03-17,5.96,5.97,5.97,5.92,160.14,-0.17,-0.0016750418760468344,6.112857142857143,6.5553333333333335,0.01368246156565991,Low Risk
2021-03-18,5.96,5.76,5.97,5.76,106.9,0.0,0.0,6.071428571428571,6.519,0.0135378141334512,Low Risk
2021-03-21,5.95,5.96,5.96,5.79,63.64,-0.17,-0.001677852348993203,6.032857142857144,6.482333333333333,0.013661096312595811,Low Risk
2021-03-22,5.75,5.77,5.95,5.72,210.01,-3.36,-0.03361344537815125,5.965714285714285,6.441999999999999,0.01667760573541307,Low Risk
2021-03-23,5.76,5.96,6.1,5.61,357.74,0.17,0.0017391304347824654,5.902857142857143,6.401333333333334,0.017163083784808505,Low Risk
2021-03-24,5.76,5.67,5.97,5.67,704.09,0.0,0.0,5.872857142857143,6.361999999999999,0.012657209882832395,Low Risk
2021-03-25,5.81,5.76,5.97,5.72,1.66,0.87,0.00868055555555558,5.8500000000000005,6.326333333333333,0.013620978363036154,Low Risk
2021-03-28,5.86,5.97,5.97,5.72,53.2,0.86,0.008605851979346157,5.835714285714286,6.2926666666666655,0.01441827420519934,Low Risk
2021-03-29,5.83,5.89,5.91,5.72,604.53,-0.51,-0.005119453924914752,5.817142857142857,6.258,0.014410601041658078,Low Risk
2021-03-30,5.75,5.89,5.89,5.72,271.37,-1.37,-0.013722126929674117,5.788571428571428,6.226,0.01492849262917476,Low Risk
2021-03-31,5.72,5.72,5.8,5.72,229.64,-0.52,-0.00521739130434784,5.784285714285714,6.193,0.008067885971632336,Low Risk
2021-04-01,5.78,5.82,5.97,5.72,139.5,1.05,0.010489510489510634,5.7871428571428565,6.162,0.009121363584368481,Low Risk
2021-04-04,5.63,5.82,5.82,5.52,169.46,-2.6,-0.02595155709342567,5.768571428571429,6.1273333333333335,0.013564827111678298,Low Risk
2021-04-05,5.7,5.62,5.9,5.57,227.71,1.24,0.01243339253996445,5.752857142857144,6.095000000000001,0.014172116189643315,Low Risk
2021-04-06,5.72,5.72,5.82,5.62,2.44,0.35,0.0035087719298245723,5.732857142857143,6.067333333333334,0.013618109442303208,Low Risk
2021-04-07,5.6,5.66,5.66,5.6,628.36,-2.1,-0.020979020979021046,5.700000000000001,6.033666666666666,0.015186906078158417,Low Risk
2021-04-08,5.57,5.68,5.68,5.56,905.06,-0.54,-0.005357142857142727,5.674285714285714,5.997333333333333,0.014767737471101727,Low Risk
2021-04-11,5.56,5.6,5.6,5.56,998.52,-0.18,-0.0017953321364453378,5.651428571428572,5.962000000000001,0.014794295113245459,Low Risk
2021-04-12,5.58,5.6,5.6,5.55,275.37,0.36,0.003597122302158251,5.622857142857143,5.929333333333333,0.013873820999207849,Low Risk
2021-04-13,5.6,5.59,5.65,5.55,2.36,0.36,0.0035842293906809264,5.618571428571428,5.900333333333334,0.010497185341822104,Low Risk
2021-04-14,5.5,5.6,5.6,5.47,3.44,-1.79,-0.017857142857142794,5.589999999999999,5.872,0.010416482585362588,Low Risk
2021-04-15,5.46,5.47,5.56,5.24,257.44,-0.73,-0.0072727272727273196,5.5528571428571425,5.8423333333333325,0.009714760021393116,Low Risk
2021-04-18,5.47,5.47,5.47,5.47,104.33,0.18,0.001831501831501825,5.534285714285714,5.8116666666666665,0.007697185088799869,Low Risk
2021-04-19,5.47,5.59,5.6,5.45,987.97,0.0,0.0,5.5200000000000005,5.786,0.007727630994278215,Low Risk
2021-04-20,5.47,5.64,5.65,5.4,737.21,0.0,0.0,5.507142857142857,5.76,0.007786764233753706,Low Risk
2021-04-21,5.47,5.59,5.59,5.45,295.69,0.0,0.0,5.491428571428571,5.735,0.007443679346778025,Low Risk
2021-04-22,5.49,5.56,5.58,5.47,1.47,0.37,0.00365630712979903,5.475714285714285,5.710666666666667,0.007454051454426283,Low Risk
2021-04-25,5.45,5.47,5.47,5.35,85.63,-0.73,-0.007285974499089298,5.468571428571429,5.685666666666667,0.00430012644835291,Low Risk
2021-04-26,5.48,5.56,5.67,5.47,4.13,0.55,0.005504587155963359,5.471428571428571,5.669333333333333,0.00404446898452125,Low Risk
2021-04-27,5.68,5.71,5.89,5.59,216.21,3.65,0.03649635036496335,5.501428571428571,5.659666666666667,0.014250156355524037,Low Risk
2021-04-28,5.62,5.62,5.72,5.6,161.56,-1.06,-0.010563380281690127,5.522857142857143,5.648333333333334,0.015437263831583944,Low Risk
2021-05-04,5.75,5.62,5.81,5.47,135.58,2.31,0.02313167259786475,5.562857142857143,5.641333333333334,0.016855790631595546,Low Risk
2021-05-05,5.66,5.77,5.77,5.61,165.96,-1.57,-0.01565217391304341,5.589999999999999,5.631666666666667,0.018896658522395984,Low Risk
2021-05-06,5.71,5.72,5.76,5.61,902.23,0.88,0.008833922261484162,5.621428571428572,5.630333333333334,0.018934716170768685,Low Risk
2021-05-09,5.78,5.73,5.85,5.72,133.83,1.23,0.012259194395796813,5.668571428571428,5.630999999999999,0.018109849123486288,Low Risk
2021-05-10,5.78,5.62,5.82,5.62,50.73,0.0,0.0,5.711428571428572,5.631666666666666,0.018382741190185473,Low Risk
2021-05-11,5.73,5.78,5.78,5.72,263.15,-0.87,-0.00865051903114189,5.718571428571429,5.6290000000000004,0.014037420904761823,Low Risk
2021-05-17,5.74,5.85,5.85,5.72,1.38,0.17,0.0017452006980802626,5.735714285714286,5.625,0.013033294965073888,Low Risk
2021-05-18,5.72,5.73,5.73,5.68,2.05,-0.35,-0.0034843205574913716,5.731428571428571,5.621333333333333,0.009659501016511368,Low Risk
2021-05-19,5.88,5.65,6.01,5.65,632.02,2.8,0.027972027972027913,5.762857142857143,5.625666666666667,0.01215931131483158,Low Risk
2021-05-20,5.95,5.97,6.01,5.82,893.32,1.19,0.011904761904761862,5.797142857142857,5.633333333333334,0.012352448547655492,Low Risk
2021-05-23,5.92,5.91,5.94,5.85,202.7,-0.5,-0.005042016806722782,5.817142857142857,5.638,0.012611046505575383,Low Risk
2021-05-24,5.8,5.86,5.89,5.73,60.96,-2.03,-0.020270270270270285,5.82,5.643666666666666,0.015534860062487832,Low Risk
2021-05-25,5.72,5.77,5.77,5.67,2.38,-1.38,-0.01379310344827589,5.818571428571429,5.644333333333333,0.016154285447220303,Low Risk
2021-05-26,5.7,5.72,5.72,5.65,61.52,-0.35,-0.0034965034965034336,5.812857142857142,5.6436666666666655,0.01617390433136674,Low Risk
2021-05-27,5.68,5.72,5.72,5.62,123.63,-0.35,-0.0035087719298246833,5.807142857142857,5.646333333333333,0.016174561372300597,Low Risk
2021-05-30,5.72,5.71,5.77,5.67,277.38,0.7,0.007042253521126751,5.784285714285714,5.651333333333333,0.011083020578659938,Low Risk
2021-05-31,5.69,5.72,5.72,5.65,519.72,-0.52,-0.005244755244755095,5.747142857142856,5.655666666666666,0.008637813170702498,Low Risk
2021-06-01,5.68,5.71,5.72,5.64,250.34,-0.18,-0.0017574692442883233,5.7128571428571435,5.659000000000001,0.008807022091886087,Low Risk
2021-06-02,5.69,5.63,5.72,5.63,716.42,0.18,0.0017605633802817433,5.697142857142857,5.662,0.00640984114157751,Low Risk
2021-06-03,5.67,5.94,5.94,5.65,89.53,-0.35,-0.0035149384885765356,5.6899999999999995,5.667666666666666,0.004268473535434615,Low Risk
2021-06-06,5.68,5.62,5.7,5.62,280.6,0.18,0.0017636684303350414,5.687142857142858,5.675,0.004269195643968289,Low Risk
2021-06-07,5.68,5.53,5.72,5.5,1.05,0.0,0.0,5.687142857142858,5.682,0.004056970240144587,Low Risk
2021-06-08,5.68,5.71,5.72,5.65,622.95,0.0,0.0,5.6814285714285715,5.689000000000001,0.002651263490493545,Low Risk
2021-06-09,5.67,5.63,5.7,5.63,328.39,-0.18,-0.0017605633802816323,5.678571428571429,5.695666666666667,0.001957653087832191,Low Risk
2021-06-10,5.64,5.71,5.71,5.53,3.66,-0.53,-0.005291005291005346,5.672857142857143,5.701333333333333,0.0026637822958595183,Low Risk
2021-06-13,5.66,5.7,5.72,5.6,295.97,0.35,0.0035460992907803135,5.668571428571428,5.707,0.0030327887015448346,Low Risk
2021-06-14,5.61,5.67,5.67,5.57,240.12,-0.88,-0.00883392226148405,5.659999999999999,5.712333333333333,0.004259105161513115,Low Risk
2021-06-15,5.57,5.67,5.7,5.5,603.73,-0.71,-0.007130124777183555,5.644285714285714,5.715333333333334,0.004442114327987088,Low Risk
2021-06-16,5.55,5.54,5.63,5.52,151.04,-0.36,-0.0035906642728905647,5.625714285714286,5.710999999999999,0.004271444979696844,Low Risk
2021-06-17,5.55,5.48,5.59,5.47,254.69,0.0,0.0,5.607142857142857,5.708666666666667,0.004271444979696844,Low Risk
2021-06-20,5.56,5.64,5.66,5.52,146.44,0.18,0.0018018018018017834,5.591428571428572,5.702333333333333,0.004677544230328583,Low Risk
2021-06-21,5.48,5.54,5.61,5.47,2.27,-1.44,-0.014388489208632893,5.5685714285714285,5.696333333333333,0.00642659373313014,Low Risk
2021-06-22,5.69,5.55,5.76,5.55,1.31,3.83,0.038321167883211604,5.572857142857144,5.695666666666667,0.01739301153525143,Low Risk
2021-06-23,5.68,5.71,5.76,5.63,491.71,-0.18,-0.0017574692442883233,5.582857142857143,5.692333333333334,0.01693371070133727,Low Risk
2021-06-24,5.67,5.72,5.72,5.62,645.46,-0.18,-0.0017605633802816323,5.597142857142857,5.688666666666666,0.016574620143640785,Low Risk
2021-06-27,5.73,5.75,5.97,5.66,2.28,1.06,0.010582010582010692,5.622857142857143,5.688666666666666,0.016549306464108397,Low Risk
2021-06-28,5.91,5.82,6.02,5.78,5.56,3.14,0.03141361256544495,5.674285714285714,5.694333333333334,0.019125646619077334,Low Risk
2021-06-29,5.84,5.94,6.02,5.72,3.24,-1.18,-0.011844331641285955,5.714285714285714,5.698333333333334,0.020637900293633733,Medium Risk
2021-06-30,5.88,5.87,5.94,5.82,3.24,0.68,0.006849315068493178,5.771428571428571,5.698333333333333,0.01836734366849278,Low Risk
2021-07-04,5.88,5.91,5.97,5.82,896.36,0.0,0.0,5.798571428571428,5.696,0.013735773932241681,Low Risk
2021-07-05,5.89,5.97,5.97,5.82,1.41,0.17,0.001700680272108901,5.828571428571428,5.695000000000001,0.013521845998359113,Low Risk
2021-07-06,5.72,5.79,5.82,5.63,1.4,-2.89,-0.028862478777589073,5.835714285714286,5.692333333333334,0.018744338825960556,Low Risk
2021-07-07,5.76,5.74,5.83,5.63,544.76,0.7,0.006993006993007089,5.839999999999999,5.693666666666667,0.018498979686824096,Low Risk
2021-07-08,5.65,5.75,5.76,5.6,1.36,-1.91,-0.0190972222222221,5.802857142857143,5.692000000000001,0.013885722047312928,Low Risk
2021-07-11,5.68,5.76,5.76,5.6,578.73,0.53,0.005309734513274211,5.779999999999999,5.691999999999999,0.014257616630169181,Low Risk
2021-07-12,5.67,5.7,5.74,5.63,1.33,-0.18,-0.0017605633802816323,5.75,5.690333333333333,0.013531396004225952,Low Risk
2021-07-13,5.73,5.68,5.8,5.65,1.51,1.06,0.010582010582010692,5.728571428571429,5.691666666666666,0.014734095678177407,Low Risk
2021-07-14,5.73,5.82,5.82,5.7,8.29,0.0,0.0,5.7057142857142855,5.693333333333333,0.014646061583428181,Low Risk
2021-07-15,5.77,5.72,5.91,5.71,2.35,0.7,0.00698080279232105,5.7128571428571435,5.696,0.009950025524852633,Low Risk
2021-07-18,5.92,5.75,6.01,5.75,2.04,2.6,0.025996533795493937,5.735714285714287,5.7043333333333335,0.013665264351096027,Low Risk
2021-07-25,6.01,6.02,6.09,5.97,2.21,1.52,0.01520270270270263,5.7871428571428565,5.715333333333334,0.009524316305837359,Low Risk
2021-07-26,5.96,6.07,6.07,5.91,1.57,-0.83,-0.008319467554076532,5.827142857142857,5.724666666666667,0.011557125569172946,Low Risk
2021-07-27,5.94,5.99,6.01,5.89,1.04,-0.34,-0.003355704697986517,5.865714285714286,5.733333333333333,0.011771346847919367,Low Risk
2021-07-28,5.94,5.94,5.99,5.91,908.85,0.0,0.0,5.895714285714285,5.742333333333334,0.011872767528129049,Low Risk
2021-07-29,5.92,5.97,6.01,5.87,910.97,-0.34,-0.0033670033670034627,5.922857142857143,5.751666666666666,0.012183394103622073,Low Risk
2021-08-01,5.98,5.96,6.16,5.89,1.83,1.01,0.01013513513513531,5.952857142857143,5.762333333333333,0.012337702449132949,Low Risk
2021-08-02,6.0,6.01,6.17,5.95,2.73,0.33,0.0033444816053511683,5.964285714285714,5.775333333333334,0.008269024752730544,Low Risk
2021-08-03,5.98,6.0,6.06,5.9,1.91,-0.33,-0.0033333333333332993,5.96,5.789,0.005963840863858267,Low Risk
2021-08-04,5.98,5.98,6.04,5.92,1.09,0.0,0.0,5.9628571428571435,5.803333333333334,0.004931880785402547,Low Risk
2021-08-05,5.99,5.94,6.07,5.94,689.33,0.17,0.0016722408026754731,5.97,5.818,0.004635851311250142,Low Risk
2021-08-08,6.09,6.03,6.16,6.03,2.27,1.67,0.016694490818029983,5.991428571428572,5.835666666666667,0.007388336042101509,Low Risk
2021-08-09,6.05,6.14,6.14,6.0,652.3,-0.66,-0.006568144499178974,6.01,5.854666666666668,0.007967264319778133,Low Risk
2021-08-10,6.11,6.09,6.15,6.03,1.06,0.99,0.009917355371900971,6.028571428571428,5.868666666666667,0.007935736401868109,Low Risk
2021-08-11,6.18,6.11,6.24,6.06,2.05,1.15,0.011456628477904962,6.054285714285713,5.8853333333333335,0.0085456144927922,Low Risk
2021-08-15,6.3,6.24,6.44,6.22,4.29,1.94,0.01941747572815533,6.1000000000000005,5.906333333333334,0.009453286144756443,Low Risk
2021-08-16,6.47,6.33,6.64,6.23,5.65,2.7,0.026984126984126888,6.17,5.931,0.011216462872288255,Low Risk
2021-08-17,6.53,6.59,6.62,6.43,6.27,0.93,0.009273570324574987,6.247142857142857,5.951666666666667,0.010464087602118557,Low Risk
2021-08-18,6.49,6.59,6.59,6.44,2.92,-0.61,-0.006125574272588086,6.304285714285713,5.973333333333333,0.01231389249522514,Low Risk
2021-08-19,6.44,6.5,6.5,6.4,2.22,-0.77,-0.007704160246533087,6.36,5.992,0.01256124408381753,Low Risk
2021-08-22,6.44,6.42,6.47,6.42,2.78,0.0,0.0,6.4071428571428575,6.010666666666666,0.012996401771869647,Low Risk
2021-08-23,6.47,6.44,6.52,6.44,5.49,0.47,0.004658385093167627,6.448571428571428,6.029999999999999,0.012915199170162208,Low Risk
2021-08-24,6.49,6.47,6.55,6.44,3.11,0.31,0.0030911901081918103,6.475714285714285,6.055666666666666,0.011634555451294173,Low Risk
2021-08-25,6.52,6.53,6.53,6.47,3.52,0.46,0.0046224961479197635,6.482857142857143,6.081,0.006147796563085497,Low Risk
2021-08-26,6.59,6.53,6.69,6.48,2.11,1.07,0.010736196319018454,6.491428571428571,6.112333333333334,0.006486747973673709,Low Risk
2021-08-29,6.61,6.65,6.66,6.55,406.66,0.3,0.003034901365705611,6.508571428571429,6.143333333333333,0.0055958778722255366,Low Risk
2021-08-30,6.66,6.53,6.71,6.53,2.46,0.76,0.0075642965204236745,6.54,6.176333333333333,0.0034642286055732202,Low Risk
2021-08-31,6.78,6.65,6.91,6.61,3.67,1.8,0.018018018018018056,6.588571428571429,6.211333333333333,0.005427547348641216,Low Risk
2021-09-01,6.91,6.94,6.94,6.86,1.19,1.92,0.019174041297935096,6.651428571428572,6.250666666666666,0.006807711938646829,Low Risk
2021-09-02,6.98,6.93,7.09,6.89,3.0,1.01,0.01013024602026058,6.721428571428572,6.291,0.006202637827896049,Low Risk
2021-09-05,6.92,7.03,7.15,6.84,931.69,-0.86,-0.008595988538682042,6.778571428571428,6.324333333333333,0.009444193054511739,Low Risk
2021-09-06,6.96,6.85,6.96,6.47,2.06,0.58,0.005780346820809301,6.831428571428572,6.356,0.009441392533911956,Low Risk
2021-09-07,6.81,6.95,6.96,6.69,564.16,-2.16,-0.02155172413793105,6.86,6.384333333333333,0.014667725357084304,Low Risk
2021-09-08,6.83,6.92,6.92,6.79,297.9,0.29,0.002936857562408246,6.884285714285714,6.414,0.01460337166364478,Low Risk
2021-09-09,6.79,6.73,6.89,6.73,276.6,-0.59,-0.005856515373352855,6.885714285714285,6.442333333333334,0.01344363885720742,Low Risk
2021-09-12,6.8,6.79,6.9,6.76,629.25,0.15,0.0014727540500736325,6.87,6.471666666666667,0.01067983931840616,Low Risk
2021-09-13,6.82,6.84,6.89,6.8,389.63,0.29,0.002941176470588225,6.847142857142857,6.499666666666667,0.009581091620276039,Low Risk
2021-09-14,6.85,6.82,6.9,6.74,269.22,0.44,0.004398826979472137,6.837142857142857,6.5280000000000005,0.00963537126914545,Low Risk
2021-09-15,6.86,6.8,6.87,6.8,511.3,0.15,0.0014598540145986938,6.822857142857144,6.557333333333333,0.009227679087601973,Low Risk
2021-09-16,6.96,6.85,7.09,6.84,666.96,1.46,0.014577259475218707,6.844285714285713,6.59,0.006041742045445619,Low Risk
2021-09-19,6.88,7.0,7.0,6.84,532.17,-1.15,-0.011494252873563204,6.851428571428571,6.619666666666666,0.008197354243927764,Low Risk
2021-09-20,6.78,6.84,6.84,6.63,1.45,-1.45,-0.014534883720930147,6.8500000000000005,6.642666666666667,0.009899317291324811,Low Risk
2021-09-21,6.69,6.62,6.71,6.52,662.57,-1.33,-0.013274336283185861,6.834285714285714,6.664,0.010999856197999145,Low Risk
2021-09-22,6.63,6.72,6.81,6.59,155.64,-0.9,-0.008968609865470878,6.807142857142857,6.681333333333333,0.010979594961522537,Low Risk
2021-09-23,6.65,6.67,6.72,6.59,1.26,0.3,0.003016591251885359,6.778571428571429,6.697,0.010815059433775781,Low Risk
2021-09-26,6.63,6.69,6.69,6.61,122.65,-0.3,-0.00300751879699257,6.745714285714286,6.707999999999999,0.01055589794238939,Low Risk
2021-09-27,6.49,6.6,6.62,6.49,568.67,-2.11,-0.02111613876319751,6.678571428571429,6.708666666666667,0.007920678872256687,Low Risk
2021-09-28,6.42,6.49,6.49,6.41,285.99,-1.08,-0.01078582434514641,6.612857142857143,6.704999999999999,0.00790158517734426,Low Risk
2021-09-29,6.25,6.47,6.47,6.22,541.57,-2.65,-0.026479750778816147,6.5371428571428565,6.697,0.010081179330398017,Low Risk
2021-09-30,6.4,6.22,6.62,6.22,683.82,2.4,0.02400000000000002,6.4957142857142856,6.695666666666667,0.016681484097859085,Low Risk
2021-10-03,6.35,6.47,6.54,6.34,235.24,-0.78,-0.007812500000000111,6.4557142857142855,6.692666666666667,0.01665510972030693,Low Risk
2021-10-04,6.39,6.46,6.46,6.27,2.51,0.63,0.006299212598425141,6.418571428571428,6.69,0.016994911308489506,Low Risk
2021-10-05,6.39,6.44,6.44,6.35,117.96,0.0,0.0,6.384285714285714,6.6866666666666665,0.017107762929098626,Low Risk
2021-10-06,6.41,6.39,6.43,6.35,49.43,0.31,0.003129890453834161,6.372857142857143,6.683000000000001,0.015730210587623923,Low Risk
2021-10-10,6.39,6.43,6.45,6.38,126.04,-0.31,-0.0031201248049922414,6.368571428571428,6.676333333333333,0.015248809750373161,Low Risk
2021-10-11,6.49,6.45,6.52,6.38,1.96,1.56,0.015649452269170583,6.402857142857143,6.6723333333333334,0.011055005201203493,Low Risk
2021-10-12,6.59,6.51,6.64,6.5,838.78,1.54,0.015408320493066174,6.430000000000001,6.670000000000001,0.008923650391614715,Low Risk
2021-10-13,6.61,6.62,6.63,6.5,1.05,0.3,0.003034901365705611,6.467142857142858,6.664333333333333,0.007275060224798264,Low Risk
2021-10-14,6.75,6.62,6.79,6.59,2.48,2.12,0.021180030257186067,6.518571428571429,6.659000000000001,0.009336883200082276,Low Risk
2021-10-17,6.8,6.77,6.84,6.75,209.68,0.74,0.007407407407407307,6.577142857142857,6.6530000000000005,0.008689989920537978,Low Risk
2021-10-18,6.84,6.87,6.87,6.73,931.27,0.59,0.00588235294117645,6.638571428571429,6.650333333333334,0.008441155915216745,Low Risk
2021-10-19,6.64,6.84,6.86,5.72,616.04,-2.92,-0.0292397660818714,6.674285714285714,6.639666666666667,0.01665165312250909,Low Risk
2021-10-20,6.61,6.72,6.72,6.48,391.29,-0.45,-0.004518072289156572,6.691428571428572,6.633,0.016368934320277195,Low Risk
2021-10-24,6.66,6.57,6.71,6.57,86.37,0.76,0.0075642965204236745,6.701428571428571,6.627333333333334,0.015607658926022377,Low Risk
2021-10-25,6.64,6.66,6.75,6.49,1.71,-0.3,-0.0030030030030030463,6.7057142857142855,6.622333333333333,0.01568282767399509,Low Risk
2021-10-26,6.84,6.65,6.91,6.65,2.39,3.01,0.030120481927710774,6.718571428571429,6.623666666666667,0.017839410422384728,Low Risk
2021-10-27,6.83,6.93,6.93,6.72,258.64,-0.15,-0.0014619883040934978,6.722857142857143,6.624,0.01770836055432682,Low Risk
2021-10-28,6.79,6.84,6.84,6.75,204.13,-0.59,-0.005856515373352855,6.715714285714285,6.622,0.01769864224010624,Low Risk
2021-10-31,6.67,6.77,6.77,6.62,539.8,-1.77,-0.0176730486008837,6.720000000000001,6.615666666666667,0.014937895068812174,Low Risk
2021-11-01,6.83,6.67,6.87,6.64,1.61,2.4,0.02398800599700146,6.751428571428571,6.6113333333333335,0.017008063905558674,Low Risk
2021-11-02,6.84,6.84,6.89,6.76,1.07,0.15,0.0014641288433381305,6.777142857142857,6.61,0.01699976699591393,Low Risk
2021-11-03,6.96,6.83,6.97,6.78,1.05,1.75,0.01754385964912286,6.822857142857143,6.616,0.017371015346387176,Low Risk
2021-11-04,6.92,6.97,6.97,6.85,318.96,-0.57,-0.005747126436781658,6.8342857142857145,6.623666666666667,0.014408876284910927,Low Risk
2021-11-07,6.95,6.97,6.97,6.87,804.99,0.43,0.004335260115607031,6.851428571428571,6.634333333333333,0.014359942679931174,Low Risk
2021-11-08,6.92,6.95,6.99,6.87,1.31,-0.43,-0.004316546762589968,6.869999999999999,6.6433333333333335,0.014220284184608824,Low Risk
2021-11-09,6.96,6.94,6.96,6.91,869.24,0.58,0.005780346820809301,6.911428571428571,6.654333333333333,0.01098857001952205,Low Risk
2021-11-10,7.0,6.96,7.01,6.92,2.08,0.57,0.005747126436781658,6.935714285714285,6.671333333333333,0.007734298780271876,Low Risk
2021-11-11,7.18,7.06,7.31,6.96,1.98,2.57,0.02571428571428558,6.984285714285714,6.696666666666667,0.01127023030169557,Low Risk
2021-11-14,7.22,7.22,7.25,7.09,400.41,0.56,0.0055710306406684396,7.021428571428571,6.729,0.010268843137315162,Low Risk
2021-11-15,7.22,7.2,7.32,7.14,825.15,0.0,0.0,7.064285714285715,6.756333333333333,0.009434449228360975,Low Risk
2021-11-16,7.12,7.18,7.32,7.07,77.07,-1.39,-0.013850415512465353,7.088571428571428,6.782,0.012127073708296592,Low Risk
2021-11-17,7.02,7.12,7.21,6.91,640.25,-1.4,-0.014044943820224809,7.102857142857142,6.803,0.013638225933910028,Low Risk
2021-11-18,7.2,7.18,7.21,7.01,904.67,2.56,0.025641025641025772,7.137142857142857,6.83,0.016325128190035582,Low Risk
2021-11-21,7.21,7.08,7.22,6.97,1.0,0.14,0.001388888888888884,7.167142857142857,6.856666666666667,0.016373510237916566,Low Risk
2021-11-22,7.21,7.17,7.21,7.17,11.44,0.0,0.0,7.171428571428572,6.884,0.013393772357109125,Low Risk
2021-11-23,7.22,7.21,7.28,7.18,81.64,0.14,0.001386962552011095,7.171428571428572,6.908333333333333,0.013231090127527245,Low Risk
2021-11-24,7.12,7.27,7.27,5.98,354.23,-1.39,-0.013850415512465353,7.1571428571428575,6.925999999999999,0.014241157544488186,Low Risk
2021-11-25,7.21,7.21,7.28,7.19,2.42,1.26,0.012640449438202195,7.17,6.946,0.014056090583760728,Low Risk
2021-11-28,7.03,7.21,7.26,6.84,54.83,-2.5,-0.02496532593619971,7.171428571428572,6.955333333333333,0.016509994596979116,Low Risk
2021-11-29,7.04,7.03,7.13,6.97,321.58,0.14,0.0014224751066855834,7.148571428571429,6.963333333333333,0.012327208655662057,Low Risk
2021-11-30,7.21,7.09,7.21,6.96,2.88,2.41,0.024147727272727293,7.148571428571429,6.975666666666666,0.01613409935393268,Low Risk
2021-12-01,7.21,7.2,7.2,7.05,41.96,0.0,0.0,7.148571428571429,6.994666666666666,0.01613409935393268,Low Risk
2021-12-02,7.12,7.09,7.19,7.09,123.77,-1.25,-0.012482662968099856,7.134285714285714,7.011666666666667,0.01678970725458606,Low Risk
2021-12-05,7.1,7.03,7.19,7.03,79.21,-0.28,-0.002808988764045006,7.131428571428572,7.026333333333333,0.015975469291748156,Low Risk
2021-12-06,7.61,7.2,7.71,7.2,3.79,7.18,0.07183098591549308,7.188571428571429,7.058666666666666,0.03179441013776201,Medium Risk
2021-12-07,7.57,7.71,7.71,7.49,1.24,-0.53,-0.005256241787122251,7.265714285714286,7.083,0.02913298965130792,Medium Risk
2021-12-08,7.58,7.59,7.65,7.49,469.24,0.13,0.0013210039630118242,7.3428571428571425,7.108,0.029138562001770108,Medium Risk
2021-12-09,7.59,7.64,7.64,7.51,4.6,0.13,0.0013192612137202797,7.397142857142858,7.134666666666666,0.028691234506451984,Medium Risk
2021-12-12,7.95,7.84,8.1,7.74,3.65,4.74,0.04743083003952564,7.502857142857143,7.177333333333333,0.03198090724620685,Medium Risk
2021-12-13,8.01,8.03,8.3,7.84,4.78,0.75,0.007547169811320753,7.630000000000001,7.216666666666667,0.03000130362643187,Medium Risk
2021-12-14,7.84,8.03,8.18,7.84,1.44,-2.12,-0.02122347066167285,7.735714285714286,7.25,0.03274448582517562,Medium Risk
2021-12-15,8.16,7.89,8.21,7.86,1.36,4.08,0.04081632653061229,7.814285714285715,7.290000000000001,0.02488145792181134,Medium Risk
2021-12-16,8.47,8.23,8.57,8.22,2.51,3.8,0.03799019607843146,7.942857142857143,7.341666666666667,0.02573546814481649,Medium Risk
2021-12-19,8.35,8.61,8.61,8.33,747.62,-1.42,-0.01416765053128699,8.052857142857144,7.388333333333334,0.027834019408898587,Medium Risk
2021-12-20,8.19,8.36,8.36,8.12,1.1,-1.92,-0.01916167664670665,8.138571428571428,7.430666666666666,0.030379240020014457,Medium Risk
2021-12-21,8.17,8.21,8.32,8.14,1.27,-0.24,-0.0024420024420024333,8.17,7.471000000000001,0.026036332315510502,Medium Risk
2021-12-22,8.16,8.21,8.22,8.14,1.29,-0.12,-0.001223990208078285,8.19142857142857,7.509666666666667,0.026059119467413405,Medium Risk
2021-12-23,8.23,8.18,8.28,8.13,1.38,0.86,0.008578431372548989,8.247142857142858,7.544666666666667,0.02378879269960853,Medium Risk
2021-12-26,8.29,8.23,8.44,8.23,947.34,0.73,0.007290400972053357,8.265714285714285,7.580333333333333,0.01872930746890183,Low Risk
2021-12-27,8.35,8.36,8.4,8.26,1.53,0.72,0.007237635705669598,8.248571428571427,7.618,0.011006962427198553,Low Risk
2021-12-28,8.26,8.38,8.42,8.24,410.57,-1.08,-0.010778443113772407,8.235714285714286,7.656000000000001,0.010441743823724637,Low Risk
2021-12-29,8.33,8.33,8.36,8.24,3.23,0.85,0.008474576271186418,8.255714285714285,7.699666666666666,0.007445644152712746,Low Risk
2021-12-30,8.42,8.62,8.62,8.03,756.32,1.08,0.010804321728691502,8.291428571428572,7.740333333333334,0.007675425541122434,Low Risk
2022-01-02,8.22,8.55,8.55,8.18,533.91,-2.38,-0.02375296912114011,8.3,7.774,0.013160806120275526,Low Risk
2022-01-03,7.91,8.2,8.3,7.85,931.79,-3.77,-0.03771289537712896,8.254285714285714,7.797333333333333,0.019086052154655746,Low Risk
2022-01-04,8.14,7.92,8.33,7.92,1.33,2.91,0.029077117572692934,8.232857142857142,7.827999999999999,0.02291087248109259,Medium Risk
2022-01-05,8.4,8.2,8.47,8.11,1.0,3.19,0.03194103194103182,8.24,7.870666666666667,0.026292068359406496,Medium Risk
2022-01-09,8.38,8.45,8.45,8.26,249.74,-0.24,-0.0023809523809523725,8.257142857142856,7.909666666666667,0.025844846258763068,Medium Risk
2022-01-10,8.21,8.31,8.36,8.19,269.0,-2.03,-0.02028639618138428,8.24,7.949,0.02697055139848782,Medium Risk
2022-01-11,8.24,8.2,8.3,8.19,270.27,0.37,0.0036540803897684437,8.214285714285714,7.989000000000001,0.02654753330933623,Medium Risk
2022-01-12,8.3,8.25,8.42,8.24,739.29,0.73,0.00728155339805836,8.225714285714286,8.025333333333334,0.02500805081742084,Medium Risk
2022-01-13,8.22,8.33,8.39,8.2,851.46,-0.96,-0.009638554216867434,8.27,8.059000000000001,0.019225093082906413,Low Risk
2022-01-16,8.14,8.32,8.32,8.13,86.34,-0.97,-0.009732360097323589,8.27,8.093,0.016789529438097646,Low Risk
2022-01-17,8.11,8.15,8.2,8.07,79.16,-0.37,-0.0036855036855037993,8.22857142857143,8.126666666666667,0.009236665029919553,Low Risk
2022-01-18,8.16,8.13,8.2,8.06,171.54,0.62,0.006165228113440335,8.197142857142856,8.145000000000001,0.010155028127507808,Low Risk
2022-01-19,8.0,8.2,8.2,7.9,241.62,-1.96,-0.019607843137254943,8.167142857142858,8.159333333333333,0.00997245398896232,Low Risk
2022-01-20,8.02,8.09,8.12,7.99,531.92,0.25,0.0024999999999999467,8.135714285714286,8.174,0.009840200295683384,Low Risk
2022-01-23,7.97,8.05,8.05,7.92,68.35,-0.62,-0.006234413965087282,8.088571428571429,8.186666666666666,0.008539631003280975,Low Risk
2022-01-24,8.0,7.95,8.06,7.95,844.82,0.38,0.0037641154328733606,8.057142857142857,8.188333333333333,0.009011328861114843,Low Risk
2022-01-25,8.01,8.0,8.03,7.98,463.24,0.13,0.0012499999999999734,8.038571428571428,8.188333333333334,0.008765725951941222,Low Risk
2022-01-26,7.99,8.03,8.03,7.95,89.82,-0.25,-0.0024968789013731785,8.02142857142857,8.193333333333333,0.008745089837954967,Low Risk
2022-01-30,8.0,8.05,8.05,7.97,173.54,0.13,0.0012515644555695093,7.998571428571428,8.187999999999999,0.00814847488705907,Low Risk
2022-01-31,8.01,8.0,8.03,7.9,350.67,0.13,0.0012499999999999734,7.999999999999999,8.172666666666666,0.003415080185139811,Low Risk
2022-02-01,8.13,8.0,8.16,8.0,253.62,1.5,0.014981273408239737,8.015714285714285,8.165333333333333,0.0065996258293076655,Low Risk
2022-02-02,8.6,8.19,9.0,8.18,2.57,5.78,0.05781057810578094,8.105714285714287,8.179,0.021317706419859132,Medium Risk
2022-02-03,8.69,8.6,8.75,8.53,854.47,1.05,0.010465116279069653,8.204285714285714,8.196333333333333,0.021081701748362026,Medium Risk
2022-02-06,8.79,8.71,8.87,8.63,279.26,1.15,0.011507479861910141,8.315714285714286,8.217333333333332,0.020553907248272503,Medium Risk
2022-02-07,8.6,8.7,8.7,8.5,949.34,-2.16,-0.021615472127417434,8.402857142857142,8.229666666666667,0.024018145104991492,Medium Risk
2022-02-08,8.59,8.57,8.68,8.54,278.42,-0.12,-0.0011627906976744429,8.487142857142857,8.239666666666666,0.024194922465944627,Medium Risk
2022-02-09,8.47,8.61,8.67,8.45,107.43,-1.4,-0.013969732246798539,8.552857142857144,8.243666666666666,0.02579189883103386,Medium Risk
2022-02-10,8.28,8.53,8.6,8.15,356.8,-2.24,-0.02243211334120443,8.574285714285713,8.244333333333334,0.027959186429574432,Medium Risk
2022-02-13,8.08,8.32,8.32,8.0,332.43,-2.42,-0.02415458937198056,8.5,8.236,0.015569295160172674,Low Risk
2022-02-14,7.92,8.01,8.05,7.9,873.81,-1.98,-0.01980198019801982,8.389999999999999,8.219333333333333,0.013388445508827469,Low Risk
2022-02-15,8.0,7.94,8.13,7.94,792.94,1.01,0.010101010101010166,8.277142857142858,8.212,0.012961529623948004,Low Risk
2022-02-16,8.32,8.06,8.37,8.06,144.49,4.0,0.040000000000000036,8.237142857142857,8.225666666666667,0.023224504125133355,Medium Risk
2022-02-17,8.33,8.33,8.4,8.3,695.87,0.12,0.0012019230769231282,8.200000000000001,8.232,0.02329802479076758,Medium Risk
2022-02-20,8.12,8.3,8.39,8.1,711.73,-2.52,-0.025210084033613578,8.15,8.222666666666667,0.024446611180098894,Medium Risk
2022-02-21,8.51,8.19,8.59,8.19,294.59,4.8,0.04802955665024644,8.182857142857143,8.227,0.030252899227191966,Medium Risk
2022-02-22,8.2,8.22,8.27,8.13,1.12,-3.64,-0.03642773207990602,8.200000000000001,8.226666666666667,0.03245310529586476,Medium Risk
2022-02-23,8.17,8.16,8.23,8.1,563.3,-0.37,-0.003658536585365746,8.235714285714286,8.224333333333332,0.031146781903000943,Medium Risk
2022-02-24,7.98,8.0,8.01,7.9,1.51,-2.33,-0.023255813953488302,8.232857142857144,8.213666666666667,0.0327234950797446,Medium Risk
2022-02-27,7.97,8.15,8.15,7.91,492.7,-0.13,-0.0012531328320802837,8.182857142857143,8.205333333333334,0.027662919344464975,Medium Risk
2022-02-28,7.89,7.97,8.0,7.81,554.08,-1.0,-0.010037641154328703,8.120000000000001,8.197,0.027514815885535483,Medium Risk
2022-03-01,7.9,7.96,7.99,7.84,769.11,0.13,0.0012674271229404788,8.088571428571429,8.19,0.026458350227931166,Medium Risk
2022-03-02,7.82,7.9,8.05,7.7,515.95,-1.01,-0.010126582278481067,7.99,8.178666666666667,0.013489693054501114,Low Risk
2022-03-03,7.8,7.82,7.9,7.7,1.13,-0.26,-0.002557544757033292,7.932857142857143,8.172,0.008321424654523383,Low Risk
2022-03-06,7.57,7.8,7.81,7.5,404.91,-2.95,-0.029487179487179382,7.847142857142857,8.157,0.011619617069857039,Low Risk
2022-03-07,7.53,7.6,7.8,7.5,1.79,-0.53,-0.005284015852047519,7.782857142857142,8.142333333333333,0.010315547934895006,Low Risk
2022-03-08,7.35,7.5,7.5,7.3,566.0,-2.39,-0.02390438247011961,7.694285714285714,8.120666666666667,0.011277009756728438,Low Risk
2022-03-09,7.3,7.31,7.41,7.3,1.37,-0.68,-0.006802721088435382,7.609999999999999,8.097,0.01140989789315991,Low Risk
2022-03-10,7.3,7.35,7.37,7.26,2.26,0.0,0.0,7.524285714285715,8.074,0.011191018668090288,Low Risk
2022-03-13,7.33,7.4,7.4,7.26,114.67,0.41,0.004109589041095818,7.454285714285715,8.051666666666668,0.01261444742744244,Low Risk
2022-03-14,7.3,7.28,7.33,7.26,235.67,-0.41,-0.004092769440654842,7.382857142857143,8.027999999999999,0.012493854457388027,Low Risk
2022-03-15,7.26,7.24,7.33,7.15,141.02,-0.55,-0.005479452054794498,7.338571428571429,7.999,0.00879198089656954,Low Risk
2022-03-16,7.27,7.29,7.35,7.26,629.04,0.14,0.0013774104683195176,7.301428571428572,7.954666666666666,0.009222510838512972,Low Risk
2022-03-17,7.22,7.3,7.33,7.15,2.34,-0.69,-0.00687757909215958,7.282857142857142,7.905666666666666,0.00435988463198791,Low Risk
2022-03-20,7.25,7.25,7.29,7.22,1.32,0.42,0.0041551246537396835,7.275714285714286,7.854333333333333,0.004537008124982714,Low Risk
2022-03-21,7.6,7.35,7.9,7.35,3.94,4.83,0.04827586206896539,7.3185714285714285,7.821,0.019213829742478202,Low Risk
2022-03-22,7.52,7.7,7.95,7.47,3.13,-1.05,-0.010526315789473717,7.345714285714286,7.785333333333333,0.020214465578795013,Medium Risk
2022-03-23,7.69,7.65,7.71,7.52,2.23,2.26,0.022606382978723527,7.401428571428572,7.759333333333332,0.020974290078339255,Medium Risk
2022-03-24,7.78,7.72,7.81,7.1,772.15,1.17,0.011703511053315907,7.475714285714285,7.742666666666667,0.02017211558855324,Medium Risk
2022-03-27,7.7,7.73,7.8,7.52,267.11,-1.03,-0.010282776349614386,7.5371428571428565,7.73,0.021453378124406227,Medium Risk
2022-03-28,7.62,7.62,7.7,7.55,901.29,-1.04,-0.010389610389610393,7.594285714285715,7.720000000000001,0.02190746700999657,Medium Risk
2022-03-29,7.48,7.6,7.6,7.43,836.09,-1.84,-0.01837270341207342,7.627142857142857,7.702666666666667,0.024100179354895928,Medium Risk
2022-03-30,7.4,7.6,7.6,7.4,564.85,-1.07,-0.010695187165775444,7.598571428571428,7.672,0.01487837786147007,Low Risk
2022-03-31,7.45,7.42,7.59,7.3,929.19,0.68,0.006756756756756799,7.588571428571429,7.642666666666667,0.014991941375927983,Low Risk
2022-04-03,7.6,7.5,7.67,7.5,314.05,2.01,0.020134228187919323,7.575714285714286,7.625333333333333,0.014352055079778329,Low Risk
2022-04-04,7.53,7.6,7.6,7.46,252.89,-0.92,-0.009210526315789447,7.54,7.592666666666667,0.013258106420233841,Low Risk
2022-04-05,7.42,7.5,7.52,7.4,270.47,-1.46,-0.014608233731739695,7.5,7.566666666666666,0.013662817885860138,Low Risk
2022-04-06,7.42,7.45,7.7,7.39,184.25,0.0,0.0,7.471428571428571,7.541666666666667,0.013568832055439427,Low Risk
2022-04-07,7.47,7.4,7.5,7.38,104.15,0.67,0.006738544474393482,7.47,7.524666666666666,0.012308252396888878,Low Risk
2022-04-10,7.48,7.64,7.64,7.39,505.94,0.13,0.0013386880856760541,7.481428571428572,7.508333333333334,0.011392370495156892,Low Risk
2022-04-11,7.38,7.47,7.49,7.35,67.43,-1.34,-0.013368983957219305,7.471428571428571,7.491333333333333,0.012369591134144684,Low Risk
2022-04-12,7.34,7.35,7.44,7.1,191.06,-0.54,-0.005420054200542035,7.434285714285714,7.472666666666667,0.00799170337601706,Low Risk
2022-04-13,7.31,7.4,7.4,7.29,509.04,-0.41,-0.004087193460490468,7.402857142857143,7.4556666666666676,0.0077660765216969645,Low Risk
2022-04-14,7.1,7.34,7.34,7.06,10.7,-2.87,-0.028727770177838563,7.357142857142857,7.432333333333333,0.011737706210326822,Low Risk
2022-04-17,7.08,7.1,7.24,7.06,86.26,-0.28,-0.0028169014084505895,7.308571428571429,7.4159999999999995,0.011535541087371969,Low Risk
2022-04-18,7.39,7.1,7.5,7.1,625.15,4.38,0.043785310734463234,7.297142857142857,7.411333333333333,0.022228471287392488,Medium Risk
2022-04-19,6.73,6.64,6.84,6.2,623.06,-8.93,-0.08930987821380232,7.1899999999999995,7.390666666666666,0.039842242015004165,Medium Risk
2022-04-20,6.51,6.68,6.7,6.45,87.46,-3.27,-0.03268945022288272,7.065714285714286,7.364333333333333,0.040433603660640596,Medium Risk
2022-04-21,6.57,6.64,6.64,6.51,87.83,0.92,0.009216589861751334,6.9557142857142855,7.340000000000001,0.041498955633379166,Medium Risk
2022-04-26,6.5,6.65,6.75,6.47,286.88,-1.07,-0.010654490106544956,6.839999999999999,7.312333333333333,0.04128621292224097,Medium Risk
2022-04-27,6.42,6.65,6.65,6.39,184.07,-1.23,-0.012307692307692353,6.742857142857143,7.283,0.040899590691862206,Medium Risk
2022-04-28,6.59,6.5,6.62,6.42,114.46,2.65,0.026479750778816147,6.672857142857142,7.260666666666666,0.04359015966618728,Medium Risk
2022-05-08,6.62,6.51,6.69,6.5,302.83,0.46,0.004552352048558417,6.562857142857142,7.239000000000001,0.037749839434983695,Medium Risk
2022-05-09,6.44,6.62,6.65,6.4,308.45,-2.72,-0.027190332326283984,6.521428571428571,7.213,0.020898918901133032,Medium Risk
2022-05-10,6.4,6.42,6.42,6.33,457.63,-0.62,-0.006211180124223614,6.505714285714286,7.184666666666668,0.01738120621496297,Low Risk
2022-05-11,6.3,6.39,6.4,6.27,1.22,-1.56,-0.01562500000000011,6.467142857142858,7.141333333333333,0.017172155185831192,Low Risk
2022-05-12,6.24,6.3,6.3,6.18,343.07,-0.95,-0.00952380952380949,6.430000000000001,7.098666666666667,0.01712469332609232,Low Risk
2022-05-15,6.02,6.22,6.27,6.0,887.61,-3.53,-0.03525641025641035,6.372857142857143,7.043000000000001,0.02047234513841631,Medium Risk
2022-05-16,5.95,6.12,6.12,5.9,1.47,-1.16,-0.011627906976744096,6.281428571428571,6.982,0.01327775244478206,Low Risk
2022-05-17,6.11,6.05,6.19,6.0,532.0,2.69,0.026890756302521135,6.208571428571429,6.929,0.019717868496213254,Low Risk
2022-05-18,6.16,6.17,6.2,6.02,357.04,0.82,0.008183306055646433,6.168571428571428,6.880333333333334,0.01947428096902475,Low Risk
2022-05-19,6.09,6.1,6.19,6.04,492.04,-1.14,-0.011363636363636465,6.1242857142857146,6.8340000000000005,0.01957334249032488,Low Risk
2022-05-22,6.1,6.11,6.15,6.07,185.59,0.16,0.0016420361247946325,6.095714285714286,6.790666666666667,0.019378055598417727,Low Risk
2022-05-23,6.07,6.12,6.15,6.03,2.61,-0.49,-0.004918032786885185,6.071428571428571,6.744666666666666,0.019254329170110163,Low Risk
2022-05-24,6.02,6.1,6.1,5.96,98.18,-0.82,-0.008237232289950658,6.071428571428571,6.692000000000001,0.013839007375129653,Low Risk
2022-05-25,5.91,6.01,6.07,5.86,181.66,-1.83,-0.01827242524916939,6.065714285714286,6.638000000000001,0.01495858574580714,Low Risk
2022-05-26,5.9,5.95,5.99,5.75,87.11,-0.17,-0.0016920473773265332,6.035714285714286,6.5873333333333335,0.00871762179202668,Low Risk
2022-05-29,5.9,5.79,5.96,5.75,50.4,0.0,0.0,5.998571428571429,6.536666666666666,0.007052362824816284,Low Risk
2022-05-30,5.85,5.88,5.97,5.75,221.15,-0.85,-0.008474576271186529,5.964285714285714,6.482666666666668,0.0067733787581062185,Low Risk
2022-05-31,5.94,5.96,5.96,5.86,105.61,1.54,0.015384615384615552,5.941428571428571,6.431333333333333,0.010321118747179553,Low Risk
2022-06-01,5.95,5.95,6.01,5.85,551.83,0.17,0.0016835016835017313,5.924285714285714,6.383666666666667,0.01049610902071178,Low Risk
2022-06-02,5.95,6.0,6.0,5.88,42.37,0.0,0.0,5.9142857142857155,6.3373333333333335,0.010243798159782233,Low Risk
2022-06-05,5.95,5.98,5.98,5.94,12.94,0.0,0.0,5.92,6.292,0.0071577191745918365,Low Risk
2022-06-06,5.95,5.98,5.98,5.87,18.77,0.0,0.0,5.927142857142857,6.253666666666666,0.007080362071317446,Low Risk
2022-06-07,5.99,5.94,6.0,5.87,891.25,0.67,0.006722689075630228,5.9399999999999995,6.217333333333333,0.00733736040076905,Low Risk
2022-06-08,6.0,6.01,6.05,5.98,2.19,0.17,0.0016694490818029983,5.961428571428572,6.171,0.005699395631107948,Low Risk
2022-06-09,5.99,6.02,6.03,5.97,181.54,-0.17,-0.0016666666666665941,5.968571428571429,6.146333333333334,0.0026923353313782687,Low Risk
2022-06-12,5.9,6.03,6.03,5.88,288.25,-1.5,-0.015025041736226985,5.961428571428572,6.126000000000001,0.006666719034774059,Low Risk
2022-06-13,5.72,5.88,5.88,5.7,555.51,-3.05,-0.03050847457627126,5.928571428571429,6.097666666666667,0.012859019127864267,Low Risk
2022-06-14,5.6,5.7,5.75,5.6,4.54,-2.1,-0.020979020979021046,5.878571428571428,6.067666666666667,0.013764421024253385,Low Risk
2022-06-15,5.6,5.65,5.65,5.55,2.88,0.0,0.0,5.828571428571428,6.040333333333334,0.013764421024253385,Low Risk
2022-06-16,5.55,5.6,5.62,5.5,661.53,-0.89,-0.008928571428571397,5.765714285714286,6.005666666666667,0.012034193401250512,Low Risk
2022-06-19,5.49,5.57,5.57,5.41,428.63,-1.08,-0.0108108108108107,5.692857142857143,5.968,0.010737545744846163,Low Risk
2022-06-20,5.46,5.45,5.5,5.41,363.65,-0.55,-0.005464480874316946,5.617142857142857,5.935333333333333,0.010176705931611348,Low Risk
2022-06-21,5.45,5.47,5.59,5.44,289.5,-0.18,-0.001831501831501825,5.552857142857143,5.903666666666666,0.010953386682808347,Low Risk
2022-06-22,5.42,5.53,5.53,5.4,150.84,-0.55,-0.005504587155963359,5.509999999999999,5.874333333333334,0.0069647307159165775,Low Risk
2022-06-23,5.35,5.32,5.44,5.32,223.32,-1.29,-0.01291512915129156,5.474285714285714,5.844666666666667,0.004685841520917094,Low Risk
2022-06-26,5.37,5.4,5.52,5.35,128.36,0.37,0.0037383177570093906,5.441428571428572,5.8229999999999995,0.005660851030970512,Low Risk
2022-06-27,5.22,5.36,5.36,5.21,395.72,-2.79,-0.027932960893854775,5.394285714285715,5.798666666666667,0.010121695463135912,Low Risk
2022-06-28,5.2,5.22,5.22,4.95,761.57,-0.38,-0.003831417624520994,5.352857142857142,5.768333333333333,0.010219461810970018,Low Risk
2022-06-29,5.21,5.25,5.3,5.18,255.22,0.19,0.0019230769230769162,5.317142857142857,5.736666666666666,0.01084819406273473,Low Risk
2022-07-03,4.84,5.12,5.12,4.77,1.48,-7.1,-0.07101727447216888,5.2299999999999995,5.694999999999999,0.026287158567625587,Medium Risk
2022-07-04,4.32,4.8,4.89,4.2,2.71,-10.74,-0.10743801652892548,5.072857142857143,5.635666666666666,0.042444869098254255,Medium Risk
2022-07-05,4.4,4.39,4.44,4.3,15.23,1.85,0.0185185185185186,4.937142857142858,5.58,0.04618354830185777,Medium Risk
2022-07-06,4.22,4.45,4.45,4.1,2.21,-4.09,-0.040909090909091006,4.772857142857143,5.52,0.04434548330336956,Medium Risk
2022-07-07,4.44,4.3,4.47,4.21,923.84,5.21,0.05213270142180115,4.661428571428572,5.471,0.05492129176649406,High Risk
2022-07-17,4.4,4.5,4.5,4.31,3.97,-0.9,-0.009009009009009028,4.547142857142857,5.421,0.05467773223193635,High Risk
2022-07-18,4.99,4.41,5.09,4.4,2.87,13.41,0.13409090909090904,4.515714285714286,5.390666666666667,0.0809345887837765,High Risk
2022-07-19,5.02,5.0,5.12,4.9,987.92,0.6,0.006012024048096087,4.541428571428572,5.3629999999999995,0.07524136497320251,High Risk
2022-07-20,5.01,5.1,5.1,4.98,182.67,-0.2,-0.0019920318725099584,4.64,5.331999999999999,0.05661487666503571,High Risk
2022-07-21,5.12,5.05,5.15,4.95,758.26,2.2,0.021956087824351433,4.742857142857143,5.304333333333333,0.0565875443167835,High Risk
2022-07-24,5.43,5.15,5.53,5.15,660.02,6.05,0.060546875,4.915714285714286,5.287000000000001,0.050051096658922364,High Risk
2022-07-25,5.33,5.48,5.49,5.2,2.29,-1.84,-0.018416206261510082,5.042857142857143,5.266333333333334,0.05363006596565074,High Risk
2022-07-26,5.43,5.3,5.5,5.3,1.31,1.88,0.018761726078799112,5.1899999999999995,5.249,0.05145372690491716,High Risk
2022-07-27,5.42,5.5,5.5,5.34,113.37,-0.18,-0.0018416206261510082,5.251428571428571,5.23,0.025330686069894737,Medium Risk
2022-07-28,5.34,5.44,5.44,5.33,400.59,-1.48,-0.014760147601476037,5.297142857142857,5.208,0.02730862324909558,Medium Risk
2022-07-31,5.34,5.42,5.42,5.25,434.82,0.0,0.0,5.344285714285715,5.186333333333334,0.0271828980194716,Medium Risk
2022-08-01,5.31,5.27,5.41,5.27,354.77,-0.56,-0.005617977528089901,5.371428571428571,5.166666666666666,0.02706856999092634,Medium Risk
2022-08-02,5.58,5.28,5.7,5.26,387.65,5.08,0.05084745762711873,5.392857142857143,5.162,0.023838054296968666,Medium Risk
2022-08-03,5.74,5.62,5.89,5.62,802.03,2.87,0.028673835125448077,5.451428571428571,5.166666666666667,0.023043267165419386,Medium Risk
2022-08-04,6.15,5.8,6.39,5.74,2.5,7.14,0.0714285714285714,5.554285714285713,5.1850000000000005,0.03264751068569278,Medium Risk
2022-08-07,6.41,6.21,6.65,6.21,550.91,4.23,0.042276422764227606,5.695714285714286,5.213666666666667,0.03234796118548723,Medium Risk
2022-08-08,6.23,6.4,6.45,6.2,125.5,-2.81,-0.02808112324492973,5.822857142857144,5.238333333333333,0.03531180211899303,Medium Risk
2022-08-09,6.12,6.23,6.28,6.1,659.74,-1.77,-0.01765650080256831,5.934285714285714,5.2603333333333335,0.03775695375825688,Medium Risk
2022-08-10,6.0,6.1,6.14,5.93,429.09,-1.96,-0.019607843137254943,6.032857142857144,5.278666666666667,0.03967691111906265,Medium Risk
2022-08-11,6.12,5.99,6.15,5.99,102.12,2.0,0.020000000000000018,6.11,5.3020000000000005,0.037083749699842856,Medium Risk
2022-08-14,6.04,6.13,6.25,6.02,121.27,-1.31,-0.013071895424836666,6.152857142857143,5.325,0.03765701705963644,Medium Risk
2022-08-15,5.99,6.2,6.22,5.95,265.65,-0.83,-0.008278145695364225,6.130000000000001,5.345666666666667,0.02525299503551389,Medium Risk
2022-08-16,5.93,5.99,6.0,5.89,74.26,-1.0,-0.010016694490818101,6.061428571428571,5.369333333333333,0.015186754297130583,Low Risk
2022-08-17,6.25,5.89,6.25,5.86,1.92,5.4,0.053962900505902134,6.064285714285715,5.404333333333333,0.02690690521952848,Medium Risk
2022-08-18,6.35,6.35,6.48,6.27,752.22,1.6,0.016000000000000014,6.097142857142857,5.442333333333334,0.02606096331487811,Medium Risk
2022-08-21,6.61,6.4,6.68,6.3,2.96,4.09,0.04094488188976397,6.184285714285714,5.501333333333333,0.026358824353963178,Medium Risk
2022-08-22,6.39,6.68,6.68,6.37,1.25,-3.33,-0.033282904689863946,6.222857142857143,5.570333333333334,0.03158659548148233,Medium Risk
2022-08-23,6.37,6.45,6.46,6.2,1.92,-0.31,-0.00312989045383405,6.2700000000000005,5.635999999999999,0.030767081249703017,Medium Risk
2022-08-24,6.38,6.37,6.41,6.27,1.27,0.16,0.0015698587127157548,6.325714285714286,5.708,0.030115418318511524,Medium Risk
2022-08-25,6.35,6.36,6.4,6.3,766.8,-0.47,-0.004702194357366851,6.385714285714286,5.7716666666666665,0.02960597557621134,Medium Risk
2022-08-28,6.29,6.4,6.4,6.26,116.08,-0.94,-0.009448818897637712,6.3914285714285715,5.834666666666666,0.022930531075391513,Medium Risk
2022-08-29,6.23,6.3,6.39,6.2,1.03,-0.95,-0.009538950715421213,6.374285714285714,5.876,0.022191165509306686,Medium Risk
2022-08-30,6.22,6.2,6.3,6.07,1.19,-0.16,-0.0016051364365972098,6.3185714285714285,5.9159999999999995,0.011606869282076476,Low Risk
2022-08-31,6.2,6.25,6.3,6.17,416.43,-0.32,-0.003215434083601254,6.291428571428571,5.9556666666666676,0.004049311622281415,Low Risk
2022-09-01,6.12,6.11,6.2,6.05,1.72,-1.29,-0.012903225806451646,6.255714285714285,5.989000000000001,0.005122900144846357,Low Risk
2022-09-04,6.1,6.2,6.2,6.02,597.84,-0.33,-0.0032679738562092497,6.215714285714285,6.011333333333334,0.0042281312749898265,Low Risk
2022-09-05,6.2,6.2,6.33,6.12,2.04,1.64,0.016393442622950838,6.194285714285714,6.040333333333333,0.009657752429049227,Low Risk
2022-09-06,6.29,6.35,6.35,6.15,1.45,1.45,0.014516129032257963,6.194285714285714,6.069000000000001,0.011258496114359643,Low Risk
2022-09-07,6.23,6.35,6.35,6.2,295.95,-0.95,-0.009538950715421213,6.194285714285714,6.096,0.011258496114359643,Low Risk
2022-09-08,6.48,6.32,6.68,6.32,1.13,4.01,0.0401284109149278,6.231428571428572,6.1339999999999995,0.018774562711468174,Low Risk
2022-09-11,6.46,6.5,6.55,6.4,261.39,-0.31,-0.0030864197530865445,6.268571428571429,6.171333333333333,0.01876405032535139,Low Risk
2022-09-12,6.47,6.44,6.62,6.41,682.28,0.15,0.001547987616099089,6.318571428571429,6.21,0.01704990354505149,Low Risk
2022-09-13,6.44,6.5,6.54,6.3,236.91,-0.46,-0.004636785162287382,6.367142857142857,6.238666666666666,0.017209104105190012,Low Risk
2022-09-14,6.36,6.33,6.38,6.15,282.08,-1.24,-0.012422360248447228,6.39,6.259333333333333,0.018254469366387686,Low Risk
2022-09-15,6.38,6.49,6.49,6.27,245.33,0.31,0.0031446540880502027,6.402857142857143,6.2669999999999995,0.017636024581306985,Low Risk
2022-09-18,6.32,6.45,6.45,6.2,392.77,-0.94,-0.00940438871473348,6.415714285714286,6.263999999999999,0.01762121162225412,Low Risk
2022-09-19,6.42,6.21,6.5,6.21,254.98,1.58,0.015822784810126445,6.4071428571428575,6.270333333333334,0.009352081545356446,Low Risk
2022-09-20,6.41,6.5,6.52,6.38,118.65,-0.16,-0.0015576323987538387,6.3999999999999995,6.28,0.009320954633669299,Low Risk
2022-09-21,6.4,6.5,6.5,6.37,496.28,-0.16,-0.0015600624024960652,6.390000000000001,6.293333333333334,0.009249085539727482,Low Risk
2022-09-22,6.4,6.35,6.45,6.3,947.12,0.0,0.0,6.384285714285715,6.302666666666666,0.009153901086942988,Low Risk
2022-09-25,6.2,6.45,6.45,6.14,792.31,-3.13,-0.03125,6.361428571428571,6.308000000000001,0.014388760881956111,Low Risk
2022-09-26,6.1,6.16,6.28,6.09,155.29,-1.61,-0.016129032258064613,6.321428571428571,6.3116666666666665,0.014735525123504943,Low Risk
2022-09-27,6.14,6.24,6.24,6.05,91.13,0.66,0.006557377049180246,6.295714285714285,6.318666666666667,0.015394768836739089,Low Risk
2022-09-28,6.14,6.15,6.18,6.1,47.19,0.0,0.0,6.255714285714285,6.315,0.012966353199025409,Low Risk
2022-09-29,6.11,6.2,6.22,6.1,60.46,-0.49,-0.004885993485341911,6.2128571428571435,6.3069999999999995,0.012824699202239534,Low Risk
2022-10-02,6.11,6.11,6.18,6.1,26.6,0.0,0.0,6.171428571428572,6.290333333333334,0.012942982107105115,Low Risk
2022-10-03,5.98,6.1,6.17,5.9,157.92,-2.13,-0.021276595744680882,6.111428571428571,6.276666666666666,0.01363384080682448,Low Risk
2022-10-04,6.09,6.1,6.1,5.96,207.61,1.84,0.018394648829431315,6.095714285714286,6.267333333333334,0.013386079747422376,Low Risk
2022-10-05,6.22,6.1,6.25,6.1,122.18,2.13,0.021346469622331776,6.112857142857143,6.262,0.014466503957023102,Low Risk
2022-10-09,6.17,6.3,6.3,6.11,53.78,-0.8,-0.008038585209003135,6.117142857142857,6.256,0.014893151425026094,Low Risk
2022-10-10,6.14,6.25,6.3,6.1,118.21,-0.49,-0.004862236628849326,6.117142857142857,6.251,0.015048786852781078,Low Risk
2022-10-11,6.14,6.2,6.2,5.9,17.49,0.0,0.0,6.121428571428572,6.248000000000001,0.014891644664888447,Low Risk
2022-10-12,5.94,6.17,6.17,5.9,92.35,-3.26,-0.032573289902280034,6.097142857142857,6.238666666666668,0.019543929009685594,Low Risk
2022-10-13,5.99,5.93,6.17,5.93,73.55,0.84,0.008417508417508435,6.098571428571428,6.2316666666666665,0.018317292438909255,Low Risk
2022-10-16,6.11,5.95,6.28,5.95,686.14,2.0,0.02003338898163598,6.101428571428571,6.231333333333334,0.018594229494822215,Low Risk
2022-10-17,6.36,6.28,6.42,6.14,251.27,4.09,0.04091653027823239,6.121428571428572,6.239999999999999,0.023144751715954856,Medium Risk
2022-10-18,6.37,6.37,6.4,6.26,258.57,0.16,0.0015723270440251014,6.1499999999999995,6.245666666666667,0.02263155777352148,Medium Risk
2022-10-19,6.4,6.39,6.44,6.3,301.59,0.47,0.004709576138147709,6.187142857142858,6.249333333333333,0.022237158115040023,Medium Risk
2022-10-20,6.42,6.4,6.43,6.27,364.91,0.31,0.0031249999999998224,6.227142857142858,6.255666666666667,0.02212410823460584,Medium Risk
2022-10-23,6.42,6.44,6.45,6.4,185.31,0.0,0.0,6.295714285714285,6.253666666666667,0.014687219432112479,Low Risk
2022-10-24,6.49,6.45,6.5,6.4,459.66,1.09,0.010903426791277315,6.367142857142857,6.254666666666667,0.014637187137822822,Low Risk
2022-10-25,6.7,6.49,6.73,6.4,1.12,3.24,0.03235747303543923,6.451428571428572,6.262333333333333,0.01644852777145853,Low Risk
2022-10-26,6.79,6.7,6.89,6.55,229.25,1.34,0.013432835820895495,6.512857142857143,6.274,0.011229164988244817,Low Risk
2022-10-27,6.9,6.89,7.0,6.67,1.14,1.62,0.016200294550809957,6.588571428571428,6.292,0.01087590394388046,Low Risk
2022-10-30,7.05,7.0,7.22,6.8,2.53,2.17,0.021739130434782483,6.681428571428571,6.314333333333334,0.010999242117102973,Low Risk
2022-10-31,6.92,7.03,7.2,6.92,233.2,-1.84,-0.018439716312056764,6.752857142857143,6.334333333333333,0.016289289017983603,Low Risk
2022-11-01,7.13,7.0,7.3,7.0,1.09,3.03,0.030346820809248554,6.854285714285715,6.358,0.01693505728331451,Low Risk
2022-11-02,6.95,7.05,7.24,6.92,215.9,-2.52,-0.02524544179523136,6.92,6.376,0.022923501994005877,Medium Risk
2022-11-03,6.96,6.96,7.04,6.9,115.63,0.14,0.0014388489208632116,6.957142857142856,6.394666666666666,0.02078962089549557,Medium Risk
2022-11-06,7.01,7.0,7.04,6.85,113.04,0.72,0.007183908045977017,6.988571428571428,6.415000000000001,0.020531739806991696,Medium Risk
2022-11-07,7.14,7.02,7.24,6.91,737.55,1.85,0.01854493580599148,7.022857142857142,6.446333333333333,0.020767511616081487,Medium Risk
2022-11-08,7.09,7.23,7.25,7.03,375.74,-0.7,-0.007002801120448154,7.028571428571429,6.479333333333333,0.019741075133711015,Low Risk
2022-11-09,7.13,7.2,7.22,7.03,46.57,0.56,0.005641748942172065,7.058571428571428,6.512333333333333,0.01779630881651281,Low Risk
2022-11-10,7.62,7.18,7.7,7.07,1.69,6.87,0.06872370266479666,7.128571428571428,6.5616666666666665,0.029305774680021195,Medium Risk
2022-11-13,7.66,7.62,7.87,7.6,217.47,0.52,0.005249343832020914,7.2299999999999995,6.613333333333333,0.025188228832651326,Medium Risk
2022-11-14,7.71,7.73,7.9,7.6,541.0,0.65,0.006527415143602999,7.337142857142857,6.666666666666667,0.0248275778170886,Medium Risk
2022-11-15,7.85,7.78,7.88,7.71,684.61,1.82,0.018158236057068677,7.457142857142856,6.729,0.0245985868590315,Medium Risk
2022-11-16,7.88,7.87,7.93,7.74,2.91,0.38,0.003821656050955413,7.562857142857143,6.788666666666667,0.025025236473782818,Medium Risk
2022-11-17,7.87,7.8,7.92,7.77,943.63,-0.13,-0.0012690355329948444,7.674285714285714,6.843666666666667,0.024289208424090963,Medium Risk
2022-11-20,8.07,7.91,8.15,7.9,820.28,2.54,0.02541296060991116,7.808571428571429,6.906999999999999,0.024132743884351885,Medium Risk
2022-11-21,7.99,8.15,8.15,7.95,2.63,-0.99,-0.009913258983890949,7.861428571428571,6.968666666666667,0.01177017507917757,Low Risk
2022-11-22,7.99,8.01,8.09,7.71,326.56,0.0,0.0,7.908571428571428,7.030333333333333,0.012053367310688477,Low Risk
2022-11-23,7.99,8.0,8.06,7.9,99.95,0.0,0.0,7.948571428571428,7.098666666666666,0.012265897041027594,Low Risk
2022-11-24,8.0,8.0,8.04,7.9,1.1,0.13,0.0012515644555695093,7.97,7.165666666666667,0.01086768067301321,Low Risk
2022-11-27,7.91,7.94,8.05,7.87,246.42,-1.13,-0.011249999999999982,7.974285714285714,7.225666666666667,0.012050392872941223,Low Risk
2022-11-28,7.84,7.98,7.98,7.8,218.23,-0.88,-0.008849557522123908,7.97,7.275,0.012575990837034243,Low Risk
2022-11-29,8.27,7.8,8.4,7.8,904.41,5.48,0.05484693877551017,7.998571428571429,7.338333333333334,0.023150572243586267,Medium Risk
2022-11-30,8.5,8.35,8.55,8.24,725.89,2.78,0.02781136638452253,8.071428571428571,7.408333333333333,0.0238272356651203,Medium Risk
2022-12-01,8.48,8.5,8.6,8.37,141.82,-0.24,-0.0023529411764705577,8.141428571428571,7.476999999999999,0.023993284036136098,Medium Risk
2022-12-04,8.58,8.48,8.7,8.47,204.4,1.18,0.011792452830188704,8.225714285714286,7.549,0.023686126077016985,Medium Risk
2022-12-05,8.68,8.59,8.99,8.5,2.07,1.17,0.011655011655011593,8.322857142857144,7.622,0.023335516053908937,Medium Risk
2022-12-06,8.55,8.48,8.8,8.41,1.5,-1.5,-0.01497695852534553,8.414285714285715,7.683666666666666,0.02398651745727824,Medium Risk
2022-12-07,8.66,8.6,8.99,8.6,1.71,1.29,0.012865497076023358,8.531428571428572,7.7459999999999996,0.022271334973461406,Medium Risk
2022-12-08,8.6,8.66,8.8,8.35,540.81,-0.69,-0.006928406466512715,8.578571428571427,7.802666666666667,0.014518379027052702,Low Risk
2022-12-11,8.28,8.7,8.7,8.21,474.78,-3.72,-0.037209302325581395,8.547142857142857,7.843666666666667,0.018313970615611908,Low Risk
2022-12-12,8.55,8.39,8.62,8.21,475.07,3.26,0.03260869565217406,8.557142857142859,7.898,0.02290143369341381,Medium Risk
2022-12-13,8.94,8.51,9.03,8.51,1.36,4.56,0.04561403508771922,8.608571428571429,7.958333333333333,0.02837325637783894,Medium Risk
2022-12-14,8.84,9.0,9.07,8.7,1.92,-1.12,-0.01118568232662187,8.63142857142857,8.021333333333333,0.02895317575745529,Medium Risk
2022-12-15,8.63,8.85,8.99,8.6,795.11,-2.38,-0.0237556561085972,8.642857142857142,8.077,0.030030182065162673,Medium Risk
2022-12-18,8.5,8.65,8.79,8.39,289.23,-1.51,-0.015063731170336103,8.620000000000001,8.126666666666667,0.03015698388579641,Medium Risk
2022-12-19,8.56,8.5,8.74,8.42,314.89,0.71,0.007058823529411784,8.614285714285716,8.174,0.030260423542654104,Medium Risk
2022-12-20,8.42,8.68,8.68,8.4,465.9,-1.64,-0.016355140186915973,8.634285714285713,8.218333333333334,0.026853014067475343,Medium Risk
2022-12-21,8.55,8.44,8.7,8.31,185.97,1.54,0.015439429928741255,8.634285714285715,8.265666666666666,0.024331947232329718,Medium Risk
2022-12-22,8.65,8.57,8.75,8.55,372.31,1.17,0.011695906432748426,8.592857142857143,8.3,0.01560473583693058,Low Risk
2022-12-25,8.53,8.68,8.68,8.5,530.05,-1.39,-0.0138728323699423,8.54857142857143,8.329,0.015825377393028684,Low Risk
2022-12-26,8.7,8.5,8.73,8.4,197.79,1.99,0.01992966002344665,8.558571428571428,8.362,0.015800352810325272,Low Risk
2022-12-27,8.5,8.7,8.85,8.49,755.57,-2.3,-0.02298850574712641,8.558571428571428,8.383666666666667,0.017370897296115233,Low Risk
2022-12-28,8.54,8.75,8.82,8.51,171.39,0.47,0.004705882352941115,8.555714285714286,8.405666666666667,0.017236713962206263,Low Risk
2022-12-29,8.46,8.75,8.75,8.43,153.31,-0.94,-0.009367681498828828,8.56142857142857,8.425333333333333,0.016323805595854793,Low Risk
2023-01-02,8.6,8.55,8.68,8.47,200.86,1.65,0.016548463356973908,8.568571428571428,8.443000000000001,0.016494158962518265,Low Risk
2023-01-03,8.71,8.66,8.84,8.52,461.6,1.28,0.01279069767441876,8.577142857142857,8.467,0.016617760541424012,Low Risk
2023-01-04,8.75,8.8,9.1,8.31,3.58,0.46,0.004592422502870175,8.608571428571429,8.492333333333333,0.01525320022970233,Low Risk
2023-01-05,9.45,8.75,9.5,8.75,2.58,8.0,0.07999999999999985,8.715714285714286,8.541,0.03274502497492476,Medium Risk
2023-01-09,9.8,9.51,10.1,9.5,1.31,3.7,0.0370370370370372,8.901428571428571,8.601,0.029671056847138198,Medium Risk
2023-01-10,9.43,9.9,9.98,9.22,961.43,-3.78,-0.037755102040816446,9.028571428571428,8.651666666666667,0.03697504072648136,Medium Risk
2023-01-11,9.25,9.21,10.0,9.01,1.29,-1.91,-0.019088016967126142,9.141428571428571,8.698666666666668,0.03819779135730983,Medium Risk
2023-01-12,9.02,9.15,9.49,8.81,927.14,-2.49,-0.024864864864864944,9.20142857142857,8.723666666666666,0.04075855124863504,Medium Risk
2023-01-15,9.21,9.05,9.38,8.9,710.5,2.11,0.02106430155210659,9.272857142857143,8.747333333333334,0.04105540019024036,Medium Risk
2023-01-16,9.46,9.33,9.63,9.3,818.21,2.71,0.02714440825190012,9.374285714285715,8.780000000000001,0.04155997795108987,Medium Risk
2023-01-17,9.34,9.56,9.58,9.31,826.0,-1.27,-0.01268498942917562,9.358571428571429,8.805333333333333,0.029181281922105548,Medium Risk
2023-01-18,9.0,9.32,9.47,8.96,971.42,-3.64,-0.03640256959314769,9.244285714285715,8.816,0.026141512548392098,Medium Risk
2023-01-19,8.98,9.0,9.28,8.9,987.06,-0.22,-0.0022222222222221255,9.180000000000001,8.830333333333334,0.023586138363171548,Medium Risk
2023-01-22,8.94,9.0,9.21,8.91,175.87,-0.45,-0.0044543429844099425,9.135714285714286,8.839666666666666,0.022947284427150282,Medium Risk
2023-01-23,8.99,8.96,9.13,8.91,842.09,0.56,0.005592841163311046,9.131428571428572,8.852666666666668,0.021299799695299434,Medium Risk
2023-01-24,9.17,9.08,9.24,8.99,2.49,2.0,0.020022246941045596,9.125714285714285,8.882333333333332,0.021128712426965842,Medium Risk
2023-01-25,10.0,9.24,10.14,9.24,4.97,9.05,0.09051254089422023,9.202857142857143,8.930666666666665,0.04003121631021382,Medium Risk
2023-01-29,10.64,10.25,10.78,10.2,3.93,6.4,0.06400000000000006,9.388571428571428,8.987333333333334,0.0435649564218934,Medium Risk
2023-01-30,10.58,10.7,11.5,10.5,4.0,-0.56,-0.005639097744360999,9.614285714285714,9.045333333333334,0.038197490644284834,Medium Risk
2023-01-31,9.81,10.61,10.78,8.8,1.11,-7.28,-0.07277882797731561,9.732857142857142,9.084666666666667,0.052785508427527945,High Risk
2023-02-01,9.68,9.83,10.28,9.62,1.51,-1.33,-0.013251783893985847,9.838571428571429,9.124,0.05339636103989741,High Risk
2023-02-02,9.8,9.7,10.03,9.6,1.41,1.24,0.012396694214876103,9.954285714285716,9.165333333333335,0.053308621418602355,High Risk
2023-02-05,9.86,9.8,10.08,9.11,838.85,0.61,0.006122448979591688,10.052857142857144,9.213333333333333,0.05328878542722356,High Risk
2023-02-06,9.75,9.95,10.04,9.75,1.34,-1.12,-0.011156186612576002,10.017142857142858,9.253333333333332,0.04053163524969053,Medium Risk
2023-02-07,10.03,9.9,10.2,9.8,1.34,2.87,0.02871794871794875,9.929999999999998,9.299333333333333,0.03215344840280782,Medium Risk
2023-02-08,10.09,10.0,10.47,9.84,811.9,0.6,0.005982053838484491,9.86,9.351333333333333,0.03258918815298684,Medium Risk
2023-02-09,10.6,10.16,10.64,10.1,2.31,5.05,0.050545094152626424,9.972857142857142,9.414666666666667,0.02238643080190686,Medium Risk
2023-02-12,10.31,10.6,10.8,10.16,371.9,-2.74,-0.027358490566037674,10.062857142857142,9.475,0.02540081016452808,Medium Risk
2023-02-13,9.84,10.4,10.5,9.56,2.86,-4.56,-0.04558680892337541,10.06857142857143,9.518333333333334,0.032650571442164183,Medium Risk
2023-02-14,10.32,9.94,10.4,9.85,1.98,4.88,0.04878048780487809,10.134285714285713,9.580333333333332,0.037394057821010275,Medium Risk
2023-02-15,10.98,10.47,11.04,10.34,4.93,6.4,0.06395348837209314,10.31,9.659666666666668,0.04178953556428631,Medium Risk
2023-02-16,10.85,11.01,11.08,10.51,1.58,-1.18,-0.011839708561020124,10.427142857142856,9.731,0.042832113844883314,Medium Risk
2023-02-19,10.74,10.56,11.05,10.56,742.57,-1.01,-0.010138248847926246,10.52,9.797333333333333,0.043639614437101217,Medium Risk
2023-02-20,10.26,10.66,10.85,10.16,495.95,-4.47,-0.04469273743016766,10.471428571428572,9.824333333333334,0.043652792363600985,Medium Risk
2023-02-21,10.37,10.3,10.46,10.1,562.1,1.07,0.010721247563352687,10.48,9.843333333333334,0.04259338333868061,Medium Risk
2023-02-22,9.93,10.37,10.44,9.86,444.75,-4.24,-0.04243008678881388,10.492857142857144,9.859999999999998,0.04202342587116677,Medium Risk
2023-02-23,10.03,10.05,10.3,9.9,600.95,1.01,0.010070493454179319,10.45142857142857,9.886,0.0371088099348851,Medium Risk
2023-02-26,9.99,10.03,10.2,9.97,789.87,-0.4,-0.003988035892322994,10.31,9.918333333333333,0.02256847328107493,Medium Risk
2023-02-27,10.2,10.03,10.4,10.03,865.41,2.1,0.02102102102102088,10.217142857142857,9.951333333333334,0.026044885614110697,Medium Risk
2023-02-28,10.31,10.3,10.49,10.2,1.59,1.08,0.01078431372549038,10.155714285714286,9.979666666666667,0.027007099542663345,Medium Risk
2023-03-01,10.4,10.31,10.52,10.31,859.65,0.87,0.008729388942773975,10.175714285714283,10.014999999999999,0.020957148438731223,Medium Risk
2023-03-02,10.12,10.55,10.56,9.96,1.75,-2.69,-0.02692307692307705,10.139999999999999,10.052333333333333,0.02310492072101503,Medium Risk
2023-03-05,10.12,10.17,10.23,10.0,589.84,0.0,0.0,10.167142857142858,10.090333333333332,0.01539020288462083,Low Risk
2023-03-06,10.07,10.2,10.3,10.01,650.02,-0.49,-0.004940711462450453,10.172857142857142,10.127999999999998,0.015255716509097541,Low Risk
2023-03-07,9.85,10.0,10.15,9.8,397.34,-2.18,-0.021847070506454846,10.152857142857142,10.156666666666666,0.017493535298937123,Low Risk
2023-03-08,9.77,9.9,9.95,9.62,399.14,-0.81,-0.008121827411167515,10.09142857142857,10.176666666666668,0.014313062713264064,Low Risk
2023-03-09,9.9,9.93,9.93,9.71,478.12,1.33,0.013306038894575378,10.032857142857141,10.173333333333336,0.014829665757444488,Low Risk
2023-03-12,9.27,9.8,9.9,9.12,433.48,-6.36,-0.06363636363636371,9.87142857142857,10.127666666666666,0.02490628625257551,Medium Risk
2023-03-13,8.48,9.48,9.5,8.11,1.13,-8.52,-0.08522114347357057,9.637142857142857,10.057666666666668,0.03629957058149183,Medium Risk
2023-03-14,8.72,8.77,8.79,8.02,621.39,2.83,0.028301886792452935,9.437142857142858,10.021333333333333,0.04076541240589623,Medium Risk
2023-03-15,8.0,8.7,8.95,7.85,664.58,-8.26,-0.0825688073394496,9.141428571428571,9.965333333333332,0.04609812437969791,Medium Risk
2023-03-16,8.37,7.85,8.76,7.8,531.16,4.62,0.0462499999999999,8.93,9.917666666666666,0.054811465339330546,High Risk
2023-03-19,8.68,8.69,8.75,8.12,336.08,3.7,0.0370370370370372,8.774285714285714,9.878333333333334,0.059157155864157984,High Risk
2023-03-20,8.57,8.73,8.85,8.4,650.83,-1.27,-0.012672811059907807,8.584285714285715,9.839,0.05787028257277091,High Risk
2023-03-21,8.66,8.73,8.8,8.55,581.27,1.05,0.010501750291715295,8.497142857142858,9.793333333333333,0.05503965587889809,High Risk
2023-03-22,8.5,8.7,8.83,8.5,980.13,-1.85,-0.018475750577367167,8.5,9.740333333333334,0.044218460659458524,Medium Risk
2023-03-23,8.96,8.5,9.0,8.46,557.14,5.41,0.054117647058823604,8.534285714285714,9.685666666666666,0.04778840155793846,Medium Risk
2023-03-26,8.91,8.88,9.1,8.75,654.66,-0.56,-0.005580357142857206,8.664285714285715,9.639,0.029768909510690875,Medium Risk
2023-03-27,8.38,8.74,8.77,8.0,3.79,-5.95,-0.05948372615039277,8.665714285714285,9.590333333333335,0.03758972068685885,Medium Risk
2023-03-28,8.26,8.54,8.54,8.1,474.7,-1.43,-0.014319809069212486,8.605714285714287,9.521666666666668,0.034191438660773975,Medium Risk
2023-03-29,8.47,8.26,8.51,8.21,1.23,2.54,0.025423728813559476,8.59142857142857,9.437999999999999,0.036038193967310235,Medium Risk
2023-03-30,8.49,8.95,9.5,8.25,1.52,0.24,0.0023612750885477762,8.567142857142857,9.359333333333332,0.035730823759159334,Medium Risk
2023-04-02,8.54,8.5,8.65,8.5,426.68,0.59,0.005889281507655886,8.572857142857142,9.286000000000001,0.03507077761602216,Medium Risk
2023-04-03,8.89,8.6,8.99,8.57,758.12,4.1,0.040983606557377206,8.562857142857142,9.240333333333332,0.03198333294763118,Medium Risk
2023-04-04,9.3,8.95,9.39,8.95,1.64,4.61,0.046119235095613,8.61857142857143,9.204666666666666,0.03633505836859521,Medium Risk
2023-04-05,9.51,9.4,9.57,9.3,2.24,2.26,0.022580645161290214,8.78,9.190666666666667,0.02171605561885067,Medium Risk
2023-04-06,9.5,9.56,9.61,9.45,2.01,-0.11,-0.001051524710830698,8.957142857142857,9.173,0.01875831642222794,Low Risk
2023-04-09,9.2,9.5,9.5,9.01,963.05,-3.16,-0.03157894736842115,9.061428571428573,9.146666666666667,0.026819121900713453,Medium Risk
2023-04-10,9.24,9.25,9.35,9.2,553.37,0.43,0.004347826086956719,9.168571428571429,9.114666666666666,0.02670811015005468,Medium Risk
2023-04-11,9.22,9.25,9.39,9.19,422.29,-0.22,-0.0021645021645021467,9.265714285714285,9.078333333333335,0.027207645253529228,Medium Risk
2023-04-12,9.35,9.21,9.39,9.21,690.81,1.41,0.014099783080260275,9.331428571428573,9.043333333333333,0.02403489377249542,Medium Risk
2023-04-13,9.39,9.35,9.4,9.22,626.28,0.43,0.004278074866310266,9.344285714285714,9.019,0.016995742322305312,Low Risk
2023-04-18,10.02,9.4,10.23,9.4,2.45,6.71,0.06709265175718837,9.417142857142858,9.015666666666668,0.029743189597419874,Medium Risk
2023-04-19,9.98,10.02,10.1,9.8,656.71,-0.4,-0.003992015968063756,9.485714285714286,9.012666666666666,0.02991032872293618,Medium Risk
2023-04-26,9.99,9.98,10.09,9.82,1.06,0.1,0.0010020040080160886,9.598571428571429,9.017333333333333,0.02495016339560514,Medium Risk
2023-04-27,10.18,10.04,10.33,9.95,621.57,1.9,0.019019019019018923,9.732857142857142,9.031,0.024806729822706812,Medium Risk
2023-04-30,10.3,10.19,10.45,10.1,917.56,1.18,0.011787819253438192,9.887142857142859,9.044333333333332,0.023814261125664208,Medium Risk
2023-05-01,10.28,10.3,10.31,10.1,666.06,-0.19,-0.001941747572815622,10.02,9.078,0.02479969216897194,Medium Risk
2023-05-02,10.38,10.28,10.69,10.0,1.55,0.97,0.009727626459144156,10.161428571428571,9.141333333333332,0.02453167175139391,Medium Risk
2023-05-03,10.5,10.5,10.5,10.15,514.1,1.16,0.01156069364161838,10.23,9.200666666666667,0.008484232951187165,Low Risk
2023-05-07,10.31,10.4,10.4,10.02,266.79,-1.81,-0.018095238095238053,10.277142857142858,9.277666666666667,0.012281590778232617,Low Risk
2023-05-08,10.36,10.25,10.5,10.1,539.8,0.48,0.004849660523763344,10.33,9.344,0.012172927928345087,Low Risk
2023-05-09,9.97,10.45,10.48,9.91,398.86,-3.76,-0.037644787644787514,10.299999999999999,9.387,0.01863388213045246,Low Risk
2023-05-10,9.92,10.15,10.15,9.83,979.8,-0.5,-0.005015045135406293,10.245714285714286,9.431999999999999,0.017484987768160574,Low Risk
2023-05-11,10.2,9.95,10.2,9.87,737.2,2.82,0.028225806451612767,10.234285714285715,9.483333333333333,0.02165015229380291,Medium Risk
2023-05-14,11.33,10.2,11.39,10.01,3.88,11.08,0.11078431372549025,10.370000000000001,9.577666666666666,0.04781305211699938,Medium Risk
2023-05-15,12.27,11.33,12.3,11.22,3.92,8.3,0.08296557811120908,10.622857142857143,9.687999999999999,0.05447702763777818,High Risk
2023-05-16,12.0,12.24,12.3,11.68,1.38,-2.2,-0.022004889975550057,10.864285714285714,9.791,0.05499481926408182,High Risk
2023-05-17,11.7,12.0,12.14,11.68,716.88,-2.5,-0.025000000000000022,11.055714285714286,9.901666666666666,0.05774045155380835,High Risk
2023-05-18,11.89,11.84,11.97,11.43,763.76,1.62,0.016239316239316404,11.33,10.022666666666668,0.052279011870347586,High Risk
2023-05-21,11.75,11.99,12.05,11.7,452.32,-1.18,-0.011774600504625754,11.59142857142857,10.132000000000001,0.053017501048959144,High Risk
2023-05-22,11.8,11.73,11.94,11.6,350.69,0.43,0.004255319148936287,11.819999999999999,10.242333333333333,0.053593162835216486,High Risk
2023-05-23,11.65,11.71,11.84,11.55,242.04,-1.27,-0.012711864406779738,11.865714285714287,10.346,0.03748012150752557,Medium Risk
2023-05-24,11.93,11.78,12.12,11.57,321.95,2.4,0.02403433476394845,11.817142857142857,10.447333333333335,0.018995909176854817,Low Risk
2023-05-25,12.61,11.97,12.77,11.94,1.78,5.7,0.05699916177703268,11.904285714285715,10.557666666666666,0.027828955311591633,Medium Risk
2023-05-28,13.21,12.62,13.25,12.61,887.85,4.76,0.04758128469468681,12.120000000000001,10.681000000000001,0.027245461501340957,Medium Risk
2023-05-29,13.11,13.21,13.49,13.01,586.47,-0.76,-0.007570022710068236,12.294285714285715,10.801333333333334,0.028908666430115405,Medium Risk
2023-05-30,13.2,13.13,13.35,13.03,447.06,0.69,0.006864988558352492,12.501428571428571,10.934666666666667,0.026883162914522314,Medium Risk
2023-05-31,13.22,13.11,13.43,13.05,521.62,0.15,0.0015151515151516914,12.704285714285716,11.067333333333332,0.027119680740517835,Medium Risk
2023-06-01,13.3,13.4,13.79,13.15,2.19,0.61,0.00605143721633894,12.94,11.203333333333331,0.024535363719609543,Medium Risk
2023-06-04,13.33,13.6,13.6,13.3,407.48,0.23,0.0022556390977443996,13.14,11.336,0.025214359982471308,Medium Risk
2023-06-05,13.12,13.3,13.49,13.11,179.16,-1.58,-0.015753938484621255,13.212857142857144,11.460333333333333,0.020087759149972812,Medium Risk
2023-06-06,12.96,13.15,13.35,12.68,417.16,-1.22,-0.012195121951219412,13.177142857142856,11.558333333333334,0.009080029639253168,Low Risk
2023-06-07,13.0,12.96,13.1,12.9,1.01,0.31,0.0030864197530864335,13.161428571428571,11.659,0.009018655600257426,Low Risk
2023-06-08,13.0,13.0,13.05,12.7,567.08,0.0,0.0,13.132857142857144,11.759333333333334,0.008347861601534643,Low Risk
2023-06-11,13.04,13.0,13.3,13.0,41.56,0.31,0.003076923076922977,13.107142857142858,11.854666666666667,0.00848189664276153,Low Risk
2023-06-12,13.42,13.15,13.61,13.15,144.85,2.91,0.029141104294478692,13.124285714285714,11.958666666666666,0.01447409705374383,Low Risk
2023-06-13,13.35,13.5,13.5,12.95,268.04,-0.52,-0.005216095380029873,13.127142857142857,12.061000000000002,0.014672302903100452,Low Risk
2023-06-14,13.02,13.0,13.3,13.0,92.58,-2.47,-0.024719101123595544,13.112857142857143,12.149000000000001,0.01657560425539923,Low Risk
2023-06-15,13.84,13.0,13.85,12.93,393.43,6.3,0.06298003072196634,13.23857142857143,12.260333333333334,0.02830061362358806,Medium Risk
2023-06-18,13.85,13.8,14.5,13.16,1.2,0.07,0.0007225433526012459,13.36,12.378333333333334,0.02840747801049889,Medium Risk
2023-06-19,14.07,14.3,15.0,13.73,1.7,1.59,0.015884476534296033,13.512857142857143,12.502,0.028162358458756746,Medium Risk
2023-06-20,14.79,14.25,15.4,13.92,1.1,5.12,0.05117270788912576,13.762857142857143,12.662666666666667,0.031391091906321444,Medium Risk
2023-06-21,14.31,14.88,14.99,14.15,159.57,-3.25,-0.03245436105476662,13.89,12.809000000000001,0.03619786514560309,Medium Risk
2023-06-22,14.44,14.31,14.66,14.0,633.43,0.91,0.009084556254367548,14.045714285714284,12.950333333333333,0.03561007535885346,Medium Risk
2023-06-25,13.96,14.5,14.6,13.9,741.31,-3.32,-0.0332409972299168,14.180000000000001,13.038,0.03717819550812236,Medium Risk
2023-06-26,14.3,14.1,14.35,13.7,745.04,2.44,0.024355300859598916,14.245714285714286,13.105666666666668,0.030345681905487462,Medium Risk
2023-07-04,14.38,14.25,14.44,14.01,962.95,0.56,0.005594405594405494,14.321428571428571,13.185,0.03028503129008856,Medium Risk
2023-07-05,14.08,14.42,14.5,14.0,730.13,-2.09,-0.020862308762169768,14.322857142857142,13.264333333333333,0.03140391731430834,Medium Risk
2023-07-06,13.85,14.09,14.38,13.73,64.79,-1.63,-0.016335227272727293,14.18857142857143,13.329666666666666,0.022303854492470344,Medium Risk
2023-07-09,13.51,13.9,13.9,13.0,34.8,-2.45,-0.02454873646209388,14.074285714285713,13.388333333333332,0.02109280574092186,Medium Risk
2023-07-10,13.15,13.31,13.43,12.81,1.42,-2.66,-0.0266469282013323,13.89,13.433333333333334,0.02058864193822805,Medium Risk
2023-07-11,13.61,13.51,13.9,13.2,85.27,3.5,0.03498098859315579,13.84,13.498666666666667,0.02511401045916501,Medium Risk
2023-07-12,13.63,13.7,13.9,13.32,27.69,0.15,0.0014695077149156077,13.744285714285713,13.555333333333332,0.02222993674203679,Medium Risk
2023-07-13,13.79,13.65,14.0,13.59,485.5,1.17,0.011738811445340946,13.66,13.594666666666667,0.022903769554591655,Medium Risk
2023-07-16,13.67,13.75,13.99,13.6,35.4,-0.87,-0.00870195794053652,13.601428571428572,13.610000000000001,0.02200963072800632,Medium Risk
2023-07-17,13.4,13.8,13.9,13.15,123.18,-1.98,-0.019751280175566932,13.537142857142856,13.619666666666665,0.02236358090957461,Medium Risk
2023-07-18,13.41,13.42,13.55,13.25,135.85,0.07,0.0007462686567163423,13.522857142857145,13.626666666666667,0.020553396592083908,Medium Risk
2023-07-19,13.34,13.5,13.65,13.3,34.28,-0.52,-0.00521998508575694,13.549999999999999,13.630666666666666,0.017435566863095383,Low Risk
2023-07-24,13.99,13.32,13.99,13.3,255.8,4.87,0.04872563718140932,13.604285714285714,13.653666666666668,0.021937746346392246,Medium Risk
2023-07-25,13.52,13.99,14.05,13.5,168.58,-3.36,-0.03359542530378845,13.588571428571429,13.66,0.026233056972581416,Medium Risk
2023-07-26,13.55,13.72,13.72,13.5,1.02,0.22,0.002218934911242698,13.554285714285713,13.674333333333333,0.025712316838924457,Medium Risk
2023-07-27,13.5,13.58,13.68,13.3,132.16,-0.37,-0.0036900369003690647,13.53,13.692333333333332,0.02557130655644015,Medium Risk
2023-07-30,13.9,13.5,13.9,13.5,301.03,2.96,0.029629629629629672,13.601428571428572,13.722333333333331,0.026494877010086255,Medium Risk
2023-07-31,13.86,13.9,13.98,13.66,95.0,-0.29,-0.0028776978417266452,13.665714285714285,13.751,0.026639284666100903,Medium Risk
2023-08-01,13.9,13.8,13.98,13.61,135.82,0.29,0.0028860028860029363,13.745714285714286,13.779666666666667,0.02629353725165273,Medium Risk
2023-08-02,13.83,13.85,14.24,13.66,415.23,-0.5,-0.005035971223021574,13.722857142857142,13.793333333333333,0.018490695365364553,Low Risk
2023-08-03,13.76,13.7,13.99,13.68,36.36,-0.51,-0.005061460592914013,13.757142857142856,13.806999999999999,0.012365282193611665,Low Risk
2023-08-06,13.59,13.96,13.96,13.4,763.23,-1.24,-0.012354651162790664,13.762857142857143,13.825999999999999,0.013601546844575858,Low Risk
2023-08-07,14.2,13.59,14.25,13.5,2.4,4.49,0.04488594554819714,13.862857142857143,13.838000000000001,0.021313285604383985,Medium Risk
2023-08-08,14.39,14.03,14.43,13.85,157.6,1.34,0.013380281690140938,13.932857142857143,13.856,0.019281622828316348,Low Risk
2023-08-09,14.34,14.4,14.73,14.25,362.99,-0.35,-0.0034746351633079264,14.001428571428571,13.865,0.01932414964912066,Low Risk
2023-08-10,14.01,14.35,14.5,14.0,299.37,-2.3,-0.023012552301255207,14.017142857142856,13.838999999999999,0.02208551579465303,Medium Risk
2023-08-13,14.12,14.17,14.35,14.07,147.89,0.79,0.007851534618129818,14.058571428571428,13.832666666666665,0.022003164941831275,Medium Risk
2023-08-14,14.25,14.2,14.45,14.1,487.83,0.92,0.009206798866855603,14.12857142857143,13.826333333333332,0.021772836892277006,Medium Risk
2023-08-15,14.78,14.32,14.85,14.17,2.28,3.72,0.03719298245614033,14.29857142857143,13.853666666666667,0.0231222942219771,Medium Risk
2023-08-16,14.73,14.75,14.83,14.6,154.94,-0.34,-0.003382949932340895,14.374285714285714,13.868,0.018520945997197478,Low Risk
2023-08-17,14.8,14.69,14.8,14.51,592.54,0.48,0.004752206381534396,14.432857142857143,13.882,0.018184964328232505,Low Risk
2023-08-20,14.77,14.8,14.8,14.6,32.31,-0.2,-0.002027027027027062,14.494285714285713,13.905000000000001,0.018091638547449176,Low Risk
2023-08-21,14.6,14.84,14.9,14.41,44.37,-1.15,-0.011509817197020933,14.578571428571427,13.93,0.015531347290505761,Low Risk
2023-08-22,14.52,14.6,14.7,14.25,62.39,-0.55,-0.005479452054794498,14.635714285714284,13.963666666666667,0.01607595073791143,Low Risk
2023-08-23,14.56,14.5,14.6,14.44,97.23,0.28,0.0027548209366392573,14.679999999999998,14.010666666666669,0.01591905372903937,Low Risk
2023-08-24,14.67,14.6,14.71,14.5,68.88,0.76,0.007554945054945028,14.664285714285713,14.046,0.006552510664050857,Low Risk
2023-08-27,15.25,14.7,15.25,14.57,234.71,3.95,0.03953646898432184,14.73857142857143,14.1,0.01651323378212441,Low Risk
2023-08-28,15.43,15.25,15.69,15.0,305.86,1.18,0.011803278688524488,14.828571428571427,14.154666666666666,0.016703638509747574,Low Risk
2023-08-29,15.67,15.43,15.75,15.25,218.83,1.56,0.01555411535968898,14.957142857142857,14.221333333333332,0.016601103249152826,Low Risk
2023-08-30,15.7,15.7,15.8,15.51,150.85,0.19,0.0019144862795148487,15.114285714285714,14.298,0.01453771808589731,Low Risk
2023-08-31,15.42,15.75,15.9,15.35,121.76,-1.78,-0.017834394904458595,15.242857142857144,14.365,0.017292819488855894,Low Risk
2023-09-03,15.5,15.66,15.69,15.43,98.06,0.52,0.005188067444876765,15.377142857142857,14.437000000000001,0.017176173279905275,Low Risk
2023-09-04,15.44,15.47,15.71,15.35,96.12,-0.39,-0.003870967741935516,15.487142857142857,14.485333333333333,0.017876379005053105,Low Risk
2023-09-05,15.36,15.68,15.68,15.34,121.3,-0.52,-0.005181347150259086,15.502857142857142,14.546666666666669,0.01128075179265,Low Risk
2023-09-06,15.05,15.35,15.49,15.0,169.56,-2.02,-0.02018229166666663,15.448571428571428,14.596666666666666,0.012613456238130427,Low Risk
2023-09-07,15.12,15.0,15.39,15.0,1.13,0.47,0.0046511627906975495,15.37,14.650666666666666,0.010338188548374143,Low Risk
2023-09-10,15.02,15.2,15.2,14.95,1.28,-0.66,-0.006613756613756627,15.272857142857143,14.688,0.009873403466600737,Low Risk
2023-09-11,14.92,15.11,15.15,14.9,1.08,-0.67,-0.0066577896138482195,15.20142857142857,14.723333333333333,0.008498295044387158,Low Risk
2023-09-12,14.92,14.98,15.1,14.88,27.22,0.0,0.0,15.118571428571428,14.757333333333332,0.007682692420008599,Low Risk
2023-09-13,14.96,14.95,15.0,14.87,194.97,0.27,0.002680965147453085,15.05,14.794999999999998,0.008277248222678352,Low Risk
2023-09-14,14.92,14.96,15.1,14.9,342.78,-0.27,-0.002673796791443861,14.987142857142858,14.833666666666666,0.008295666100529961,Low Risk
2023-09-17,15.16,15.0,15.25,14.95,117.78,1.61,0.01608579088471851,15.002857142857142,14.886000000000001,0.007903729400230555,Low Risk
2023-09-18,15.02,15.19,15.24,15.0,187.87,-0.92,-0.009234828496042291,14.98857142857143,14.913333333333332,0.008568969626693748,Low Risk
2023-09-19,15.04,15.1,15.25,15.0,582.45,0.13,0.0013315579227695107,14.991428571428573,14.935,0.008207064570916755,Low Risk
2023-09-20,14.5,15.2,15.2,14.4,335.54,-3.59,-0.03590425531914887,14.931428571428572,14.940333333333335,0.016018384820612845,Low Risk
2023-09-21,14.74,14.95,14.95,14.57,139.13,1.66,0.016551724137931156,14.905714285714286,14.964666666666666,0.017820486171447394,Low Risk
2023-09-24,14.77,14.9,15.0,14.61,38.34,0.2,0.002035278154681075,14.878571428571428,14.986333333333334,0.01779632099181713,Low Risk
2023-09-25,14.97,14.9,15.1,14.65,270.6,1.35,0.01354096140826,14.885714285714284,15.010333333333334,0.018679798968592846,Low Risk
2023-09-26,15.3,15.0,15.57,14.85,1.28,2.2,0.022044088176352616,14.905714285714286,15.027666666666667,0.019613880469903644,Low Risk
2023-09-27,15.5,15.4,15.87,15.0,391.85,1.31,0.013071895424836555,14.974285714285715,15.053333333333333,0.019393629584097728,Low Risk
2023-10-01,15.26,15.49,15.6,15.11,139.38,-1.55,-0.015483870967741953,15.005714285714285,15.068666666666667,0.020861552971766457,Medium Risk
2023-10-02,14.76,15.55,15.55,14.5,259.0,-3.28,-0.032765399737876844,15.042857142857143,15.068333333333332,0.019916722389635325,Low Risk
2023-10-03,14.21,15.45,15.45,14.0,276.27,-3.73,-0.037262872628726185,14.967142857142857,15.055333333333333,0.023709898737463483,Medium Risk
2023-10-04,14.95,14.22,15.0,14.1,455.82,5.21,0.052076002814918976,14.992857142857144,15.069666666666667,0.03219945964399342,Medium Risk
2023-10-08,14.28,14.5,14.9,13.69,289.25,-4.48,-0.0448160535117057,14.894285714285715,15.06033333333333,0.03608607626611833,Medium Risk
2023-10-09,14.15,14.5,14.7,13.91,718.92,-0.91,-0.0091036414565826,14.73,15.043000000000001,0.033881367249294594,Medium Risk
2023-10-10,14.8,14.4,14.8,14.05,225.96,4.59,0.04593639575971742,14.629999999999999,15.028,0.039518306716869095,Medium Risk
2023-10-11,15.16,14.5,15.2,14.5,450.92,2.43,0.024324324324324298,14.615714285714287,15.019,0.04075702892836903,Medium Risk
2023-10-12,15.39,15.0,15.47,14.62,442.99,1.52,0.015171503957783772,14.705714285714285,15.009666666666666,0.0383345046258351,Medium Risk
2023-10-15,15.71,15.47,16.15,15.47,434.73,2.08,0.02079272254710851,14.920000000000002,15.01,0.03319415042955765,Medium Risk
2023-10-16,16.76,15.7,17.1,15.6,1.36,6.68,0.06683640992998097,15.178571428571429,15.054666666666666,0.03627436727078562,Medium Risk
2023-10-17,17.9,16.81,17.99,16.6,1.14,6.8,0.06801909307875875,15.695714285714287,15.134666666666666,0.02844090484612676,Medium Risk
2023-10-18,17.44,17.89,18.19,17.2,1.01,-2.57,-0.025698324022346175,16.165714285714284,15.201333333333332,0.032892192358444046,Medium Risk
2023-10-19,16.85,17.25,17.4,16.72,1.4,-3.38,-0.033830275229357776,16.458571428571428,15.251,0.03984430990137333,Medium Risk
2023-10-22,17.05,16.81,17.75,16.78,212.09,1.19,0.011869436201780381,16.72857142857143,15.317666666666668,0.03986447309861468,Medium Risk
2023-10-23,17.63,17.49,17.85,17.06,481.19,3.4,0.034017595307917814,17.048571428571428,15.401333333333334,0.04030750583641684,Medium Risk
2023-10-24,17.74,17.63,18.25,17.51,260.67,0.62,0.00623936471922848,17.33857142857143,15.491999999999999,0.04065091952278463,Medium Risk
2023-10-25,18.95,17.7,19.01,17.56,792.45,6.82,0.06820744081172503,17.65142857142857,15.626333333333333,0.04092663741964084,Medium Risk
2023-10-26,18.8,19.5,19.97,17.85,1.78,-0.79,-0.00791556728232179,17.78,15.755666666666666,0.035254304219596126,Medium Risk
2023-10-29,19.01,19.28,19.28,18.0,273.63,1.12,0.011170212765957421,18.004285714285714,15.890666666666668,0.03206828302959608,Medium Risk
2023-10-30,18.45,18.83,19.01,18.41,419.34,-2.95,-0.029458179905313076,18.232857142857142,16.008333333333333,0.03103409814639432,Medium Risk
2023-10-31,18.34,18.6,18.74,18.2,1.06,-0.6,-0.00596205962059615,18.417142857142856,16.114333333333335,0.031904800666042656,Medium Risk
2023-11-01,18.49,18.65,18.69,18.21,732.89,0.82,0.008178844056706547,18.54,16.23,0.030235446102456858,Medium Risk
2023-11-02,18.31,18.26,18.68,18.21,95.95,-0.97,-0.009734991887506705,18.62142857142857,16.339,0.030915972517539244,Medium Risk
2023-11-05,18.45,18.54,18.66,18.3,89.39,0.76,0.007646095030038325,18.55,16.470666666666666,0.014222942201555051,Low Risk
2023-11-06,18.46,18.49,18.7,18.37,237.48,0.05,0.0005420054200542257,18.50142857142857,16.59466666666667,0.0141667563058786,Low Risk
2023-11-07,19.66,18.51,20.22,18.4,324.97,6.5,0.06500541711809316,18.594285714285714,16.757666666666665,0.029331643713605995,Medium Risk
2023-11-08,21.06,19.55,21.4,19.37,336.4,7.12,0.07121057985757884,18.967142857142854,16.960666666666665,0.033852120089924685,Medium Risk
2023-11-09,20.5,20.98,21.81,19.85,2.51,-2.66,-0.026590693257359854,19.275714285714287,17.134,0.0371782073795902,Medium Risk
2023-11-12,21.16,21.0,21.5,20.75,248.85,3.22,0.03219512195121954,19.657142857142855,17.322666666666667,0.037378283204397005,Medium Risk
2023-11-13,21.03,21.49,21.49,20.9,98.07,-0.61,-0.0061436672967863926,20.045714285714286,17.515,0.036923377286593353,Medium Risk
2023-11-14,19.92,21.35,21.46,19.82,535.56,-5.28,-0.05278174037089867,20.255714285714287,17.687,0.0463135302015454,Medium Risk
2023-11-15,20.22,19.98,20.25,19.98,492.86,1.51,0.015060240963855387,20.50714285714286,17.887333333333334,0.04604338872018654,Medium Risk
2023-11-16,20.5,20.38,21.0,20.21,810.5,1.38,0.013847675568743778,20.62714285714286,18.072333333333336,0.040298686984881045,Medium Risk
2023-11-19,20.85,20.5,20.9,20.32,241.23,1.71,0.017073170731707332,20.59714285714286,18.291333333333334,0.029635602063478584,Medium Risk
2023-11-20,20.4,20.75,21.24,20.32,262.44,-2.16,-0.021582733812949728,20.582857142857144,18.499666666666666,0.02896918573270811,Medium Risk
2023-11-21,20.4,20.6,20.69,20.08,351.89,0.0,0.0,20.474285714285713,18.686333333333334,0.02526272221585655,Medium Risk
2023-11-22,20.48,20.49,20.51,20.19,245.25,0.39,0.0039215686274509665,20.395714285714288,18.863666666666667,0.025467902724128296,Medium Risk
2023-11-23,21.75,20.7,21.99,20.42,629.75,6.2,0.06201171875,20.657142857142855,19.075666666666667,0.025400203478996256,Medium Risk
2023-11-26,22.03,21.71,22.1,21.42,354.24,1.29,0.012873563218390949,20.915714285714284,19.286333333333335,0.02538271316820141,Medium Risk
2023-11-27,22.0,22.03,22.99,21.9,931.24,-0.14,-0.001361779391738538,21.13,19.461,0.025902964442286874,Medium Risk
2023-11-28,20.73,22.45,22.45,20.7,370.12,-5.77,-0.05772727272727274,21.11285714285714,19.555333333333333,0.03611594891553756,Medium Risk
2023-11-29,20.69,21.12,21.12,20.34,529.37,-0.19,-0.0019295706705257931,21.154285714285717,19.663666666666668,0.034927003136190876,Medium Risk
2023-11-30,20.99,21.03,21.03,20.51,193.95,1.45,0.014499758337360946,21.238571428571426,19.801666666666666,0.03518022339507126,Medium Risk
2023-12-03,20.99,21.0,21.74,20.6,314.2,0.0,0.0,21.31142857142857,19.933,0.03522425789692776,Medium Risk
2023-12-04,20.99,20.99,21.17,20.55,596.84,0.0,0.0,21.202857142857145,20.045,0.024331982174964916,Medium Risk
2023-12-05,20.5,21.01,21.25,20.35,341.99,-2.33,-0.02334444973797034,20.984285714285715,20.137,0.02379059013986816,Medium Risk
2023-12-06,20.49,20.52,20.83,20.3,296.93,-0.05,-0.00048780487804889194,20.768571428571427,20.188333333333333,0.023845589479669402,Medium Risk
2023-12-07,20.73,20.43,20.73,19.91,355.4,1.17,0.01171303074670571,20.768571428571427,20.252666666666666,0.012222476280977022,Low Risk
2023-12-10,20.49,20.73,20.75,20.26,81.82,-1.16,-0.01157742402315498,20.740000000000002,20.302000000000003,0.013003799838044929,Low Risk
2023-12-11,20.1,20.4,20.4,19.86,1.17,-1.9,-0.019033674963396585,20.61285714285714,20.357000000000003,0.012368466867197366,Low Risk
2023-12-12,20.31,20.2,20.7,20.05,457.63,1.04,0.010447761194029681,20.515714285714285,20.422666666666665,0.013777935736580916,Low Risk
2023-12-13,20.28,20.2,20.5,20.07,329.32,-0.15,-0.001477104874445967,20.414285714285715,20.48233333333333,0.013706659076154433,Low Risk
2023-12-14,21.0,20.3,21.25,20.14,364.31,3.55,0.035502958579881616,20.485714285714288,20.572,0.017868196383980166,Low Risk
2023-12-17,21.67,21.25,21.7,21.0,247.76,3.19,0.03190476190476188,20.654285714285713,20.679333333333332,0.020620483707514157,Medium Risk
2023-12-18,22.02,21.67,22.8,21.29,500.34,1.62,0.01615136132902628,20.83857142857143,20.798000000000002,0.0208134287657017,Medium Risk
2023-12-19,21.82,22.29,22.29,21.5,325.44,-0.91,-0.009082652134423275,21.02857142857143,20.869999999999997,0.02042313430623895,Medium Risk
2023-12-20,21.2,22.2,22.2,21.1,171.37,-2.84,-0.028414298808432714,21.185714285714287,20.874666666666666,0.02275883211070833,Medium Risk
2023-12-21,20.0,21.9,21.9,20.0,504.07,-5.66,-0.05660377358490565,21.141428571428573,20.858,0.033203013382593356,Medium Risk
2023-12-24,19.89,20.5,20.7,19.86,5.26,-0.55,-0.005499999999999949,21.085714285714285,20.81566666666667,0.033232971731226114,Medium Risk
2023-12-25,19.63,19.89,20.0,19.2,350.85,-1.31,-0.013071895424836666,20.889999999999997,20.769,0.028801876820039263,Medium Risk
2023-12-26,19.5,19.8,19.99,19.01,1.12,-0.66,-0.0066225165562913135,20.580000000000002,20.755,0.02265648288081902,Medium Risk
2023-12-27,19.54,19.5,20.71,19.31,665.14,0.21,0.0020512820512819108,20.225714285714282,20.732333333333333,0.019913615252241616,Low Risk
2023-12-28,20.76,19.8,20.89,19.65,259.25,6.24,0.06243602865916076,20.074285714285715,20.741,0.03619420457338465,Medium Risk
2023-12-31,22.0,20.75,22.0,20.26,253.45,5.97,0.059730250481695446,20.18857142857143,20.779333333333334,0.04215463592997176,Medium Risk
2024-01-02,21.95,22.2,22.4,21.55,247.9,-0.23,-0.002272727272727315,20.467142857142857,20.831,0.0326166645604385,Medium Risk
2024-01-03,22.01,22.09,22.45,21.81,85.04,0.27,0.002733485193622043,20.770000000000003,20.884666666666664,0.03194531893337222,Medium Risk
2024-01-04,21.61,22.0,22.26,21.31,327.02,-1.82,-0.018173557473875612,21.052857142857142,20.92233333333333,0.03274073003534923,Medium Risk
2024-01-08,21.51,21.7,21.99,21.5,246.65,-0.46,-0.004627487274409869,21.34,20.91433333333333,0.03253661021422418,Medium Risk
2024-01-09,21.52,21.74,21.74,21.48,189.05,0.05,0.0004649000464898023,21.62285714285714,20.897333333333332,0.03264355720629522,Medium Risk
2024-01-10,21.74,21.55,21.8,21.45,464.81,1.02,0.010223048327137496,21.762857142857143,20.888666666666666,0.02485473294938428,Medium Risk
2024-01-11,21.84,21.77,21.91,21.57,326.18,0.46,0.004599816007359703,21.740000000000002,20.925666666666665,0.008973189490226784,Low Risk
2024-01-14,23.24,21.86,23.29,21.86,591.69,6.41,0.0641025641025641,21.924285714285713,21.010666666666665,0.026113362138172582,Medium Risk
2024-01-15,24.05,23.3,24.1,22.3,441.95,3.49,0.03485370051635117,22.215714285714284,21.112666666666666,0.027709656939628336,Medium Risk
2024-01-16,25.01,24.07,25.01,23.9,373.85,3.99,0.03991683991683992,22.701428571428572,21.24666666666667,0.025397680926744395,Medium Risk
2024-01-17,24.51,25.03,25.35,24.1,341.93,-2.0,-0.01999200319872052,23.13,21.364,0.0284933516984446,Medium Risk
2024-01-18,25.99,24.11,26.0,24.1,189.15,6.04,0.0603835169318645,23.768571428571427,21.547000000000004,0.030841989907955634,Medium Risk
2024-01-21,26.71,25.95,27.0,25.9,152.03,2.77,0.027702962677953247,24.478571428571428,21.75433333333333,0.029881265734595895,Medium Risk
2024-01-22,27.39,26.71,27.5,26.26,228.41,2.55,0.025458629726694104,25.27142857142857,21.976333333333333,0.02787262116588745,Medium Risk
2024-01-23,27.46,27.4,27.9,26.27,141.04,0.26,0.002555677254472366,25.874285714285715,22.208666666666666,0.026155685841185047,Medium Risk
2024-01-24,27.98,26.8,29.0,26.8,372.46,1.89,0.01893663510560817,26.435714285714287,22.471333333333334,0.025785833883433504,Medium Risk
2024-01-28,28.48,27.55,31.97,27.54,396.2,1.79,0.01786990707648317,26.931428571428572,22.74366666666667,0.024570046451769613,Medium Risk
2024-01-29,27.4,29.3,29.3,26.94,1.04,-3.79,-0.037921348314606806,27.344285714285714,22.981,0.029708107360742496,Medium Risk
2024-01-30,28.0,27.7,28.3,24.99,3.02,2.19,0.021897810218978186,27.631428571428575,23.214333333333336,0.02302736862866432,Medium Risk
2024-01-31,24.0,28.5,29.0,23.8,2.75,-14.29,-0.1428571428571429,27.244285714285716,23.291999999999998,0.061093392879147085,High Risk
2024-02-01,24.8,24.0,25.0,21.0,1.5,3.33,0.03333333333333344,26.874285714285712,23.384666666666664,0.06199482929045834,High Risk
2024-02-04,24.36,24.8,25.1,23.56,392.49,-1.77,-0.01774193548387104,26.431428571428572,23.469333333333335,0.061657287792477776,High Risk
2024-02-05,25.5,24.36,25.59,24.4,927.43,4.68,0.046798029556650356,26.077142857142857,23.612666666666666,0.06503580730478457,High Risk
2024-02-06,25.51,25.5,26.89,25.06,2.11,0.04,0.00039215686274518546,25.65285714285714,23.796333333333333,0.06406053367321378,High Risk
2024-02-07,25.99,25.51,26.4,25.42,227.34,1.88,0.018816150529204156,25.451428571428572,23.999666666666666,0.0640787120075566,High Risk
2024-02-08,26.26,25.99,26.5,25.77,224.5,1.04,0.010388611004232606,25.20285714285714,24.220666666666666,0.06339892168641291,High Risk
2024-02-11,26.07,26.26,26.5,25.97,395.91,-0.72,-0.00723533891850725,25.49857142857143,24.439666666666668,0.02274610916748963,Medium Risk
2024-02-12,26.72,26.07,26.99,23.01,433.08,2.49,0.024932873034138714,25.772857142857145,24.679,0.021634010253544795,Medium Risk
2024-02-13,26.79,26.72,27.0,26.65,216.88,0.26,0.0026197604790418882,26.12,24.88,0.01824308935192321,Low Risk
2024-02-14,26.86,26.79,27.5,26.79,280.94,0.26,0.0026129152668905586,26.314285714285713,25.041999999999998,0.011222420085856567,Low Risk
2024-02-15,26.91,26.86,27.0,26.81,427.09,0.19,0.0018615040953089412,26.514285714285712,25.207333333333334,0.01108006966582169,Low Risk
2024-02-18,26.72,26.91,26.99,26.58,110.07,-0.71,-0.007060572277963639,26.618571428571425,25.364333333333335,0.011075263766691002,Low Risk
2024-02-19,26.25,26.72,27.0,26.09,365.98,-1.76,-0.01758982035928136,26.617142857142856,25.519000000000002,0.0132313048217746,Low Risk
2024-02-20,26.43,26.25,27.0,26.16,4.6,0.69,0.006857142857142895,26.66857142857143,25.683,0.01301367661482984,Low Risk
2024-02-21,26.4,26.43,26.9,26.26,414.39,-0.11,-0.0011350737797957144,26.62285714285714,25.845666666666666,0.008212908764532586,Low Risk
2024-02-22,25.76,26.4,26.5,25.26,395.87,-2.42,-0.024242424242424176,26.475714285714282,25.97966666666667,0.011486476101644574,Low Risk
2024-02-25,23.51,25.76,25.64,21.75,2.33,-8.73,-0.08734472049689446,25.997142857142858,26.035333333333334,0.032309116004104105,Medium Risk
2024-02-26,24.24,23.51,24.64,23.5,509.73,3.11,0.03105061675882581,25.615714285714287,26.068666666666665,0.03691245501223591,Medium Risk
2024-02-27,23.88,24.24,25.2,23.66,461.53,-1.49,-0.014851485148514865,25.21,26.063000000000002,0.03677819432742988,Medium Risk
2024-02-28,23.93,23.88,24.4,23.7,563.33,0.21,0.0020938023450587373,24.87857142857143,26.027,0.03732434698425133,Medium Risk
2024-02-29,23.33,23.93,24.28,23.01,640.31,-2.51,-0.025073129962390417,24.435714285714287,25.987666666666666,0.03650506548632986,Medium Risk
2024-03-03,23.2,23.33,23.92,23.0,375.47,-0.56,-0.005572224603514697,23.978571428571428,25.89466666666667,0.03621962508649481,Medium Risk
2024-03-04,24.26,23.2,24.76,23.15,304.86,4.57,0.04568965517241397,23.764285714285712,25.813,0.04310599495858546,Medium Risk
2024-03-05,24.59,24.26,26.0,24.3,768.37,1.36,0.013602638087386598,23.918571428571425,25.71966666666667,0.02518800900466679,Medium Risk
2024-03-06,26.0,24.59,29.5,25.21,3.42,5.73,0.05734038226921512,24.169999999999998,25.671,0.030765443548563805,Medium Risk
2024-03-07,26.45,26.0,27.5,25.8,2.14,1.73,0.017307692307692246,24.53714285714286,25.62,0.028686412232499875,Medium Risk
2024-03-10,26.4,26.45,27.47,26.0,4.1,-0.19,-0.001890359168241984,24.889999999999997,25.550666666666665,0.029023986424364063,Medium Risk
2024-03-11,27.0,26.4,28.79,26.66,3.09,2.27,0.022727272727272707,25.41428571428571,25.537333333333333,0.023205233170169745,Medium Risk
2024-03-12,26.39,27.0,27.94,26.07,1.56,-2.26,-0.02259259259259261,25.87,25.483666666666668,0.027063094463629467,Medium Risk
2024-03-13,25.79,26.39,26.9,24.0,652.32,-2.27,-0.022735884804850337,26.08857142857143,25.543333333333333,0.028104591818254317,Medium Risk
2024-03-14,25.62,25.79,25.79,23.82,524.22,-0.66,-0.006591702210158923,26.235714285714288,25.570666666666668,0.028598504521297453,Medium Risk
2024-03-17,24.37,25.62,25.5,24.06,576.51,-4.88,-0.04879000780640119,26.002857142857145,25.571,0.024872046780635083,Medium Risk
2024-03-18,22.26,24.37,24.38,20.78,836.39,-8.66,-0.08658186294624537,25.404285714285713,25.463,0.035377947374725015,Medium Risk
2024-03-19,21.98,22.26,22.19,21.01,541.25,-1.26,-0.012578616352201255,24.772857142857145,25.345333333333333,0.03449542143346223,Medium Risk
2024-03-20,23.0,21.98,23.49,21.98,433.33,4.64,0.046405823475887065,24.201428571428576,25.24566666666667,0.04060974455120211,Medium Risk
2024-03-21,22.82,23.0,23.5,22.1,539.58,-0.78,-0.00782608695652176,23.69142857142857,25.131000000000004,0.04095129012475538,Medium Risk
2024-03-24,23.6,22.82,23.65,23.06,1.31,3.42,0.034180543382997364,23.37857142857143,25.048666666666666,0.04565476416064273,Medium Risk
2024-03-25,23.33,23.6,23.9,22.31,397.65,-1.14,-0.01144067796610182,23.051428571428573,24.935666666666666,0.04560139280084848,Medium Risk
2024-03-26,22.0,23.33,23.77,22.0,851.39,-5.7,-0.0570081440205743,22.712857142857143,24.776,0.04678554768559466,Medium Risk
2024-03-27,21.0,22.0,22.0,20.6,1.39,-4.55,-0.045454545454545414,22.532857142857146,24.580666666666666,0.03780635692361145,Medium Risk
2024-03-28,20.7,21.0,21.68,20.5,718.53,-1.43,-0.014285714285714346,22.349999999999998,24.37366666666667,0.03784874530900295,Medium Risk
2024-03-31,19.4,20.7,21.0,19.25,1.01,-6.28,-0.06280193236714982,21.835714285714285,24.129666666666665,0.03404037786170448,Medium Risk
2024-04-01,20.35,19.4,20.43,19.47,443.21,4.9,0.0489690721649485,21.482857142857142,23.933,0.04377971732772393,Medium Risk
2024-04-02,20.06,20.35,20.95,19.88,292.68,-1.43,-0.014250614250614357,20.97714285714286,23.720666666666666,0.03809509464728052,Medium Risk
2024-04-03,20.2,20.06,20.4,19.67,494.6,0.7,0.006979062811565351,20.53,23.514000000000003,0.03957944465859577,Medium Risk
2024-04-04,20.56,20.2,20.89,20.31,635.2,1.78,0.017821782178217838,20.324285714285715,23.340666666666667,0.037890722779741495,Medium Risk
2024-04-07,20.5,20.56,21.0,20.5,347.34,-0.29,-0.0029182879377431803,20.252857142857145,23.240333333333332,0.034312525845639166,Medium Risk
2024-04-08,20.73,20.5,20.93,20.6,177.31,1.12,0.011219512195121961,20.25714285714286,23.123333333333335,0.03425943130104176,Medium Risk
2024-04-15,21.91,20.73,22.7,20.21,1.31,5.69,0.05692233478051123,20.615714285714287,23.057666666666663,0.026200987664006872,Medium Risk
2024-04-16,21.88,21.91,22.44,21.6,2.37,-0.14,-0.001369237790963096,20.834285714285716,22.98933333333333,0.022930916656222138,Medium Risk
2024-04-17,21.97,21.88,22.48,21.83,575.36,0.41,0.004113345521023826,21.107142857142858,22.944,0.020535479890312982,Medium Risk
2024-04-18,21.14,21.97,22.2,19.52,592.27,-3.78,-0.03777878925807909,21.24142857142857,22.875333333333334,0.028310493499709596,Medium Risk
2024-04-21,21.5,21.14,22.1,21.0,1.1,1.7,0.017029328287606393,21.375714285714285,22.783333333333335,0.02826088874460406,Medium Risk
2024-04-22,20.49,21.5,21.25,20.12,674.13,-4.7,-0.04697674418604658,21.374285714285715,22.646666666666665,0.034898536789159225,Medium Risk
2024-04-23,18.6,20.49,20.55,18.45,2.19,-9.22,-0.09224011713030733,21.069999999999997,22.4,0.048740952995772704,Medium Risk
2024-04-24,18.7,18.6,19.0,18.46,3.75,0.54,0.005376344086021501,20.611428571428572,22.141666666666666,0.03912822285874054,Medium Risk
2024-04-28,17.67,18.8,18.89,17.17,179.42,-5.51,-0.05508021390374318,20.009999999999998,21.850666666666665,0.03974022367769328,Medium Risk
2024-04-29,18.62,17.55,18.75,17.2,125.89,5.38,0.053763440860215006,19.53142857142857,21.57133333333333,0.04985498105221729,Medium Risk
2024-04-30,17.86,18.7,19.06,17.55,858.23,-4.08,-0.04081632653061229,19.062857142857144,21.287,0.05002537001292723,High Risk
2024-05-01,18.49,17.91,18.65,17.76,551.08,3.53,0.03527435610302354,18.632857142857144,21.04366666666667,0.05283702733364375,High Risk
2024-05-02,19.51,18.59,19.65,18.5,182.49,5.52,0.05516495402920518,18.49285714285714,20.84,0.0580266074357847,High Risk
2024-05-07,20.48,19.4,20.59,19.07,423.91,4.97,0.04971809328549459,18.761428571428574,20.710333333333335,0.04628025392366166,Medium Risk
2024-05-08,20.04,20.7,21.1,20.0,315.77,-2.15,-0.02148437500000011,18.952857142857145,20.636333333333333,0.0482602681585232,Medium Risk
2024-05-09,20.7,20.04,21.08,20.0,872.96,3.29,0.03293413173652704,19.385714285714283,20.593666666666667,0.03871639471179491,Medium Risk
2024-05-12,19.59,20.64,20.99,19.25,83.04,-5.36,-0.05362318840579705,19.524285714285714,20.48,0.045424146122700224,Medium Risk
2024-05-13,19.96,19.13,20.0,18.76,157.63,1.89,0.018887187340479894,19.82428571428571,20.384666666666664,0.039971827374396036,Medium Risk
2024-05-14,19.52,20.0,20.1,19.5,238.66,-2.2,-0.022044088176352727,19.97142857142857,20.24866666666667,0.04137786004333007,Medium Risk
2024-05-15,19.45,19.91,19.91,19.07,48.49,-0.36,-0.0035860655737705027,19.962857142857143,20.119333333333334,0.03593746015912222,Medium Risk
2024-05-16,19.8,19.45,19.9,19.21,64.6,1.8,0.01799485861182526,19.865714285714287,20.046,0.03017844857822008,Medium Risk
2024-05-19,20.14,19.6,20.95,19.6,2.76,1.72,0.01717171717171717,19.88,20.017333333333333,0.03007149127241662,Medium Risk
2024-05-20,19.98,20.15,20.38,19.81,312.0,-0.79,-0.00794438927507446,19.777142857142856,19.993333333333332,0.026632806189872613,Medium Risk
2024-05-21,19.5,20.01,20.4,19.4,3.05,-2.4,-0.024024024024024038,19.764285714285712,19.996666666666666,0.018764693367735494,Low Risk
2024-05-22,19.57,19.69,19.85,19.41,144.3,0.36,0.0035897435897436214,19.708571428571428,19.970666666666666,0.016930835740772338,Low Risk
2024-05-23,19.5,19.89,19.89,19.41,152.3,-0.36,-0.0035769034236076136,19.705714285714286,19.952,0.014705271876433385,Low Risk
2024-05-26,19.39,19.78,19.8,19.2,422.32,-0.56,-0.005641025641025643,19.697142857142858,19.925,0.014807700432913514,Low Risk
2024-05-27,19.09,19.63,19.63,19.08,224.7,-1.55,-0.015471892728210479,19.595714285714287,19.875999999999998,0.013215731940159492,Low Risk
2024-05-28,18.9,19.31,19.4,18.9,822.54,-1.0,-0.009952854897852359,19.41857142857143,19.82266666666667,0.008839524908045881,Low Risk
2024-05-29,19.02,18.9,19.14,18.9,111.69,0.63,0.006349206349206327,19.28142857142857,19.765666666666668,0.01060037345903694,Low Risk
2024-05-30,18.94,19.22,19.5,18.9,620.27,-0.42,-0.004206098843322681,19.201428571428572,19.666666666666668,0.007467119948597174,Low Risk
2024-06-02,19.01,19.0,19.6,18.94,142.72,0.37,0.0036958817317847004,19.121428571428574,19.571,0.0074854932049792785,Low Risk
2024-06-03,19.01,19.01,19.59,19.0,114.8,0.0,0.0,19.051428571428573,19.472333333333335,0.007648640821720907,Low Risk
2024-06-04,19.31,19.04,19.6,19.02,154.25,1.58,0.015781167806417473,19.04,19.411333333333335,0.010464857291997797,Low Risk
2024-06-05,18.95,19.2,19.3,18.9,141.28,-1.86,-0.018643190056965242,19.020000000000003,19.326333333333334,0.011257475183882253,Low Risk
2024-06-06,19.0,18.97,19.29,18.96,96.78,0.26,0.0026385224274407815,19.034285714285716,19.276666666666667,0.010573031783870961,Low Risk
2024-06-09,17.61,19.0,19.2,17.54,383.63,-7.32,-0.07315789473684209,18.832857142857144,19.243666666666666,0.02945903430015549,Medium Risk
2024-06-10,17.83,17.7,18.05,17.6,334.2,1.25,0.01249290176036344,18.674285714285713,19.214666666666666,0.03070857731999556,Medium Risk
2024-06-11,17.97,17.87,18.58,17.87,284.02,0.79,0.007851934941110583,18.525714285714287,19.224666666666668,0.031014886578425122,Medium Risk
2024-06-12,18.32,17.98,18.4,17.8,106.19,1.95,0.019476905954368462,18.427142857142854,19.214666666666666,0.032639024717822325,Medium Risk
2024-06-13,18.55,18.4,18.65,18.0,528.85,1.26,0.01255458515283836,18.318571428571428,19.237666666666666,0.03232125899630318,Medium Risk
2024-06-23,19.01,18.5,19.16,18.5,1.12,2.48,0.024797843665768315,18.327142857142857,19.255,0.03347222416253897,Medium Risk
2024-06-24,18.99,19.0,19.1,18.85,194.63,-0.11,-0.0010520778537613795,18.325714285714287,19.237666666666666,0.03347027342911946,Medium Risk
2024-06-25,18.89,19.0,19.0,18.18,381.67,-0.53,-0.005265929436545469,18.50857142857143,19.184666666666665,0.010655474972431021,Low Risk
2024-06-26,18.55,18.8,19.15,18.23,4.93,-1.8,-0.017998941238750676,18.611428571428572,19.134999999999998,0.014908599936434685,Low Risk
2024-06-27,18.69,18.83,19.0,18.59,503.21,0.75,0.007547169811320753,18.714285714285715,19.067999999999998,0.014901937720750574,Low Risk
2024-07-01,18.98,18.97,19.1,18.8,3.98,1.55,0.015516318887105252,18.80857142857143,19.047666666666668,0.014357942784476458,Low Risk
2024-07-02,18.83,19.0,19.09,18.7,1.94,-0.79,-0.007903055848261453,18.84857142857143,19.009999999999998,0.014679667738685412,Low Risk
2024-07-03,18.92,18.83,18.97,18.71,874.85,0.48,0.004779607010090503,18.835714285714285,18.990000000000002,0.011053512743915144,Low Risk
2024-07-04,18.85,19.02,19.1,18.84,2.46,-0.37,-0.0036997885835095,18.815714285714286,18.970000000000002,0.011115678623781558,Low Risk
2024-07-07,18.84,18.97,19.14,18.8,5.7,-0.05,-0.0005305039787799615,18.80857142857143,18.938,0.01095598759268398,Low Risk
2024-07-08,19.53,18.98,20.1,18.8,26.89,3.66,0.03662420382165621,18.94857142857143,18.917666666666666,0.014983645688987671,Low Risk
2024-07-09,19.32,19.64,19.85,19.3,3.09,-1.08,-0.010752688172043001,19.03857142857143,18.895666666666667,0.016489933048121644,Low Risk
2024-07-10,19.25,19.4,19.57,19.21,2.27,-0.36,-0.0036231884057971175,19.07714285714286,18.887333333333334,0.016008644737713688,Low Risk
2024-07-14,19.2,19.27,19.5,19.0,1.33,-0.26,-0.0025974025974025983,19.13,18.875,0.015574275305143737,Low Risk
2024-07-15,19.06,19.06,19.3,19.0,2.13,-0.73,-0.007291666666666696,19.150000000000002,18.860333333333333,0.01599231515725045,Low Risk
2024-07-16,18.86,19.2,19.2,18.85,2.45,-1.05,-0.01049317943336825,19.15142857142857,18.842666666666666,0.016533443037609234,Low Risk
2024-07-17,19.16,19.0,19.23,18.8,2.36,1.59,0.01590668080593849,19.197142857142858,18.845000000000002,0.017549928250724538,Low Risk
2024-07-18,19.5,19.31,20.1,19.2,4.29,1.77,0.017745302713987554,19.192857142857143,18.865,0.012017438611424158,Low Risk
2024-07-21,19.52,19.64,19.8,19.34,992.92,0.1,0.0010256410256410664,19.22142857142857,18.881666666666664,0.01107435939631689,Low Risk
2024-07-22,19.82,19.54,20.14,19.54,3.63,1.54,0.015368852459016535,19.302857142857142,18.911,0.011898767822518905,Low Risk
2024-07-23,20.28,19.96,20.89,19.89,3.54,2.32,0.023208879919273562,19.457142857142856,18.953333333333333,0.013338733873965055,Low Risk
2024-07-24,20.42,20.42,20.7,20.18,790.57,0.69,0.006903353057199135,19.65142857142857,19.000333333333334,0.011606466882001903,Low Risk
2024-07-28,19.9,20.51,20.68,19.86,287.77,-2.55,-0.025465230166503594,19.800000000000004,19.02,0.016394199343087397,Low Risk
2024-07-29,20.0,20.0,20.4,19.95,451.2,0.5,0.005025125628140836,19.919999999999998,19.055,0.016010285514914607,Low Risk
2024-07-30,20.96,20.14,21.0,20.0,4.32,4.8,0.04800000000000004,20.12857142857143,19.12033333333333,0.022426163532882484,Medium Risk
2024-07-31,20.6,20.97,21.0,20.6,816.47,-1.72,-0.01717557251908397,20.282857142857146,19.220000000000002,0.024662356676130873,Medium Risk
2024-08-01,20.31,20.74,21.11,20.31,2.73,-1.41,-0.014077669902912704,20.352857142857143,19.302666666666667,0.02568239048791661,Medium Risk
2024-08-04,20.0,20.0,20.25,19.3,1.77,-1.53,-0.015263417035942806,20.312857142857144,19.370333333333335,0.024935864866983442,Medium Risk
2024-08-05,19.52,19.5,19.68,18.57,1.05,-2.4,-0.02400000000000002,20.184285714285714,19.410333333333334,0.025872349709272633,Medium Risk
2024-08-06,19.65,19.3,19.83,19.3,389.79,0.67,0.006659836065573632,20.148571428571426,19.447,0.024694795247660824,Medium Risk
2024-08-07,20.2,19.76,20.3,19.7,2.9,2.8,0.027989821882951738,20.177142857142858,19.486666666666668,0.02711981617436285,Medium Risk
2024-08-08,20.34,20.1,20.4,20.02,536.32,0.69,0.006930693069306937,20.08857142857143,19.531666666666663,0.018521857925865564,Low Risk
2024-08-11,20.6,20.4,20.73,20.25,809.59,1.28,0.012782694198623545,20.08857142857143,19.588666666666665,0.018467172733200445,Low Risk
2024-08-12,20.4,20.69,20.8,20.33,2.38,-0.97,-0.009708737864077777,20.101428571428567,19.650333333333332,0.017973569216036527,Low Risk
2024-08-13,20.4,20.48,20.58,20.17,506.91,0.0,0.0,20.158571428571427,19.707333333333334,0.01657574532130142,Low Risk
2024-08-14,20.58,20.49,20.63,20.16,1.23,0.88,0.008823529411764675,20.31,19.760666666666665,0.011567018044314878,Low Risk
2024-08-15,21.63,20.59,21.87,20.4,1.73,5.1,0.05102040816326525,20.592857142857138,19.854,0.020010743112146366,Medium Risk
2024-08-18,21.54,21.79,21.99,21.3,1.98,-0.42,-0.004160887656033285,20.784285714285716,19.941333333333333,0.01994797619608788,Low Risk
2024-08-19,21.5,21.65,21.65,21.4,1.25,-0.19,-0.0018570102135561095,20.95,20.029666666666667,0.020399507369163718,Medium Risk
2024-08-20,21.7,21.51,21.78,21.1,1.29,0.93,0.009302325581395321,21.107142857142858,20.125,0.020309381321075196,Medium Risk
2024-08-21,21.77,21.95,22.08,21.7,1.32,0.32,0.003225806451612856,21.302857142857142,20.199666666666666,0.019016023861108976,Low Risk
2024-08-22,21.23,21.7,21.86,21.2,506.59,-2.48,-0.02480477721635277,21.42142857142857,20.263333333333332,0.02297568466135459,Medium Risk
2024-08-25,20.71,21.23,21.39,20.7,952.52,-2.45,-0.02449364107395191,21.44,20.312,0.025580971696173932,Medium Risk
2024-08-26,20.61,20.75,20.94,20.25,1.21,-0.48,-0.004828585224529336,21.294285714285714,20.358999999999998,0.013116930022147817,Low Risk
2024-08-27,20.41,20.76,20.91,20.3,4.79,-0.97,-0.009704027171276053,21.132857142857144,20.404,0.013098190304104342,Low Risk
2024-08-28,20.42,20.65,20.7,20.32,2.29,0.05,0.0004899559039686086,20.978571428571428,20.456,0.013298040042707642,Low Risk
2024-08-29,20.0,20.54,20.55,19.9,2.06,-2.06,-0.020568070519099035,20.735714285714288,20.483999999999998,0.011806909120904442,Low Risk
2024-09-01,20.0,20.0,20.49,19.97,4.43,0.0,0.0,20.482857142857142,20.500666666666667,0.011181560115023055,Low Risk
2024-09-02,20.23,20.15,20.55,19.95,4.24,1.15,0.011500000000000066,20.34,20.524333333333335,0.012577877435250488,Low Risk
2024-09-03,20.5,20.31,20.68,20.23,757.2,1.33,0.01334651507661877,20.31,20.547,0.011814739724758175,Low Risk
2024-09-04,20.74,20.49,20.86,20.2,2.04,1.17,0.011707317073170742,20.32857142857143,20.562333333333335,0.012638193670725259,Low Risk
2024-09-05,21.0,20.83,21.05,20.75,2.8,1.25,0.012536162005786,20.412857142857142,20.581666666666663,0.012299324977835646,Low Risk
2024-09-08,20.37,21.0,21.1,20.26,513.56,-3.0,-0.029999999999999916,20.405714285714286,20.59733333333333,0.017922655676847695,Low Risk
2024-09-09,20.29,20.37,20.54,20.12,914.08,-0.39,-0.003927344133529798,20.447142857142858,20.606999999999996,0.015743657027327104,Low Risk
2024-09-10,19.79,20.5,20.5,19.68,1.56,-2.46,-0.024642681123706267,20.417142857142856,20.568,0.018772511586859008,Low Risk
2024-09-11,20.0,19.83,20.07,19.36,584.92,1.06,0.010611419909045017,20.384285714285713,20.548000000000002,0.01867384888575406,Low Risk
2024-09-12,20.07,20.0,20.18,19.89,179.31,0.35,0.0035000000000000586,20.322857142857142,20.54,0.01771710974755137,Low Risk
2024-09-16,19.81,20.15,20.2,19.69,361.4,-1.3,-0.012954658694569132,20.189999999999998,20.533666666666665,0.016757131724543857,Low Risk
2024-09-17,19.68,19.98,20.0,19.51,249.21,-0.66,-0.006562342251388187,20.00142857142857,20.538999999999998,0.014570109981831862,Low Risk
2024-09-18,19.61,19.68,19.84,19.5,347.73,-0.36,-0.0035569105691056757,19.892857142857142,20.537666666666667,0.011327221818490612,Low Risk
2024-09-19,19.72,19.78,19.85,19.63,183.37,0.56,0.005609382967873611,19.81142857142857,20.521666666666665,0.012077195815651295,Low Risk
2024-09-22,19.73,19.86,20.08,19.71,639.59,0.05,0.0005070993914808586,19.802857142857142,20.501333333333335,0.007947290736137721,Low Risk
2024-09-23,19.84,19.81,20.15,19.81,684.68,0.56,0.005575266092245235,19.78,20.476,0.006948855425695805,Low Risk
2024-09-24,19.73,19.95,20.0,19.62,1.14,-0.55,-0.005544354838709631,19.731428571428573,20.453666666666667,0.006784238443509418,Low Risk
2024-09-25,19.81,19.8,19.9,19.71,700.21,0.41,0.0040547389761782515,19.731428571428573,20.434,0.005255182602948826,Low Risk
2024-09-26,20.5,19.89,20.59,19.8,2.24,3.48,0.03483089348813739,19.84857142857143,20.431333333333335,0.013478852929957865,Low Risk
2024-09-29,20.82,20.59,21.0,20.3,1.36,1.56,0.01560975609756099,20.021428571428572,20.404333333333334,0.013174966559150078,Low Risk
2024-09-30,20.82,20.81,21.24,20.62,1.53,0.0,0.0,20.178571428571427,20.380333333333333,0.013556728255501388,Low Risk
2024-10-01,20.62,20.5,20.82,20.35,1.6,-0.96,-0.009606147934678178,20.305714285714284,20.351,0.014939534068286752,Low Risk
2024-10-02,20.22,20.44,20.88,20.1,803.36,-1.94,-0.019398642095053487,20.359999999999996,20.30166666666667,0.017868900859483308,Low Risk
2024-10-03,19.98,20.42,20.44,19.89,1.53,-1.19,-0.011869436201780381,20.395714285714288,20.242,0.01851242957179997,Low Risk
2024-10-07,19.5,20.09,20.09,19.43,1.43,-2.4,-0.024024024024024038,20.351428571428574,20.18433333333333,0.020871104224119877,Medium Risk
2024-10-08,19.3,19.6,19.69,19.17,912.62,-1.03,-0.01025641025641022,20.18,20.137333333333334,0.013095593489162059,Low Risk
2024-10-09,19.04,19.5,19.59,18.9,1.04,-1.35,-0.013471502590673645,19.925714285714285,20.084999999999997,0.0076508465494948006,Low Risk
2024-10-10,19.19,19.15,19.3,18.97,376.78,0.79,0.007878151260504396,19.692857142857143,20.044333333333334,0.010032448857897678,Low Risk
2024-10-13,19.01,19.24,19.33,19.0,170.61,-0.94,-0.009379885356956774,19.462857142857143,19.997333333333337,0.010040062338131206,Low Risk
2024-10-14,19.5,19.01,19.7,18.9,922.34,2.58,0.025775907417148858,19.360000000000003,19.980666666666668,0.016536163806469387,Low Risk
2024-10-15,19.29,19.5,19.59,19.21,190.06,-1.08,-0.010769230769230864,19.26142857142857,19.957,0.016465617556655484,Low Risk
2024-10-16,19.18,19.3,19.5,19.07,1.18,-0.57,-0.005702436495593544,19.215714285714284,19.922000000000004,0.014220777877178037,Low Risk
2024-10-17,19.3,19.18,19.39,18.96,928.14,0.63,0.006256517205422307,19.215714285714284,19.882,0.014044661567088598,Low Risk
2024-10-20,18.78,19.3,19.5,18.76,632.71,-2.69,-0.02694300518134718,19.178571428571427,19.816666666666666,0.016853756817252454,Low Risk
2024-10-21,19.4,18.78,19.4,18.75,646.8,3.3,0.03301384451544176,19.208571428571428,19.763333333333332,0.021347965325284494,Medium Risk
2024-10-22,19.89,19.31,19.9,19.2,1.56,2.53,0.02525773195876302,19.334285714285716,19.747333333333334,0.02232987903188796,Medium Risk
2024-10-23,19.9,19.95,20.31,19.83,1.94,0.05,0.0005027652086475598,19.391428571428573,19.734333333333336,0.02071606468365811,Medium Risk
2024-10-24,20.1,19.91,20.3,19.8,714.93,1.01,0.01005025125628145,19.50714285714286,19.744666666666664,0.01987234031424424,Low Risk
2024-10-27,20.3,20.12,21.17,20.1,4.48,1.0,0.00995024875621886,19.667142857142856,19.754666666666665,0.019197081251652034,Low Risk
2024-10-28,21.2,20.6,21.48,20.56,3.6,4.43,0.04433497536945796,19.93857142857143,19.792333333333332,0.023446746329639303,Medium Risk
2024-10-29,21.0,21.2,21.3,21.0,1.85,-0.94,-0.009433962264150941,20.255714285714284,19.831999999999997,0.01887103532534344,Low Risk
2024-10-30,20.5,21.1,21.1,20.43,1.0,-2.38,-0.023809523809523836,20.412857142857145,19.859333333333332,0.022353076982786758,Medium Risk
2024-10-31,20.62,20.67,21.0,20.36,660.06,0.59,0.005853658536585371,20.517142857142858,19.892999999999997,0.021038360522145392,Medium Risk
2024-11-03,21.4,20.78,21.55,20.78,3.71,3.78,0.037827352085353816,20.731428571428573,19.949,0.02411070817110499,Medium Risk
2024-11-04,21.21,21.45,21.78,21.1,1.03,-0.89,-0.00887850467289708,20.890000000000004,19.99833333333333,0.025228888596594945,Medium Risk
2024-11-05,20.99,21.21,21.34,20.7,471.4,-1.04,-0.010372465818010435,20.988571428571426,20.03666666666667,0.02611774216591041,Medium Risk
2024-11-06,21.19,21.02,21.4,20.76,672.31,0.95,0.009528346831824797,20.987142857142857,20.085333333333335,0.019992495366647288,Low Risk
2024-11-07,21.04,21.21,21.5,20.9,1.43,-0.71,-0.007078810759792442,20.99285714285714,20.12633333333333,0.019824377650335036,Low Risk
2024-11-10,21.19,21.16,21.9,21.11,2.19,0.71,0.0071292775665399155,21.091428571428573,20.149333333333335,0.01672366812722283,Low Risk
2024-11-11,21.7,21.44,21.88,21.32,2.73,2.41,0.02406795658329397,21.245714285714286,20.17866666666667,0.018251521943296035,Low Risk
2024-11-12,22.6,21.87,22.99,21.73,11.58,4.15,0.04147465437788034,21.417142857142856,20.238,0.019285682395600398,Low Risk
2024-11-13,22.25,22.7,22.8,22.21,1.21,-1.55,-0.015486725663716894,21.565714285714282,20.292333333333332,0.020379256917814746,Medium Risk
2024-11-14,22.6,22.31,23.45,22.31,2.97,1.57,0.01573033707865168,21.795714285714286,20.371666666666666,0.019004422972944208,Low Risk
2024-11-17,22.2,22.6,22.88,22.2,468.0,-1.77,-0.017699115044247926,21.94,20.445666666666668,0.021870292666847646,Medium Risk
2024-11-18,21.85,22.35,22.64,21.71,2.14,-1.58,-0.015765765765765716,22.055714285714288,20.524,0.02301088293709035,Medium Risk
2024-11-19,21.7,21.85,22.0,21.16,1.22,-0.69,-0.006864988558352492,22.128571428571426,20.604,0.023462973127563496,Medium Risk
2024-11-20,21.74,21.75,22.17,21.55,1.85,0.18,0.0018433179723502668,22.134285714285713,20.694000000000003,0.021672875012677336,Medium Risk
2024-11-21,22.0,22.0,22.2,21.76,2.99,1.2,0.011959521619135272,22.048571428571428,20.787666666666667,0.013808016808350145,Low Risk
2024-11-24,21.65,22.03,22.37,21.64,862.2,-1.59,-0.015909090909090984,21.962857142857143,20.875666666666667,0.013868616934723433,Low Risk
2024-11-25,21.23,21.65,21.8,21.2,429.04,-1.94,-0.019399538106235514,21.767142857142854,20.933333333333334,0.011822153032250406,Low Risk
2024-11-26,21.03,21.25,21.55,20.6,842.01,-0.94,-0.009420631182289196,21.599999999999998,20.991333333333333,0.011184346776988515,Low Risk
2024-11-27,21.02,21.0,21.2,20.53,1.03,-0.05,-0.0004755111745127216,21.481428571428573,21.052666666666664,0.010822644600145087,Low Risk
2024-11-28,21.26,21.29,21.29,20.99,899.7,1.14,0.011417697431018281,21.41857142857143,21.118,0.012504363538052078,Low Risk
2024-12-01,21.08,21.45,21.49,21.0,993.8,-0.85,-0.008466603951082008,21.324285714285715,21.194666666666667,0.012465872614881994,Low Risk
2024-12-02,21.6,21.15,21.85,21.12,3.97,2.47,0.024667931688804767,21.267142857142858,21.268000000000004,0.01573101991062849,Low Risk
2024-12-03,21.62,21.75,21.89,21.52,1.11,0.09,0.0009259259259259967,21.262857142857143,21.32566666666667,0.014586794014264333,Low Risk
2024-12-04,21.8,21.7,21.9,21.64,934.86,0.83,0.008325624421831712,21.344285714285718,21.389,0.012012188905893591,Low Risk
2024-12-05,22.35,21.9,22.35,21.62,1.63,2.52,0.025229357798165264,21.532857142857146,21.464000000000002,0.01274731411344022,Low Risk
2024-12-08,22.27,22.4,22.47,22.0,1.13,-0.36,-0.0035794183445191363,21.71142857142857,21.529666666666667,0.013170828447634248,Low Risk
2024-12-09,22.31,22.4,22.41,22.11,1.27,0.18,0.0017961383026492417,21.861428571428572,21.566666666666666,0.013299972431999024,Low Risk
2024-12-10,21.46,22.47,22.47,21.0,1.11,-3.81,-0.03809950694755704,21.915714285714284,21.582,0.02132989162426229,Medium Risk
2024-12-11,21.18,21.45,21.55,21.12,245.21,-1.3,-0.013047530288909703,21.85571428571429,21.60466666666667,0.019561513517664643,Low Risk
2024-12-12,21.04,21.21,21.47,21.0,717.14,-0.66,-0.006610009442870712,21.77285714285714,21.61866666666667,0.019540193519576504,Low Risk
2024-12-15,21.13,21.05,21.25,21.0,1.33,0.43,0.004277566539923949,21.677142857142858,21.609666666666666,0.01918115927118502,Low Risk
2024-12-16,20.87,21.1,21.45,20.83,494.16,-1.23,-0.012304779933743348,21.465714285714284,21.598333333333336,0.01413653756617634,Low Risk
2024-12-17,20.65,21.05,21.05,20.23,1.21,-1.05,-0.010541447053186492,21.23428571428571,21.587,0.01388064437170455,Low Risk
2024-12-18,19.93,20.6,20.76,19.82,1.27,-3.49,-0.03486682808716701,20.89428571428571,21.545,0.015252166092488159,Low Risk
2024-12-19,20.1,19.9,20.15,19.52,392.97,0.85,0.008529854490717526,20.7,21.513666666666666,0.014069621408854635,Low Risk
2024-12-22,20.02,20.32,20.32,19.94,446.2,-0.4,-0.003980099502487677,20.534285714285712,21.474666666666668,0.014076260235077033,Low Risk
2024-12-23,19.58,20.05,20.2,19.5,294.63,-2.2,-0.02197802197802201,20.325714285714287,21.404,0.015004301377063028,Low Risk
2024-12-24,19.48,19.6,19.95,19.04,403.25,-0.51,-0.005107252298263476,20.09,21.3,0.013880239316004798,Low Risk
2024-12-25,19.6,19.65,19.7,19.47,175.9,0.62,0.006160164271047375,19.90857142857143,21.211666666666666,0.015368614167359653,Low Risk
2024-12-26,19.56,19.5,19.7,19.49,239.19,-0.2,-0.0020408163265307477,19.752857142857142,21.110333333333333,0.01554532494726201,Low Risk
2024-12-29,19.2,19.61,19.7,19.1,342.54,-1.84,-0.018404907975460127,19.648571428571426,21.010333333333335,0.011437407368620856,Low Risk
2024-12-30,19.0,19.35,19.35,18.85,431.75,-1.04,-0.01041666666666663,19.49142857142857,20.915333333333333,0.00974704640765699,Low Risk
2024-12-31,19.0,19.0,19.28,18.86,581.58,0.0,0.0,19.345714285714283,20.825333333333333,0.010127047747882128,Low Risk
2025-01-02,19.2,19.16,19.29,19.04,411.73,1.05,0.010526315789473717,19.291428571428572,20.740666666666662,0.009773496751785597,Low Risk
2025-01-05,19.52,19.22,19.52,19.22,431.24,1.67,0.016666666666666607,19.29714285714286,20.658,0.01209031963122178,Low Risk
2025-01-06,19.26,19.54,19.64,19.22,1.65,-1.33,-0.013319672131147486,19.24857142857143,20.578333333333333,0.012755224984436622,Low Risk
2025-01-08,19.17,19.27,19.3,19.03,146.22,-0.47,-0.004672897196261627,19.192857142857143,20.509666666666664,0.01278071300402308,Low Risk
2025-01-09,19.07,19.11,19.29,19.01,265.45,-0.52,-0.005216484089723639,19.174285714285713,20.444333333333336,0.01093646760231385,Low Risk
2025-01-12,19.27,19.0,19.48,18.86,1.98,1.05,0.010487676979548999,19.212857142857143,20.386000000000003,0.010763484668082246,Low Risk
2025-01-13,19.1,19.39,19.55,18.75,403.4,-0.88,-0.008822003113648114,19.22714285714286,20.314000000000004,0.01153474341029396,Low Risk
2025-01-14,18.86,18.95,19.22,18.65,243.98,-1.26,-0.012565445026178068,19.178571428571427,20.240000000000002,0.01159372938620017,Low Risk
2025-01-15,19.03,18.82,19.58,18.82,1.67,0.9,0.00901378579003187,19.108571428571427,20.154333333333334,0.009690659913714495,Low Risk
2025-01-16,19.04,19.18,19.29,19.0,919.39,0.05,0.0005254860746188861,19.07714285714286,20.06833333333333,0.008738818447198973,Low Risk
2025-01-19,19.0,19.12,19.2,19.0,938.3,-0.21,-0.0021008403361344463,19.052857142857142,19.975,0.008641965621546264,Low Risk
2025-01-20,18.73,19.1,19.13,18.72,3.75,-1.42,-0.014210526315789451,19.004285714285714,19.854333333333333,0.009907682413199172,Low Risk
2025-01-21,18.8,18.75,18.85,18.74,1.53,0.37,0.0037373198077950143,18.937142857142856,19.738666666666667,0.008682898317467299,Low Risk
2025-01-22,18.93,18.97,19.07,18.85,1.67,0.69,0.006914893617021134,18.912857142857145,19.625999999999998,0.00909921577630325,Low Risk
2025-01-23,18.9,19.0,19.05,18.75,945.33,-0.16,-0.0015847860538827918,18.91857142857143,19.540666666666667,0.007653095973212949,Low Risk
2025-01-26,18.95,18.89,19.1,18.82,597.79,0.26,0.002645502645502784,18.907142857142855,19.466333333333335,0.006776828430497118,Low Risk
2025-01-27,18.71,19.0,19.0,18.7,298.07,-1.27,-0.012664907651714907,18.860000000000003,19.388666666666666,0.008118613346273632,Low Risk
2025-01-28,18.59,18.75,18.88,18.56,607.92,-0.64,-0.006413682522715125,18.801428571428573,19.304,0.008248871292054595,Low Risk
2025-01-29,18.91,18.56,18.95,18.56,430.51,1.72,0.017213555675094083,18.827142857142857,19.238666666666667,0.009620124889288756,Low Risk
2025-01-30,18.82,18.93,19.0,18.75,262.12,-0.48,-0.004759386567953494,18.830000000000002,19.177666666666667,0.009811206497472452,Low Risk
2025-02-02,18.75,18.77,18.93,18.73,207.44,-0.37,-0.0037194473963868546,18.804285714285715,19.138333333333332,0.009412111009009244,Low Risk
2025-02-03,18.66,18.7,18.94,18.65,271.99,-0.48,-0.0048000000000000265,18.77,19.090333333333334,0.009504830784079085,Low Risk
2025-02-04,18.74,18.66,18.89,18.65,247.27,0.43,0.004287245444801524,18.740000000000002,19.047666666666665,0.009651512779739867,Low Risk
2025-02-05,18.79,18.87,19.0,18.77,433.35,0.27,0.0026680896478121774,18.75142857142857,19.021333333333335,0.008362659932051396,Low Risk
2025-02-06,18.75,18.9,18.97,18.75,543.59,-0.21,-0.002128791910590677,18.774285714285714,18.997,0.007904616783123791,Low Risk
2025-02-09,18.85,18.82,19.05,18.8,405.75,0.53,0.005333333333333412,18.76571428571429,18.971999999999998,0.004408547103570457,Low Risk
2025-02-10,18.76,18.85,18.97,18.75,1.08,-0.48,-0.004774535809018543,18.75714285714286,18.945333333333334,0.004411020749882184,Low Risk
2025-02-11,18.76,18.76,19.29,18.6,2.91,0.0,0.0,18.75857142857143,18.930666666666664,0.004168585316753214,Low Risk
2025-02-12,19.7,18.8,19.71,18.63,4.02,5.01,0.05010660980810222,18.907142857142855,18.954,0.018938654617250646,Low Risk
2025-02-13,20.07,19.92,20.25,19.53,3.23,1.88,0.01878172588832494,19.09714285714286,18.989666666666665,0.019263904166198456,Low Risk
2025-02-16,20.6,20.1,20.65,20.1,2.29,2.64,0.026407573492775338,19.35571428571429,19.036333333333335,0.019839449767277285,Low Risk
2025-02-17,20.8,20.52,20.83,20.35,893.08,0.97,0.009708737864077666,19.648571428571426,19.079,0.01877204059665999,Low Risk
2025-02-18,20.81,20.9,20.9,20.54,516.39,0.05,0.00048076923076911804,19.928571428571427,19.130666666666666,0.01927484518505182,Low Risk
2025-02-19,20.86,20.8,20.95,20.55,680.51,0.24,0.0024026910139356428,20.228571428571428,19.187,0.018249266432260457,Low Risk
2025-02-20,20.89,20.89,20.9,20.5,1.83,0.14,0.0014381591562799834,20.532857142857143,19.247666666666664,0.018053880822139382,Low Risk
2025-02-23,20.65,20.7,20.73,20.5,173.69,-1.15,-0.01148875059837251,20.66857142857143,19.293666666666663,0.012642347757699743,Low Risk
2025-02-24,20.62,20.65,20.78,20.53,180.43,-0.15,-0.0014527845036318432,20.747142857142855,19.34433333333333,0.011731627270197574,Low Risk
2025-02-25,20.61,20.61,20.75,20.54,496.35,-0.05,-0.0004849660523763566,20.74857142857143,19.40266666666667,0.006279822572972325,Low Risk
2025-02-26,20.58,20.62,20.78,20.5,268.41,-0.15,-0.0014556040756914523,20.717142857142854,19.454333333333334,0.004629548811851214,Low Risk
2025-02-27,20.53,20.52,20.61,20.45,678.58,-0.24,-0.0024295432458696364,20.677142857142854,19.504,0.004551129048091415,Low Risk
2025-03-02,20.51,20.61,20.68,20.5,282.29,-0.1,-0.00097418412079886,20.62714285714286,19.554333333333332,0.004179848643040511,Low Risk
2025-03-03,20.36,20.6,20.65,20.3,147.95,-0.73,-0.0073135056070210425,20.55142857142857,19.608666666666668,0.004146826319259516,Low Risk
2025-03-04,20.25,20.4,20.6,20.21,266.62,-0.54,-0.005402750491159125,20.494285714285716,19.657,0.002568968148589001,Low Risk
2025-03-05,20.25,20.25,20.35,20.14,296.42,0.0,0.0,20.44142857142857,19.701,0.002747274738480749,Low Risk
2025-03-06,20.59,20.34,20.6,20.21,668.36,1.68,0.016790123456790207,20.43857142857143,19.757333333333335,0.007889525597025418,Low Risk
2025-03-09,20.9,20.59,21.0,20.59,1.22,1.51,0.015055852355512434,20.48428571428571,19.822333333333333,0.009684921098988325,Low Risk
2025-03-10,20.9,20.91,20.98,20.8,1.32,0.0,0.0,20.537142857142857,19.895333333333333,0.00953173628948916,Low Risk
2025-03-11,20.9,20.88,20.9,20.71,506.83,0.0,0.0,20.592857142857145,19.97233333333333,0.009477921605738897,Low Risk
2025-03-12,20.82,20.8,20.9,20.75,879.37,-0.38,-0.00382775119617218,20.658571428571427,20.036,0.00893833188022649,Low Risk
2025-03-13,21.94,20.82,22.0,20.82,2.3,5.38,0.053794428434198016,20.9,20.139999999999997,0.02025212735460226,Medium Risk
2025-03-16,21.8,22.07,22.29,21.8,502.29,-0.64,-0.006381039197812188,21.12142857142857,20.241666666666667,0.02099583251147805,Medium Risk
2025-03-17,21.83,21.8,21.94,21.53,134.88,0.14,0.0013761467889907841,21.298571428571428,20.34733333333333,0.02106812058814307,Medium Risk
2025-03-18,22.22,21.82,22.3,21.57,667.1,1.79,0.017865322950068707,21.487142857142857,20.46333333333333,0.02123825638185407,Medium Risk
2025-03-19,21.81,22.1,22.11,21.57,152.33,-1.85,-0.01845184518451848,21.617142857142856,20.564000000000004,0.02355643886826779,Medium Risk
2025-03-20,21.81,21.9,21.94,21.7,602.08,0.0,0.0,21.747142857142858,20.666,0.02355643886826779,Medium Risk
2025-03-23,21.82,21.81,22.0,21.67,393.94,0.05,0.0004585052728107719,21.889999999999997,20.765,0.02330244951272346,Medium Risk
2025-03-24,21.89,21.99,22.07,21.72,384.92,0.32,0.0032080659945004086,21.88285714285714,20.869333333333334,0.010895139755126217,Low Risk
2025-03-25,22.4,22.0,22.5,21.9,1.96,2.33,0.023298309730470423,21.96857142857143,20.990666666666666,0.013569589968938797,Low Risk
2025-03-26,22.6,22.5,22.73,22.44,637.53,0.89,0.008928571428571619,22.078571428571426,21.087333333333333,0.01362956427187131,Low Risk
2025-03-27,22.31,22.58,22.71,22.25,643.17,-1.28,-0.012831858407079788,22.09142857142857,21.162,0.013754538862867052,Low Risk
2025-04-03,22.5,22.39,22.5,22.31,517.4,0.85,0.008516360376512822,22.189999999999998,21.22533333333333,0.011013363587896528,Low Risk
2025-04-06,21.56,22.0,22.09,21.4,1.18,-4.18,-0.0417777777777778,22.154285714285713,21.250666666666667,0.02081961373489571,Medium Risk
2025-04-07,21.44,21.5,21.6,21.2,1.28,-0.56,-0.0055658627087197265,22.099999999999998,21.271666666666665,0.020851719976347462,Medium Risk
2025-04-08,21.94,21.75,21.96,21.6,603.74,2.33,0.02332089552238803,22.107142857142858,21.307666666666666,0.023013695577301995,Medium Risk
2025-04-09,21.45,21.92,22.05,21.45,693.41,-2.23,-0.022333637192342826,21.97142857142857,21.32633333333333,0.021935482351391512,Medium Risk
2025-04-10,22.02,22.0,22.18,21.77,543.78,2.66,0.02657342657342654,21.888571428571428,21.372000000000003,0.02476350418301318,Medium Risk
2025-04-13,22.87,22.06,22.9,22.05,1.17,3.86,0.03860127157129889,21.96857142857143,21.447000000000003,0.028812641830048745,Medium Risk
2025-04-14,22.33,22.88,23.0,22.33,2.74,-2.36,-0.023611718408395377,21.944285714285716,21.50433333333333,0.03046706716067513,Medium Risk
2025-04-15,19.1,19.16,19.39,19.0,967.83,-14.46,-0.1446484549932825,21.592857142857145,21.455,0.06204110465226995,High Risk
2025-04-16,18.75,19.15,19.2,18.74,1.02,-1.83,-0.01832460732984298,21.208571428571428,21.395666666666667,0.06189194275517673,High Risk
2025-04-17,18.6,18.76,18.86,18.6,482.77,-0.8,-0.007999999999999896,20.731428571428573,21.332,0.05956232814100478,High Risk
2025-04-22,18.65,18.61,18.77,18.51,2.54,0.27,0.0026881720430105283,20.33142857142857,21.275,0.0602631012275538,High Risk
2025-04-23,18.9,18.67,18.95,18.67,522.77,1.34,0.013404825737265424,19.885714285714283,21.23,0.058824359513582995,High Risk
2025-04-27,18.85,18.95,19.07,18.75,943.15,-0.26,-0.002645502645502451,19.31142857142857,21.183333333333334,0.053831758194654494,High Risk
2025-04-28,18.8,18.9,18.99,18.71,720.7,-0.27,-0.0026525198938992522,18.807142857142857,21.123666666666665,0.05455674174980907,High Risk
2025-04-29,18.8,18.81,18.93,18.78,558.64,0.0,0.0,18.764285714285712,21.05366666666667,0.009715010893592321,Low Risk
2025-04-30,18.66,18.9,18.9,18.61,851.72,-0.74,-0.007446808510638281,18.75142857142857,20.979,0.007272250457810472,Low Risk
2025-05-04,18.33,18.72,18.79,18.3,1.93,-1.77,-0.01768488745980712,18.712857142857143,20.893333333333334,0.00948505218129773,Low Risk
2025-05-05,18.2,18.31,18.5,18.1,2.17,-0.71,-0.007092198581560183,18.648571428571426,20.805999999999997,0.009390977906185417,Low Risk
2025-05-06,18.02,18.2,18.34,18.01,558.52,-0.99,-0.009890109890109855,18.52285714285714,20.675333333333334,0.0059052192622477346,Low Risk
2025-05-07,17.64,18.14,18.2,17.6,1.96,-2.11,-0.021087680355160843,18.349999999999998,20.53666666666667,0.007621356095845638,Low Risk
2025-05-08,17.73,17.74,17.86,17.55,582.85,0.51,0.005102040816326481,18.197142857142858,20.4,0.009172610942090624,Low Risk
2025-05-11,17.49,17.8,17.92,17.44,653.47,-1.35,-0.013536379018612599,18.009999999999998,20.24233333333333,0.008535958925761925,Low Risk
2025-05-12,17.5,17.51,17.64,17.47,1.13,0.06,0.0005717552887365418,17.844285714285714,20.098666666666663,0.009460281993651724,Low Risk
2025-05-13,17.43,17.61,17.65,17.36,537.6,-0.4,-0.0040000000000000036,17.715714285714284,19.95266666666667,0.008777004546503285,Low Risk
2025-05-14,17.47,17.4,17.55,17.3,720.8,0.23,0.0022948938611588865,17.611428571428572,19.807666666666663,0.00947377407437841,Low Risk
2025-05-15,18.03,17.48,18.2,17.47,1.05,3.21,0.03205495134516334,17.61285714285714,19.679,0.01684630599999716,Low Risk
2025-05-18,18.0,18.09,18.14,17.9,379.76,-0.17,-0.0016638935108154174,17.664285714285715,19.532333333333334,0.01413743020669116,Low Risk
2025-05-19,17.59,18.0,18.0,17.53,210.95,-2.28,-0.022777777777777786,17.64428571428571,19.365333333333332,0.017062772595523686,Low Risk
2025-05-20,17.73,17.65,18.0,17.53,198.82,0.8,0.007959067652075102,17.678571428571427,19.212666666666667,0.01635171901805601,Low Risk
2025-05-21,17.75,17.84,17.84,17.61,142.56,0.11,0.0011280315848842815,17.714285714285715,19.054333333333332,0.016344615608839628,Low Risk
2025-05-22,17.6,17.83,17.85,17.6,421.35,-0.85,-0.00845070422535199,17.73857142857143,18.92233333333333,0.01670594589847698,Low Risk
2025-05-25,17.67,17.7,17.85,17.61,77.66,0.4,0.003977272727272663,17.767142857142858,18.796666666666667,0.016731263291859453,Low Risk
2025-05-26,17.65,17.65,17.97,17.63,301.42,-0.11,-0.0011318619128467544,17.712857142857143,18.653666666666666,0.010099254956102066,Low Risk
2025-05-27,17.68,17.66,17.79,17.63,193.14,0.17,0.0016997167138810276,17.667142857142856,18.528000000000002,0.01025196747311061,Low Risk
2025-05-28,17.69,17.8,17.83,17.66,527.76,0.06,0.0005656108597285048,17.681428571428572,18.383666666666667,0.005026991666580689,Low Risk
2025-05-29,17.75,17.66,17.84,17.51,887.25,0.34,0.0033917467495758746,17.684285714285714,18.213000000000005,0.004169346759134817,Low Risk
2025-06-01,17.75,17.78,17.84,17.66,311.4,0.0,0.0,17.684285714285714,18.060333333333336,0.004147825276955101,Low Risk
2025-06-02,17.72,17.75,17.77,17.6,467.24,-0.17,-0.0016901408450704647,17.701428571428572,18.014333333333333,0.002161772618585199,Low Risk
2025-06-03,17.69,17.72,17.77,17.6,819.76,-0.17,-0.0016930022573361514,17.704285714285714,17.979,0.0018943121406260683,Low Risk
2025-06-04,17.69,17.71,17.8,17.66,343.5,0.0,0.0,17.71,17.948666666666664,0.0018118614198308106,Low Risk
2025-06-10,17.78,17.8,17.96,17.72,377.97,0.51,0.005087620124364145,17.724285714285717,17.919666666666668,0.002544637868136088,Low Risk
2025-06-11,18.0,17.8,18.3,17.8,1.22,1.24,0.01237345331833506,17.768571428571427,17.889666666666667,0.00504338655204373,Low Risk
2025-06-12,17.91,17.99,18.09,17.8,618.0,-0.5,-0.0050000000000000044,17.791428571428572,17.858333333333334,0.005743639522753995,Low Risk
2025-06-15,17.09,17.66,17.66,16.0,1.09,-4.58,-0.045784477945281954,17.697142857142858,17.801333333333336,0.018768084431687718,Low Risk
2025-06-16,17.37,17.1,17.42,16.83,408.29,1.64,0.016383850204798156,17.647142857142857,17.753666666666668,0.02050164801120555,Medium Risk
2025-06-17,17.01,17.3,17.35,16.9,492.19,-2.07,-0.020725388601036232,17.55,17.698666666666668,0.02158515283471606,Medium Risk
2025-06-18,17.0,17.01,17.1,16.75,294.19,-0.06,-0.0005878894767784582,17.451428571428572,17.654333333333334,0.021561859292781767,Medium Risk
2025-06-19,17.01,17.0,17.25,16.8,367.62,0.06,0.0005882352941177782,17.341428571428573,17.61466666666667,0.021259810454264116,Medium Risk
2025-06-22,17.28,16.99,17.33,16.58,269.89,1.59,0.015873015873015817,17.23857142857143,17.59,0.02180108881247303,Medium Risk
2025-06-23,17.5,17.31,17.6,17.1,835.46,1.27,0.0127314814814814,17.18,17.585333333333335,0.02288653078140762,Medium Risk
2025-06-24,17.7,17.55,17.88,17.51,1.67,1.14,0.011428571428571344,17.267142857142858,17.584333333333333,0.01329995154628369,Low Risk
2025-06-25,17.7,17.79,17.83,17.64,1.14,0.0,0.0,17.314285714285713,17.591333333333335,0.01239376013685464,Low Risk
2025-06-29,17.88,17.73,18.0,17.73,470.07,1.02,0.01016949152542379,17.43857142857143,17.604,0.006936837578705879,Low Risk
2025-06-30,17.6,17.89,17.99,17.6,564.47,-1.57,-0.015659955257270597,17.524285714285714,17.60966666666667,0.010934223236928579,Low Risk
2025-07-01,17.5,17.65,17.85,17.47,347.48,-0.57,-0.005681818181818232,17.594285714285714,17.610666666666667,0.011594532960129359,Low Risk
2025-07-02,17.59,17.5,17.7,17.5,569.04,0.51,0.005142857142857116,17.638571428571428,17.596,0.010433341632972612,Low Risk
2025-07-06,17.56,17.65,17.8,17.5,352.05,-0.17,-0.0017055144968732838,17.647142857142857,17.581333333333337,0.00947766523835961,Low Risk
2025-07-07,17.6,17.56,17.84,17.53,234.27,0.23,0.002277904328018332,17.632857142857144,17.581666666666667,0.008278770501038032,Low Risk
2025-07-09,17.55,17.6,17.7,17.54,191.44,-0.28,-0.0028409090909091717,17.611428571428572,17.575666666666667,0.008303780591665522,Low Risk
2025-07-10,17.61,17.6,17.71,17.55,569.21,0.34,0.0034188034188034067,17.572857142857142,17.571,0.007064833411002522,Low Risk
2025-07-13,18.01,17.62,18.1,17.52,1.32,2.27,0.022714366837024436,17.631428571428568,17.584666666666667,0.009352399665982336,Low Risk
2025-07-14,18.35,18.02,18.45,18.0,1.14,1.89,0.01887840088839532,17.752857142857142,17.607333333333333,0.009992180518833035,Low Risk
2025-07-15,18.7,18.33,18.7,18.31,970.57,1.91,0.019073569482288777,17.911428571428573,17.642333333333333,0.010939948988389075,Low Risk
2025-07-16,18.09,18.7,18.75,18.05,404.57,-3.26,-0.03262032085561495,17.987142857142857,17.656000000000002,0.01909953421275709,Low Risk
2025-07-17,18.41,18.35,18.48,18.13,282.21,1.77,0.017689331122166863,18.102857142857143,17.68,0.01969127412295094,Low Risk
2025-07-20,18.63,18.48,18.7,18.32,757.47,1.19,0.01195002715915261,18.257142857142856,17.709333333333333,0.019296968735466425,Low Risk
2025-07-21,18.71,18.7,18.91,18.64,689.47,0.43,0.004294149221685473,18.414285714285715,17.741333333333333,0.019259620850642964,Low Risk
2025-07-22,18.4,18.73,18.85,18.33,472.05,-1.66,-0.01656867985034749,18.470000000000002,17.764,0.020245850805227467,Medium Risk
2025-07-23,18.36,18.4,18.5,18.1,385.22,-0.22,-0.0021739130434782483,18.47142857142857,17.786333333333335,0.019065250045541427,Low Risk
2025-07-27,18.61,18.36,18.64,18.19,554.74,1.36,0.013616557734204893,18.458571428571425,17.817,0.01826116781045056,Low Risk
2025-07-28,18.57,18.42,18.85,18.42,275.38,-0.21,-0.0021493820526597984,18.527142857142856,17.843333333333337,0.011845610097942768,Low Risk
2025-07-29,18.7,18.57,18.72,18.4,727.2,0.7,0.007000538502961673,18.568571428571428,17.866666666666667,0.010352912101460297,Low Risk
2025-07-30,18.36,18.7,18.79,18.3,1.07,-1.82,-0.018181818181818188,18.53,17.881666666666668,0.011822643117442463,Low Risk
2025-07-31,18.4,18.41,18.55,18.3,663.5,0.22,0.002178649237472685,18.485714285714284,17.925333333333334,0.011660164049393818,Low Risk
2025-08-03,18.36,18.34,18.59,18.25,155.36,-0.22,-0.0021739130434782483,18.479999999999997,17.958333333333332,0.009859920298017383,Low Risk
2025-08-04,18.38,18.35,18.7,18.3,839.84,0.11,0.0010893246187364536,18.482857142857142,18.004,0.009831950788921927,Low Risk
2025-08-05,18.69,18.35,18.7,18.35,413.24,1.69,0.0168661588683352,18.494285714285716,18.060333333333336,0.010616578379353274,Low Risk
2025-08-06,18.5,18.58,18.79,18.48,1.35,-1.02,-0.01016586409844844,18.484285714285715,18.110000000000003,0.011375547220705788,Low Risk
2025-08-07,18.96,18.0,19.22,18.0,2.32,2.49,0.024864864864864833,18.521428571428572,18.165999999999997,0.01481760774370825,Low Risk
2025-08-10,19.12,18.96,19.2,18.91,1.38,0.84,0.00843881856540074,18.63,18.219999999999995,0.011878928281272355,Low Risk
2025-08-11,19.19,19.1,19.2,19.01,798.33,0.37,0.0036610878661087476,18.74285714285714,18.26966666666667,0.01181517028901752,Low Risk
2025-08-12,19.19,19.2,19.29,19.03,1.21,0.0,0.0,18.861428571428572,18.31933333333333,0.011588363171124312,Low Risk
2025-08-13,18.98,19.23,19.23,18.81,2.48,-1.09,-0.010943199583116292,18.947142857142858,18.355999999999998,0.013275819967311597,Low Risk
2025-08-14,18.8,19.03,19.07,18.75,1.66,-0.95,-0.009483667017913588,18.962857142857143,18.396,0.01297508293808078,Low Risk
2025-08-17,18.96,18.97,19.12,18.71,150.98,0.85,0.008510638297872353,19.028571428571432,18.444666666666663,0.012215908089914709,Low Risk
2025-08-18,19.15,18.81,19.2,18.81,1.15,1.0,0.010021097046413407,19.055714285714284,18.49666666666667,0.008682236213407886,Low Risk
2025-08-19,19.16,19.16,19.28,19.03,1.62,0.05,0.0005221932114882755,19.06142857142857,18.55,0.008118653526505837,Low Risk
2025-08-20,18.5,19.15,19.25,18.46,1.88,-3.44,-0.034446764091858095,18.962857142857143,18.58,0.015199266105538735,Low Risk
2025-08-21,18.41,18.5,18.74,18.38,636.9,-0.49,-0.004864864864864815,18.851428571428574,18.608666666666668,0.01503664446665762,Low Risk
2025-08-24,18.49,18.45,18.71,18.4,476.26,0.43,0.004345464421509959,18.78142857142857,18.637999999999998,0.015275577018831282,Low Risk
2025-08-25,18.55,18.49,18.8,18.49,837.21,0.32,0.0032449972958357165,18.745714285714286,18.656,0.015219849243225229,Low Risk
2025-08-26,18.5,18.55,18.7,18.46,875.88,-0.27,-0.0026954177897574594,18.68,18.660999999999998,0.01452699046589063,Low Risk
2025-08-27,18.67,18.5,18.72,18.46,398.03,0.92,0.009189189189189317,18.611428571428572,18.660000000000004,0.014401656513305492,Low Risk
2025-08-28,18.62,18.8,18.84,18.52,84.56,-0.27,-0.0026780931976433386,18.534285714285716,18.677666666666667,0.014302056990089258,Low Risk
2025-08-31,18.4,18.55,18.74,18.39,171.53,-1.18,-0.011815252416756294,18.520000000000003,18.677333333333333,0.006923213106770229,Low Risk
2025-09-01,18.25,18.45,18.64,18.25,132.74,-0.82,-0.008152173913043348,18.497142857142858,18.66466666666667,0.007347097525414617,Low Risk
2025-09-02,18.14,18.4,18.46,18.0,710.85,-0.6,-0.0060273972602739034,18.447142857142858,18.645666666666667,0.0070779204369485925,Low Risk
2025-09-03,17.98,18.1,18.43,17.8,928.14,-0.88,-0.008820286659316445,18.365714285714287,18.631666666666668,0.006853017315518089,Low Risk
2025-09-07,18.11,18.0,18.16,17.85,230.62,0.72,0.007230255839822064,18.310000000000002,18.623333333333335,0.008171411104275897,Low Risk
2025-09-08,17.86,18.1,18.2,17.8,124.86,-1.38,-0.0138045278851463,18.194285714285716,18.598333333333336,0.006985443605071418,Low Risk
2025-09-09,17.78,18.0,18.07,17.74,677.24,-0.45,-0.004479283314669513,18.074285714285715,18.572,0.00686207698228417,Low Risk
2025-09-10,17.79,17.79,17.9,17.7,98.17,0.06,0.0005624296962878361,17.987142857142857,18.541666666666668,0.006874732363843314,Low Risk
2025-09-11,18.03,17.82,18.1,17.76,422.58,1.35,0.013490725126475756,17.955714285714286,18.53066666666667,0.009480635198092979,Low Risk
2025-09-14,17.95,18.13,18.13,17.75,114.3,-0.44,-0.004437049362174261,17.928571428571427,18.515666666666668,0.009377942470352016,Low Risk
2025-09-15,18.49,17.9,18.5,17.9,527.61,3.01,0.030083565459609884,18.00142857142857,18.52,0.014449344366188917,Low Risk
2025-09-16,18.2,18.48,18.48,18.01,373.75,-1.57,-0.01568415359653863,18.014285714285712,18.514000000000003,0.01611910225333544,Low Risk
2025-09-17,18.4,18.37,18.43,18.07,195.79,1.1,0.01098901098901095,18.091428571428573,18.50433333333333,0.01505947312415656,Low Risk
2025-09-18,18.32,18.39,18.6,18.2,360.03,-0.43,-0.004347826086956386,18.16857142857143,18.49833333333333,0.015046688586940547,Low Risk
2025-09-21,18.22,18.48,18.48,18.21,43.16,-0.55,-0.005458515283842891,18.229999999999997,18.473666666666666,0.015467466211402575,Low Risk
2025-09-22,18.21,18.11,18.42,18.11,344.4,-0.05,-0.0005488474204170535,18.255714285714284,18.443333333333335,0.014857207526428258,Low Risk
2025-09-23,18.35,18.2,18.44,18.12,840.31,0.77,0.007688083470620555,18.312857142857144,18.415333333333333,0.01475425140745568,Low Risk
2025-09-24,18.46,18.45,18.59,18.21,252.48,0.6,0.0059945504087193235,18.30857142857143,18.391000000000002,0.009224291163510931,Low Risk
2025-09-25,18.26,18.6,18.64,18.15,307.25,-1.08,-0.010834236186348822,18.31714285714286,18.367,0.007962916629986286,Low Risk
2025-09-28,18.61,18.35,18.64,18.23,560.67,1.92,0.01916757940854308,18.34714285714286,18.360666666666663,0.010077974297080523,Low Risk
2025-09-29,18.6,18.64,18.65,18.44,658.98,-0.05,-0.0005373455131648663,18.38714285714286,18.348666666666666,0.009798036285192914,Low Risk
2025-09-30,18.61,18.65,18.75,18.44,524.72,0.05,0.0005376344086021057,18.442857142857147,18.330666666666666,0.009263380751837002,Low Risk
2025-10-01,18.62,18.73,18.75,18.5,367.77,0.05,0.0005373455131649774,18.50142857142857,18.312666666666665,0.00920161292694223,Low Risk
2025-10-02,18.63,18.6,18.71,18.54,81.65,0.05,0.0005370569280342963,18.541428571428575,18.317,0.009018268451846525,Low Risk
2025-10-05,18.68,18.65,18.74,18.54,121.43,0.27,0.0026838432635534204,18.572857142857142,18.326,0.008871744528823214,Low Risk
2025-10-06,18.78,18.74,18.8,18.56,366.71,0.54,0.005353319057815886,18.647142857142857,18.33566666666667,0.006954201153013183,Low Risk
2025-10-07,18.89,18.75,19.02,18.63,435.79,0.59,0.005857294994675133,18.687142857142856,18.347,0.0025597243503855597,Low Risk
2025-10-08,18.97,18.84,19.0,18.75,263.84,0.42,0.004235044997352944,18.740000000000002,18.36266666666667,0.00235567719439319,Low Risk
2025-10-12,18.68,19.0,19.0,18.66,141.75,-1.53,-0.015287295730100126,18.75,18.363,0.00730515488902748,Low Risk
2025-10-13,18.67,18.77,18.95,18.64,274.2,-0.05,-0.0005353319057814776,18.75714285714286,18.364666666666665,0.007316938687255192,Low Risk
2025-10-14,18.75,18.87,18.9,18.7,108.36,0.43,0.00428494911622912,18.774285714285718,18.37633333333333,0.007463755551505619,Low Risk
2025-10-15,18.64,18.8,18.85,18.6,250.58,-0.59,-0.005866666666666687,18.768571428571427,18.389333333333333,0.007822190964718898,Low Risk
2025-10-16,18.76,18.64,18.85,18.61,653.91,0.64,0.006437768240343367,18.765714285714285,18.410000000000004,0.007961843840825504,Low Risk
2025-10-19,18.95,18.8,19.0,18.71,262.77,1.01,0.010127931769722709,18.774285714285718,18.442333333333334,0.008632053565702343,Low Risk
2025-10-20,19.25,19.0,19.33,18.99,481.01,1.58,0.0158311345646438,18.814285714285717,18.48033333333333,0.010402728522537728,Low Risk
2025-10-21,19.49,19.25,19.68,19.25,642.71,1.25,0.012467532467532294,18.93,18.534666666666666,0.007550955809663734,Low Risk
2025-10-22,19.82,19.5,19.82,19.35,2.47,1.69,0.01693175987686013,19.094285714285714,18.602666666666668,0.007869553542110545,Low Risk
2025-10-23,20.12,19.85,20.18,19.83,3.75,1.51,0.015136226034308864,19.29,18.680333333333337,0.007945813272577894,Low Risk
2025-10-26,20.78,20.3,20.78,20.05,2.09,3.28,0.03280318091451284,19.595714285714287,18.772000000000002,0.008383047684361081,Low Risk
2025-10-27,20.59,20.8,20.8,20.22,250.57,-0.91,-0.009143407122232938,19.857142857142858,18.860000000000003,0.012366923936180819,Low Risk
2025-10-28,20.38,20.54,20.59,20.25,182.23,-1.02,-0.01019912578921811,20.06142857142857,18.923000000000002,0.015312784058445914,Low Risk
2025-10-29,20.6,20.37,20.7,20.3,304.48,1.08,0.01079489695780178,20.254285714285714,19.002999999999997,0.015140462782123333,Low Risk
2025-10-30,21.01,20.7,21.17,20.38,1.24,1.99,0.019902912621359237,20.47142857142857,19.089999999999996,0.015610098547183206,Low Risk
2025-11-02,21.02,21.11,21.5,20.7,1.17,0.05,0.0004759638267490818,20.642857142857142,19.180000000000003,0.015786591774981026,Low Risk
2025-11-03,21.21,21.02,21.22,20.87,778.39,0.9,0.009039010466222797,20.798571428571428,19.279666666666667,0.015527988373219368,Low Risk
2025-11-04,21.5,21.2,21.68,21.11,884.17,1.37,0.013672795851013664,20.90142857142857,19.389333333333333,0.01153758418091349,Low Risk
2025-11-05,21.37,21.5,21.93,21.3,977.17,-0.6,-0.006046511627906925,21.012857142857143,19.49,0.010952311493805982,Low Risk
2025-11-06,22.01,21.4,22.19,21.4,1.92,2.99,0.029948525970987294,21.245714285714286,19.608333333333334,0.011906511913146393,Low Risk
2025-11-09,22.21,22.0,22.4,21.86,806.45,0.91,0.00908677873693775,21.475714285714286,19.740000000000002,0.011931583205819114,Low Risk
2025-11-10,22.58,22.25,22.7,22.21,410.25,1.67,0.016659162539396588,21.699999999999996,19.872333333333337,0.011580040838831357,Low Risk
2025-11-11,22.8,22.51,23.19,22.51,2.91,0.97,0.009743135518157864,21.954285714285714,20.012333333333334,0.010756128639447237,Low Risk
2025-11-12,22.92,22.8,22.98,22.65,363.04,0.53,0.0052631578947368585,22.19857142857143,20.156,0.011005302179908395,Low Risk
2025-11-13,22.92,22.92,22.98,22.72,949.07,0.0,0.0,22.40142857142857,20.299333333333333,0.011683562947805287,Low Risk
2025-11-16,23.1,22.97,23.12,22.6,541.81,0.79,0.007853403141361293,22.648571428571426,20.448333333333334,0.00965902211619851,Low Risk
2025-11-17,22.99,23.16,23.19,22.86,350.79,-0.48,-0.004761904761904856,22.78857142857143,20.592000000000002,0.006981738375395424,Low Risk
2025-11-18,22.94,23.0,23.13,22.73,55.68,-0.22,-0.0021748586341886478,22.892857142857142,20.730666666666664,0.007500919588686372,Low Risk
2025-11-19,22.92,22.9,22.99,22.8,2.17,-0.09,-0.0008718395815169311,22.941428571428577,20.865,0.005478885385373398,Low Risk
2025-11-20,22.9,22.92,23.0,22.6,1.55,-0.09,-0.0008726003490402423,22.955714285714286,20.996000000000002,0.004387362761723723,Low Risk
2025-11-23,22.51,22.8,22.94,22.45,106.1,-1.7,-0.017030567685589415,22.897142857142857,21.12366666666667,0.007473099235644212,Low Risk
2025-11-24,22.22,22.51,22.51,22.03,274.67,-1.29,-0.012883163038649559,22.79714285714286,21.242,0.008282646404375128,Low Risk
2025-11-25,21.66,22.05,22.3,21.12,1.59,-2.52,-0.025202520252025185,22.591428571428573,21.339000000000002,0.009475102551921579,Low Risk
2025-11-26,21.88,21.75,22.33,21.54,104.17,1.02,0.010156971375807844,22.43285714285714,21.447000000000003,0.011967292685810177,Low Risk
2025-11-27,20.98,21.9,21.99,20.0,399.45,-4.11,-0.04113345521023759,22.15285714285714,21.521,0.017251252533321163,Low Risk
2025-11-30,21.98,21.45,22.15,21.11,234.0,4.77,0.04766444232602485,22.018571428571427,21.622000000000003,0.02868889854216774,Medium Risk
2025-12-01,21.67,22.21,22.28,21.57,138.17,-1.41,-0.0141037306642402,21.842857142857145,21.70266666666667,0.02876019281593443,Medium Risk
2025-12-02,22.04,21.9,22.14,21.65,75.78,1.71,0.01707429626211332,21.775714285714287,21.787666666666667,0.02974924479792573,Medium Risk
2025-12-03,22.1,22.33,22.6,22.05,706.85,0.27,0.0027223230490018846,21.75857142857143,21.863666666666667,0.029436122205692732,Medium Risk
2025-12-04,22.2,22.18,22.47,22.02,813.89,0.45,0.004524886877828038,21.835714285714285,21.933,0.027331117159133493,Medium Risk
2025-12-07,22.1,22.2,22.46,22.06,192.75,-0.45,-0.0045045045045044585,21.867142857142856,21.976999999999997,0.027328452230733286,Medium Risk
2025-12-08,22.5,22.35,22.5,22.06,915.43,1.81,0.018099547511312153,22.084285714285716,22.040666666666663,0.020034381799338304,Medium Risk
2025-12-09,22.5,22.62,22.65,22.15,363.65,0.0,0.0,22.158571428571427,22.11133333333333,0.011439765782811443,Low Risk
2025-12-10,22.5,22.6,22.65,22.4,43.09,0.0,0.0,22.277142857142856,22.174666666666667,0.008774211702360618,Low Risk
2025-12-11,22.49,22.3,22.6,21.5,208.22,-0.04,-0.0004444444444444695,22.34142857142857,22.224,0.007263248813598087,Low Risk
2025-12-14,22.53,22.52,22.9,22.31,160.9,0.18,0.0017785682525568447,22.40285714285714,22.274333333333335,0.007276146811243728,Low Risk
2025-12-15,22.59,22.51,22.78,22.44,174.16,0.27,0.0026631158455392434,22.458571428571428,22.320333333333334,0.0072356130005072775,Low Risk
2025-12-16,22.32,22.68,22.69,22.26,815.72,-1.2,-0.01195219123505975,22.490000000000002,22.34766666666667,0.008814757370122554,Low Risk
2025-12-17,22.5,22.35,22.58,22.16,91.39,0.81,0.008064516129032251,22.490000000000002,22.385333333333335,0.00603244840704283,Low Risk
2025-12-18,22.4,22.4,22.58,22.2,339.8,-0.44,-0.004444444444444473,22.475714285714286,22.398333333333333,0.006263824034582804,Low Risk
2025-12-21,22.38,22.2,22.5,22.2,1.99,-0.09,-0.0008928571428571397,22.458571428571428,22.404,0.006258200241108081,Low Risk
2025-12-22,22.02,22.4,22.51,22.0,228.99,-1.61,-0.01608579088471851,22.391428571428573,22.38533333333333,0.00851697115672657,Low Risk
2025-12-23,22.42,22.05,22.44,22.05,94.51,1.82,0.01816530426884655,22.375714285714285,22.372666666666667,0.011700388199006689,Low Risk
2025-12-24,22.24,22.25,22.5,22.21,78.25,-0.8,-0.008028545941124121,22.325714285714287,22.35,0.011893535616963366,Low Risk
2025-12-25,22.4,22.25,22.5,22.1,143.46,0.72,0.007194244604316502,22.337142857142858,22.332666666666668,0.011462097271626583,Low Risk
2025-12-28,22.37,22.3,22.5,22.2,123.7,-0.13,-0.001339285714285654,22.318571428571428,22.308333333333334,0.010977821254643444,Low Risk
2025-12-29,22.4,22.5,22.5,22.22,77.76,0.13,0.0013410818059900187,22.318571428571428,22.288666666666664,0.010872879991621643,Low Risk
2025-12-30,22.65,22.3,22.65,22.27,405.97,1.12,0.01116071428571419,22.357142857142858,22.279,0.011626881931336389,Low Risk
2025-12-31,22.46,22.64,22.64,22.4,34.72,-0.84,-0.008388520971302382,22.419999999999998,22.26366666666667,0.009890817378527036,Low Risk
2026-01-04,21.93,22.51,22.8,21.9,283.06,-2.36,-0.02359750667853966,22.349999999999998,22.231333333333332,0.011579934594868543,Low Risk
2026-01-05,21.61,22.1,22.5,21.6,245.87,-1.46,-0.01459188326493388,22.259999999999998,22.20133333333333,0.012290018399608998,Low Risk
2026-01-06,21.83,21.65,22.34,21.65,167.98,1.02,0.01018047200370198,22.178571428571427,22.188333333333333,0.012786429937235392,Low Risk
2026-01-08,22.24,21.86,22.34,21.5,148.42,1.88,0.018781493357764578,22.16,22.207666666666668,0.015379330549024585,Low Risk
2026-01-11,24.2,22.34,24.76,22.24,4.67,8.81,0.08812949640287782,22.417142857142856,22.285,0.03704711811031596,Medium Risk
2026-01-12,23.82,24.31,24.43,23.4,778.49,-1.57,-0.015702479338842945,22.584285714285716,22.379666666666665,0.03847231922500165,Medium Risk
2026-01-13,24.0,24.25,24.5,23.81,923.69,0.76,0.007556675062972307,22.804285714285715,22.447000000000003,0.037818479073388596,Medium Risk
2026-01-14,24.05,24.1,24.3,23.5,607.18,0.21,0.002083333333333437,23.107142857142858,22.526333333333334,0.035155704161264935,Medium Risk
2026-01-15,24.0,24.05,24.85,23.8,819.71,-0.21,-0.0020790020790021346,23.448571428571427,22.591666666666665,0.0337633918711178,Medium Risk
2026-01-18,25.49,24.26,25.9,24.26,3.22,6.21,0.06208333333333327,23.97142857142857,22.704666666666665,0.03783735463122478,Medium Risk
2026-01-19,25.06,25.5,25.5,24.95,409.44,-1.69,-0.0168693605335426,24.374285714285715,22.8,0.04078131644564329,Medium Risk
2026-01-20,25.5,25.5,25.99,25.12,2.1,1.76,0.017557861133280284,24.560000000000002,22.913333333333338,0.026873698576479234,Medium Risk
2026-01-21,26.0,25.5,26.0,25.43,1.63,1.96,0.019607843137254832,24.87142857142857,23.030000000000005,0.02497268305110827,Medium Risk
2026-01-22,26.43,25.99,26.5,25.6,708.66,1.65,0.016538461538461613,25.218571428571426,23.161,0.024886054058430657,Medium Risk
2026-01-25,25.74,26.4,26.5,25.45,472.61,-2.61,-0.026106696935300877,25.46,23.269000000000002,0.029087049687370248,Medium Risk
2026-01-26,25.68,25.56,25.97,25.51,358.23,-0.23,-0.002331002331002252,25.7,23.375333333333334,0.029104792698229028,Medium Risk
2026-01-27,25.66,25.9,26.17,25.5,1.37,-0.08,-0.0007788161993769194,25.724285714285713,23.479666666666667,0.017935767779200827,Low Risk
2026-01-28,26.33,25.65,26.4,24.85,1.21,2.61,0.02611067809820722,25.905714285714282,23.604333333333333,0.018119475818227457,Low Risk
2026-02-01,25.99,25.75,26.1,24.8,1.02,-1.29,-0.012913026965438612,25.975714285714282,23.726666666666667,0.018868970746978027,Low Risk
2026-02-02,25.43,25.99,25.99,25.25,228.1,-2.15,-0.021546748749519007,25.89428571428571,23.824333333333335,0.019195197336506074,Low Risk
2026-02-03,25.66,25.44,26.0,25.4,426.02,0.9,0.009044435705859222,25.784285714285712,23.933,0.018101424915252587,Low Risk
2026-02-04,25.73,25.86,26.0,25.51,502.69,0.27,0.002727981293842552,25.782857142857143,24.044666666666668,0.015319083649443174,Low Risk
2026-02-05,25.0,25.7,25.98,24.8,896.78,-2.84,-0.0283715507190051,25.685714285714283,24.144000000000002,0.01876617913916428,Low Risk
2026-02-08,25.43,25.37,26.0,25.0,239.11,1.72,0.017199999999999882,25.65285714285714,24.24433333333333,0.020388838065424884,Medium Risk
2026-02-09,24.93,25.6,25.96,24.9,1.05,-1.97,-0.019661816751867844,25.452857142857145,24.334,0.017312878353877164,Low Risk
2026-02-10,24.0,24.96,25.2,23.8,1.67,-3.73,-0.03730445246690728,25.16857142857143,24.387333333333334,0.02067733858464889,Medium Risk
2026-02-11,23.73,24.01,24.43,23.5,1.92,-1.13,-0.011249999999999982,24.925714285714285,24.432666666666663,0.02017291878333839,Medium Risk
2026-02-12,23.99,23.5,24.0,23.49,609.46,1.1,0.010956595027391325,24.687142857142856,24.485666666666663,0.020479026430243862,Medium Risk
2026-02-15,23.87,24.0,24.38,23.71,430.13,-0.5,-0.005002084201750634,24.421428571428574,24.526333333333334,0.019917639988459773,Low Risk
2026-02-16,23.54,23.92,24.19,23.54,2.17,-1.38,-0.01382488479262678,24.212857142857143,24.562333333333335,0.018445551832214063,Low Risk
2026-02-17,23.75,23.94,24.17,23.6,930.12,0.89,0.008920985556499561,23.972857142857144,24.623,0.016713717722560747,Low Risk
2026-02-18,23.05,23.76,24.25,22.9,2.5,-2.95,-0.02947368421052632,23.704285714285714,24.671,0.018056191710358327,Low Risk
2026-02-19,22.9,23.15,23.39,22.0,1.65,-0.65,-0.006507592190889477,23.547142857142855,24.706666666666663,0.013836688741197908,Low Risk
2026-02-22,22.52,22.89,22.9,22.45,324.15,-1.66,-0.016593886462882068,23.374285714285715,24.715999999999998,0.014276606337338347,Low Risk
2026-02-23,23.31,22.55,23.35,22.5,453.63,3.51,0.03507992895204248,23.277142857142856,24.686333333333334,0.020838572450236154,Medium Risk
2026-02-24,22.93,23.39,23.45,22.9,329.06,-1.63,-0.01630201630201622,23.142857142857142,24.656666666666663,0.021367826416196084,Medium Risk
2026-02-25,23.0,22.99,23.23,22.63,1.24,0.31,0.0030527692978630228,23.065714285714286,24.62333333333333,0.021227445165492152,Medium Risk
2026-02-26,22.76,22.95,23.23,22.7,157.98,-1.04,-0.01043478260869557,22.924285714285713,24.580333333333332,0.020650737404948143,Medium Risk
2026-03-01,22.02,21.95,22.25,20.0,264.15,-3.25,-0.032513181019332205,22.777142857142856,24.514333333333333,0.021252629673615672,Medium Risk
2026-03-02,21.55,22.24,22.79,21.01,429.32,-2.13,-0.021344232515894568,22.584285714285716,24.383,0.022001444874258758,Medium Risk
2026-03-03,21.91,21.7,22.3,21.54,923.05,1.67,0.016705336426914075,22.497142857142855,24.278000000000002,0.02349306293222586,Medium Risk
2026-03-04,21.51,22.25,22.47,21.5,545.17,-1.83,-0.018256503879507058,22.240000000000002,24.144999999999996,0.01640806822541615,Low Risk
2026-03-05,21.69,21.59,21.95,21.55,600.46,0.84,0.008368200836819994,22.062857142857144,24.00133333333333,0.017749030161988748,Low Risk
2026-03-08,21.72,21.99,22.0,21.58,463.86,0.14,0.0013831258644536604,21.88,23.844333333333335,0.01758977975408541,Low Risk
2026-03-09,21.38,21.83,21.95,21.1,989.92,-1.57,-0.015653775322283625,21.68285714285714,23.699,0.01781865059765479,Low Risk
2026-03-10,22.19,21.57,22.39,21.42,1.48,3.79,0.03788587464920501,21.707142857142856,23.582666666666668,0.021635101011519563,Medium Risk
2026-03-11,23.3,22.3,23.3,22.0,1.54,5.0,0.050022532672374886,21.95714285714286,23.503999999999998,0.02563276381734981,Medium Risk
2026-03-12,23.2,23.29,23.4,22.61,1.01,-0.43,-0.0042918454935623185,22.141428571428573,23.39966666666667,0.026144674516691526,Medium Risk
2026-03-15,23.02,23.2,23.25,22.7,391.6,-0.78,-0.00775862068965516,22.357142857142858,23.300666666666665,0.024610566079593593,Medium Risk
2026-03-16,22.38,23.03,23.12,22.14,340.75,-2.78,-0.02780191138140753,22.455714285714286,23.198999999999998,0.02849866909412347,Medium Risk
2026-03-17,22.8,22.4,23.09,22.4,185.73,1.88,0.018766756032171594,22.609999999999996,23.103666666666665,0.028903140725379636,Medium Risk
2026-03-18,23.24,23.0,23.3,22.74,89.08,1.93,0.019298245614034926,22.875714285714285,23.020666666666667,0.02724647274463391,Medium Risk
2026-03-24,22.69,23.24,23.5,22.66,883.14,-2.37,-0.02366609294320121,22.947142857142858,22.943666666666665,0.027544749732738103,Medium Risk
2026-03-25,22.8,22.8,23.0,22.7,1.45,0.48,0.004847950639047971,22.875714285714285,22.856,0.01870430906403301,Low Risk
2026-03-26,22.81,23.0,23.08,22.77,489.03,0.04,0.000438596491227905,22.82,22.78533333333333,0.018732913355716186,Low Risk
2026-03-29,23.0,22.98,23.08,22.78,86.27,0.83,0.008329679964927728,22.81714285714286,22.752,0.018932844974871053,Low Risk
2026-03-30,23.03,22.98,23.28,22.8,536.93,0.13,0.0013043478260870156,22.91,22.728666666666665,0.014472230110492593,Low Risk
2026-03-31,24.0,24.0,24.4,23.29,3.0,4.21,0.04211897524967423,23.08142857142857,22.729,0.02002067449990373,Medium Risk
2026-04-01,24.65,24.95,24.96,24.25,2.58,2.71,0.027083333333333348,23.282857142857146,22.755,0.020977101172960564,Medium Risk
2026-04-02,25.18,24.83,25.45,24.71,3.27,2.15,0.02150101419878303,23.638571428571428,22.809666666666665,0.01565681948308163,Low Risk
2026-04-05,25.78,25.38,25.89,25.22,1.87,2.38,0.023828435266084247,24.064285714285713,22.877333333333333,0.015225221421975722,Low Risk
2026-04-06,26.5,25.95,26.5,25.8,3.64,2.79,0.027928626842513626,24.59142857142857,22.99233333333333,0.013441373555606312,Low Risk
2026-04-07,26.6,26.5,26.99,26.06,4.75,0.38,0.0037735849056603765,25.10571428571429,23.115666666666666,0.01428228322563301,Low Risk
2026-04-08,27.11,26.9,27.38,26.51,4.38,1.92,0.019172932330826953,25.68857142857143,23.268666666666668,0.011481583354493919,Low Risk
2026-04-09,27.5,27.29,27.5,27.12,1.29,1.44,0.014385835485060783,26.18857142857143,23.408333333333335,0.008413016416716003,Low Risk
2026-04-12,27.5,27.11,27.5,27.5,1.29,0.0,0.0,26.595714285714287,23.56066666666667,0.010422028797376129,Low Risk
2026-04-14,27.71,27.97,27.97,27.66,1.25,0.76,0.007636363636363663,26.95714285714286,23.717666666666666,0.010475020829123516,Low Risk
2026-04-15,27.8,27.75,27.95,27.46,2.21,0.32,0.003247924936846003,27.245714285714286,23.88566666666667,0.010077735670156969,Low Risk
2026-04-16,27.79,27.9,28.18,27.51,5.01,-0.04,-0.0003597122302159139,27.430000000000003,24.078,0.007422963615646666,Low Risk
2026-04-19,28.49,27.99,28.49,27.82,4.09,2.52,0.025188916876574208,27.7,24.30933333333333,0.009937359731737743,Low Risk
2026-04-20,25.0,25.4,25.7,24.53,2.36,-12.25,-0.12249912249912243,27.398571428571426,24.412333333333333,0.05027862812418917,High Risk
2026-04-21,24.77,25.09,25.2,24.69,914.23,-0.92,-0.009199999999999986,27.00857142857143,24.521,0.04912224838027202,Medium Risk
2026-04-22,24.6,24.79,24.9,24.5,1.06,-0.69,-0.006863140896245401,26.594285714285714,24.618,0.048870794772552906,Medium Risk
2026-04-23,24.14,24.6,24.6,24.07,1.11,-1.87,-0.0186991869918699,26.084285714285716,24.698666666666664,0.04786876703886997,Medium Risk
2026-04-26,23.75,24.16,24.21,23.75,1.04,-1.62,-0.016155758077879057,25.505714285714287,24.777666666666665,0.04695565344784486,Medium Risk
2026-04-27,23.7,23.75,23.88,23.51,702.96,-0.21,-0.002105263157894721,24.92142857142857,24.828,0.04683083507656235,Medium Risk
