Date,Adj Close,Close,High,Low,Open,Volume,Return,MA_7,MA_30,Volatility,Risk_Level
2010-02-14,1.0558030605316162,5.067099094390869,5.067099094390869,5.067099094390869,5.067099094390869,0,0.0,4.939084189278739,4.663852405548096,0.023274745553697008,Medium Risk
2010-02-15,1.0688822269439695,5.1298699378967285,5.303030014038086,5.1298699378967285,5.277056217193604,616053,0.012387924991509314,4.97371632712228,4.693433936436971,0.011438563118507656,Low Risk
2010-02-16,1.060764193534851,5.090909004211426,5.216450214385986,5.090909004211426,5.209956169128418,106795,-0.007594916470977209,5.002782617296491,4.717387771606445,0.012521618687364637,Low Risk
2010-02-17,1.0255855321884155,4.922077178955078,5.175323963165283,4.922077178955078,5.147185802459717,267156,-0.03316339481155184,5.013605049678257,4.731745640436809,0.019038584159839788,Low Risk
2010-02-18,1.020624756813049,4.898268222808838,5.058441162109375,4.898268222808838,5.032466888427734,146162,-0.0048371765172716685,5.019170965467181,4.744588343302409,0.019229553494556975,Low Risk
2010-02-21,1.020624756813049,4.898268222808838,4.898268222808838,4.898268222808838,4.898268222808838,0,0.0,5.010512965066092,4.757431046168009,0.017282698055203948,Low Risk
2010-02-22,1.0039372444152832,4.818181037902832,4.917747974395752,4.740259170532227,4.876623153686523,129272,-0.01635010196727882,4.974953242710659,4.766521946589152,0.014438528169575722,Low Risk
2010-02-23,0.984544038772583,4.7251081466674805,4.796535968780518,4.6363630294799805,4.796535968780518,201016,-0.019317018290342713,4.926097393035889,4.770562346776327,0.014703462954219496,Low Risk
2010-02-24,0.9895052313804626,4.748917102813721,4.848484039306641,4.660172939300537,4.7251081466674805,81090,0.0050388171883499755,4.871675559452602,4.774314149220785,0.013017584429523775,Low Risk
2010-02-25,1.0003292560577393,4.800865173339844,4.9112548828125,4.753245830535889,4.9112548828125,134474,0.010938929739443992,4.830240726470947,4.780663347244262,0.01545576927048848,Low Risk
2010-02-28,0.9822890758514404,4.714284896850586,4.928571224212647,4.679653167724609,4.800865173339844,71665,-0.018034307018254814,4.800556114741734,4.784126536051432,0.012078784287420909,Low Risk
2010-03-01,0.9913092255592346,4.757575035095215,4.826838970184326,4.69913387298584,4.714284896850586,12012,0.00918275818959291,4.780457087925503,4.784487263361613,0.013408411497147513,Low Risk
2010-03-02,0.996721088886261,4.783548831939697,4.865799903869629,4.729436874389648,4.757575035095215,57957,0.005459461312303349,4.764068603515625,4.788383356730143,0.013837028806821442,Low Risk
2010-03-03,1.0368608236312866,4.976190090179443,5.064935207366943,4.846320152282715,4.783548831939697,202748,0.04027161946241309,4.786641325269427,4.7954540570576984,0.020077592718603696,Medium Risk
2010-03-04,0.9940152764320374,4.770562171936035,4.980518817901611,4.655844211578369,4.976190090179443,296299,-0.0413223599816287,4.793134757450649,4.796608463923136,0.025477924633104245,Medium Risk
2010-03-07,0.9642489552497864,4.627705097198486,4.742424011230469,4.545454025268555,4.770562171936035,120799,-0.029945543017537712,4.775818756648472,4.7930009682973225,0.02800758152598445,Medium Risk
2010-03-08,0.9435028433799744,4.528138160705566,4.608224868774414,4.471860885620117,4.608224868774414,239182,-0.02151540221376591,4.736857754843576,4.786074574788412,0.02793412533074318,Medium Risk
2010-03-09,0.9367374777793884,4.495669841766357,4.597402095794678,4.406926155090332,4.528138160705566,247516,-0.0071703463513909105,4.705627032688686,4.785713799794515,0.02758240279354961,Medium Risk
2010-03-10,0.9696609377861024,4.653678894042969,4.692639827728272,4.59956693649292,4.495669841766357,157911,0.03514694313373545,4.690784726824079,4.790403525034587,0.031500087957805074,Medium Risk
2010-03-11,0.9940152764320374,4.770562171936035,4.865799903869629,4.692639827728272,4.692639827728272,302596,0.025116317768010488,4.688929489680699,4.7976185321807865,0.03318255436041758,Medium Risk
2010-03-14,0.9768770933151244,4.688311100006104,4.764069080352783,4.6255412101745605,4.770562171936035,208449,-0.01724137931034464,4.647803919655936,4.802091836929321,0.028340104749318844,Medium Risk
2010-03-15,0.9480127692222596,4.549783229827881,4.707791805267334,4.456708908081055,4.688311100006104,415920,-0.029547499562911472,4.616264070783343,4.80360697110494,0.026319233229009087,Medium Risk
2010-03-16,0.9958192110061646,4.779220104217529,4.978353977203369,4.675323963165283,4.549783229827881,572505,0.05042808916378383,4.637909071786063,4.8103890736897785,0.031402233361810604,Medium Risk
2010-03-17,1.0332527160644531,4.958874225616455,5.008657932281494,4.870129108428955,4.779220104217529,454598,0.0375906774497341,4.699442795344761,4.822005240122477,0.03101868213413334,Medium Risk
2010-03-18,1.0242326259613037,4.915584087371826,4.967532157897949,4.805193901062012,4.958874225616455,246088,-0.0087298318680884,4.759430544716971,4.822943210601807,0.03119676177975334,Medium Risk
2010-03-21,1.0134084224700928,4.863636016845703,4.926405906677246,4.818181037902832,4.915584087371826,645511,-0.010568036189143482,4.789424419403076,4.822149578730265,0.030629160955629918,Medium Risk
2010-03-22,0.9935643076896667,4.768397808074951,4.826838970184326,4.740259170532227,4.826838970184326,109544,-0.01958168918086889,4.789115224565778,4.819552167256673,0.03081373571641004,Medium Risk
2010-03-23,0.9940152764320374,4.770562171936035,4.822509765625,4.761903762817383,4.768397808074951,522369,0.00045389750356372716,4.800865377698626,4.816594012578329,0.029841928272696223,Medium Risk
2010-03-24,1.0016825199127195,4.807359218597412,4.859306812286377,4.761903762817383,4.770562171936035,138239,0.007713356484031264,4.837661947522845,4.81154351234436,0.026197779023309987,Medium Risk
2010-03-25,1.0165655612945557,4.878787040710449,4.9112548828125,4.870129108428955,4.9112548828125,109577,0.014858016400504548,4.851885795593262,4.805266443888346,0.019137056841360606,Low Risk
2010-03-28,1.0165655612945557,4.878787040710449,4.878787040710449,4.878787040710449,4.878787040710449,0,0.0,4.840444769178118,4.798989375432332,0.011661118460967386,Low Risk
2010-03-29,1.018369436264038,4.887444972991943,4.952380180358887,4.818181037902832,4.878787040710449,48140,0.0017746075426636754,4.836424895695278,4.79090854326884,0.011362577606468267,Low Risk
2010-03-30,1.0210754871368408,4.900432109832764,4.941557884216309,4.872293949127197,4.893939018249512,44130,0.002657244616069754,4.841681480407715,4.784559313456217,0.010529758817332667,Low Risk
2010-03-31,1.08737313747406,5.218614101409912,5.428571224212647,4.978353977203369,4.978353977203369,1198391,0.06492937448081637,4.905998093741281,4.794443877538045,0.023406455115075366,Medium Risk
2010-04-01,1.158180832862854,5.558441162109375,5.690475940704346,5.4112548828125,5.218614101409912,1048088,0.06511825823788198,5.018552235194615,4.8164496421813965,0.029504549110297366,Medium Risk
2010-04-06,1.1631420850753784,5.582251071929932,5.703463077545166,5.4112548828125,5.649350166320801,720239,0.004283558847912872,5.129251071384975,4.839249070485433,0.029816616664417483,Medium Risk
2010-04-07,1.1730644702911377,5.6298699378967285,5.660172939300537,5.502163887023926,5.582251071929932,626800,0.00853040562905627,5.236548628125872,4.866305367151896,0.03016123596387568,Medium Risk
2010-04-08,1.159083127975464,5.562769889831543,5.627705097198486,5.519480228424072,5.627705097198486,461769,-0.01191857872479618,5.3342604637146,4.894227425257365,0.0318369277804692,Medium Risk
2010-04-11,1.1432976722717283,5.487011909484863,5.603896141052246,5.4112548828125,5.562769889831543,494889,-0.013618751421870079,5.4199128832135886,4.9188305854797365,0.03372783904743909,Medium Risk
2010-04-12,1.1288655996322632,5.417747974395752,5.497835159301758,5.400432109832764,5.487011909484863,1344863,-0.012623252187475953,5.49381514957973,4.939393345514933,0.0352801977312963,Medium Risk
2010-04-13,1.1252574920654297,5.400432109832764,5.432899951934815,5.329003810882568,5.417747974395752,478230,-0.0031961369640711723,5.5197891507829935,4.962264919281006,0.02780131685486245,Medium Risk
2010-04-14,1.1266107559204102,5.406926155090332,5.519480228424072,5.303030014038086,5.428571224212647,2010596,0.0012025047487855822,5.498144149780273,4.983909956614176,0.008970908804376882,Low Risk
2010-04-15,1.1085706949234009,5.320345878601074,5.465366840362549,5.201298236846924,5.406926155090332,1461033,-0.016012846117335444,5.460729122161865,5.001803191502889,0.009160886734569093,Low Risk
2010-04-18,0.9786811470985411,4.696969032287598,4.781384944915772,4.619047164916992,4.72294282913208,857259,-0.1171684812487016,5.327457564217704,4.992495822906494,0.0412133111239684,Medium Risk
2010-04-19,1.091841220855713,4.6363630294799805,4.675323963165283,4.5800862312316895,4.675323963165283,272104,-0.012903215326948825,5.195113727024624,4.988022518157959,0.04116381997899128,Medium Risk
2010-04-20,1.09337055683136,4.642857074737549,4.673160076141357,4.59956693649292,4.6363630294799805,604522,0.0014006766114467162,5.074520179203579,4.988527584075928,0.042227715799027524,Medium Risk
2010-04-21,1.076549410820007,4.571427822113037,4.651515007019043,4.525973796844482,4.642857074737549,917846,-0.01538476232946484,4.953617300306048,4.9899705727895105,0.0421300489205239,Medium Risk
2010-04-22,1.0683938264846802,4.5367960929870605,4.5865797996521,4.5,4.571427822113037,317052,-0.007575691988060074,4.830240726470947,4.9913414478302,0.041815653246890884,Medium Risk
2010-04-26,1.0801174640655518,4.5865797996521,4.634199142456055,4.525973796844482,4.5367960929870605,146879,0.01097331809600055,4.713048389979771,4.989104811350504,0.042936525923620246,Medium Risk
2010-04-27,1.090821385383606,4.632033824920654,4.670995235443115,4.5779218673706055,4.5865797996521,202489,0.009910222268890267,4.614718096596854,4.9844871997833256,0.044660702456458694,Medium Risk
2010-04-28,1.0694128274917605,4.5411248207092285,4.610389232635498,4.461038112640381,4.610389232635498,188717,-0.01962615292710712,4.5924546377999445,4.979580990473429,0.012307402523426448,Low Risk
2010-04-29,1.0704325437545776,4.545454025268555,4.5779218673706055,4.515151023864746,4.5411248207092285,660835,0.0009533330904236692,4.579467637198312,4.979436683654785,0.011883329625413037,Low Risk
2010-05-02,1.0561600923538208,4.4848480224609375,4.528138160705566,4.458874225616455,4.545454025268555,139505,-0.013333322143553428,4.55689491544451,4.969624280929565,0.012319562809446738,Low Risk
2010-05-03,1.0648255348205566,4.5216450691223145,4.588744163513184,4.480518817901611,4.4848480224609375,113254,0.008204747736621387,4.549783093588693,4.955049975713094,0.012189317512385242,Low Risk
2010-05-04,1.064315915107727,4.519480228424072,4.556276798248291,4.4913411140441895,4.5216450691223145,83460,-0.0004787728061685925,4.547309398651123,4.941846513748169,0.011891154787608903,Low Risk
2010-05-05,1.0515724420547483,4.465366840362549,4.4913411140441895,4.439393043518066,4.4913411140441895,167308,-0.01197336537090965,4.529993261609759,4.928570874532064,0.01135675074323651,Low Risk
2010-05-06,1.0459654331207275,4.441557884216309,4.495669841766357,4.406926155090332,4.465366840362549,268352,-0.005331914934968096,4.50278241293771,4.917676210403442,0.009627739326718555,Low Risk
2010-05-09,1.0413779020309448,4.422077178955078,4.458874225616455,4.309523105621338,4.393939018249512,544989,-0.004386007290473004,4.4857756069728305,4.906060043970744,0.0075067494844835245,Low Risk
2010-05-10,1.0500435829162598,4.458874225616455,4.4913411140441895,4.4480509757995605,4.4913411140441895,80905,0.008321213125020988,4.473407064165388,4.894443877538046,0.008700058407946142,Low Risk
2010-05-11,1.0454556941986084,4.439393043518066,4.5,4.398268222808838,4.458874225616455,676441,-0.0043690808739274,4.466913495744977,4.879797410964966,0.007445166464181425,Low Risk
2010-05-12,1.0454556941986084,4.439393043518066,4.458874225616455,4.419912815093994,4.439393043518066,155975,0.0,4.4551632063729425,4.865150944391886,0.006220601013053641,Low Risk
2010-05-13,1.047494649887085,4.4480509757995605,4.478353977203369,4.415584087371826,4.439393043518066,180013,0.0019502513511695518,4.4449590274265836,4.850504477818807,0.006423265094277074,Low Risk
2010-05-16,1.047494649887085,4.4480509757995605,4.4480509757995605,4.4480509757995605,4.4480509757995605,0,0.0,4.442485332489014,4.835425106684367,0.004790990686917607,Low Risk
2010-05-17,1.021498441696167,4.337662220001221,4.387444972991943,4.2445878982543945,4.363636016845703,338909,-0.02481733154564325,4.427643094744001,4.806060043970744,0.010406006817713913,Low Risk
2010-05-18,1.0306737422943115,4.376623153686523,4.437229156494141,4.3398261070251465,4.437229156494141,103062,0.008982011901630171,4.421149662562779,4.766666110356649,0.011362340378402192,Low Risk
2010-05-19,1.0220080614089966,4.3398261070251465,4.437229156494141,4.266232967376709,4.376623153686523,464480,-0.008407634235170991,4.404142788478306,4.7252519448598225,0.01071297535023179,Low Risk
2010-05-20,1.0240470170974731,4.348484039306641,4.432899951934815,4.268397808074951,4.3398261070251465,224559,0.001994995206715533,4.3911557878766745,4.682539081573486,0.010925441099203093,Low Risk
2010-05-23,1.0220080614089966,4.3398261070251465,4.4112548828125,4.277056217193604,4.348484039306641,157546,-0.001991023125124447,4.376931939806257,4.641774288813273,0.010863108916673865,Low Risk
2010-05-24,1.0204790830612185,4.333333015441895,4.426405906677246,4.2251081466674805,4.3398261070251465,291706,-0.0014961639989999886,4.3605436597551614,4.603318325678507,0.010667970133699722,Low Risk
2010-05-25,0.9715452790260316,4.1255412101745605,4.220778942108154,4.060606002807617,4.220778942108154,210283,-0.047951958579427356,4.314470836094448,4.560244766871135,0.01958380972686524,Low Risk
2010-05-26,0.9898953437805176,4.203463077545166,4.264069080352783,4.11255407333374,4.1255412101745605,155301,0.018887671556505614,4.295299530029297,4.520345799128214,0.02117098623371639,Medium Risk
2010-05-27,0.9924439787864684,4.214284896850586,4.29870080947876,4.025973796844482,4.203463077545166,475929,0.0025745008593580643,4.2721083504813055,4.480591090520223,0.02063355494780915,Medium Risk
2010-05-30,0.9980508089065552,4.238094806671143,4.329003810882568,4.114717960357666,4.214284896850586,182961,0.005649810205843098,4.257575307573591,4.444516054789225,0.02095081156909848,Medium Risk
2010-05-31,0.9766422510147096,4.147185802459717,4.270562171936035,4.11255407333374,4.238094806671143,45848,-0.021450441379538443,4.228818416595459,4.426189947128296,0.021838945054136024,Medium Risk
2010-06-01,0.9766422510147096,4.147185802459717,4.147185802459717,4.147185802459717,4.147185802459717,0,0.0,4.201298373086112,4.4098840395609535,0.0219208723316444,Medium Risk
2010-06-02,0.9511559009552002,4.038960933685303,4.322509765625,4.038960933685303,4.119047164916992,339140,-0.026095977833986983,4.159245218549456,4.389754168192545,0.022977178929874602,Medium Risk
2010-06-03,0.973073959350586,4.132033824920654,4.292206764221191,4.166666030883789,4.132033824920654,42527,0.023043771099422017,4.160172734941755,4.375107701619466,0.018558272041041823,Low Risk
2010-06-06,0.973073959350586,4.132033824920654,4.132033824920654,4.132033824920654,4.132033824920654,0,0.0,4.149968555995396,4.361615626017253,0.01669745687792085,Low Risk
2010-06-07,0.970015823841095,4.119047164916992,4.166666030883789,4.090909004211426,4.166666030883789,40887,-0.0031429219977190392,4.136363165719168,4.346031204859416,0.01655706791335987,Low Risk
2010-06-08,0.9715452790260316,4.1255412101745605,4.194805145263672,4.0800862312316895,4.119047164916992,93527,0.001576589195889655,4.120284080505371,4.329148117701212,0.01626558706363699,Low Risk
2010-06-09,0.973073959350586,4.132033824920654,4.194805145263672,4.067099094390869,4.1255412101745605,40397,0.0015737607298846878,4.118119512285505,4.315511751174927,0.014291788889878417,Low Risk
2010-06-10,0.970015823841095,4.119047164916992,4.134199142456055,4.11255407333374,4.132033824920654,27489,-0.0031429219977190392,4.114099706922259,4.301298189163208,0.01432517630057217,Low Risk
2010-06-13,0.9735840559005736,4.134199142456055,4.151515007019043,4.11255407333374,4.119047164916992,31647,0.0036785151838307772,4.127705165318081,4.289609893163045,0.00903501017473759,Low Risk
2010-06-14,0.9684866666793824,4.11255407333374,4.134199142456055,4.0800862312316895,4.134199142456055,27720,-0.00523561356782043,4.124922343662807,4.27597352663676,0.003227889461041622,Low Risk
2010-06-15,0.969506025314331,4.116882801055908,4.166666030883789,4.101730823516846,4.11255407333374,28528,0.0010525643298493481,4.122757911682129,4.262553612391154,0.003288273597290721,Low Risk
2010-06-16,0.9684866666793824,4.11255407333374,4.119047164916992,4.095238208770752,4.116882801055908,151240,-0.0010514576030820066,4.121830327170236,4.250793186823527,0.003099847164039554,Low Risk
2010-06-17,0.9659379124641418,4.101730823516846,4.160172939300537,4.069263935089111,4.11255407333374,51074,-0.0026317586647853775,4.118428843361991,4.239465618133545,0.0031011513311554493,Low Risk
2010-06-20,0.9684866666793824,4.11255407333374,4.138527870178223,4.09956693649292,4.101730823516846,277588,0.00263870309451808,4.115646021706717,4.2291481812795,0.0032603298710265657,Low Risk
2010-06-21,0.9644088745117188,4.095238208770752,4.11255407333374,4.088744163513184,4.11255407333374,5636,-0.004210489212838842,4.112244742257254,4.217026980717977,0.00341649945031731,Low Risk
2010-06-22,0.9608405828475952,4.0800862312316895,4.110389232635498,4.069263935089111,4.0735931396484375,45747,-0.0036999013895239186,4.10451432636806,4.205050086975097,0.002894636673097799,Low Risk
2010-06-23,0.9582923054695128,4.069263935089111,4.186147212982178,4.047618865966797,4.0800862312316895,934279,-0.002652467504176026,4.098330020904541,4.192712450027466,0.0025377347526855903,Low Risk
2010-06-24,0.9684866666793824,4.11255407333374,4.12337589263916,4.093072891235352,4.12337589263916,83293,0.010638321557699726,4.097711631229946,4.181529219945272,0.005267625633039384,Low Risk
2010-06-27,0.9542142748832704,4.051948070526123,4.145020961761475,4.051948070526123,4.11255407333374,28440,-0.01473682819165667,4.089053630828857,4.168325789769491,0.00765953773494619,Low Risk
2010-06-28,0.9674672484397888,4.108224868774414,4.145020961761475,4.051948070526123,4.11255407333374,28440,0.013888825145032868,4.089981351579938,4.1606778780619305,0.009731099396198746,Low Risk
2010-06-29,0.9618602395057678,4.084414958953857,4.1255412101745605,4.060606002807617,4.1255412101745605,93531,-0.005795668587065372,4.085961478097098,4.150937604904175,0.009908979524595832,Low Risk
2010-06-30,0.9547238349914552,4.054111957550049,4.0779218673706055,4.028138160705566,4.0779218673706055,48431,-0.007419177950413247,4.080086299351284,4.141413799921671,0.010156696452603826,Low Risk
2010-07-04,0.9491167664527892,4.030303001403809,4.047618865966797,4.017315864562988,4.047618865966797,10926,-0.005872791969126601,4.072974409375872,4.130807765324911,0.010271376637826079,Low Risk
2010-07-05,0.9679770469665528,4.110389232635498,4.11255407333374,4.101730823516846,4.11255407333374,52432,0.0198710199217762,4.0788494518824985,4.123159869511922,0.013071959002428817,Low Risk
2010-07-06,0.9266886115074158,3.9350640773773193,4.110389232635498,3.8961029052734375,4.110389232635498,705474,-0.0426541491171053,4.0534937381744385,4.109884238243103,0.02035817627135094,Medium Risk
2010-07-07,0.936883270740509,3.978353977203369,4.058441162109375,3.917747974395752,3.9350640773773193,33009,0.011001066049959318,4.042980296271188,4.104977997144063,0.020857003492561657,Medium Risk
2010-07-08,0.938412606716156,3.9848480224609375,4.032466888427734,3.919913053512573,3.978353977203369,91508,0.0016323447573494132,4.0253550325121195,4.097690828641256,0.019743893392382274,Low Risk
2010-07-11,0.9460586309432985,4.017315864562988,4.090909004211426,3.8961029052734375,3.9848480224609375,141464,0.008147824438734741,4.015769447599139,4.091125194231669,0.020250218900232934,Medium Risk
2010-07-12,0.9302568435668944,3.950216054916382,4.069263935089111,3.930735111236572,4.017315864562988,32543,-0.01670264721738668,4.000927175794329,4.081529235839843,0.020942320946066822,Medium Risk
2010-07-13,0.9486071467399596,4.028138160705566,4.049783229827881,3.982682943344116,4.049783229827881,60660,0.019726036425831373,4.000617912837437,4.077560981114705,0.022628355327083058,Medium Risk
2010-07-14,0.9455486536026,4.015151023864746,4.025973796844482,3.9913411140441895,4.025973796844482,73370,-0.0032241041202384357,3.9870124544416154,4.073159821828207,0.02088992910096094,Medium Risk
2010-07-15,0.9516655206680298,4.0411248207092285,4.047618865966797,4.004329204559326,4.015151023864746,50681,0.0064689464207206004,4.002163989203317,4.0732319513956705,0.011589415369573936,Low Risk
2010-07-18,0.9414708614349364,3.9978349208831774,4.006493091583252,3.952379941940308,4.006493091583252,37371,-0.010712339199276166,4.004946981157575,4.068758654594421,0.012247960412409995,Low Risk
2010-07-19,0.9333153963088988,3.963202953338623,3.982682943344116,3.961038112640381,3.982682943344116,40194,-0.008662680733426464,4.001854828425816,4.06313095887502,0.012734515419063614,Low Risk
2010-07-20,0.9256691336631776,3.930735111236572,3.9393930435180655,3.919913053512573,3.9393930435180655,13259,-0.008192323856314299,3.9894861493791853,4.056853890419006,0.01233180181647338,Low Risk
2010-07-21,0.9205718636512756,3.909090042114258,3.9393930435180655,3.8961029052734375,3.930735111236572,100193,-0.0055066211560372835,3.9836110046931674,4.049638851483663,0.01090878972151168,Low Risk
2010-07-22,0.9307664036750792,3.952379941940308,4.004329204559326,3.906925916671753,3.909090042114258,37440,0.011074162876697713,3.9727884020124162,4.043650388717651,0.008285154453795254,Low Risk
2010-07-25,0.920062243938446,3.906925916671753,3.958873987197876,3.8961029052734375,3.952379941940308,118928,-0.011500418971927218,3.957327672413417,4.03657968044281,0.008940479338878876,Low Risk
2010-07-26,0.9175134897232056,3.8961029052734375,3.961038112640381,3.8961029052734375,3.906925916671753,189872,-0.0027702115753286405,3.93661025592259,4.02864313920339,0.007766049939832314,Low Risk
2010-07-27,0.9827589988708496,4.173160076141357,4.320345878601074,4.067099094390869,4.101730823516846,562595,0.07111135860731976,3.9616567066737582,4.030663339296977,0.029426270424339776,Medium Risk
2010-07-28,0.9960120320320128,4.229436874389648,4.279220104217529,4.166666030883789,4.173160076141357,107923,0.01348541566139172,3.999690123966762,4.034415141741435,0.028705131788217358,Medium Risk
2010-07-29,0.9822492599487304,4.170995235443115,4.253245830535889,4.116882801055908,4.229436874389648,441459,-0.013817829815693128,4.034012998853411,4.036363180478414,0.029359894529327125,Medium Risk
2010-08-01,0.9705256819725036,4.121212005615234,4.207791805267334,4.11255407333374,4.170995235443115,158803,-0.011935575808106114,4.064316136496408,4.0370125532150265,0.029978533193167844,Medium Risk
2010-08-02,0.9684866666793824,4.11255407333374,4.153678894042969,4.075757026672363,4.121212005615234,37509,-0.00210082186252436,4.087198155266898,4.0370125532150265,0.030162682519447332,Medium Risk
2010-08-03,0.9705256819725036,4.121212005615234,4.145020961761475,4.103896141052246,4.11255407333374,80850,0.0021052446064193653,4.117810453687396,4.0378783464431764,0.02926701667955831,Medium Risk
2010-08-04,0.968996286392212,4.114717960357666,4.188311100006104,4.0865797996521,4.121212005615234,512556,-0.0015757610258148036,4.149041175842285,4.0390327374140425,0.029197080453283394,Medium Risk
2010-08-05,0.9761324524879456,4.145020961761475,4.238094806671143,4.097402095794678,4.114717960357666,432977,0.0073645391241286,4.145021302359445,4.041557971636454,0.009787941629376663,Low Risk
2010-08-08,0.9679770469665528,4.110389232635498,4.116882801055908,4.082251071929932,4.116882801055908,55550,-0.008355019056709323,4.128014496394566,4.0414858102798465,0.007683594156140869,Low Risk
2010-08-09,0.973073959350586,4.132033824920654,4.164502143859863,4.11255407333374,4.164502143859863,1173156,0.005265825463268481,4.122448580605643,4.04415533542633,0.006992658610268732,Low Risk
2010-08-10,1.0322026014328003,4.383115768432617,4.4913411140441895,4.095238208770752,4.132033824920654,1688499,0.06076473575740504,4.159863403865269,4.053318365414937,0.023380848918519048,Medium Risk
2010-08-11,1.0592186450958252,4.497835159301758,4.610389232635498,4.372293949127197,4.383115768432617,1057176,0.026173023239622006,4.214903559003558,4.067099038759867,0.023571455071215948,Medium Risk
2010-08-12,1.0209885835647583,4.33549690246582,4.393939018249512,4.329003810882568,4.393939018249512,398664,-0.03609253142597135,4.24551568712507,4.076478536923727,0.030068609528504462,Medium Risk
2010-08-15,1.002638578414917,4.257575035095215,4.393939018249512,4.220778942108154,4.33549690246582,105479,-0.01797299574272271,4.265923840659005,4.084054271380107,0.031511153348860295,Medium Risk
2010-08-16,1.0118135213851929,4.296535968780518,4.329003810882568,4.246753215789795,4.257575035095215,38724,0.009150968183566421,4.2875688416617255,4.090259162584941,0.03153781898614476,Medium Risk
2010-08-17,1.0072261095046997,4.277056217193604,4.415584087371826,4.277056217193604,4.296535968780518,60087,-0.00453382718740325,4.311378410884312,4.101658900578816,0.03128887056917641,Medium Risk
2010-08-18,1.0123234987258911,4.29870080947876,4.329003810882568,4.186147212982178,4.354978084564209,704263,0.005060628428998681,4.335187980106899,4.11233712832133,0.0312898870672974,Medium Risk
2010-08-19,1.0199692249298096,4.331168174743652,4.3398261070251465,4.29870080947876,4.29870080947876,304337,0.007552832054117609,4.3277668952941895,4.12388113339742,0.02033649483900808,Medium Risk
2010-08-22,1.0143624544143677,4.307359218597412,4.329003810882568,4.264069080352783,4.329003810882568,33116,-0.005497121142761796,4.30055604662214,4.133549245198568,0.01626278199162288,Low Risk
2010-08-23,1.0311833620071411,4.378787040710449,4.426405906677246,4.318181037902832,4.426405906677246,267530,0.016582740952888475,4.306740352085659,4.147834944725036,0.0115462985866832,Low Risk
2010-08-24,1.0194594860076904,4.329003810882568,4.33549690246582,4.329003810882568,4.33549690246582,36276,-0.011369182690328716,4.316944462912423,4.1578637997309364,0.009835192925695482,Low Risk
2010-08-25,1.0194594860076904,4.329003810882568,4.363636016845703,4.318181037902832,4.329003810882568,147840,0.0,4.321582726069859,4.168325559298197,0.009389640577932554,Low Risk
2010-08-26,1.0194594860076904,4.329003810882568,4.331168174743652,4.307359218597412,4.329003810882568,78415,0.0,4.329003810882568,4.177921525637308,0.009086630581904927,Low Risk
2010-08-29,1.0194594860076904,4.329003810882568,4.329003810882568,4.329003810882568,4.329003810882568,0,0.0,4.333332811083112,4.188960488637289,0.008981094301556861,Low Risk
2010-08-30,1.0194594860076904,4.329003810882568,4.329003810882568,4.326838970184326,4.329003810882568,48232,0.0,4.333023616245815,4.20115385055542,0.008509332783979102,Low Risk
2010-08-31,1.0169107913970947,4.318181037902832,4.367965221405029,4.238094806671143,4.329003810882568,110741,-0.0025000608575417305,4.334569590432303,4.214068714777628,0.008260791426643882,Low Risk
2010-09-01,1.0194594860076904,4.329003810882568,4.33549690246582,4.326838970184326,4.326838970184326,91254,0.002506326827138361,4.3274577004568915,4.2280658404032385,0.0045340410287363075,Low Risk
2010-09-02,1.0153816938400269,4.31168794631958,4.33549690246582,4.29870080947876,4.329003810882568,91840,-0.0039999651927906665,4.324984005519322,4.240042773882548,0.0020917767937826274,Low Risk
2010-09-05,1.0194594860076904,4.329003810882568,4.329003810882568,4.329003810882568,4.329003810882568,19635,0.004016029169682689,4.324984005519322,4.254112037022908,0.002728250937223432,Low Risk
2010-09-06,1.0322026014328003,4.383115768432617,4.4480509757995605,4.352812767028809,4.4480509757995605,201487,0.01249986369012146,4.332714285169329,4.270345799128214,0.005454448041706556,Low Risk
2010-09-07,1.0449459552764893,4.437229156494141,4.465366840362549,4.357141971588135,4.383115768432617,70020,0.0123458724159764,4.348175048828125,4.279148101806641,0.0066455691087483875,Low Risk
2010-09-08,1.0337320566177368,4.3896098136901855,4.456708908081055,4.329003810882568,4.437229156494141,58900,-0.010731774520651327,4.3568330492292136,4.284487199783325,0.00856300680137836,Low Risk
2010-09-12,1.0337320566177368,4.3896098136901855,4.3896098136901855,4.3896098136901855,4.3896098136901855,0,0.0,4.367037160055978,4.291774352391561,0.00839354624184573,Low Risk
2010-09-13,1.0240470170974731,4.348484039306641,4.372293949127197,4.341990947723389,4.372293949127197,3469,-0.009368890659776419,4.369820049830845,4.299350086847941,0.009491260214217444,Low Risk
2010-09-14,1.0286349058151243,4.367965221405029,4.437229156494141,4.337662220001221,4.348484039306641,45045,0.004479993929446424,4.3778596605573386,4.30786379178365,0.009334224101333775,Low Risk
2010-09-15,1.0240470170974731,4.348484039306641,4.413418769836426,4.329003810882568,4.367965221405029,358627,-0.004460013097842941,4.3806425503322055,4.315439526240031,0.00955974758161613,Low Risk
2010-09-16,1.0434168577194214,4.430735111236572,4.5,4.350648880004883,4.5,228126,0.01891488417261078,4.387445313589914,4.325973431269328,0.011069825955230391,Low Risk
2010-09-19,1.0587085485458374,4.495669841766357,4.519480228424072,4.443721771240234,4.519480228424072,56133,0.014655520788211307,4.395793982914516,4.337661727269491,0.0114707614650024,Low Risk
2010-09-20,1.0566695928573608,4.487011909484863,4.5216450691223145,4.4480509757995605,4.495669841766357,139089,-0.0019258381033808725,4.409708568028042,4.350215816497803,0.010271241401237332,Low Risk
2010-09-21,1.0719619989395142,4.551948070526123,4.634199142456055,4.5216450691223145,4.634199142456055,437329,0.014472027788469788,4.432899747576032,4.364212958017985,0.010956889103193505,Low Risk
2010-09-22,1.1208957433700562,4.759739875793457,4.859306812286377,4.551948070526123,4.551948070526123,417735,0.045648984137755644,4.491650581359863,4.376767094930013,0.016862110786707542,Low Risk
2010-09-23,1.1254832744598389,4.779220104217529,4.870129108428955,4.718614101409912,4.759739875793457,147345,0.0040927086211459685,4.5504012789045065,4.386146593093872,0.016895756443161547,Low Risk
2010-09-26,1.1157985925674438,4.738094806671143,4.779220104217529,4.653678894042969,4.779220104217529,32940,-0.008605022712826038,4.6060599599565775,4.399566523234049,0.017667020555737746,Low Risk
2010-09-27,1.0826661586761477,4.597402095794678,4.627705097198486,4.558441162109375,4.627705097198486,101090,-0.029693941682714442,4.629869529179165,4.410894091924032,0.02334861711795169,Medium Risk
2010-09-28,1.1071330308914185,4.701298236846924,4.757575035095215,4.556276798248291,4.597402095794678,27720,0.022598880604174587,4.659245014190674,4.4243861675262455,0.024049095701288586,Medium Risk
2010-09-29,1.08113694190979,4.590909004211426,4.740259170532227,4.461038112640381,4.701298236846924,224245,-0.023480584952111916,4.674087456294468,4.4348479270935055,0.026577940455439108,Medium Risk
2010-09-30,1.0857244729995728,4.610389232635498,4.675323963165283,4.504329204559326,4.590909004211426,187086,0.0042432181527019,4.682436193738665,4.445237541198731,0.02615689651030441,Medium Risk
2010-10-03,1.0785881280899048,4.5800862312316895,4.709956169128418,4.545454025268555,4.610389232635498,146481,-0.006572764223311767,4.656771387372698,4.453534809748332,0.017775311949368676,Low Risk
2010-10-04,1.087763428688049,4.619047164916992,4.718614101409912,4.545454025268555,4.5800862312316895,149041,0.00850659391948283,4.633889538901193,4.463924407958984,0.01823817682056697,Low Risk
2010-10-05,1.0760397911071775,4.569263935089111,4.610389232635498,4.549783229827881,4.610389232635498,64818,-0.010777813702791073,4.609770842960903,4.470273637771607,0.018333659483477125,Low Risk
2010-10-07,1.0816466808319092,4.593072891235352,4.6298699378967285,4.545454025268555,4.569263935089111,50251,0.00521067648629403,4.6091523851667136,4.479075940450032,0.014938303165196554,Low Risk
2010-10-10,1.0500435829162598,4.458874225616455,4.545454025268555,4.439393043518066,4.545454025268555,58068,-0.029217621578568553,4.57452038356236,4.483404954274495,0.01468723547391769,Low Risk
2010-10-11,1.0622767210006714,4.51082181930542,4.597402095794678,4.437229156494141,4.458874225616455,96789,0.011650383271751164,4.563079357147217,4.489465554555257,0.01428987298663379,Low Risk
2010-10-12,1.048004388809204,4.450215816497803,4.4913411140441895,4.439393043518066,4.4913411140441895,104421,-0.013435689822248298,4.540197440556118,4.493505954742432,0.014476493183753691,Low Risk
2010-10-13,1.0989772081375122,4.666666030883789,4.740259170532227,4.545454025268555,4.450215816497803,900784,0.04863813875802703,4.55256598336356,4.504761362075806,0.0248018408380152,Medium Risk
2010-10-14,1.0994871854782104,4.668830871582031,4.846320152282715,4.5735931396484375,4.666666030883789,26442454,0.00046389449853823095,4.559677941458566,4.516449689865112,0.024686970294806404,Medium Risk
2010-10-17,1.109171986579895,4.709956169128418,4.79870080947876,4.664502143859863,4.668830871582031,41108,0.008808478755721438,4.57977683203561,4.529148101806641,0.02412873059097774,Medium Risk
2010-10-18,1.1219154596328735,4.764069080352783,4.813851833343506,4.694805145263672,4.709956169128418,300313,0.011489047728097779,4.604204859052386,4.54422747294108,0.02427198447995031,Medium Risk
2010-10-19,1.161164164543152,4.930735111236572,5.028138160705566,4.816017150878906,4.764069080352783,1211488,0.03498396603255127,4.671613556998117,4.564285182952881,0.0208639548464602,Medium Risk
2010-10-20,1.1754367351531982,4.9913411140441895,5.062769889831543,4.93506383895874,5.062769889831543,518752,0.012291474078480302,4.740259170532227,4.584559361139934,0.020849960307085205,Medium Risk
2010-10-21,1.1810439825057983,5.015151023864746,5.0865797996521,4.978353977203369,4.9913411140441895,225779,0.004770242962069293,4.820964200156076,4.60382342338562,0.01763610056618846,Low Risk
2010-10-24,1.194296956062317,5.071427822113037,5.108224868774414,5.0,5.015151023864746,569793,0.01122135664120516,4.878787313188825,4.626550690333048,0.010990540012008847,Low Risk
2010-10-25,1.1728882789611816,4.980518817901611,5.01082181930542,4.978353977203369,5.01082181930542,153319,-0.01792572178884877,4.923314162663051,4.646247657140096,0.015486861686924746,Low Risk
2010-10-26,1.1443432569503784,4.859306812286377,4.943721771240234,4.826838970184326,4.943721771240234,71457,-0.02433722470429367,4.9446499688284735,4.663275082906087,0.02007665862867281,Medium Risk
2010-10-27,1.1366974115371704,4.826838970184326,4.978353977203369,4.72294282913208,4.859306812286377,262291,-0.006681578948659617,4.953617095947266,4.678570874532064,0.020217990610426378,Medium Risk
2010-10-28,1.1305806636810305,4.800865173339844,4.978353977203369,4.72294282913208,4.826838970184326,299191,-0.005381119404422652,4.935064247676304,4.693650245666504,0.014083669139884956,Low Risk
2010-10-31,1.1417946815490725,4.848484039306641,4.967532157897949,4.72294282913208,4.800865173339844,104897,0.009918809266136863,4.9146560941423685,4.707575209935507,0.013656148016678584,Low Risk
2010-11-01,1.1290515661239624,4.794372081756592,4.913418769836426,4.761903762817383,4.848484039306641,88205,-0.011160593107322536,4.883116245269775,4.717531951268514,0.013261179270682311,Low Risk
2010-11-02,1.1361875534057615,4.8246750831604,4.870129108428955,4.807359218597412,4.870129108428955,25169,0.006320536013280309,4.847865853990827,4.728787390391032,0.012272309868656538,Low Risk
2010-11-03,1.1688103675842283,4.963202953338623,5.0,4.898268222808838,4.900432109832764,465109,0.028712372914339257,4.845392159053257,4.7424958864847815,0.01708907710718824,Low Risk
2010-11-04,1.1733980178833008,4.982683181762695,5.032466888427734,4.826838970184326,4.963202953338623,321746,0.003924930857596376,4.863017354692731,4.74992733001709,0.013430578534537033,Low Risk
2010-11-07,1.195826292037964,5.0779218673706055,5.108224868774414,4.913418769836426,4.982683181762695,403053,0.01911393563140784,4.898886340005057,4.759884055455526,0.013655611130837991,Low Risk
2010-11-08,1.1642225980758667,4.943721771240234,5.082251071929932,4.761903762817383,5.0779218673706055,242845,-0.02642815301919188,4.919294425419399,4.766738287607828,0.018413976631881185,Low Risk
2010-11-09,1.1621835231781006,4.93506383895874,5.064935207366943,4.8917741775512695,4.943721771240234,2098861,-0.0017512984512723095,4.931662968226841,4.777993679046631,0.01835322368025314,Low Risk
2010-11-10,1.1596351861953735,4.92424201965332,4.93506383895874,4.906926155090332,4.93506383895874,720,-0.0021928428199833316,4.950215816497803,4.785425138473511,0.0175205178703168,Low Risk
2010-11-11,1.1723785400390625,4.978353977203369,5.0,4.92424201965332,4.92424201965332,99011,0.010988890743810042,4.972169944218227,4.798339970906576,0.01771326461350234,Low Risk
2010-11-14,1.1723785400390625,4.978353977203369,5.064935207366943,4.906926155090332,4.978353977203369,114109,0.0,4.974334376198905,4.8106054623921715,0.014176960767531324,Low Risk
2010-11-21,1.1754367351531982,4.9913411140441895,5.043290138244629,4.958874225616455,4.967532157897949,53652,0.0026087210552505624,4.97557122366769,4.824313958485921,0.014132968721088717,Low Risk
2010-11-22,1.1733980178833008,4.982683181762695,5.032466888427734,4.956708908081055,4.9913411140441895,284337,-0.0017345903803555052,4.961965697152274,4.836435159047444,0.011459718901717526,Low Risk
2010-11-23,1.190728783607483,5.056276798248291,5.140692234039307,4.978353977203369,4.982683181762695,1115928,0.014769876751337119,4.9780449867248535,4.852668921152751,0.006868464877012187,Low Risk
2010-11-24,1.189199686050415,5.049783229827881,5.0865797996521,5.032466888427734,5.056276798248291,134691,-0.0012842588884096617,4.994433471134731,4.867892599105835,0.006813936545666682,Low Risk
2010-11-25,1.189199686050415,5.049783229827881,5.0865797996521,4.9913411140441895,5.049783229827881,91402,0.0,5.012367929731097,4.887589565912882,0.006564743841052165,Low Risk
2010-11-28,1.1744171380996704,4.987011909484863,5.064935207366943,4.945887088775635,5.049783229827881,65553,-0.012430498000833401,5.013604777199881,4.903462568918864,0.00799581530808715,Low Risk
2010-11-29,1.1815537214279177,5.017315864562988,5.0735931396484375,4.950215816497803,4.987011909484863,16493,0.006076575638507942,5.019170761108398,4.92236590385437,0.008285516304054281,Low Risk
2010-11-30,1.1948065757751465,5.0735931396484375,5.140692234039307,4.978353977203369,5.017315864562988,183973,0.01121660995731455,5.030921050480434,4.935930140813192,0.009134467555111698,Low Risk
2010-12-01,1.1932775974273682,5.067099094390869,5.1255412101745605,4.9913411140441895,5.0735931396484375,189882,-0.00127996965440913,5.042980466570173,4.949205748240153,0.009101950297187095,Low Risk
2010-12-02,1.1784952878952026,5.004329204559326,5.0865797996521,4.978353977203369,5.0865797996521,79473,-0.012387736782378589,5.035559381757464,4.959018182754517,0.00875077258124779,Low Risk
2010-12-05,1.195316195487976,5.075757026672363,5.127705097198486,4.965366840362549,5.004329204559326,84735,0.014273206096825364,5.039269924163818,4.969407780965169,0.010581442611699925,Low Risk
2010-12-06,1.19837486743927,5.088744163513184,5.119047164916992,5.004329204559326,5.075757026672363,279639,0.002558660072295549,5.044835771833148,4.9746747493743895,0.010594145899950244,Low Risk
2010-12-08,1.2391530275344849,5.261903762817383,5.443721771240234,5.097402095794678,5.108224868774414,1504678,0.03402796323418489,5.084106036594936,4.9836935043334964,0.014502368761185398,Low Risk
2010-12-09,1.284009337425232,5.452380180358887,5.582251071929932,5.409090042114258,5.4112548828125,968439,0.03619914504850552,5.146258081708636,4.998267809549968,0.017966711637149364,Low Risk
2010-12-12,1.2926750183105469,5.489177227020264,5.584414958953857,5.4112548828125,5.452380180358887,862766,0.006748804273394304,5.205627237047468,5.012192789713541,0.018081768314609916,Low Risk
2010-12-13,1.2631103992462158,5.363636016845703,5.495669841766357,5.292206764221191,5.489177227020264,538923,-0.02287067897108308,5.247989654541016,5.024963363011678,0.022026134492194704,Medium Risk
2010-12-14,1.2549549341201782,5.329003810882568,5.4112548828125,5.303030014038086,5.363636016845703,149979,-0.006456852376702016,5.2943717411586215,5.040619929631551,0.021193156617164203,Medium Risk
2010-12-15,1.2345658540725708,5.242424011230469,5.303030014038086,5.233766078948975,5.300865173339844,129290,-0.016246901433114358,5.318181310381208,5.054472764333089,0.023037427224618223,Medium Risk
2010-12-16,1.2177447080612185,5.170995235443115,5.218614101409912,5.090909004211426,5.218614101409912,309309,-0.01362514280308813,5.329931463514056,5.066810433069865,0.024093738368056086,Medium Risk
2010-12-19,1.1805341243743896,5.01298713684082,5.147185802459717,4.932899951934815,5.147185802459717,331300,-0.030556612684396467,5.294371945517404,5.072293869654337,0.022327093620193313,Medium Risk
2010-12-20,1.1815537214279177,5.017315864562988,5.097402095794678,4.978353977203369,5.01298713684082,529304,0.0008635026589947081,5.232219900403704,5.079725329081217,0.013104824025062023,Low Risk
2010-12-21,1.1728882789611816,4.980518817901611,4.995669841766357,4.967532157897949,4.980518817901611,424305,-0.007334010386165324,5.159554413386753,5.084920120239258,0.01064431325689372,Low Risk
2010-12-22,1.2345658540725708,5.242424011230469,5.357141971588135,4.956708908081055,4.980518817901611,1745971,0.05258592586529032,5.142238412584577,5.094227488835653,0.02640450936907124,Medium Risk
2010-12-23,1.1973553895950315,5.084414958953857,5.194805145263672,4.92424201965332,5.194805145263672,404822,-0.030140456387754977,5.107297148023333,5.097618548075358,0.02837037341509609,Medium Risk
2010-12-26,1.1565767526626587,4.9112548828125,4.93506383895874,4.883115768432617,4.93506383895874,116119,-0.0340570306592336,5.059987272535052,5.092062981923421,0.030148704302790565,Medium Risk
2010-12-27,1.1514796018600464,4.8896098136901855,4.92424201965332,4.861471176147461,4.9112548828125,96405,-0.00440723799492948,5.019789355141776,5.0902592500050865,0.030108942052406343,Medium Risk
2010-12-28,1.1963356733322144,5.0800862312316895,5.192639827728272,4.961038112640381,5.192639827728272,374104,0.038955340977964825,5.029374940054757,5.095093329747518,0.032625018093123785,Medium Risk
2010-12-29,1.1723785400390625,4.978353977203369,4.982683181762695,4.978353977203369,4.978353977203369,29720,-0.020025694328352994,5.02380895614624,5.096897061665853,0.03372084324964814,Medium Risk
2010-12-30,1.2218222618103027,5.188311100006104,5.3441548347473145,5.032466888427734,5.3441548347473145,203067,0.04217400445290953,5.053493567875454,5.103895632425944,0.03710311706112108,Medium Risk
2011-01-02,1.232016921043396,5.231601238250732,5.290042877197266,5.097402095794678,5.188311100006104,6943,0.008343782284870427,5.051947457449777,5.112337207794189,0.03123689891440564,Medium Risk
2011-01-03,1.2060208320617676,5.121212005615234,5.145020961761475,5.058441162109375,5.145020961761475,23400,-0.021100467640459586,5.057204178401402,5.116666237513225,0.029937141558981546,Medium Risk
2011-01-04,1.2014329433441162,5.101730823516846,5.11255407333374,5.088744163513184,5.11255407333374,5544,-0.003804017892059197,5.084415027073452,5.120634492238363,0.025870869662432877,Medium Risk
2011-01-05,1.2121374607086182,5.147185802459717,5.279220104217529,5.069263935089111,5.101730823516846,27535,0.008909717214664159,5.121211596897671,5.123664792378744,0.025487664000004632,Medium Risk
2011-01-06,1.2223321199417114,5.190475940704346,5.196969032287598,5.11255407333374,5.147185802459717,4213,0.00841044794301804,5.136981555393764,5.128354549407959,0.021541224801659174,Medium Risk
2011-01-09,1.2223321199417114,5.190475940704346,5.190475940704346,5.190475940704346,5.190475940704346,0,0.0,5.167284693036761,5.133044306437174,0.019125716807269294,Low Risk
2011-01-10,1.209079027175903,5.134199142456055,5.259739875793457,5.051948070526123,5.190475940704346,56802,-0.010842319450314997,5.159554413386753,5.137950547536215,0.011419793819024388,Low Risk
2011-01-11,1.192767858505249,5.064935207366943,5.067099094390869,5.049783229827881,5.067099094390869,22564,-0.01349069897120847,5.135744980403355,5.1395378589630125,0.011283047026229289,Low Risk
2011-01-12,1.2386434078216553,5.259739875793457,5.443721771240234,4.9913411140441895,5.064935207366943,3890234,0.03846143345391084,5.155534676143101,5.145742750167846,0.017484523701053883,Low Risk
2011-01-13,1.3314141035079956,5.653678894042969,5.909090042114258,5.305193901062012,5.259739875793457,1273230,0.07489705338138686,5.234384400503976,5.16529541015625,0.03141893359894505,Medium Risk
2011-01-16,1.3237684965133667,5.621212005615234,5.703463077545166,5.547618865966797,5.653678894042969,951812,-0.005742612736981401,5.302102429526193,5.185858170191447,0.03238061146412193,Medium Risk
2011-01-17,1.2916553020477295,5.4848480224609375,5.627705097198486,5.400432109832764,5.621212005615234,512367,-0.024258822299902172,5.3441555840628485,5.199494536717733,0.035384041713498224,Medium Risk
2011-01-18,1.2610715627670288,5.354978084564209,5.517315864562988,5.303030014038086,5.4848480224609375,277213,-0.023677946474523925,5.367655890328543,5.208369000752767,0.03739884255809837,Medium Risk
2011-01-19,1.2687174081802368,5.387444972991943,5.454545021057129,5.205626964569092,5.354978084564209,338715,0.006062935816921522,5.403833866119385,5.212553707758586,0.036741649532394484,Medium Risk
2011-01-20,1.2891064882278442,5.474024772644043,5.519480228424072,5.326838970184326,5.387444972991943,90140,0.01607066059813822,5.462275232587542,5.213275194168091,0.0356132014183795,Medium Risk
2011-01-23,1.2646397352218628,5.370129108428955,5.519480228424072,5.307359218597412,5.474024772644043,96618,-0.01897975777060734,5.4780451229640414,5.209306923548381,0.035028762968436926,Medium Risk
2011-01-24,1.2865580320358276,5.463202953338623,5.515151023864746,5.229436874389648,5.370129108428955,16585,0.01733177043426748,5.450834274291992,5.212625821431478,0.018167536129565117,Low Risk
2011-01-25,1.2865580320358276,5.463202953338623,5.463202953338623,5.463202953338623,5.463202953338623,0,0.0,5.42826155253819,5.217099126180013,0.0182443146076652,Low Risk
2011-01-26,1.2126471996307373,5.149350166320801,5.270562171936035,5.108224868774414,5.270562171936035,352117,-0.057448494902797576,5.380333287375314,5.213996664683024,0.026743508348243218,Medium Risk
2011-01-27,1.1683005094528198,4.961038112640381,5.093072891235352,4.761903762817383,5.149350166320801,626684,-0.03657006177440991,5.324056148529053,5.206998093922933,0.02834579252826501,Medium Risk
2011-01-30,1.1683005094528198,4.961038112640381,4.961038112640381,4.961038112640381,4.961038112640381,0,0.0,5.263140882764544,5.205266459782918,0.027843354965614336,Medium Risk
2011-01-31,1.1683005094528198,4.961038112640381,4.961038112640381,4.961038112640381,4.961038112640381,0,0.0,5.1898570741925925,5.203390534718832,0.025790435450214207,Medium Risk
2011-02-01,1.1683005094528198,4.961038112640381,4.961038112640381,4.961038112640381,4.961038112640381,0,0.0,5.131415503365653,5.20274117787679,0.02613416008193248,Medium Risk
2011-02-02,1.1683005094528198,4.961038112640381,4.961038112640381,4.961038112640381,4.961038112640381,0,0.0,5.05967766898019,5.193361647923788,0.023716783234563343,Medium Risk
2011-02-03,1.1683005094528198,4.961038112640381,4.961038112640381,4.961038112640381,4.961038112640381,0,0.0,4.987939834594727,5.189249086380005,0.023716783234563343,Medium Risk
2011-02-06,1.1683005094528198,4.961038112640381,4.961038112640381,4.961038112640381,4.961038112640381,0,0.0,4.961038112640381,5.190908527374267,0.013822184126479719,Low Risk
2011-02-07,1.1683005094528198,4.961038112640381,4.961038112640381,4.961038112640381,4.961038112640381,0,0.0,4.961038112640381,5.193289470672608,0.0,Low Risk
2011-02-08,1.1683005094528198,4.961038112640381,4.961038112640381,4.961038112640381,4.961038112640381,0,0.0,4.961038112640381,5.189321200052897,0.0,Low Risk
2011-02-09,1.1683005094528198,4.961038112640381,4.961038112640381,4.961038112640381,4.961038112640381,0,0.0,4.961038112640381,5.188744004567464,0.0,Low Risk
2011-02-10,1.1683005094528198,4.961038112640381,4.961038112640381,4.961038112640381,4.961038112640381,0,0.0,4.961038112640381,5.18116823832194,0.0,Low Risk
2011-02-13,1.1683005094528198,4.961038112640381,4.961038112640381,4.961038112640381,4.961038112640381,0,0.0,4.961038112640381,5.1721494674682615,0.0,Low Risk
2011-02-15,1.1683005094528198,4.961038112640381,4.961038112640381,4.961038112640381,4.961038112640381,0,0.0,4.961038112640381,5.166810337702433,0.0,Low Risk
2011-02-17,1.1683005094528198,4.961038112640381,4.961038112640381,4.961038112640381,4.961038112640381,0,0.0,4.961038112640381,5.162120580673218,0.0,Low Risk
2011-02-20,1.1683005094528198,4.961038112640381,4.961038112640381,4.961038112640381,4.961038112640381,0,0.0,4.961038112640381,5.15591565767924,0.0,Low Risk
2011-02-21,1.1683005094528198,4.961038112640381,4.961038112640381,4.961038112640381,4.961038112640381,0,0.0,4.961038112640381,5.148267730077108,0.0,Low Risk
2011-02-22,1.1683005094528198,4.961038112640381,4.961038112640381,4.961038112640381,4.961038112640381,0,0.0,4.961038112640381,5.140619802474975,0.0,Low Risk
2011-02-23,1.1683005094528198,4.961038112640381,4.961038112640381,4.961038112640381,4.961038112640381,0,0.0,4.961038112640381,5.134847768147787,0.0,Low Risk
2011-02-24,1.1683005094528198,4.961038112640381,4.961038112640381,4.961038112640381,4.961038112640381,0,0.0,4.961038112640381,5.131384531656901,0.0,Low Risk
2011-02-27,1.1683005094528198,4.961038112640381,4.961038112640381,4.961038112640381,4.961038112640381,0,0.0,4.961038112640381,5.121427806218465,0.0,Low Risk
2011-02-28,1.1683005094528198,4.961038112640381,4.961038112640381,4.961038112640381,4.961038112640381,0,0.0,4.961038112640381,5.098339780171712,0.0,Low Risk
2011-03-01,1.1683005094528198,4.961038112640381,4.961038112640381,4.961038112640381,4.961038112640381,0,0.0,4.961038112640381,5.076333983739217,0.0,Low Risk
2011-03-02,1.1683005094528198,4.961038112640381,4.961038112640381,4.961038112640381,4.961038112640381,0,0.0,4.961038112640381,5.058873653411865,0.0,Low Risk
2011-03-03,1.1683005094528198,4.961038112640381,4.961038112640381,4.961038112640381,4.961038112640381,0,0.0,4.961038112640381,5.045742321014404,0.0,Low Risk
2011-03-06,1.1683005094528198,4.961038112640381,4.961038112640381,4.961038112640381,4.961038112640381,0,0.0,4.961038112640381,5.031528759002685,0.0,Low Risk
2011-03-07,1.1683005094528198,4.961038112640381,4.961038112640381,4.961038112640381,4.961038112640381,0,0.0,4.961038112640381,5.01442920366923,0.0,Low Risk
2011-03-08,1.1683005094528198,4.961038112640381,4.961038112640381,4.961038112640381,4.961038112640381,0,0.0,4.961038112640381,5.000792837142944,0.0,Low Risk
2011-03-09,1.1683005094528198,4.961038112640381,4.961038112640381,4.961038112640381,4.961038112640381,0,0.0,4.961038112640381,4.98405400911967,0.0,Low Risk
2011-03-10,1.1683005094528198,4.961038112640381,4.961038112640381,4.961038112640381,4.961038112640381,0,0.0,4.961038112640381,4.967315181096395,0.0,Low Risk
2011-03-13,1.1683005094528198,4.961038112640381,4.961038112640381,4.961038112640381,4.961038112640381,0,0.0,4.961038112640381,4.961038112640381,0.0,Low Risk
2011-03-14,1.1683005094528198,4.961038112640381,4.961038112640381,4.961038112640381,4.961038112640381,0,0.0,4.961038112640381,4.961038112640381,0.0,Low Risk
2011-03-15,1.1683005094528198,4.961038112640381,4.961038112640381,4.961038112640381,4.961038112640381,0,0.0,4.961038112640381,4.961038112640381,0.0,Low Risk
2011-03-16,1.1683005094528198,4.961038112640381,4.961038112640381,4.961038112640381,4.961038112640381,0,0.0,4.961038112640381,4.961038112640381,0.0,Low Risk
2011-03-17,1.1683005094528198,4.961038112640381,4.961038112640381,4.961038112640381,4.961038112640381,0,0.0,4.961038112640381,4.961038112640381,0.0,Low Risk
2011-03-20,1.1683005094528198,4.961038112640381,4.961038112640381,4.961038112640381,4.961038112640381,0,0.0,4.961038112640381,4.961038112640381,0.0,Low Risk
2011-03-21,1.1683005094528198,4.961038112640381,4.961038112640381,4.961038112640381,4.961038112640381,0,0.0,4.961038112640381,4.961038112640381,0.0,Low Risk
2011-03-22,1.1683005094528198,4.961038112640381,4.961038112640381,4.961038112640381,4.961038112640381,0,0.0,4.961038112640381,4.961038112640381,0.0,Low Risk
2011-03-23,1.0515724420547483,4.465366840362549,4.465366840362549,4.465366840362549,4.961038112640381,5142,-0.09991281280724207,4.890227930886405,4.944515736897786,0.03776349363955881,Medium Risk
2011-03-24,0.9547238349914552,4.054111957550049,4.285714149475098,4.019480228424072,4.285714149475098,1217199,-0.09209878997961785,4.760667051587786,4.914284865061442,0.04690031103221425,Medium Risk
2011-03-27,1.0204790830612185,4.333333015441895,4.415584087371826,4.307359218597412,4.054111957550049,380244,0.06887354390197542,4.670994894845145,4.893361361821492,0.059220185336214974,High Risk
2011-03-28,0.9720547795295716,4.127705097198486,4.545454025268555,4.028138160705566,4.333333015441895,197828,-0.047452599998811795,4.551947321210589,4.865583594640096,0.05958573817194841,High Risk
2011-03-29,0.9684866666793824,4.11255407333374,4.216450214385986,4.060606002807617,4.127705097198486,180249,-0.003670568392841189,4.430735315595355,4.837300793329875,0.05935122199559682,High Risk
2011-03-30,0.9521752595901488,4.043290138244629,4.11255407333374,3.963202953338623,4.11255407333374,163002,-0.016842072798076146,4.299628462110247,4.80670919418335,0.05850924410988668,High Risk
2011-03-31,0.9465683698654176,4.019480228424072,4.069263935089111,3.971860885620117,4.043290138244629,39704,-0.005888746294841374,4.165120192936489,4.775323931376139,0.05809214262131743,High Risk
2011-04-03,1.002638578414917,4.257575035095215,4.370129108428955,4.047618865966797,4.019480228424072,553457,0.059235222750303906,4.13543564932687,4.751875162124634,0.05644100644945378,High Risk
2011-04-04,1.0077357292175293,4.279220104217529,4.350648880004883,4.158008098602295,4.257575035095215,254783,0.0050838961013943695,4.167593955993652,4.7291478951772055,0.04155070503608063,Medium Risk
2011-04-05,1.0169107913970947,4.318181037902832,4.367965221405029,4.253245830535889,4.279220104217529,97810,0.009104680931673492,4.165429387773786,4.707719326019287,0.03214830596728947,Medium Risk
2011-04-06,1.018440008163452,4.3246750831604,4.331168174743652,4.266232967376709,4.318181037902832,203936,0.0015038844366568327,4.193567957196917,4.686507225036621,0.024546622672729126,Medium Risk
2011-04-07,1.008755087852478,4.283548831939697,4.29870080947876,4.220778942108154,4.29870080947876,1852,-0.00950967423676341,4.217995779854911,4.663924249013265,0.025060817351538634,Medium Risk
2011-04-10,1.008755087852478,4.283548831939697,4.283548831939697,4.283548831939697,4.283548831939697,0,0.0,4.252318450382778,4.641341272989909,0.023233159238065407,Medium Risk
2011-04-11,0.9990705251693726,4.242424011230469,4.363636016845703,4.090909004211426,4.121212005615234,483090,-0.009600642439882345,4.284167562212263,4.617387469609579,0.02365494342564613,Medium Risk
2011-04-12,1.008755087852478,4.283548831939697,4.305193901062012,4.201298236846924,4.242424011230469,89859,0.009693708266869105,4.287878104618618,4.5948044935862224,0.007978622305290546,Low Risk
2011-04-13,0.9909147024154664,4.207791805267334,4.3246750831604,4.183981895446777,4.283548831939697,372427,-0.017685575592716773,4.277674061911447,4.569696283340454,0.010292779890491526,Low Risk
2011-04-14,1.0016188621520996,4.253245830535889,4.285714149475098,4.183981895446777,4.207791805267334,128847,0.010802346544725783,4.268397603716169,4.5461032072703045,0.010622553401889964,Low Risk
2011-04-17,0.9582923054695128,4.069263935089111,4.183981895446777,3.917747974395752,4.253245830535889,327553,-0.0432568214434943,4.2319102968488425,4.516377401351929,0.018576344436305296,Low Risk
2011-04-18,0.9338247776031494,3.965367078781128,4.056276798248291,3.898267984390259,4.056276798248291,141034,-0.02553210063669864,4.186455760683332,4.483188366889953,0.019674954677887033,Low Risk
2011-04-19,0.9465683698654176,4.019480228424072,4.058441162109375,3.950216054916382,3.965367078781128,684984,0.013646441443594615,4.148731674466815,4.451803104082743,0.02151327644044009,Medium Risk
2011-04-20,0.9271986484527588,3.9372289180755615,4.0216450691223145,3.913419008255005,4.019480228424072,23839,-0.020463170776874096,4.1051323754446845,4.417676130930583,0.02196370550301038,Medium Risk
2011-04-21,0.9190428256988524,3.902596950531006,4.019480228424072,3.874458074569702,3.9372289180755615,484619,-0.008796025901761095,4.050710678100586,4.38239475886027,0.02018427057481692,Medium Risk
2011-04-24,0.9190428256988524,3.902596950531006,3.902596950531006,3.902596950531006,3.902596950531006,0,0.0,4.0071114131382535,4.347113386789958,0.020608375698064296,Medium Risk
2011-04-26,0.9190428256988524,3.902596950531006,3.982682943344116,3.8961029052734375,3.902596950531006,216410,0.0,3.957018715994699,4.311832014719645,0.01909500045166596,Low Risk
2011-04-27,0.9139453172683716,3.8809518814086914,3.9458870887756334,3.831167936325073,3.902596950531006,240526,-0.0055463245107515435,3.930116994040353,4.275829140345255,0.01325109194230817,Low Risk
2011-04-28,0.9526849389076232,4.045454025268555,4.11255407333374,3.7900431156158447,3.8809518814086914,306994,0.04238706092901956,3.9415579863956998,4.245309670766194,0.020188223182510207,Medium Risk
2011-05-01,0.9526849389076232,4.045454025268555,4.045454025268555,4.045454025268555,4.045454025268555,0,0.0,3.945268528802054,4.214790201187133,0.019644018120746447,Low Risk
2011-05-02,0.9822492599487304,4.170995235443115,4.253245830535889,4.043290138244629,4.045454025268555,504018,0.03103266268517957,3.9786637169974193,4.188455438613891,0.019871378136008335,Low Risk
2011-05-03,0.9781714677810668,4.153678894042969,4.196969032287598,4.119047164916992,4.170995235443115,43377,-0.004151609010003332,4.014532566070557,4.161543464660644,0.01926836791632267,Low Risk
2011-05-04,0.9746033549308776,4.138527870178223,4.183981895446777,4.116882801055908,4.153678894042969,741376,-0.0036476155839766378,4.048236983163016,4.1341264565785725,0.019602013912889484,Low Risk
2011-05-05,0.965428352355957,4.09956693649292,4.11255407333374,4.049783229827881,4.11255407333374,44707,-0.009414201113891463,4.076375552586147,4.121933126449585,0.020587154856371803,Medium Risk
2011-05-08,0.938412606716156,3.9848480224609375,4.0411248207092285,3.917747974395752,4.0411248207092285,60096,-0.027983178664749864,4.0912178584507535,4.119624328613281,0.0243177693928883,Medium Risk
2011-05-09,0.943509876728058,4.006493091583252,4.058441162109375,3.9848480224609375,3.9848480224609375,25941,0.005431843071632914,4.085652010781424,4.10872966448466,0.017719408886792496,Low Risk
2011-05-10,0.9557435512542723,4.058441162109375,4.058441162109375,4.056276798248291,4.058441162109375,45594,0.012965970323336906,4.087507316044399,4.106420866648356,0.018530664120951813,Low Risk
2011-05-11,0.9582923054695128,4.069263935089111,4.119047164916992,4.0367960929870605,4.058441162109375,97648,0.0026667315226300836,4.072974273136684,4.104977862040202,0.01306244894082979,Low Risk
2011-05-12,0.9445292353630066,4.01082181930542,4.015151023864746,4.006493091583252,4.015151023864746,9905,-0.014361839565073975,4.052566119602749,4.1038955847422285,0.01370827652029213,Low Risk
2011-05-15,0.9593114852905272,4.0735931396484375,4.09956693649292,4.0367960929870605,4.09956693649292,9009,0.015650488396387496,4.043289729527065,4.105699348449707,0.01578652353207244,Low Risk
2011-05-16,0.943000316619873,4.004329204559326,4.047618865966797,3.9913411140441895,4.047618865966797,345492,-0.01700315488431159,4.029684339250837,4.0972578207651775,0.01660782290535605,Low Risk
2011-05-17,0.9547238349914552,4.054111957550049,4.09956693649292,4.032466888427734,4.09956693649292,27567,0.012432232827920275,4.03957918712071,4.089754215876261,0.013256620569266166,Low Risk
2011-05-18,0.9486071467399596,4.028138160705566,4.108224868774414,4.004329204559326,4.054111957550049,395536,-0.006406778381171985,4.042671339852469,4.080086119969686,0.013577529557712556,Low Risk
2011-05-19,0.9399416446685792,3.9913411140441895,4.093072891235352,3.974025011062622,4.028138160705566,606222,-0.009135001132863696,4.0330856187003,4.068974987665812,0.012839913530328631,Low Risk
2011-05-22,0.9399416446685792,3.9913411140441895,4.155844211578369,4.090909004211426,3.9913411140441895,107710,0.0,4.021953787122454,4.059234730402628,0.012706574794041954,Low Risk
2011-05-23,0.9557435512542723,4.058441162109375,4.093072891235352,4.030303001403809,4.093072891235352,105336,0.016811404023846288,4.0287565503801614,4.051731141408284,0.013378700502466177,Low Risk
2011-05-24,0.947587788105011,4.02380895614624,4.038960933685303,4.015151023864746,4.038960933685303,52598,-0.008533376382653945,4.021644524165562,4.044443972905477,0.012271892415664079,Low Risk
2011-05-25,0.9409611225128174,3.995670080184937,4.047618865966797,3.982682943344116,4.02380895614624,43340,-0.006993094420728374,4.020407506397793,4.034848014513652,0.010668685121154263,Low Risk
2011-05-26,0.9526849389076232,4.045454025268555,4.0800862312316895,4.017315864562988,4.0800862312316895,88851,0.012459473401095655,4.019170658929007,4.029436755180359,0.010674090223752071,Low Risk
2011-05-29,0.9705256819725036,4.121212005615234,4.175323963165283,4.088744163513184,4.175323963165283,708162,0.018726694179066916,4.032466922487531,4.025035627683004,0.012355327894097953,Low Risk
2011-05-30,0.9674672484397888,4.108224868774414,4.155844211578369,4.0800862312316895,4.121212005615234,136599,-0.0031512906453550205,4.049164601734707,4.026334325472514,0.011528197665031426,Low Risk
2011-05-31,0.9664480090141296,4.103896141052246,4.11255407333374,4.0800862312316895,4.108224868774414,28958,-0.0010536735111725815,4.0652438913072855,4.030951960881551,0.01159866650874433,Low Risk
2011-06-01,0.9593114852905272,4.0735931396484375,4.162336826324463,4.051948070526123,4.103896141052246,141085,-0.007383959135973339,4.067408459527152,4.0327557245890295,0.010730376148056213,Low Risk
2011-06-02,0.94503915309906,4.01298713684082,4.090909004211426,3.989176988601685,4.0735931396484375,217029,-0.014877775155730855,4.065862485340664,4.035280998547872,0.011839231020103569,Low Risk
2011-06-05,0.9679770469665528,4.110389232635498,4.151515007019043,4.028138160705566,4.01298713684082,287724,0.024271718914941953,4.082250935690744,4.042207407951355,0.014502217894692533,Low Risk
2011-06-06,0.9847978949546814,4.181818008422852,4.220778942108154,4.047618865966797,4.110389232635498,269281,0.0173776184552612,4.101731504712786,4.05151477654775,0.015079984949749367,Low Risk
2011-06-07,0.9684866666793824,4.11255407333374,4.145020961761475,4.0800862312316895,4.145020961761475,1323209,-0.01656311559938828,4.100494657244001,4.058513347307841,0.015556747851038418,Low Risk
2011-06-08,0.9939731359481812,4.220778942108154,4.318181037902832,4.114717960357666,4.11255407333374,808051,0.026315731500323958,4.116573810577393,4.0698409159978235,0.018358650664059437,Low Risk
2011-06-09,0.9939731359481812,4.220778942108154,4.220778942108154,4.220778942108154,4.220778942108154,0,0.0,4.133271353585379,4.075685079892477,0.01831445718012013,Low Risk
2011-06-12,0.9720547795295716,4.127705097198486,4.209956169128418,4.11255407333374,4.138527870178223,127040,-0.022051343172968974,4.141001633235386,4.0784267822901406,0.02055739581262644,Medium Risk
2011-06-13,0.970015823841095,4.119047164916992,4.168830871582031,4.0865797996521,4.127705097198486,131762,-0.0020975171621079314,4.156153065817697,4.07669517993927,0.019332655274473923,Low Risk
2011-06-14,0.973073959350586,4.132033824920654,4.173160076141357,4.11255407333374,4.119047164916992,137338,0.003152831099938025,4.159245150429862,4.075973677635193,0.017146731018806736,Low Risk
2011-06-15,0.9710351824760436,4.12337589263916,4.160172939300537,4.114717960357666,4.132033824920654,54756,-0.002095319798516071,4.150896276746478,4.075468611717224,0.015526478166396162,Low Risk
2011-06-16,0.9776617288589478,4.151515007019043,4.196969032287598,4.114717960357666,4.12337589263916,47627,0.006824290366084673,4.156462124415806,4.077200214068095,0.014315816244168847,Low Risk
2011-06-19,0.9847978949546814,4.181818008422852,4.207791805267334,4.155844211578369,4.207791805267334,117010,0.007299263365921682,4.150896276746478,4.083765880266825,0.009944457778185773,Low Risk
2011-06-20,0.968996286392212,4.114717960357666,4.196969032287598,4.090909004211426,4.181818008422852,722512,-0.016045664333080856,4.135744707924979,4.087373375892639,0.011349916821587779,Low Risk
2011-06-21,0.9722245335578918,3.9112548828125,4.075757026672363,3.887444972991944,4.075757026672363,235121,-0.049447636388541216,4.104823248726981,4.0824671665827434,0.020119290510915783,Medium Risk
2011-06-22,0.9646918773651124,3.8809518814086914,3.906925916671753,3.870129108428955,3.906925916671753,33846,-0.0077476416934552095,4.0708096367972235,4.076190098126729,0.019979884631347217,Low Risk
2011-06-23,0.941556453704834,3.787878036499024,3.863636016845703,3.6904759407043457,3.8809518814086914,689664,-0.023982220793699716,4.021644524165562,4.068758638699849,0.020021085643322018,Medium Risk
2011-06-26,0.9146549701690674,3.6796529293060303,3.766232967376709,3.629869937896729,3.766232967376709,497472,-0.028571433966501636,3.9582555294036865,4.055627298355103,0.02029939707149694,Medium Risk
2011-06-27,0.9006658792495728,3.62337589263916,3.677489042282105,3.5844149589538574,3.677489042282105,36859653,-0.015294115436447875,3.8828070844922746,4.042928854624431,0.01772067014190011,Low Risk
2011-06-28,0.8915197253227234,3.5865800380706787,3.7164499759674072,3.571428060531616,3.62337589263916,547280,-0.01015513036978355,3.7977730887276784,4.027344457308451,0.014278504482973927,Low Risk
2011-06-29,0.907660722732544,3.651515007019043,3.7012979984283447,3.5865800380706787,3.5865800380706787,155527,0.018104982534641767,3.7316012382507324,4.0147903521855675,0.02082749544635598,Medium Risk
2011-06-30,0.9135788679122924,3.675323963165283,3.71212100982666,3.59956693649292,3.651515007019043,354603,0.006520295302216761,3.697896821158273,4.00425644715627,0.016457440759002195,Low Risk
2011-07-03,0.9103507995605468,3.662337064743042,3.731600999832153,3.614717960357666,3.675323963165283,43797,-0.003533538417945792,3.6666661330631802,3.9932896455128986,0.01657610604463661,Low Risk
2011-07-04,0.907660722732544,3.651515007019043,3.673160076141357,3.6168830394744873,3.662337064743042,9891,-0.0029549595060983647,3.6471857002803256,3.979725440343221,0.015060628537541788,Low Risk
2011-07-05,0.9006658792495728,3.62337589263916,3.636363029479981,3.603895902633667,3.636363029479981,37043,-0.007706147811468167,3.63914612361363,3.9663776715596515,0.011222900672916935,Low Risk
2011-07-06,0.8856012225151062,3.562769889831543,3.614717960357666,3.512986898422241,3.614717960357666,238350,-0.01672639124489883,3.6304881232125417,3.9519476652145387,0.011511908276597668,Low Risk
2011-07-07,0.8769927620887756,3.528137922286988,3.593072891235352,3.4956700801849365,3.562769889831543,81242,-0.009720517635280701,3.6221392495291576,3.934703795115153,0.011463869253427765,Low Risk
2011-07-10,0.8764548897743225,3.525974035263061,3.606060028076172,3.4956700801849365,3.528137922286988,73190,-0.000613322685107609,3.6042048249925887,3.914862529436747,0.007364300741222984,Low Risk
2011-07-11,0.8592373132705688,3.4567089080810547,3.46753191947937,3.4415578842163086,3.46753191947937,90371,-0.019644253329516914,3.5729741028376987,3.8931453307469686,0.00720325159466239,Low Risk
2011-07-12,0.8463248610496521,3.4047610759735107,3.506493091583252,3.3484840393066406,3.4567089080810547,73712,-0.015028118794180423,3.53617753301348,3.8698408285776775,0.0071391125097473,Low Risk
2011-07-13,0.8667699694633484,3.487011909484864,3.515151023864746,3.422076940536499,3.4047610759735107,13254,0.024157593345323303,3.512677090508597,3.8502881209055584,0.014924476360954014,Low Risk
2011-07-14,0.8570853471755981,3.4480509757995605,3.463202953338623,3.409090042114258,3.463202953338623,35278,-0.011173157619372542,3.487630673817226,3.831456915537516,0.015029544189638205,Low Risk
2011-07-17,0.8656938672065735,3.482682943344116,3.569263935089112,3.4458870887756348,3.4480509757995605,25918,0.010043925622800653,3.476189681461879,3.810533372561137,0.015529065087674728,Low Risk
2011-07-18,0.8576236367225647,3.450216054916382,3.465367078781128,3.4285709857940674,3.465367078781128,21737,-0.009322378452446545,3.465057986123221,3.786146640777588,0.01550164978609884,Low Risk
2011-07-19,0.8608516454696655,3.463202953338623,3.482682943344116,3.417747974395752,3.450216054916382,466851,0.003764082659036827,3.4560906887054443,3.764501603444417,0.015704835337902727,Low Risk
2011-07-20,0.859775722026825,3.458873987197876,3.463202953338623,3.43506407737732,3.463202953338623,22268,-0.0012499891571684518,3.456399985722133,3.7391047716140746,0.013769459738061792,Low Risk
2011-07-21,0.856009304523468,3.443722009658813,3.463202953338623,3.415584087371826,3.458873987197876,41852,-0.004380609873370411,3.4619658333914622,3.713202873865763,0.012322822821335263,Low Risk
2011-07-24,0.856009304523468,3.443722009658813,3.443722009658813,3.443722009658813,3.443722009658813,0,0.0,3.455781561987741,3.690403437614441,0.007369651283299393,Low Risk
2011-07-25,0.8565475344657898,3.4458870887756348,3.452379941940308,3.400432109832764,3.443722009658813,7392,0.0006287032201639509,3.455472435270037,3.667964768409729,0.006097334224766836,Low Risk
2011-07-26,0.8565475344657898,3.4458870887756348,3.461038112640381,3.4047610759735107,3.4458870887756348,8417,0.0,3.4502158846173967,3.6450932105382283,0.004208947797698552,Low Risk
2011-07-27,0.8468630313873291,3.406925916671753,3.419913053512573,3.398267984390259,3.419913053512573,13860,-0.011306572473251064,3.4440315791538785,3.621211544672648,0.004842075187904559,Low Risk
2011-07-28,0.8500910401344299,3.419913053512573,3.454545021057129,3.3766229152679443,3.406925916671753,33933,0.003811980993559949,3.437847307750157,3.596824812889099,0.00485126063927988,Low Risk
2011-07-31,0.8500910401344299,3.419913053512573,3.419913053512573,3.419913053512573,3.419913053512573,0,0.0,3.432281460080828,3.5714279810587564,0.004897034611145383,Low Risk
2011-08-01,0.8500910401344299,3.419913053512573,3.419913053512573,3.419913053512573,3.419913053512573,0,0.0,3.428880180631365,3.5482678174972535,0.004761489647603812,Low Risk
2011-08-02,0.8500910401344299,3.419913053512573,3.419913053512573,3.419913053512573,3.419913053512573,0,0.0,3.425478901181902,3.5318897565205893,0.004761489647603812,Low Risk
2011-08-03,0.8500910401344299,3.419913053512573,3.419913053512573,3.419913053512573,3.419913053512573,0,0.0,3.4217683247157504,3.5165217955907186,0.004731906793424397,Low Risk
2011-08-04,0.8608516454696655,3.463202953338623,3.484848022460937,3.415584087371826,3.4242420196533203,240549,0.012658187254669384,3.4242420196533203,3.505699292818705,0.007056799611873096,Low Risk
2011-08-07,0.8323358297348022,3.3484840393066406,3.398267984390259,3.3008649349212646,3.398267984390259,85747,-0.03312509130352592,3.415893180029733,3.4946603298187258,0.014331817401101307,Low Risk
2011-08-08,0.8274937272071838,3.3290040493011475,3.409090042114258,3.209955930709839,3.3484840393066406,177084,-0.0058175549821425365,3.4029061794281006,3.4848479350407917,0.014098754153274488,Low Risk
2011-08-09,0.8242654800415039,3.316016912460327,3.3333330154418945,3.1948049068450928,3.3290040493011475,48667,-0.003901207883344804,3.388063873563494,3.4758291641871133,0.014002362678576094,Low Risk
2011-08-10,0.8194233179092407,3.2965359687805176,3.31168794631958,3.2792201042175293,3.31168794631958,24070,-0.0058748022685310985,3.370438575744629,3.4639965295791626,0.01387631495759093,Low Risk
2011-08-11,0.8253416419029236,3.3203461170196533,3.354978084564209,3.186146974563598,3.2965359687805176,679911,0.0072227782328562196,3.3562147276742116,3.4521639347076416,0.014574205525894378,Low Risk
2011-08-14,0.8253416419029236,3.3203461170196533,3.463202953338623,3.354978084564209,3.3203461170196533,688865,0.0,3.3419908796037947,3.440764236450195,0.014574205525894378,Low Risk
2011-08-15,0.8457869291305542,3.402596950531006,3.4112548828125,3.387444972991944,3.387444972991944,35343,0.02477176493430777,3.3333328792027066,3.432466967900594,0.01735271660508946,Low Risk
2011-08-16,0.8355640769004822,3.361470937728882,3.363636016845703,3.3571419715881348,3.363636016845703,17325,-0.0120866542232414,3.335188150405884,3.423736802736918,0.012198454059034431,Low Risk
2011-08-17,0.8371782898902893,3.36796498298645,3.409090042114258,3.3333330154418945,3.361470937728882,23428,0.001931905816789925,3.3407539980752126,3.417243305842082,0.011864304717178673,Low Risk
2011-08-18,0.8371782898902893,3.36796498298645,3.36796498298645,3.36796498298645,3.36796498298645,0,0.0,3.348175151007516,3.411904207865397,0.011645672058237275,Low Risk
2011-08-21,0.807048499584198,3.246752977371216,3.2489171028137207,3.2272720336914062,3.2489171028137207,766642,-0.035989687015021476,3.3410632950919017,3.4025968392690022,0.018629202552762156,Low Risk
2011-08-22,0.8038204908370972,3.2337660789489746,3.3290040493011475,3.151515007019043,3.246752977371216,2402520,-0.003999965045926035,3.3286947182246616,3.3951654116312664,0.018178512346320685,Low Risk
2011-08-23,0.7903693914413452,3.1796529293060303,3.2337660789489746,3.116883039474488,3.2337660789489746,43834,-0.016733786032084308,3.30859569140843,3.3876618067423503,0.018714780337188975,Low Risk
2011-08-24,0.7979018092155457,3.209955930709839,3.2251079082489014,3.116883039474488,3.1796529293060303,555490,0.009530285876333755,3.2810755457196916,3.3784266074498492,0.015067054280083954,Low Risk
2011-08-25,0.795211911201477,3.199134111404419,3.2359299659729004,3.025974035263061,3.209955930709839,1226152,-0.0033713295568599255,3.2578845705304826,3.370129378636678,0.015051721992050458,Low Risk
2011-08-28,0.7736905813217163,3.11255407333374,3.1277050971984863,3.0865800380706787,3.1277050971984863,9424,-0.027063585037599647,3.2213972977229526,3.3577917496363323,0.01615050521048307,Low Risk
2011-08-29,0.7710002064704895,3.101731061935425,3.12337589263916,3.093072891235352,3.11255407333374,38918,-0.003477212328948487,3.183363880429949,3.3461755832036335,0.01580228876639053,Low Risk
2011-09-04,0.7693862915039062,3.095237970352173,3.1363630294799805,3.095237970352173,3.101731061935425,50709,-0.0020933767156461336,3.161718879427229,3.333910083770752,0.011752578256745305,Low Risk
2011-09-05,0.7753045558929443,3.119046926498413,3.1363630294799805,3.0865800380706787,3.125540971755981,77482,0.007692124603760675,3.1453304290771484,3.3225825150807697,0.012974876340350872,Low Risk
2011-09-06,0.7661582231521606,3.082251071929932,3.1212120056152344,3.0735929012298584,3.119046926498413,70917,-0.01179714683221833,3.1314158780234203,3.3105334838231406,0.012354833883793182,Low Risk
2011-09-07,0.7543213963508606,3.034631967544556,3.077922105789185,3.0303030014038086,3.077922105789185,256793,-0.015449456671146389,3.106369597571237,3.2968971490859986,0.011227321701251111,Low Risk
2011-09-08,0.7505552172660828,3.019479990005493,3.0367960929870605,2.991341114044189,3.034631967544556,132413,-0.004993019812983501,3.080704723085676,3.282683579126994,0.01113374776640808,Low Risk
2011-09-11,0.7322619557380676,2.9458870887756348,3.0,2.9458870887756348,2.969696044921875,51887,-0.024372707046727116,3.0568951538630893,3.2660169124603273,0.010394561000862048,Low Risk
2011-09-12,0.704822301864624,2.8354969024658203,2.9978349208831787,2.8354969024658203,2.9458870887756348,111554,-0.03747264677265505,3.018861702510289,3.2469692786534625,0.014977889608082611,Low Risk
2011-09-13,0.704822301864624,2.8354969024658203,2.943722009658813,2.8354969024658203,2.878787040710449,91776,0.0,2.9817558356693814,3.2274887402852377,0.015242151496391493,Low Risk
2011-09-14,0.7123547196388245,2.865799903869629,2.9415578842163086,2.861470937728882,2.887444972991944,44375,0.010687016225430002,2.945577689579555,3.2090183019638063,0.015924960553760158,Low Risk
2011-09-15,0.6962136626243591,2.8008649349212646,2.8766229152679443,2.6948049068450928,2.865799903869629,231933,-0.02265858438360746,2.905379670006888,3.188383364677429,0.01643272039232914,Low Risk
2011-09-18,0.6725403070449829,2.705626964569092,2.813852071762085,2.705626964569092,2.707792043685913,23095,-0.03400305711451601,2.8583789552961076,3.164573828379313,0.018206590464906275,Low Risk
2011-09-19,0.6779208183288574,2.7272720336914062,2.805193901062012,2.7272720336914062,2.7380950450897217,142947,0.008000019738774844,2.8166349615369524,3.1414857943852743,0.020094062287165305,Medium Risk
2011-09-20,0.6698502898216248,2.6948049068450928,2.7489171028137207,2.6948049068450928,2.7489171028137207,93527,-0.011904616204482021,2.780766078404018,3.115872526168823,0.0195946475117903,Low Risk
2011-09-21,0.6623179912567139,2.664501905441284,2.7272720336914062,2.5974020957946777,2.71212100982666,80997,-0.011244970397239373,2.756338221686227,3.0930731217066447,0.016239166100173816,Low Risk
2011-09-22,0.6348780989646912,2.554111957550049,2.6298699378967285,2.504328966140747,2.6298699378967285,48519,-0.04142986261927739,2.7161403724125455,3.0672433853149412,0.01970599920168431,Low Risk
2011-09-25,0.6144328117370605,2.471860885620117,2.5974020957946777,2.4112548828125,2.554111957550049,196544,-0.032203393311242445,2.659863369805472,3.0391048510869343,0.01699641034849341,Low Risk
2011-09-26,0.6354162096977234,2.55627703666687,2.593072891235352,2.471860885620117,2.471860885620117,25677,0.03415085029171272,2.6249222414834157,3.014429553349813,0.026726517125845024,Medium Risk
2011-09-27,0.6079764366149902,2.4458870887756348,2.658008098602295,2.3852810859680176,2.55627703666687,99505,-0.04318387495088283,2.5878165449414934,2.985280919075012,0.028136395995207054,Medium Risk
2011-09-28,0.5832270383834839,2.346319913864136,2.387444972991944,2.2727270126342773,2.4458870887756348,55555,-0.040708001349866074,2.5333948135375977,2.9528133789698283,0.027817546753587725,Medium Risk
2011-09-29,0.6257316470146179,2.5173161029815674,2.5800859928131104,2.2878780364990234,2.346319913864136,217006,0.07287846303781254,2.508039270128523,2.923304017384847,0.04534115142156088,Medium Risk
2011-10-02,0.6225034594535828,2.504328966140747,2.54328989982605,2.4805190563201904,2.5173161029815674,72349,-0.005159120392325023,2.4851574216570174,2.894732618331909,0.045345253192308387,Medium Risk
2011-10-03,0.6268077492713928,2.5216450691223145,2.5649349689483643,2.3809518814086914,2.504328966140747,115407,0.006914468193151224,2.4805192947387695,2.866521954536438,0.04301819249838464,Medium Risk
2011-10-04,0.6370300054550171,2.562769889831543,2.5974020957946777,2.43506407737732,2.5216450691223145,224130,0.01630872687548468,2.493506295340402,2.839682118097941,0.04102322740871806,Medium Risk
2011-10-05,0.6192750930786133,2.491341114044189,2.5735929012298584,2.4393930435180664,2.562769889831543,65650,-0.027871708681597274,2.484229734965733,2.814501722653707,0.040596717964012895,Medium Risk
2011-10-09,0.632188081741333,2.54328989982605,2.6493499279022217,2.489176988601685,2.491341114044189,138170,0.02085173543238028,2.4981444222586497,2.7914858500162762,0.037089203808548084,Medium Risk
2011-10-10,0.6262696385383606,2.519479990005493,2.5324668884277344,2.437228918075561,2.54328989982605,51744,-0.009361854432003658,2.522881575993129,2.769480085372925,0.03203320421677632,Medium Risk
2011-10-11,0.6305736899375916,2.5367960929870605,2.54328989982605,2.482682943344116,2.519479990005493,44449,0.006872887679306272,2.5256644317081998,2.747041424115499,0.016715527329501188,Low Risk
2011-10-12,0.6294977068901062,2.5324668884277344,2.54328989982605,2.508657932281494,2.5367960929870605,30131,-0.0017065638705823227,2.529684134892055,2.7248191833496094,0.01654593059200371,Low Risk
2011-10-13,0.6364923715591431,2.560606002807617,2.619046926498413,2.5324668884277344,2.5324668884277344,52469,0.011111345427048391,2.535249982561384,2.706420914332072,0.016839162052178867,Low Risk
2011-10-16,0.637568473815918,2.5649349689483643,2.5974020957946777,2.5649349689483643,2.5844149589538574,44758,0.0016906021996356824,2.535559279578073,2.6885277112325032,0.01568109726536641,Low Risk
2011-10-17,0.639182448387146,2.571428060531616,2.5974020957946777,2.571428060531616,2.5844149589538574,954210,0.002531483901876186,2.5470002719334195,2.6710673809051513,0.009653373346847013,Low Risk
2011-10-18,0.6230414509773254,2.506493091583252,2.606060028076172,2.506493091583252,2.558440923690796,67895,-0.025252492941583493,2.541743585041591,2.650648919741313,0.012108880784775075,Low Risk
2011-10-19,0.6230414509773254,2.506493091583252,2.506493091583252,2.506493091583252,2.506493091583252,0,0.0,2.539888313838414,2.63145698706309,0.011671467760647833,Low Risk
2011-10-20,0.6467147469520569,2.601731061935425,2.681818008422852,2.616883039474488,2.601731061935425,87867,0.03799650223333151,2.549164737973894,2.617026956876119,0.018787040397022885,Low Risk
2011-10-23,0.6617797017097473,2.662337064743042,2.7272720336914062,2.662337064743042,2.7251079082489014,51138,0.02329449176908094,2.5677176203046526,2.605122192700704,0.019915545404466967,Low Risk
2011-10-24,0.6542472243309021,2.6320340633392334,2.7164499759674072,2.6320340633392334,2.662337064743042,527571,-0.011382105521162922,2.5779216289520264,2.594660425186157,0.020991016732872597,Medium Risk
2011-10-25,0.6542472243309021,2.6320340633392334,2.6320340633392334,2.6320340633392334,2.6320340633392334,0,0.0,2.5875072138650075,2.5878783305486044,0.02103338382131464,Medium Risk
2011-10-26,0.6725403070449829,2.705626964569092,2.7489171028137207,2.662337064743042,2.7489171028137207,20790,0.027960466870436962,2.6066784858703613,2.5835493326187136,0.022876083125881783,Medium Risk
2011-10-27,0.6725403070449829,2.705626964569092,2.705626964569092,2.705626964569092,2.705626964569092,5165,0.0,2.6351261820111955,2.578210234642029,0.01840051528412675,Low Risk
2011-10-30,0.6892194151878357,2.7727270126342773,2.813852071762085,2.714284896850586,2.705626964569092,16040,0.024800184557545624,2.673159599304199,2.577272303899129,0.01828886116285131,Low Risk
2011-10-31,0.6989040374755859,2.81168794631958,2.8333330154418945,2.714284896850586,2.7727270126342773,1451788,0.014051485598031155,2.703153439930507,2.580807669957479,0.015171807273693766,Low Risk
2011-11-01,0.6720024347305298,2.703463077545166,2.7316009998321533,2.675323963165283,2.7316009998321533,26158,-0.038491066875354085,2.709028584616525,2.5800140380859373,0.022965212371290223,Medium Risk
2011-11-02,0.6693121194839478,2.6926400661468506,2.705626964569092,2.675323963165283,2.703463077545166,16137,-0.004003387909459866,2.717686585017613,2.5799418767293294,0.022388210919079398,Medium Risk
2011-11-03,0.678996741771698,2.7316009998321533,2.7813849449157715,2.681818008422852,2.6926400661468506,23862,0.01446941764520937,2.73191043308803,2.582178513209025,0.022680074317258755,Medium Risk
2011-11-06,0.678996741771698,2.7316009998321533,2.7316009998321533,2.7316009998321533,2.7316009998321533,0,0.0,2.735621009554182,2.5880948146184286,0.02042344099393431,Medium Risk
2011-11-10,0.704822301864624,2.8354969024658203,2.900432109832764,2.770561933517456,2.766232967376709,222790,0.038034801803063845,2.754173857825143,2.600216015179952,0.02457990408978642,Medium Risk
2011-11-13,0.7037462592124939,2.831167936325073,2.9112548828125,2.751081943511963,2.8354969024658203,195989,-0.0015267045917006783,2.7625225612095425,2.609379045168559,0.023383865289286643,Medium Risk
2011-11-14,0.67738276720047,2.7251079082489014,2.7813849449157715,2.6839818954467773,2.7813849449157715,20328,-0.03746158139027245,2.7501539843423024,2.6186864058176678,0.027200905283608703,Medium Risk
2011-11-15,0.6962136626243591,2.8008649349212646,2.8398261070251465,2.686146974563598,2.7251079082489014,2145204,0.027799642884983378,2.764068535396031,2.633837906519572,0.024670065302482037,Medium Risk
2011-11-16,0.7075124979019165,2.846319913864136,2.8917739391326904,2.813852071762085,2.8917739391326904,47438,0.01622890785490494,2.786022799355643,2.6448047002156576,0.024579314385045584,Medium Risk
2011-11-17,0.6951375603675842,2.7965359687805176,2.813852071762085,2.7424240112304688,2.813852071762085,47622,-0.01749063583510979,2.795299223491124,2.6545449336369833,0.026143698980596663,Medium Risk
2011-11-20,0.693523645401001,2.7900431156158447,2.813852071762085,2.7900431156158447,2.7900431156158447,70967,-0.0023217484906886687,2.8036480971745084,2.6634915351867674,0.026212433514445764,Medium Risk
2011-11-21,0.691371500492096,2.7813849449157715,2.813852071762085,2.610388994216919,2.81168794631958,180665,-0.0031032390329789328,2.795917817524501,2.6707787036895754,0.02128064273622964,Medium Risk
2011-11-22,0.6445626616477966,2.593072891235352,2.6406919956207275,2.54328989982605,2.7813849449157715,97066,-0.06770441970811847,2.761904239654541,2.6741697629292807,0.032493909433967814,Medium Risk
2011-11-23,0.6488669514656067,2.610388994216919,2.6904759407043457,2.582251071929932,2.593072891235352,28006,0.006677831170923021,2.745515823364258,2.676406399408976,0.030978585771685014,Medium Risk
2011-11-24,0.662855863571167,2.666666030883789,2.699134111404419,2.608225107192993,2.610388994216919,62009,0.02155886988167155,2.726344551358904,2.681312600771586,0.02992565321162297,Medium Risk
2011-11-27,0.662855863571167,2.666666030883789,2.666666030883789,2.666666030883789,2.666666030883789,0,0.0,2.7006797109331404,2.6856415987014772,0.028455389700596113,Medium Risk
2011-11-28,0.662855863571167,2.666666030883789,2.666666030883789,2.666666030883789,2.666666030883789,0,0.0,2.6821268626621793,2.690114903450012,0.028344251296676552,Medium Risk
2011-11-29,0.7139689326286316,2.8722939491271973,2.9328999519348145,2.753246068954468,2.666666030883789,121713,0.07711048772585105,2.6938769817352295,2.700504501660665,0.04258031346136128,Medium Risk
2011-11-30,0.7128928899765015,2.86796498298645,2.922076940536499,2.8203461170196533,2.8722939491271973,33056,-0.0015071459319344616,2.706245558602469,2.710605502128601,0.042534349037487526,Medium Risk
2011-12-01,0.7602396607398987,3.058440923690796,3.1363630294799805,2.950216054916382,2.86796498298645,188990,0.06641501616452805,2.7727267060961043,2.726839264233907,0.0334854748991815,Medium Risk
2011-12-04,0.744636595249176,2.9956700801849365,3.0303030014038086,2.922076940536499,3.058440923690796,29923,-0.02052380447162938,2.8277668612343922,2.743145163853963,0.03724199187000161,Medium Risk
2011-12-05,0.7306476831436157,2.9393930435180664,3.0303030014038086,2.896102905273437,2.9956700801849365,63802,-0.018786126362551836,2.8667278630392894,2.7575751622517903,0.04005495240224865,Medium Risk
2011-12-06,0.7311859130859375,2.9415578842163086,2.971860885620117,2.9112548828125,2.9393930435180664,60984,0.0007364924207791113,2.9059981278010776,2.7689027229944867,0.040010931087346935,Medium Risk
2011-12-07,0.7419465780258179,2.984848022460937,3.0303030014038086,2.9458870887756348,3.0303030014038086,110750,0.014716738527197792,2.9514526980263844,2.7796530882517496,0.03948823940758592,Medium Risk
2011-12-08,0.7327998280525208,2.9480509757995605,3.004328966140747,2.943722009658813,2.984848022460937,12714,-0.012327946476497043,2.962275130408151,2.7901869853337606,0.030107068716505783,Medium Risk
2011-12-11,0.7327998280525208,2.9480509757995605,2.9480509757995605,2.9480509757995605,2.9480509757995605,0,0.0,2.9737159865243092,2.8007208824157717,0.03006561972250213,Medium Risk
2011-12-12,0.7220392823219299,2.9047610759735107,2.922076940536499,2.859307050704956,2.922076940536499,39306,-0.01468424399083157,2.9517617225646973,2.8073586861292523,0.01284011788739298,Low Risk
2011-12-13,0.7209632992744446,2.900432109832764,2.900432109832764,2.898267984390259,2.900432109832764,16285,-0.0014903002441588598,2.9381562982286726,2.8138521909713745,0.011511480458976795,Low Risk
2011-12-14,0.7032082676887512,2.8290040493011475,2.8722939491271973,2.809523105621338,2.8722939491271973,214732,-0.024626696239318346,2.92238644191197,2.8157280921936034,0.012849401668260685,Low Risk
2011-12-15,0.6843771934509277,2.753246068954468,2.813852071762085,2.6948049068450928,2.8290040493011475,215199,-0.026779028600327992,2.895484754017421,2.8137800296147666,0.014735821128380759,Low Risk
2011-12-18,0.6558615565299988,2.6385281085968018,2.705626964569092,2.601731061935425,2.705626964569092,82767,-0.04166643935361358,2.846010480608259,2.811615530649821,0.014821289555606671,Low Risk
2011-12-19,0.649942934513092,2.614717960357666,2.705626964569092,2.5974020957946777,2.6385281085968018,161977,-0.009024026752475378,2.798391478402274,2.809018127123515,0.01505923201131109,Low Risk
2011-12-20,0.6305736899375916,2.5367960929870605,2.5865800380706787,2.528137922286988,2.5865800380706787,75306,-0.029801251435908838,2.739640780857631,2.8025246302286786,0.013631402277354909,Low Risk
2011-12-21,0.6085143685340881,2.4480509757995605,2.502163887023926,2.3852810859680176,2.5367960929870605,102564,-0.03498314958495663,2.674396480832781,2.793072962760925,0.014174211482087086,Low Risk
2011-12-22,0.5918355584144592,2.3809518814086914,2.489176988601685,2.3376619815826416,2.4480509757995605,61076,-0.02740919002675335,2.6001850196293423,2.777921462059021,0.010096774905162429,Low Risk
2011-12-25,0.6176610589027405,2.484848022460937,2.510822057723999,2.437228918075561,2.3809518814086914,42896,0.043636388397221726,2.5510198729378835,2.7663774649302164,0.028962659367002003,Medium Risk
2011-12-26,0.6025961637496948,2.4242420196533203,2.463202953338623,2.406925916671753,2.463202953338623,52206,-0.024390225180690894,2.5040192944662913,2.7563486019770305,0.028855907784210565,Medium Risk
2011-12-27,0.5982919931411743,2.406925916671753,2.4458870887756348,2.3831160068511963,2.4242420196533203,37454,-0.007142893671995498,2.470933267048427,2.7432173013687136,0.02695734128897491,Medium Risk
2011-12-28,0.5918355584144592,2.3809518814086914,2.454545021057129,2.3290040493011475,2.406925916671753,43150,-0.010791372963808499,2.437538112912859,2.7277050336201984,0.02692509709523692,Medium Risk
2011-12-29,0.5923734903335571,2.3831160068511963,2.402596950531006,2.363636016845703,2.3809518814086914,180327,0.0009089328765536919,2.41558381489345,2.7139243682225547,0.026220769942745838,Medium Risk
2012-01-01,0.5923734903335571,2.3831160068511963,2.3831160068511963,2.3831160068511963,2.3831160068511963,0,0.0,2.4063073907579695,2.700360131263733,0.023551170454332814,Medium Risk
2012-01-02,0.5923734903335571,2.3831160068511963,2.406925916671753,2.3831160068511963,2.3831160068511963,445506,0.0,2.4066165515354703,2.687084499994914,0.021081641748179385,Medium Risk
2012-01-03,0.5934495329856873,2.387444972991944,2.3917739391326904,2.3831160068511963,2.3831160068511963,18803,0.001816515070312219,2.3927018301827565,2.680230236053467,0.009508518912460837,Low Risk
2012-01-04,0.5923734903335571,2.3831160068511963,2.393939018249512,2.3809518814086914,2.387444972991944,81242,-0.001813221326446901,2.386826685496739,2.672654469807943,0.004716910762057087,Low Risk
2012-01-05,0.5918355584144592,2.3809518814086914,2.3809518814086914,2.3419909477233887,2.3809518814086914,32358,-0.0009081074678207735,2.3831161090305875,2.6631306648254394,0.004243985899976764,Low Risk
2012-01-08,0.5918355584144592,2.3809518814086914,2.3809518814086914,2.3809518814086914,2.3809518814086914,0,0.0,2.3831161090305875,2.6536068598429363,0.0011717731793190382,Low Risk
2012-01-09,0.591297447681427,2.378787040710449,2.3809518814086914,2.3376619815826416,2.3809518814086914,56364,-0.0009092332840264783,2.3824976852961948,2.644010893503825,0.0011378893773494722,Low Risk
2012-01-10,0.591297447681427,2.378787040710449,2.400432109832764,2.374458074569702,2.378787040710449,294774,0.0,2.3818792615618025,2.6275606632232664,0.0011378893773494722,Low Risk
2012-01-11,0.5902212858200073,2.374458074569702,2.378787040710449,2.365799903869629,2.378787040710449,173878,-0.0018198208022245366,2.3806424140930176,2.6111104329427084,0.0012691324316816328,Low Risk
2012-01-12,0.5859171152114868,2.3571419715881348,2.370129108428955,2.3398261070251465,2.370129108428955,300272,-0.007292654760689077,2.3763134138924733,2.5877338012059528,0.002524408801918075,Low Risk
2012-01-15,0.5848410129547119,2.352813005447388,2.4328999519348145,2.352813005447388,2.3571419715881348,834810,-0.0018365317799801106,2.3719844136919295,2.566305232048035,0.0025244130766093682,Low Risk
2012-01-16,0.5875313878059387,2.363636016845703,2.4328999519348145,2.352813005447388,2.3571419715881348,834810,0.0046000304202913345,2.3695107187543596,2.5471133311589558,0.0035196697327167822,Low Risk
2012-01-17,0.5864552855491638,2.359307050704956,2.3809518814086914,2.3398261070251465,2.3484840393066406,463940,-0.0018314859436454611,2.3664186000823975,2.5277049700419107,0.0034977495342502383,Low Risk
2012-01-18,0.5875313878059387,2.363636016845703,2.3809518814086914,2.3484840393066406,2.359307050704956,349364,0.0018348464391073627,2.3642541681017195,2.50699790318807,0.003696761768535328,Low Risk
2012-01-19,0.5810748934745789,2.3376619815826416,2.3484840393066406,2.3203461170196533,2.3484840393066406,250847,-0.010989016531286477,2.35837915965489,2.4866516033808392,0.005253254629252437,Low Risk
2012-01-22,0.5708522796630859,2.2965359687805176,2.326838970184326,2.274890899658203,2.326838970184326,139570,-0.017592797045140385,2.347247430256435,2.4649344364802044,0.0077256526461855655,Low Risk
2012-01-23,0.5783846378326416,2.326838970184326,2.3809518814086914,2.3203461170196533,2.3809518814086914,5170302,0.013195091135411063,2.342918430055891,2.4456703662872314,0.010106746831269551,Low Risk
2012-01-24,0.5918355584144592,2.3809518814086914,2.398267984390259,2.3376619815826416,2.326838970184326,187766,0.023255975990499556,2.346938269478934,2.428354358673096,0.013849628674244689,Low Risk
2012-01-26,0.6214274764060974,2.5,2.554111957550049,2.4242420196533203,2.3809518814086914,777430,0.050000220298813236,2.3664188385009766,2.4173875570297243,0.022998160982803214,Medium Risk
2012-01-29,0.6192750930786133,2.491341114044189,2.5974020957946777,2.46753191947937,2.5,411970,-0.003463554382324374,2.3852808475494385,2.4086573918660483,0.023125527764166622,Medium Risk
2012-01-30,0.6230414509773254,2.506493091583252,2.551948070526123,2.4112548828125,2.491341114044189,155421,0.006081855854121354,2.405689001083374,2.404256224632263,0.022991090610968667,Medium Risk
2012-01-31,0.6257316470146179,2.5173161029815674,2.547619104385376,2.478353977203369,2.506493091583252,198660,0.004317989718247706,2.431353875568935,2.4010094960530597,0.021491924452595464,Medium Risk
2012-02-01,0.6214274764060974,2.5,2.547619104385376,2.469696044921875,2.5173161029815674,250006,-0.0068787956192938315,2.460420165743147,2.399782959620158,0.01941138407231823,Low Risk
2012-02-02,0.6031340956687927,2.426405906677246,2.465367078781128,2.294372081756592,2.5,152229,-0.02943763732910154,2.4746440138135637,2.3990614573160807,0.02499123023878654,Medium Risk
2012-02-05,0.6031340956687927,2.426405906677246,2.426405906677246,2.426405906677246,2.426405906677246,0,0.0,2.481137445994786,2.400576591491699,0.02387747709359272,Medium Risk
2012-02-06,0.5880692005157471,2.365799903869629,2.3809518814086914,2.359307050704956,2.3809518814086914,36775,-0.024977685160110674,2.461966003690447,2.396608320871989,0.014043366246859045,Low Risk
2012-02-07,0.6009820103645325,2.417747974395752,2.43506407737732,2.3917739391326904,2.365799903869629,149655,0.021957930778995216,2.4514526980263844,2.3963918526967367,0.018055220041771937,Low Risk
2012-02-08,0.6149707436561584,2.474025011062622,2.5,2.419913053512573,2.417747974395752,257934,0.023276634811755015,2.446814400809152,2.3986284891764322,0.020658653007651774,Medium Risk
2012-02-09,0.6192750930786133,2.491341114044189,2.508657932281494,2.426405906677246,2.474025011062622,146916,0.0069991624596104085,2.443103688103812,2.402308130264282,0.02081261863130866,Medium Risk
2012-02-12,0.6397204399108887,2.5735929012298584,2.608225107192993,2.491341114044189,2.491341114044189,371429,0.03301506434506285,2.4536169597080777,2.408657360076904,0.024212874513946638,Medium Risk
2012-02-13,0.6451007723808289,2.595237970352173,2.662337064743042,2.558440923690796,2.5735929012298584,261602,0.00841044794301804,2.4777358259473528,2.4157280921936035,0.01907736949016643,Low Risk
2012-02-14,0.6451007723808289,2.595237970352173,2.595237970352173,2.595237970352173,2.595237970352173,0,0.0,2.5018546921866283,2.422798824310303,0.01907736949016643,Low Risk
2012-02-15,0.6693121194839478,2.6926400661468506,2.7900431156158447,2.6363630294799805,2.6796529293060303,459311,0.037531084589310426,2.548546143940517,2.432971994082133,0.014044886095601358,Low Risk
2012-02-16,0.6763066053390503,2.7207789421081543,2.7489171028137207,2.6493499279022217,2.6926400661468506,76923,0.010450292378502146,2.5918362821851457,2.444227425257365,0.014277214427181105,Low Risk
2012-02-19,0.7107407450675964,2.859307050704956,2.922076940536499,2.7792201042175293,2.7207789421081543,315393,0.0509148709043834,2.646876573562622,2.4601725975672406,0.01923252419219824,Low Risk
2012-02-20,0.7247296571731567,2.915584087371826,2.9978349208831787,2.870129108428955,2.859307050704956,334922,0.019682054312073705,2.707482712609427,2.477993671099345,0.018261576856020763,Low Risk
2012-02-21,0.7220392823219299,2.9047610759735107,2.971860885620117,2.846319913864136,2.915584087371826,2861073,-0.0037121245945855863,2.7547924518585205,2.495526138941447,0.02004576309545519,Medium Risk
2012-02-22,0.7145068645477295,2.874458074569702,2.9047610759735107,2.822510004043579,2.9047610759735107,751073,-0.010432183787664084,2.79468103817531,2.5120485067367553,0.022590717156165296,Medium Risk
2012-02-23,0.7753045558929443,3.119046926498413,3.160172939300537,2.922076940536499,2.874458074569702,1135466,0.08509042246696374,2.8695108890533447,2.536868135134379,0.03348912962832654,Medium Risk
2012-02-26,0.8059724569320679,3.2424240112304688,3.2900431156158447,3.119046926498413,3.119046926498413,378405,0.039556020681793536,2.9480514526367188,2.56637753645579,0.033603054332952575,Medium Risk
2012-02-27,0.7979018092155457,3.209955930709839,3.2683980464935303,3.203463077545166,3.2424240112304688,431369,-0.010013520874559645,3.0179338795798167,2.594948967297872,0.03611597310707762,Medium Risk
2012-02-28,0.7979018092155457,3.209955930709839,3.209955930709839,3.209955930709839,3.209955930709839,0,0.0,3.0680265767233714,2.623159631093343,0.035005533986557986,Medium Risk
2012-02-29,0.7871411442756653,3.166666030883789,3.246752977371216,3.15584397315979,3.246752977371216,184430,-0.013486135249363596,3.103895425796509,2.6500715970993043,0.036806856726483615,Medium Risk
2012-03-01,0.802744448184967,3.2294371128082275,3.2770559787750244,3.1688311100006104,3.2337660789489746,208874,0.019822450903330457,3.150277716772897,2.678931633631388,0.03615585188592819,Medium Risk
2012-03-04,0.7876793742179871,3.1688311100006104,3.246752977371216,3.090909004211426,3.199134111404419,233633,-0.018766738812546757,3.192331007548741,2.7066372712453206,0.0372829994377671,Medium Risk
2012-03-05,0.7995161414146423,3.2164499759674072,3.261904001235962,3.1796529293060303,3.1688311100006104,88011,0.015027265358672715,3.2062457289014543,2.7373010714848838,0.021095819072295914,Medium Risk
2012-03-06,0.8533192276954651,3.4328999519348145,3.5173161029815674,3.209955930709839,3.2164499759674072,1014154,0.06729468127428473,3.2334565775735036,2.7741697708765667,0.02963517860368123,Medium Risk
2012-03-07,0.8780686855316162,3.5324668884277344,3.658008098602295,3.478353977203369,3.4328999519348145,389549,0.029003739662381678,3.279529571533203,2.812553604443868,0.029227338140111036,Medium Risk
2012-03-08,0.8436346650123596,3.393939018249512,3.484848022460937,3.359307050704956,3.5324668884277344,142591,-0.03921561745760049,3.3058128697531566,2.8423515717188517,0.03547689788551649,Medium Risk
2012-03-11,0.8242654800415039,3.316016912460327,3.354978084564209,3.266232967376709,3.393939018249512,50759,-0.022959194425766327,3.3271487099783763,2.8698407649993896,0.0366187995055222,Medium Risk
2012-03-12,0.801668107509613,3.2251079082489014,3.352813005447388,3.1406919956207275,3.316016912460327,180281,-0.02741512079441588,3.326530252184187,2.8937945922215778,0.03821674818008623,Medium Risk
2012-03-13,0.7715383768081665,3.103895902633667,3.222943067550659,3.058440923690796,3.2251079082489014,152108,-0.03758386046718276,3.317253793988909,2.9133472522099813,0.04039152977957154,Medium Risk
2012-03-14,0.801668107509613,3.2251079082489014,3.2900431156158447,3.09956693649292,3.103895902633667,64449,0.039051569194825664,3.318490641457694,2.937517515818278,0.04303949881150463,Medium Risk
2012-03-15,0.807048499584198,3.246752977371216,3.2813849449157715,3.2294371128082275,3.2251079082489014,150501,0.006711424776502106,3.291898216520037,2.964862418174744,0.03226983303309435,Medium Risk
2012-03-18,0.7989779114723206,3.214284896850586,3.398267984390259,3.1796529293060303,3.246752977371216,51720,-0.010000169630064781,3.24644364629473,2.991125051180522,0.028004425340722377,Medium Risk
2012-03-19,0.7586256265640259,3.051948070526123,3.3203461170196533,3.0303030014038086,3.214284896850586,253605,-0.05050480325609075,3.19758779661996,3.013996656735738,0.030014736928675127,Medium Risk
2012-03-20,0.7790709137916565,3.134198904037476,3.1688311100006104,3.0,3.051948070526123,20369,0.026950272943921272,3.171613795416696,3.0378783543904624,0.03344930759481045,Medium Risk
2012-03-21,0.7979018092155457,3.209955930709839,3.2445878982543945,3.1385281085968018,3.134198904037476,56086,0.02417109730169731,3.1694492271968295,3.0624093850453695,0.0340188802931492,Medium Risk
2012-03-22,0.7650822401046753,3.077922105789185,3.1406919956207275,3.0303030014038086,3.209955930709839,57657,-0.0411325973847424,3.165738684790475,3.0819620847702027,0.034689164929372816,Medium Risk
2012-03-25,0.7354902029037476,2.958873987197876,3.0303030014038086,2.9242420196533203,3.077922105789185,50196,-0.03867808037357234,3.1277052674974715,3.094804787635803,0.032203281508589504,Medium Risk
2012-03-26,0.7075124979019165,2.846319913864136,2.900432109832764,2.8398261070251465,2.958873987197876,1224,-0.03803949536909179,3.070500544139317,3.1031741857528687,0.03236137613692883,Medium Risk
2012-03-27,0.7317237257957458,2.943722009658813,3.0303030014038086,2.8571419715881348,2.846319913864136,41732,0.03422036128835737,3.0318487031119212,3.1147903203964233,0.038041114025370866,Medium Risk
2012-03-28,0.6725403070449829,2.705626964569092,2.861470937728882,2.6493499279022217,2.943722009658813,896122,-0.08088231304059756,2.9823742594037737,3.115223217010498,0.04438777620885511,Medium Risk
2012-03-29,0.6698502898216248,2.6948049068450928,2.854978084564209,2.658008098602295,2.705626964569092,230376,-0.003999833630325522,2.9196036883762906,3.114357415835063,0.04076719200521648,Medium Risk
2012-04-01,0.6547854542732239,2.634198904037476,2.6839818954467773,2.5974020957946777,2.6948049068450928,126380,-0.022489940794478636,2.837352684565953,3.1068538109461468,0.03572578526219642,Medium Risk
2012-04-02,0.649942934513092,2.614717960357666,2.7012979984283447,2.5974020957946777,2.634198904037476,146361,-0.007395395863976417,2.771180663790022,3.0968249400456744,0.035822007841922916,Medium Risk
2012-04-03,0.6472528576850891,2.603895902633667,2.658008098602295,2.5974020957946777,2.614717960357666,104208,-0.004138900595809791,2.7204695088522777,3.0867961009343463,0.03559483339354554,Medium Risk
2012-04-04,0.6542472243309021,2.6320340633392334,2.705626964569092,2.5800859928131104,2.603895902633667,119976,0.01080617726580635,2.689857244491577,3.0787153005599976,0.0356922640454979,Medium Risk
2012-04-05,0.6612417101860046,2.660172939300537,2.7012979984283447,2.6406919956207275,2.6320340633392334,60240,0.010690923933409868,2.6493502344403947,3.063419500986735,0.03165208419335532,Medium Risk
2012-04-08,0.655323326587677,2.6363630294799805,2.6948049068450928,2.616883039474488,2.660172939300537,54950,-0.008950512001981825,2.6394553865705217,3.0432174682617186,0.011633791323081432,Low Risk
2012-04-09,0.6440249085426331,2.590909004211426,2.616883039474488,2.512986898422241,2.6363630294799805,175255,-0.01724118596729085,2.624613114765712,3.0225825707117715,0.012727236410645918,Low Risk
2012-04-10,0.6451007723808289,2.595237970352173,2.619046926498413,2.558440923690796,2.590909004211426,136243,0.00167082909268923,2.6190472670963834,3.002091972033183,0.01043053834456215,Low Risk
2012-04-11,0.6660839319229126,2.6796529293060303,2.705626964569092,2.666666030883789,2.595237970352173,47997,0.03252686648323144,2.6283236912318637,2.985858201980591,0.016301598146766582,Low Risk
2012-04-12,0.7010562419891357,2.8203461170196533,2.9458870887756348,2.7251079082489014,2.6796529293060303,83755,0.052504257612966176,2.6592451504298618,2.972221835454305,0.02403185897298119,Medium Risk
2012-04-15,0.7010562419891357,2.8203461170196533,2.8203461170196533,2.8203461170196533,2.8203461170196533,0,0.0,2.6861468723842075,2.9606056690216063,0.02444354751921281,Medium Risk
2012-04-17,0.7010562419891357,2.8203461170196533,2.8203461170196533,2.8203461170196533,2.8203461170196533,0,0.0,2.70902875491551,2.9474022070566814,0.024737912193826202,Medium Risk
2012-04-18,0.6978279948234558,2.807358980178833,2.813852071762085,2.7813849449157715,2.8008649349212646,45613,-0.0046048024965617,2.7334567478724887,2.926550841331482,0.02427292397118949,Medium Risk
2012-04-19,0.7107407450675964,2.859307050704956,2.878787040710449,2.798701047897339,2.807358980178833,16359,0.018504249329315936,2.771799325942993,2.904112180074056,0.021351390566150277,Medium Risk
2012-04-22,0.7317237257957458,2.943722009658813,2.982682943344116,2.861470937728882,2.859307050704956,57703,0.02952287300975409,2.821582760129656,2.889104946454366,0.021184592264527576,Medium Risk
2012-04-23,0.7290337681770325,2.9328999519348145,3.008657932281494,2.8896100521087646,2.943722009658813,148302,-0.003676317834527043,2.8577609062194824,2.876334381103516,0.02156267532555325,Medium Risk
2012-04-24,0.7155829071998596,2.878787040710449,2.9415578842163086,2.805193901062012,2.9328999519348145,44088,-0.018450309288138955,2.866109609603882,2.864790352185567,0.01593922864484301,Low Risk
2012-04-26,0.751093327999115,3.0216450691223145,3.062769889831543,2.922076940536499,2.878787040710449,186310,0.04962438221085286,2.8948666027614047,2.8620486577351887,0.02356974608435099,Medium Risk
2012-04-29,0.7597018480300903,3.05627703666687,3.134198904037476,3.004328966140747,3.0216450691223145,44370,0.011461295669188187,2.9285710198538646,2.856420962015788,0.02314286837357022,Medium Risk
2012-04-30,0.7683100700378418,3.090909004211426,3.116883039474488,2.989176988601685,3.05627703666687,101178,0.011331422881194264,2.969078166144235,2.8512261629104616,0.022020335886793405,Medium Risk
2012-05-02,0.7537832856178284,3.0324668884277344,3.082251071929932,3.008657932281494,3.090909004211426,110630,-0.018907743872130456,2.9938152858189175,2.8451655626297,0.025084677576428415,Medium Risk
2012-05-03,0.7548593878746033,3.0367960929870605,3.075757026672364,3.028137922286988,3.0324668884277344,117117,0.0014276180807932803,3.0071115834372386,2.844660496711731,0.023388114617348858,Medium Risk
2012-05-06,0.757549524307251,3.047619104385376,3.0735929012298584,3.0303030014038086,3.0367960929870605,298641,0.0035639572321992663,3.0235000337873186,2.841774503389994,0.023115103237857506,Medium Risk
2012-05-07,0.752235472202301,2.757575035095215,2.7922070026397705,2.746752977371216,3.047619104385376,45770,-0.09517070846314157,3.0061840329851424,2.82669514020284,0.04464667231877027,Medium Risk
2012-05-08,0.7439691424369812,2.7272720336914062,2.759740114212036,2.709955930709839,2.757575035095215,57934,-0.010989003388175211,2.9641307422092984,2.8150068044662477,0.037546027553810486,Medium Risk
2012-05-09,0.7392455339431763,2.709955930709839,2.7294371128082275,2.6948049068450928,2.7272720336914062,60060,-0.006349239374603077,2.914656298501151,2.8067095359166463,0.036117431183714126,Medium Risk
2012-05-10,0.7386553287506104,2.707792043685913,2.746752977371216,2.6948049068450928,2.709955930709839,30094,-0.0007984952815668356,2.8599253041403636,2.802091940244039,0.0348309034482267,Medium Risk
2012-05-13,0.7280271649360657,2.6688311100006104,2.770561933517456,2.601731061935425,2.707792043685913,123164,-0.01438845120183907,2.8079773357936313,2.792928910255432,0.03485692792185676,Medium Risk
2012-05-14,0.7280271649360657,2.6688311100006104,2.770561933517456,2.601731061935425,2.707792043685913,123164,0.0,2.75541090965271,2.791702381769816,0.034731477848499434,Medium Risk
2012-05-15,0.6725243926048279,2.465367078781128,2.5974020957946777,2.409090042114258,2.59956693649292,383492,-0.0762371325997605,2.672232048852103,2.7840544541676837,0.03936381623952676,Medium Risk
2012-05-16,0.7008663415908813,2.569263935089112,2.5974020957946777,2.4285709857940674,2.465367078781128,185502,0.04214255037402004,2.6453304631369456,2.7818899552027383,0.0349351861561339,Medium Risk
2012-05-17,0.7002757787704468,2.567099094390869,2.5974020957946777,2.478353977203369,2.569263935089112,338784,-0.0008425917900755087,2.62244861466544,2.780302659670512,0.03507415262792911,Medium Risk
2012-05-20,0.6878763437271118,2.5216450691223145,2.571428060531616,2.510822057723999,2.567099094390869,46477,-0.01770637735328262,2.5955470630100796,2.7775609652201334,0.03524368376803441,Medium Risk
2012-05-21,0.6370972990989685,2.3354969024658203,2.551948070526123,2.2727270126342773,2.5216450691223145,1156057,-0.07382012993655962,2.5423620428357805,2.7676763931910195,0.0422779902898071,Medium Risk
2012-05-22,0.6571727395057678,2.409090042114258,2.487011909484864,2.359307050704956,2.3354969024658203,106042,0.03151069888841973,2.505256175994873,2.75930696328481,0.046648770238681594,Medium Risk
2012-05-23,0.6636677384376526,2.4328999519348145,2.5216450691223145,2.3809518814086914,2.409090042114258,247622,0.009883362350234348,2.4715517248426164,2.7525248606999715,0.04727314769150035,Medium Risk
2012-05-24,0.6890572309494019,2.525974035263061,2.582251071929932,2.458873987197876,2.4328999519348145,157241,0.03825643683137381,2.480209861482893,2.750360361735026,0.040763771893674035,Medium Risk
2012-05-27,0.6500871777534485,2.3831160068511963,2.452379941940308,2.370129108428955,2.525974035263061,542947,-0.05655562029440542,2.4536173003060475,2.7432896296183267,0.042486813265398674,Medium Risk
2012-05-28,0.6477254033088684,2.374458074569702,2.402596950531006,2.3398261070251465,2.3831160068511963,154719,-0.003633030140624105,2.4260971546173096,2.7331164677937827,0.04240071199327678,Medium Risk
2012-05-29,0.6554014086723328,2.402596950531006,2.422076940536499,2.3809518814086914,2.374458074569702,27886,0.011850651844591109,2.409090280532837,2.7191914955774945,0.04300701145267508,Medium Risk
2012-05-30,0.6494969725608826,2.3809518814086914,2.3852810859680176,2.3484840393066406,2.402596950531006,80198,-0.009009030464943613,2.415583848953247,2.704545021057129,0.03140178895087989,Medium Risk
2012-05-31,0.6477254033088684,2.374458074569702,2.4112548828125,2.3376619815826416,2.3809518814086914,34234,-0.0027273994446066485,2.4106364250183105,2.6896820863087973,0.02881453418289024,Medium Risk
2012-06-03,0.6453635692596436,2.365799903869629,2.3809518814086914,2.3376619815826416,2.374458074569702,39958,-0.0036463775851852676,2.401050703866141,2.674963450431824,0.028357814816890026,Medium Risk
2012-06-04,0.6477254033088684,2.374458074569702,2.3809518814086914,2.361470937728882,2.365799903869629,2263,0.0036597223146013214,2.3794055666242326,2.658801817893982,0.022181571258295316,Medium Risk
2012-06-05,0.6435925364494324,2.359307050704956,2.419913053512573,2.3376619815826416,2.374458074569702,20790,-0.0063808344426092845,2.3760042871747697,2.6393213192621867,0.0070199736682064525,Low Risk
2012-06-06,0.6406400203704834,2.3484840393066406,2.402596950531006,2.3246750831604004,2.359307050704956,51854,-0.0045873687340024505,2.372293710708618,2.6198407888412474,0.007079305969716682,Low Risk
2012-06-07,0.6406400203704834,2.3484840393066406,2.3484840393066406,2.3484840393066406,2.3484840393066406,0,0.0,2.364563294819423,2.6021640221277873,0.004153183676261356,Low Risk
2012-06-10,0.6494969725608826,2.3809518814086914,2.3809518814086914,2.3290040493011475,2.3484840393066406,7881,0.013825021400458937,2.364563294819423,2.580807582537333,0.006916353203599846,Low Risk
2012-06-11,0.634145200252533,2.3246750831604004,2.3809518814086914,2.298701047897339,2.3809518814086914,89068,-0.023636260223366956,2.3574514389038086,2.556420850753784,0.011377230562727837,Low Risk
2012-06-12,0.648315966129303,2.3766229152679443,2.393939018249512,2.352813005447388,2.3246750831604004,44938,0.022346276468417692,2.3589975833892822,2.5326113144556683,0.01483470165912349,Low Risk
2012-06-13,0.6335544586181641,2.322510004043579,2.359307050704956,2.3008649349212646,2.3766229152679443,74844,-0.02276882498974997,2.351576430456979,2.508946084976196,0.01715187407569741,Low Risk
2012-06-14,0.6400496959686279,2.346319913864136,2.374458074569702,2.3376619815826416,2.322510004043579,7623,0.010251800758275698,2.3497211251940047,2.4859302123387654,0.01775171415545307,Low Risk
2012-06-17,0.6400496959686279,2.346319913864136,2.346319913864136,2.346319913864136,2.346319913864136,0,0.0,2.349411964416504,2.4625535726547243,0.017666724134746226,Low Risk
2012-06-18,0.6276500821113586,2.3008649349212646,2.331167936325073,2.294372081756592,2.346319913864136,29568,-0.019372882050006646,2.342609235218593,2.4473299026489257,0.019124467777510215,Low Risk
2012-06-19,0.6223360896110535,2.2813849449157715,2.305193901062012,2.270561933517456,2.3008649349212646,157662,-0.008466377017545268,2.328385387148176,2.432466999689738,0.01770481430922397,Low Risk
2012-06-20,0.6276500821113586,2.3008649349212646,2.3441550731658936,2.2792201042175293,2.2813849449157715,25248,0.008538668605184707,2.324983937399728,2.418830633163452,0.016482094649577183,Low Risk
2012-06-21,0.6241073608398438,2.2878780364990234,2.309523105621338,2.274890899658203,2.3008649349212646,23331,-0.005644354966314324,2.3123060975755965,2.404833499590556,0.012746168820680057,Low Risk
2012-06-24,0.6329643130302429,2.3203461170196533,2.3809518814086914,2.2900431156158447,2.2878780364990234,33966,0.01419135111341574,2.311996970857893,2.3932173331578572,0.011959749143868329,Low Risk
2012-06-25,0.6772480010986328,2.482682943344116,2.551948070526123,2.378787040710449,2.3203461170196533,168509,0.06996233240107075,2.331477403640747,2.3870123942693073,0.02928898381688152,Medium Risk
2012-06-26,0.6949619054794312,2.547619104385376,2.647186040878296,2.450216054916382,2.482682943344116,23880,0.026155639895681704,2.360234430858067,2.389754128456116,0.029695635479007745,Medium Risk
2012-06-27,0.6890572309494019,2.525974035263061,2.547619104385376,2.474025011062622,2.547619104385376,64116,-0.008496195167109533,2.392392873764038,2.3883111317952475,0.028005001283266974,Medium Risk
2012-06-28,0.7008663415908813,2.569263935089112,2.5974020957946777,2.5324668884277344,2.525974035263061,44291,0.017137903724153913,2.433518443788801,2.3883832931518554,0.02623611461277399,Medium Risk
2012-07-01,0.7008663415908813,2.569263935089112,2.569263935089112,2.569263935089112,2.569263935089112,0,0.0,2.4718611580984935,2.389970588684082,0.02690704412150128,Medium Risk
2012-07-02,0.7173988819122314,2.6298699378967285,2.746752977371216,2.5974020957946777,2.569263935089112,108717,0.023588858263996926,2.520717144012451,2.3997830231984456,0.025166280428440626,Medium Risk
2012-07-03,0.745740532875061,2.7337660789489746,2.7792201042175293,2.606060028076172,2.6298699378967285,219879,0.039506189851859386,2.5797771385737827,2.410605557759603,0.02593865132443248,Medium Risk
2012-07-04,0.7445597648620605,2.7294371128082275,2.770561933517456,2.662337064743042,2.7337660789489746,143534,-0.0015835173953183679,2.615027734211513,2.4204901297887167,0.017533939471608424,Low Risk
2012-07-05,0.7398362159729004,2.71212100982666,2.7272720336914062,2.675323963165283,2.7294371128082275,18697,-0.006344202949505329,2.6385280064174106,2.4266950289408364,0.018000771400153968,Low Risk
2012-07-08,0.7345218658447266,2.6926400661468506,2.7380950450897217,2.660172939300537,2.71212100982666,21815,-0.007182918317149345,2.662337439400809,2.4370124975840253,0.017792258019469157,Low Risk
2012-07-09,0.7014566659927368,2.571428060531616,2.62337589263916,2.491341114044189,2.6926400661468506,121783,-0.045016044713576564,2.66264660017831,2.4435781637827554,0.026572885820897296,Medium Risk
2012-07-10,0.718579888343811,2.634198904037476,2.647186040878296,2.595237970352173,2.571428060531616,5775,0.024410888435620004,2.671923024313791,2.4512982288996383,0.028067688150167688,Medium Risk
2012-07-11,0.7398362159729004,2.71212100982666,2.770561933517456,2.647186040878296,2.634198904037476,226241,0.02958094989324911,2.683673177446638,2.462337199846904,0.02884835571243676,Medium Risk
2012-07-12,0.7150371074676514,2.6212120056152344,2.6904759407043457,2.601731061935425,2.71212100982666,50958,-0.03351952360607835,2.6675940241132463,2.470562330881755,0.027357628879041834,Medium Risk
2012-07-15,0.6979138851165771,2.558440923690796,2.608225107192993,2.5324668884277344,2.6212120056152344,188994,-0.023947350229576392,2.6431659970964705,2.476983698209127,0.028097391023775644,Medium Risk
2012-07-16,0.6896476149559021,2.528137922286988,2.575757026672364,2.5173161029815674,2.558440923690796,23192,-0.011844323284233904,2.616882698876517,2.4821063597997033,0.028092224467957998,Medium Risk
2012-07-17,0.6967330574989319,2.554111957550049,2.575757026672364,2.5216450691223145,2.528137922286988,16715,0.010273978739088863,2.597092969076974,2.48859985669454,0.029103906205908296,Medium Risk
2012-07-18,0.6967330574989319,2.554111957550049,2.554111957550049,2.554111957550049,2.554111957550049,0,0.0,2.594619240079607,2.4954541206359866,0.023840316686873676,Medium Risk
2012-07-19,0.7008663415908813,2.569263935089112,2.595237970352173,2.528137922286988,2.554111957550049,51623,0.005932385811934893,2.585342815944127,2.5028134504954025,0.02150212851194026,Medium Risk
2012-07-22,0.711494505405426,2.608225107192993,2.6839818954467773,2.554111957550049,2.569263935089112,12243,0.015164332310035666,2.5705005441393176,2.5103892246882125,0.0182683087703748,Low Risk
2012-07-24,0.708541989326477,2.5974020957946777,2.608225107192993,2.5974020957946777,2.608225107192993,272515,-0.00414956951701273,2.567099128450667,2.519480125109355,0.013485757012915095,Low Risk
2012-07-25,0.7079517841339111,2.595237970352173,2.601731061935425,2.575757026672364,2.5974020957946777,608454,-0.0008331884562688963,2.572355849402292,2.5267672936121626,0.009116736074780269,Low Risk
2012-07-26,0.7079517841339111,2.595237970352173,2.595237970352173,2.595237970352173,2.595237970352173,0,0.0,2.5819415705544606,2.5358582258224494,0.006941939994477372,Low Risk
2012-07-29,0.7079517841339111,2.595237970352173,2.595237970352173,2.595237970352173,2.595237970352173,0,0.0,2.5878167152404785,2.5441554943720504,0.006402721576098641,Low Risk
2012-07-30,0.7091326117515564,2.59956693649292,2.757575035095215,2.595237970352173,2.608225107192993,1594620,0.0016680420794550344,2.5943102836608887,2.55259706179301,0.006333433751372999,Low Risk
2012-07-31,0.7079517841339111,2.595237970352173,2.595237970352173,2.595237970352173,2.595237970352173,0,-0.001665264348448492,2.5980208601270403,2.5624094963073736,0.006306191200469425,Low Risk
2012-08-01,0.708541989326477,2.5974020957946777,2.5974020957946777,2.575757026672364,2.5974020957946777,643972,0.0008338832381569183,2.5964747156415666,2.5729434013366705,0.001902114160744697,Low Risk
2012-08-02,0.7079517841339111,2.595237970352173,2.595237970352173,2.595237970352173,2.595237970352173,0,-0.0008331884562688963,2.596165554864066,2.582755835851034,0.001121077610754473,Low Risk
2012-08-05,0.7120847105979919,2.610388994216919,2.619046926498413,2.59956693649292,2.625540971755981,65234,0.0058380094765222434,2.598329986844744,2.593506201108297,0.0024546787619147436,Low Risk
2012-08-06,0.7079517841339111,2.595237970352173,2.59956693649292,2.577922105789185,2.610388994216919,206620,-0.005804124940118838,2.598329986844744,2.6026692628860477,0.0035288113105289586,Low Risk
2012-08-07,0.7209416627883911,2.642857074737549,2.662337064743042,2.606060028076172,2.595237970352173,158281,0.018348646609433583,2.6051327160426547,2.608008400599162,0.007779202249678164,Low Risk
2012-08-08,0.7126753330230713,2.61255407333374,2.651515007019043,2.5974020957946777,2.642857074737549,108570,-0.011466000826706901,2.606988021305629,2.6101728995641076,0.009452816654795521,Low Risk
2012-08-09,0.7079517841339111,2.595237970352173,2.606060028076172,2.575757026672364,2.61255407333374,48094,-0.006628036203465415,2.606988021305629,2.6124816974004115,0.00984226184474654,Low Risk
2012-08-12,0.6896476149559021,2.528137922286988,2.5887439250946045,2.489176988601685,2.595237970352173,412524,-0.025855065636265828,2.5970931393759593,2.611110830307007,0.013841109122612244,Low Risk
2012-08-13,0.676067054271698,2.478353977203369,2.5324668884277344,2.4458870887756348,2.528137922286988,342688,-0.01969194190109047,2.580395426068987,2.608080498377482,0.014963739961567465,Low Risk
2012-08-14,0.676067054271698,2.478353977203369,2.478353977203369,2.478353977203369,2.478353977203369,0,0.0,2.561533280781337,2.60302996635437,0.014312223775741048,Low Risk
2012-08-15,0.7055899500846863,2.5865800380706787,2.590909004211426,2.5844149589538574,2.551948070526123,11088,0.043668524295885414,2.560296433312552,2.5981237649917603,0.024065511875436676,Medium Risk
2012-08-16,0.7280271649360657,2.6688311100006104,2.705626964569092,2.642857074737549,2.610388994216919,189794,0.031799159786016995,2.5640070097787038,2.596103564898173,0.02623547937389735,Medium Risk
2012-08-19,0.7280271649360657,2.6688311100006104,2.6688311100006104,2.6688311100006104,2.6688311100006104,0,0.0,2.5720465864453996,2.5946605682373045,0.02562813463221055,Medium Risk
2012-08-22,0.7286174893379211,2.670994997024536,2.705626964569092,2.662337064743042,2.705626964569092,112478,0.000810799535353679,2.5828690188271657,2.5939390659332275,0.025298627458692526,Medium Risk
2012-08-23,0.7534163594245911,2.761904001235962,2.813852071762085,2.703463077545166,2.670994997024536,347400,0.03403563253120945,2.6162641729627336,2.6002882639567058,0.023422865990244027,Medium Risk
2012-08-26,0.7593210339546204,2.7835490703582764,2.813852071762085,2.770561933517456,2.761904001235962,88242,0.00783700994409231,2.6598634719848633,2.6052666028340656,0.018904962980183352,Low Risk
2012-08-27,0.7729014158248901,2.8333330154418945,2.86796498298645,2.7857139110565186,2.7835490703582764,81695,0.017885061058833918,2.7105747631617954,2.6093070030212404,0.017391618470953503,Low Risk
2012-08-28,0.7912051677703857,2.900432109832764,2.978353977203369,2.86796498298645,2.8333330154418945,154077,0.023682035971477333,2.755410773413522,2.618614339828491,0.014074018463212731,Low Risk
2012-08-29,0.7729014158248901,2.8333330154418945,2.8333330154418945,2.8333330154418945,2.8333330154418945,0,-0.023134171685452176,2.7789110456194197,2.627777409553528,0.018720768587922293,Low Risk
2012-08-30,0.78116774559021,2.863636016845703,2.922076940536499,2.8246750831604004,2.8484840393066406,115255,0.010695178166016728,2.8067403180258617,2.638960679372152,0.018321624976350797,Low Risk
2012-09-02,0.8142329454421997,2.984848022460937,3.0216450691223145,2.909090042114258,2.863636016845703,324943,0.042328007086860575,2.851576464516776,2.6533185482025146,0.02124076991028078,Medium Risk
2012-09-03,0.8236802220344543,3.019479990005493,3.11255407333374,2.9480509757995605,2.984848022460937,215689,0.011602589908749517,2.8883730343409946,2.6688308159510297,0.019738709635018788,Low Risk
2012-09-04,0.8266326785087585,3.0303030014038086,3.1320340633392334,3.008657932281494,3.019479990005493,206361,0.003584395801309981,2.923623595918928,2.684198784828186,0.019987441210267867,Low Risk
2012-09-05,0.8018333911895752,2.9393930435180664,3.004328966140747,2.863636016845703,3.0303030014038086,110436,-0.03000028638839991,2.938775028501238,2.695237716039022,0.025281634270770816,Medium Risk
2012-09-06,0.7935671210289001,2.909090042114258,2.9956700801849365,2.8896100521087646,2.9393930435180664,212007,-0.010309271660907227,2.940011875970023,2.7056273142496745,0.024466840161526865,Medium Risk
2012-09-09,0.7935671210289001,2.909090042114258,2.965367078781128,2.900432109832764,2.909090042114258,193263,0.0,2.9508343083517894,2.716089049975077,0.02216832183146826,Medium Risk
2012-09-10,0.8000621795654297,2.9328999519348145,3.0173161029815674,2.8852810859680176,2.909090042114258,126070,0.008184658940034728,2.9607291562216624,2.727344449361165,0.022061736258903113,Medium Risk
2012-09-11,0.8413936495780945,3.0844149589538574,3.1385281085968018,3.004328966140747,2.9328999519348145,194192,0.05166047580964683,2.9749530042920793,2.7436503489812214,0.024890838455844774,Medium Risk
2012-09-12,0.8844966292381287,3.2424240112304688,3.3441550731658936,3.134198904037476,3.0844149589538574,590260,0.05122820838938069,3.0068021501813615,2.7650789181391398,0.030522134931792375,Medium Risk
2012-09-13,0.8667832016944885,3.1774890422821045,3.2900431156158447,3.1385281085968018,3.2424240112304688,173476,-0.020026674094274943,3.02782872744969,2.7844872872034707,0.032659194839293235,Medium Risk
2012-09-16,0.8815443515777588,3.2316009998321533,3.352813005447388,3.151515007019043,3.1774890422821045,362120,0.01702978573017666,3.069572721208845,2.8056272506713866,0.02826068006530861,Medium Risk
2012-09-17,0.940589427947998,3.4480509757995605,3.5173161029815674,3.270561933517456,3.2316009998321533,956769,0.06697917718760737,3.1465671403067454,2.8340543508529663,0.032040682866717095,Medium Risk
2012-09-18,0.9482653737068176,3.476190090179444,3.787878036499024,3.361470937728882,3.4480509757995605,1766406,0.008160875398124823,3.227581432887486,2.8629143873850507,0.03111415616532198,Medium Risk
2012-09-19,0.9512174129486084,3.487011909484864,3.733766078948975,3.413419008255005,3.476190090179444,671775,0.0031131264472541442,3.306740283966065,2.8926401853561403,0.03165716156165364,Medium Risk
2012-09-20,0.914609670639038,3.352813005447388,3.5389609336853027,3.246752977371216,3.487011909484864,258027,-0.03848535867412661,3.3450828620365693,2.9163053830464682,0.03708721918988776,Medium Risk
2012-09-23,0.8868586421012878,3.251081943511963,3.4415578842163086,3.2424240112304688,3.352813005447388,836474,-0.030342002900293097,3.3463197095053543,2.937589645385742,0.035705831509707485,Medium Risk
2012-09-24,0.8797731995582581,3.2251079082489014,3.253246068954468,3.203463077545166,3.251081943511963,192885,-0.007989351149667812,3.353122404643468,2.9585853099822996,0.03480754297703296,Medium Risk
2012-09-25,0.8915823698043823,3.2683980464935303,3.419913053512573,3.205626964569092,3.2251079082489014,735106,0.013422849553004212,3.358379125595093,2.983260647455851,0.03458497135536196,Medium Risk
2012-09-26,0.8998486399650574,3.298701047897339,3.4458870887756348,3.2316009998321533,3.2683980464935303,240069,0.009271514966274985,3.3370434216090614,3.010605549812317,0.020598268770748433,Medium Risk
2012-09-27,0.911067008972168,3.3398261070251465,3.487011909484864,3.246752977371216,3.298701047897339,396853,0.012467046431510198,3.3175628525870193,3.039321287473043,0.02115273112496333,Medium Risk
2012-09-30,0.8791826367378235,3.222943067550659,3.270561933517456,3.1948049068450928,3.3398261070251465,139986,-0.03499674406060549,3.279838732310704,3.060533388455709,0.02335437368449882,Medium Risk
2012-10-01,0.8543837666511536,3.1320340633392334,3.1969690322875977,3.0303030014038086,3.222943067550659,179025,-0.028206829070832384,3.2482988834381104,3.0759734869003297,0.021591187267246896,Medium Risk
2012-10-02,0.8366701602935791,3.067099094390869,3.1363630294799805,3.002163887023926,3.1320340633392334,17426,-0.020732523221389743,3.222015619277954,3.089249086380005,0.020311399511364986,Medium Risk
2012-10-03,0.8455270528793335,3.09956693649292,3.1277050971984863,3.0303030014038086,3.067099094390869,53268,0.010585847115741398,3.204081194741385,3.1035348176956177,0.021507808865494044,Medium Risk
2012-10-04,0.8514314889907837,3.1212120056152344,3.166666030883789,3.0844149589538574,3.09956693649292,89253,0.006983255908260988,3.1830546174730574,3.115511751174927,0.02068784242467945,Medium Risk
2012-10-07,0.8514314889907837,3.1212120056152344,3.1212120056152344,3.1212120056152344,3.1212120056152344,0,0.0,3.1576990400041853,3.1267671823501586,0.01979671229836173,Low Risk
2012-10-08,0.8219087719917297,3.012986898422241,3.101731061935425,2.926405906677246,3.1212120056152344,139200,-0.03467406475378476,3.1110077244894847,3.13275564511617,0.019811111507279426,Low Risk
2012-10-09,0.7953385710716248,2.915584087371826,3.0303030014038086,2.8203461170196533,3.012986898422241,231115,-0.03232765834508611,3.067099298749651,3.133260711034139,0.019370174735644882,Low Risk
2012-10-10,0.8703259825706482,3.1904759407043457,3.205626964569092,3.0887439250946045,2.915584087371826,264171,0.09428363068763801,3.075448138373239,3.145165475209554,0.044053631353856156,Medium Risk
2012-10-11,0.8927631378173828,3.2727270126342773,3.3766229152679443,3.186146974563598,3.1904759407043457,390376,0.025780188742552834,3.104823555265154,3.1588018417358397,0.04330037437658219,Medium Risk
2012-10-14,0.8626499772071838,3.162337064743042,3.2900431156158447,3.1298699378967285,3.2727270126342773,109632,-0.033730264536295795,3.113790716443743,3.1647181431452434,0.04634824655738276,Medium Risk
2012-10-15,0.8768206238746643,3.214284896850586,3.2792201042175293,3.1385281085968018,3.162337064743042,117015,0.016427038308696185,3.1270868437630788,3.1712116400400796,0.046594521800669364,Medium Risk
2012-10-16,0.8892204761505127,3.259740114212036,3.354978084564209,3.1731600761413574,3.214284896850586,215130,0.014141626775519445,3.146876573562622,3.178859543800354,0.04664266743125066,Medium Risk
2012-10-17,0.9311423897743224,3.413419008255005,3.458873987197876,3.3333330154418945,3.259740114212036,282864,0.04714452338483954,3.2040811606815884,3.1946604092915853,0.044629416765707884,Medium Risk
2012-10-18,0.9193333983421326,3.370129108428955,3.463202953338623,3.316016912460327,3.413419008255005,141870,-0.012682269513750732,3.2690161636897495,3.210028378168742,0.041376325756772206,Medium Risk
2012-10-21,0.8998486399650574,3.298701047897339,3.370129108428955,3.2835490703582764,3.370129108428955,71198,-0.021194458204277455,3.2844768932887485,3.2230154116948446,0.028638136249852376,Medium Risk
2012-10-22,0.8998486399650574,3.298701047897339,3.354978084564209,3.257575035095215,3.298701047897339,84412,0.0,3.2881874697549,3.235208781560262,0.027158866881692514,Medium Risk
2012-10-23,0.911067008972168,3.3398261070251465,3.3917739391326904,3.2813849449157715,3.298701047897339,76872,0.012467046431510198,3.313543047223772,3.2437224864959715,0.022379463322126997,Medium Risk
2012-10-24,0.9246474504470824,3.3896100521087646,3.417747974395752,3.350649118423462,3.3398261070251465,41603,0.014906148849756162,3.3385894979749406,3.2486286878585817,0.022291716066834905,Medium Risk
2012-10-25,0.9246474504470824,3.3896100521087646,3.3896100521087646,3.3896100521087646,3.3896100521087646,0,0.0,3.357142346245902,3.255699388186137,0.02226475499153294,Medium Risk
2012-10-28,0.9246474504470824,3.3896100521087646,3.3896100521087646,3.3896100521087646,3.3896100521087646,0,0.0,3.353741066796439,3.260966356595357,0.01279077312323742,Low Risk
2012-10-30,0.9016194939613342,3.305193901062012,3.3571419715881348,3.2900431156158447,3.3419909477233887,244601,-0.024904384206152264,3.3444646086011613,3.2562044541041057,0.015258664720502165,Low Risk
2012-10-31,0.8850870132446289,3.2445878982543945,3.2965359687805176,3.21212100982666,3.305193901062012,307373,-0.01833659525637632,3.3367341586521695,3.2484843810399373,0.014708898031754541,Low Risk
2012-11-01,0.8774114847183228,3.2164499759674072,3.3008649349212646,3.181818008422852,3.2445878982543945,78345,-0.008672263834222371,3.324984005519322,3.2394656499226886,0.01485068569304571,Low Risk
2012-11-04,0.8585168123245239,3.147186040878296,3.2402589321136475,3.0454540252685547,3.2164499759674072,76488,-0.021534280217828994,3.297463996069772,3.2326114177703857,0.014306182152373547,Low Risk
2012-11-05,0.846707820892334,3.103895902633667,3.15584397315979,3.058440923690796,3.147186040878296,26689,-0.01375518882021598,3.256647689001901,3.227705216407776,0.00998554996145323,Low Risk
2012-11-06,0.8579263091087341,3.1450209617614746,3.1969690322875977,3.106060028076172,3.103895902633667,31568,0.013249496896114543,3.2217063903808594,3.2250356515248617,0.013409262859430494,Low Risk
2012-11-07,0.8543837666511536,3.1320340633392334,3.203463077545166,3.106060028076172,3.1450209617614746,105308,-0.004129351943958914,3.1849098205566406,3.2204901854197185,0.01294999674130653,Low Risk
2012-11-08,0.8543837666511536,3.1320340633392334,3.1320340633392334,3.1320340633392334,3.1320340633392334,0,0.0,3.160172700881958,3.2149346192677815,0.01192323776486249,Low Risk
2012-11-11,0.8543837666511536,3.1320340633392334,3.1320340633392334,3.1320340633392334,3.1320340633392334,0,0.0,3.1440935816083635,3.2080082178115843,0.01116034539006907,Low Risk
2012-11-12,0.8543837666511536,3.1320340633392334,3.1320340633392334,3.1320340633392334,3.1320340633392334,0,0.0,3.1320341655186246,3.2049779176712034,0.01116316710595155,Low Risk
2012-11-13,0.8697354197502136,3.1883111000061035,3.2424240112304688,3.1731600761413574,3.21212100982666,28958,0.01796820709123126,3.137909173965454,3.206853818893433,0.010640067541046232,Low Risk
2012-11-14,0.8856777548789978,3.246752977371216,3.2878780364990234,3.2359299659729004,3.2727270126342773,441824,0.01833004231142943,3.1583173274993896,3.212842281659444,0.00963290848015549,Low Risk
2012-11-18,0.8602880239486694,3.1536788940429688,3.170994997024536,3.106060028076172,3.246752977371216,54830,-0.02866682004357657,3.1595541749681746,3.214646013577779,0.015789938558400645,Low Risk
2012-11-19,0.8319463133811951,3.0497829914093018,3.0974020957946777,3.0303030014038086,3.1536788940429688,234331,-0.03294435043146515,3.147804021835327,3.2122650464375813,0.020307752463273303,Medium Risk
2012-11-20,0.8272227048873901,3.0324668884277344,3.119046926498413,3.006493091583252,3.0497829914093018,40609,-0.005677814792181546,3.133580139705113,3.2093068758646646,0.020252562068427998,Medium Risk
2012-11-21,0.8272227048873901,3.0324668884277344,3.119046926498413,3.006493091583252,3.0497829914093018,40609,0.0,3.119356257574899,3.2099562088648477,0.020252562068427998,Medium Risk
2012-11-22,0.8337181210517883,3.05627703666687,3.0649349689483643,3.04328989982605,3.069263935089112,70108,0.007851742200384093,3.1085338251931325,3.2146459738413493,0.02074995411629892,Medium Risk
2012-11-25,0.7557780146598816,2.770561933517456,2.954545021057129,2.751081943511963,3.05627703666687,207137,-0.09348468732435677,3.0488553728376115,3.2006488402684528,0.03761322392904351,Medium Risk
2012-11-26,0.6955522298812866,2.5497829914093018,2.6839818954467773,2.493505954742432,2.770561933517456,733545,-0.07968742349240943,2.9492882319859097,3.1765507062276206,0.03949871116248585,Medium Risk
2012-11-27,0.7091326117515564,2.59956693649292,2.6536788940429688,2.569263935089112,2.5497829914093018,445137,0.01952477730510771,2.8701293809073314,3.1577917019526165,0.04433085531854329,Medium Risk
2012-11-28,0.6672104001045227,2.4458870887756348,2.567099094390869,2.3809518814086914,2.59956693649292,808269,-0.059117480515664234,2.78385853767395,3.1321784416834513,0.046050606256290434,Medium Risk
2012-11-29,0.6979138851165771,2.558440923690796,2.619046926498413,2.465367078781128,2.4458870887756348,332538,0.046017592321280665,2.7161405427115306,3.10880180199941,0.05406479067513671,High Risk
2012-12-02,0.7132656574249268,2.614717960357666,2.651515007019043,2.562769889831543,2.558440923690796,141852,0.021996613697722323,2.6564621244158064,3.0821784337361655,0.056201062915373905,High Risk
2012-12-03,0.718579888343811,2.634198904037476,2.651515007019043,2.5974020957946777,2.614717960357666,164010,0.0074504952255520784,2.596165248325893,3.057647426923116,0.05616864413200311,High Risk
2012-12-04,0.736293375492096,2.699134111404419,2.7272720336914062,2.651515007019043,2.634198904037476,105654,0.024650836832182943,2.585961273738316,3.0376618623733522,0.04732573923958312,Medium Risk
2012-12-05,0.7132656574249268,2.614717960357666,2.6948049068450928,2.601731061935425,2.699134111404419,144837,-0.03127527109159811,2.5952376978737965,3.0148624261220296,0.036507251815642704,Medium Risk
2012-12-06,0.7014566659927368,2.571428060531616,2.6450209617614746,2.554111957550049,2.614717960357666,470223,-0.01655624066625072,2.5912178584507535,2.9892491579055784,0.03652647617670595,Medium Risk
2012-12-09,0.7297981381416321,2.675323963165283,2.7380950450897217,2.6277050971984863,2.571428060531616,18480,0.04040397016286268,2.6239945547921315,2.9654396216074628,0.02864169742598181,Medium Risk
2012-12-10,0.7297981381416321,2.675323963165283,2.675323963165283,2.675323963165283,2.675323963165283,0,0.0,2.6406921318599155,2.9416300853093467,0.02490179443070849,Medium Risk
2012-12-11,0.7297981381416321,2.675323963165283,2.675323963165283,2.675323963165283,2.675323963165283,0,0.0,2.6493501322610036,2.9178205490112306,0.024017130273462365,Medium Risk
2012-12-12,0.7014566659927368,2.571428060531616,2.571428060531616,2.571428060531616,2.571428060531616,0,-0.03883488656481948,2.640382868903024,2.8933616876602173,0.02867583675032154,Medium Risk
2012-12-13,0.7622733116149902,2.794372081756592,2.86796498298645,2.7294371128082275,2.757575035095215,121067,0.08670046992443736,2.6539882932390486,2.8783544937769574,0.04411395727679658,Medium Risk
2012-12-16,0.7929767370223999,2.906925916671753,2.9393930435180664,2.813852071762085,2.794372081756592,179708,0.040278757310088675,2.695732286998204,2.8680370251337686,0.04235237467895716,Medium Risk
2012-12-17,0.78116774559021,2.863636016845703,2.900432109832764,2.852813005447388,2.906925916671753,91660,-0.014891985921544948,2.737476280757359,2.8585853576660156,0.04214331881902472,Medium Risk
2012-12-18,0.7959288358688354,2.917747974395752,2.963202953338623,2.8571419715881348,2.863636016845703,54081,0.018896241432824645,2.7721082823617116,2.8523804267247517,0.04085193876822535,Medium Risk
2012-12-19,0.8065568804740906,2.9567089080810547,2.987011909484864,2.902596950531006,2.917747974395752,35343,0.013353083963110635,2.8123061316353932,2.8461033582687376,0.04044452139934858,Medium Risk
2012-12-20,0.8112806677818298,2.974025011062622,3.028137922286988,2.943722009658813,2.9567089080810547,72289,0.00585654642370792,2.854977709906442,2.8408363898595175,0.040140211079809994,Medium Risk
2012-12-23,0.7982905507087708,2.926405906677246,3.004328966140747,2.8831160068511963,2.974025011062622,26103,-0.016011669104410653,2.905688830784389,2.8339821179707845,0.035625534430814586,Medium Risk
2012-12-24,0.7977002859115601,2.9242420196533203,2.984848022460937,2.8333330154418945,2.926405906677246,53545,-0.0007394350247135195,2.92424167905535,2.8270557165145873,0.01982688227147327,Low Risk
2012-12-25,0.7988813519477844,2.9285709857940674,2.9415578842163086,2.86796498298645,2.9242420196533203,1863486,0.0014803720456968428,2.9273338317871094,2.8202736139297486,0.013175365907166817,Low Risk
2012-12-26,0.7912051677703857,2.900432109832764,2.961038112640381,2.8376619815826416,2.9285709857940674,170648,-0.009608398122428863,2.9325904164995467,2.810677647590637,0.012220970162984743,Low Risk
2012-12-27,0.8148232102394104,2.987011909484864,3.008657932281494,2.963202953338623,2.900432109832764,49692,0.029850655479431998,2.9424852643694197,2.8020196119944254,0.015119337147638464,Low Risk
2012-12-30,0.8071476817131042,2.958873987197876,3.025974035263061,2.9285709857940674,2.987011909484864,23552,-0.009420090424694938,2.9427945613861084,2.795526115099589,0.015084477662500038,Low Risk
2012-12-31,0.8461173176765442,3.101731061935425,3.199134111404419,3.008657932281494,2.958873987197876,286324,0.04828089177019601,2.961038282939366,2.7972577174504596,0.023762048953625256,Medium Risk
2013-01-02,0.8762305378913879,3.21212100982666,3.2359299659729004,3.175323963165283,3.101731061935425,40494,0.03558978702117188,3.001854726246425,2.803246188163757,0.02370460598036227,Medium Risk
2013-01-03,0.8638309240341187,3.166666030883789,3.2294371128082275,3.147186040878296,3.21212100982666,150196,-0.014151079241352726,3.036486727850778,2.8077194929122924,0.025531525850060785,Medium Risk
2013-01-06,0.8573359251022339,3.142857074737549,3.2337660789489746,3.116883039474488,3.166666030883789,133679,-0.007518619239931468,3.067099026271275,2.8106054941813152,0.026346450120711993,Medium Risk
2013-01-08,0.8821349740028381,3.2337660789489746,3.294372081756592,3.1904759407043457,3.142857074737549,96835,0.028925592876035466,3.114718164716448,2.8260456323623657,0.02547251246250548,Medium Risk
2013-01-09,0.8821349740028381,3.2337660789489746,3.2900431156158447,3.1839818954467773,3.2337660789489746,57241,0.0,3.149968760354178,2.8488450686136884,0.025252660287859382,Medium Risk
2013-01-10,0.8839061260223389,3.2402589321136475,3.2792201042175293,3.170994997024536,3.2337660789489746,204079,0.0020078301912249685,3.19016660962786,2.8702014684677124,0.02400012547082772,Medium Risk
2013-01-13,0.8809541463851929,3.2294371128082275,3.246752977371216,3.1774890422821045,3.2402589321136475,93277,-0.003339800778933699,3.2084103311811174,2.896319802602132,0.018837431182544526,Low Risk
2013-01-14,0.8821349740028381,3.2337660789489746,3.246752977371216,3.1926400661468506,3.2294371128082275,70177,0.001340470797086546,3.2115024839128767,2.918830641110738,0.013558000958299602,Low Risk
2013-01-15,0.8608787655830383,3.15584397315979,3.1688311100006104,3.1406919956207275,3.2337660789489746,63483,-0.024096395313327856,3.209956475666591,2.936868174870809,0.01575759909817984,Low Risk
2013-01-16,0.868554413318634,3.1839818954467773,3.2207789421081543,3.15584397315979,3.15584397315979,25562,0.008916132269623622,3.215831450053624,2.955194274584452,0.01574156991849868,Low Risk
2013-01-17,0.8608787655830383,3.15584397315979,3.2251079082489014,3.1298699378967285,3.1839818954467773,396839,-0.008837337400449896,3.2046997206551686,2.970417936642965,0.01058982687634988,Low Risk
2013-01-20,0.8537934422492981,3.1298699378967285,3.15584397315979,3.116883039474488,3.15584397315979,251554,-0.008230456094778016,3.1898574147905623,2.9875896692276003,0.010602444632565737,Low Risk
2013-01-21,0.8579263091087341,3.1450209617614746,3.160172939300537,3.1277050971984863,3.1298699378967285,85645,0.004840783855359687,3.1762519904545377,3.006709432601929,0.010945482116081571,Low Risk
2013-01-22,0.8815443515777588,3.2316009998321533,3.246752977371216,3.1969690322875977,3.1450209617614746,93116,0.02752924038451776,3.176561117172241,3.0252520004908243,0.016272452261959766,Low Risk
2013-01-23,0.901029407978058,3.303030014038086,3.354978084564209,3.2337660789489746,3.2316009998321533,245317,0.022103290044050095,3.1864559650421143,3.0461755355199176,0.018281385364933032,Low Risk
2013-01-27,0.8797731995582581,3.2251079082489014,3.246752977371216,3.1385281085968018,3.303030014038086,18249,-0.023591098312158998,3.1963508129119873,3.064501667022705,0.018156324928557767,Low Risk
2013-01-28,0.8803634643554688,3.2272720336914062,3.246752977371216,3.207792043685913,3.2251079082489014,47239,0.0006710241964213992,3.2025351183755055,3.086363132794698,0.01799398684732388,Low Risk
2013-01-29,0.8886297941207886,3.257575035095215,3.309523105621338,3.151515007019043,3.2272720336914062,172732,0.009389664424770405,3.2170681272234236,3.1018032312393187,0.017463638666643612,Low Risk
2013-01-30,0.9016194939613342,3.305193901062012,3.322510004043579,3.270561933517456,3.257575035095215,60032,0.014617887678343378,3.242114407675607,3.115078830718994,0.016771434506889556,Low Risk
2013-01-31,0.9335039854049684,3.422076940536499,3.484848022460937,3.3203461170196533,3.305193901062012,275499,0.035363444013656986,3.281693833214896,3.133693528175354,0.019566993218913305,Low Risk
2013-02-03,0.9653885960578918,3.5389609336853027,3.6450209617614746,3.419913053512573,3.422076940536499,150320,0.034155863582213675,3.3256023951939175,3.154400626818339,0.020561738414372723,Medium Risk
2013-02-04,0.9482653737068176,3.476190090179444,3.5844149589538574,3.393939018249512,3.5389609336853027,261995,-0.01773708291277809,3.3503395489283974,3.1717166662216187,0.023062682213410877,Medium Risk
2013-02-05,0.9494464993476868,3.4805190563201904,3.5389609336853027,3.476190090179444,3.476190090179444,78235,0.0012453191650756423,3.3868268557957246,3.1885998010635377,0.01903086947856149,Low Risk
2013-02-06,0.9435418844223022,3.458873987197876,3.484848022460937,3.450216054916382,3.4805190563201904,276248,-0.0062189198714512894,3.419912849153792,3.206348737080892,0.01982194002129542,Low Risk
2013-02-07,0.9429513216018676,3.4567089080810547,3.484848022460937,3.4458870887756348,3.458873987197876,204120,-0.0006259491166300535,3.448360545294626,3.2240976333618163,0.02024022124286,Medium Risk
2013-02-10,0.9459036588668824,3.46753191947937,3.484848022460937,3.465367078781128,3.4567089080810547,73767,0.003131016144580112,3.4715516907828197,3.2420629978179933,0.020144541969198262,Medium Risk
2013-02-11,0.9760169386863708,3.577922105789185,3.59956693649292,3.528137922286988,3.46753191947937,277500,0.03183537711352624,3.4938152858189175,3.2646459976832074,0.019346250515455937,Low Risk
2013-02-12,1.003767967224121,3.6796529293060303,3.709955930709839,3.508657932281494,3.577922105789185,285423,0.028432934119007713,3.5139141423361644,3.287734031677246,0.018063127484559887,Low Risk
2013-02-13,1.003177523612976,3.677489042282105,3.6904759407043457,3.59956693649292,3.6796529293060303,172155,-0.000588068240537365,3.5426711354936873,3.3116878668467202,0.015303009311379245,Low Risk
2013-02-14,1.0055392980575562,3.686146974563599,3.718614101409912,3.6688311100006095,3.677489042282105,24093,0.0023543053920620505,3.572046552385603,3.3311683972676596,0.01522487597883194,Low Risk
2013-02-17,1.0043586492538452,3.681818008422852,3.703463077545166,3.6796529293060303,3.686146974563599,30270,-0.0011743878284341536,3.603895698274885,3.3468249638875327,0.014524649539595223,Low Risk
2013-02-18,0.9943206906318665,3.6450209617614746,3.658008098602295,3.636363029479981,3.681818008422852,29198,-0.00999426005772075,3.630797420229231,3.362770128250122,0.01592877575099821,Low Risk
2013-02-19,0.9760169386863708,3.577922105789185,3.634198904037476,3.5389609336853027,3.6450209617614746,24610,-0.018408359424046727,3.6465674468449185,3.377272295951843,0.01878583163382132,Low Risk
2013-02-20,0.9748359322547911,3.5735929012298584,3.61255407333374,3.571428060531616,3.577922105789185,693,-0.0012099773084276455,3.645948989050729,3.3885998566945394,0.014467590923323125,Low Risk
2013-02-21,0.9754263162612916,3.575757026672364,3.61255407333374,3.567099094390869,3.577922105789185,32081,0.0006055881300193189,3.6311067172459195,3.3999995549519855,0.00744429961556729,Low Risk
2013-02-24,0.9630269408226012,3.5303030014038086,3.5497829914093018,3.5216450691223145,3.575757026672364,15791,-0.01271172088301975,3.6100801399775913,3.409667690594991,0.007898552056109778,Low Risk
2013-02-25,0.9665696620941162,3.54328989982605,3.571428060531616,3.46753191947937,3.5303030014038086,38794,0.00367869228705775,3.5896719864436557,3.4201294501622517,0.008138406208683766,Low Risk
2013-02-26,0.9677505493164062,3.547619104385376,3.62337589263916,3.512986898422241,3.54328989982605,37500,0.001221803657538434,3.5705007144383023,3.4305912176767985,0.008401810557667599,Low Risk
2013-02-27,0.9618459939956664,3.525974035263061,3.571428060531616,3.463202953338623,3.547619104385376,43095,-0.006101294554299419,3.553494010652815,3.4429288864135743,0.008161598001371657,Low Risk
2013-02-28,0.9559414386749268,3.504328966140747,3.510822057723999,3.487011909484864,3.525974035263061,8154,-0.006138748869345845,3.5429807049887523,3.453607122103373,0.005662793183818917,Low Risk
2013-03-03,0.9671600461006165,3.5454540252685547,3.5497829914093018,3.5173161029815674,3.504328966140747,12589,0.011735501867879083,3.5389608655657088,3.466594123840332,0.00796994140213325,Low Risk
2013-03-04,0.9270094037055968,3.398267984390259,3.506493091583252,3.354978084564209,3.5454540252685547,227133,-0.04151401762067608,3.5136052880968367,3.4755407253901165,0.017116969086471766,Low Risk
2013-03-05,0.9152002334594728,3.354978084564209,3.3571419715881348,3.354978084564209,3.398267984390259,14811,-0.012738812837863156,3.4885588714054654,3.4825392961502075,0.017118447523748286,Low Risk
2013-03-06,0.916381299495697,3.359307050704956,3.359307050704956,3.359307050704956,3.354978084564209,2310,0.0012903113020810153,3.462275607245309,3.486796164512634,0.016889556090401003,Low Risk
2013-03-07,0.9523985981941224,3.491341114044189,3.571428060531616,3.463202953338623,3.354978084564209,100803,0.03930395803251319,3.4542358943394254,3.4930732011795045,0.024549721172015534,Medium Risk
2013-03-10,0.9364564418792723,3.4328999519348145,3.463202953338623,3.415584087371826,3.491341114044189,8357,-0.01673888634779641,3.4409395967211043,3.4999996026357016,0.02516573666612205,Medium Risk
2013-03-11,0.946494162082672,3.469696044921875,3.571428060531616,3.443722009658813,3.4328999519348145,30861,0.01071866162785251,3.43599203654698,3.5080804030100503,0.025677309630318137,Medium Risk
2013-03-12,0.940589427947998,3.4480509757995605,3.463202953338623,3.4415578842163086,3.469696044921875,22217,-0.006238318527639786,3.422077315194266,3.5144296010335285,0.025067233124045157,Medium Risk
2013-03-13,0.921695113182068,3.378787040710449,3.398267984390259,3.354978084564209,3.4480509757995605,7392,-0.020087851245601085,3.4192943232400075,3.5168827056884764,0.020588753256910383,Medium Risk
2013-03-14,0.9299615025520324,3.409090042114258,3.419913053512573,3.398267984390259,3.378787040710449,5996,0.008968603536918085,3.4270246028900146,3.516449809074402,0.02009177444984944,Medium Risk
2013-03-17,0.9346848130226136,3.426405906677246,3.463202953338623,3.402596950531006,3.409090042114258,9115,0.005079321563548067,3.436610153743199,3.5126979748408,0.020106060225721662,Medium Risk
2013-03-18,0.9417703747749328,3.452379941940308,3.463202953338623,3.354978084564209,3.426405906677246,7992,0.007580548239321194,3.431044272014073,3.511904303232829,0.01281150478956733,Low Risk
2013-03-19,0.9335039854049684,3.422076940536499,3.461038112640381,3.419913053512573,3.452379941940308,75721,-0.008777423665246475,3.4294981275285994,3.5099562327067058,0.01152523239065662,Low Risk
2013-03-20,0.9335039854049684,3.422076940536499,3.458873987197876,3.400432109832764,3.422076940536499,38817,0.0,3.4226953983306885,3.50872966448466,0.010466150064946604,Low Risk
2013-03-21,0.9323232173919678,3.417747974395752,3.461038112640381,3.409090042114258,3.422076940536499,27960,-0.0012650113413488207,3.418366398130144,3.5074309666951495,0.010291901543504681,Low Risk
2013-03-24,0.9423611164093018,3.454545021057129,3.461038112640381,3.378787040710449,3.417747974395752,1473,0.010766459942934459,3.4291889667510986,3.506998070081075,0.006914764841033689,Low Risk
2013-03-25,0.9435418844223022,3.458873987197876,3.463202953338623,3.402596950531006,3.417747974395752,63460,0.0012531219348308476,3.436300958905901,3.503029799461365,0.006439313842885629,Low Risk
2013-03-26,0.9275994896888732,3.400432109832764,3.415584087371826,3.398267984390259,3.458873987197876,55740,-0.01689621465870661,3.4325904164995467,3.493722438812256,0.009410842733262316,Low Risk
2013-03-27,0.9270094037055968,3.398267984390259,3.398267984390259,3.3722939491271973,3.400432109832764,52834,-0.0006364265989159401,3.4248601368495395,3.484415070215861,0.008635680569743003,Low Risk
2013-03-28,0.9370468258857728,3.43506407737732,3.5173161029815674,3.365799903869629,3.398267984390259,58285,0.010827896197734166,3.4267154421125143,3.4760456403096516,0.00930837132474888,Low Risk
2013-03-31,0.9317328333854676,3.415584087371826,3.463202953338623,3.36796498298645,3.43506407737732,36040,-0.005670924782389064,3.4257878916604185,3.4671711762746176,0.009609037735950387,Low Risk
2013-04-01,0.9211047887802124,3.3766229152679443,3.398267984390259,3.3484840393066406,3.415584087371826,65844,-0.011406884183566168,3.4199128832135886,3.458224574724833,0.010512904973963273,Low Risk
2013-04-02,0.9122479557991028,3.3441550731658936,3.3852810859680176,3.266232967376709,3.3766229152679443,10348,-0.009615477628621805,3.404142890657698,3.4504323403040567,0.009235989037179045,Low Risk
2013-04-03,0.8927631378173828,3.2727270126342773,3.31168794631958,3.257575035095215,3.3441550731658936,159015,-0.021359075452202503,3.377550465720041,3.4404034773508707,0.010690649782139485,Low Risk
2013-04-04,0.8974867463111877,3.2900431156158447,3.354978084564209,3.2489171028137207,3.2727270126342773,67622,0.005291031887083575,3.3617806094033376,3.4308796803156536,0.010840087965618373,Low Risk
2013-04-07,0.9323232173919678,3.417747974395752,3.417747974395752,3.415584087371826,3.2900431156158447,1016,0.038815557818610236,3.364563465118408,3.4271278460820516,0.01981608588769289,Low Risk
2013-04-08,0.930551826953888,3.4112548828125,3.4567089080810547,3.3354969024658203,3.2900431156158447,62222,-0.0018998157944632998,3.361162151609148,3.4227266788482664,0.01934043346153915,Low Risk
2013-04-09,0.9423611164093018,3.454545021057129,3.463202953338623,3.4242420196533203,3.4112548828125,80646,0.01269038513150833,3.3667279992784773,3.4196242094039917,0.01981457641033145,Low Risk
2013-04-10,0.9459036588668824,3.46753191947937,3.52380895614624,3.4285709857940674,3.454545021057129,41811,0.0037593658044923206,3.3797149998801097,3.4176761388778685,0.018941259393662296,Low Risk
2013-04-11,0.9553508162498474,3.502163887023926,3.55627703666687,3.463202953338623,3.46753191947937,90746,0.009987497836719372,3.402287687574114,3.4176039695739746,0.01802766997516568,Low Risk
2013-04-14,0.95339834690094,3.170994997024536,3.246752977371216,3.160172939300537,3.502163887023926,319200,-0.09456122005781142,3.3877545424870084,3.405122001965841,0.042148641145226914,Medium Risk
2013-04-15,0.9403827786445618,3.1277050971984863,3.1904759407043457,2.943722009658813,3.170994997024536,71281,-0.013651834792130058,3.3645633969988142,3.3961032390594483,0.04208303942732152,Medium Risk
2013-04-16,0.9254150390625,3.077922105789185,3.1363630294799805,3.05627703666687,3.1277050971984863,35042,-0.015916779191840202,3.316016844340733,3.3868680397669473,0.03706554876717421,Medium Risk
2013-04-17,0.928668737411499,3.0887439250946045,3.1320340633392334,3.062769889831543,3.077922105789185,20448,0.0035159497003076634,3.2699438503810336,3.377849268913269,0.037420576815162435,Medium Risk
2013-04-18,0.938430666923523,3.1212120056152344,3.1385281085968018,3.062769889831543,3.0887439250946045,41127,0.010511742413102487,3.222324848175049,3.3655116319656373,0.0371751443188045,Medium Risk
2013-04-21,0.931922733783722,3.09956693649292,3.209955930709839,3.0844149589538574,3.1212120056152344,14820,-0.006934828228064571,3.1697584220341275,3.3544005314509073,0.03654941212613583,Medium Risk
2013-04-22,0.931922733783722,3.09956693649292,3.095237970352173,3.0887439250946045,3.09956693649292,323,0.0,3.112244571958269,3.3420628945032758,0.035580153133265846,Medium Risk
2013-04-23,0.923462450504303,3.071428060531616,3.0735929012298584,3.058440923690796,3.09956693649292,2818,-0.00907832498469674,3.0980207238878523,3.3295087973276773,0.009581630145647668,Low Risk
2013-04-24,0.9241133332252502,3.0735929012298584,3.114717960357666,3.051948070526123,3.09956693649292,77555,0.0007048319724822782,3.0902904101780484,3.319335659344991,0.008803001231078546,Low Risk
2013-04-28,0.9241133332252502,3.0735929012298584,3.0735929012298584,3.0735929012298584,3.0735929012298584,0,0.0,3.089671952383859,3.308152421315511,0.006501653107279707,Low Risk
2013-04-29,0.9247640371322632,3.075757026672364,3.0844149589538574,3.069263935089112,3.067099094390869,21224,0.0007041028243004455,3.0878166811806813,3.296464125315348,0.006319341760330369,Low Risk
2013-04-30,0.9176056385040284,3.051948070526123,3.054111957550049,3.051948070526123,3.075757026672364,14959,-0.007740844266882707,3.0779218333108083,3.2831163962682086,0.004473853924239077,Low Risk
2013-05-02,0.938430666923523,3.1212120056152344,3.1536788940429688,3.0649349689483643,3.051948070526123,9466,0.022694991359132555,3.0810139860425676,3.273087565104167,0.010414819078169501,Low Risk
2013-05-07,0.972921907901764,3.2359299659729004,3.257575035095215,3.160172939300537,3.1212120056152344,88560,0.036754299339898155,3.100494418825422,3.2668826659520467,0.01699121202699352,Low Risk
2013-05-08,0.9911439418792723,3.2965359687805176,3.354978084564209,3.2445878982543945,3.2359299659729004,129928,0.018729083584908768,3.132652691432408,3.2628422657648724,0.016021946331589546,Low Risk
2013-05-09,1.004810452461243,3.3419909477233887,3.3766229152679443,3.2489171028137207,3.2965359687805176,19690,0.013788710140992588,3.1709952695029124,3.259090463320414,0.015474779497194285,Low Risk
2013-05-12,1.0087151527404783,3.354978084564209,3.365799903869629,3.259740114212036,3.3419909477233887,190879,0.0038860478810294197,3.211193152836391,3.2556272665659587,0.015030295652197446,Low Risk
2013-05-13,1.0002548694610596,3.326838970184326,3.354978084564209,3.2683980464935303,3.354978084564209,64449,-0.008387272187960648,3.2470620019095287,3.253174161911011,0.01655397968393194,Low Risk
2013-05-14,1.0087151527404783,3.354978084564209,3.354978084564209,3.352813005447388,3.326838970184326,3234,0.008458213527035685,3.290352003914969,3.2517311652501424,0.014429989780158041,Low Risk
2013-05-15,1.009365797042847,3.3571419715881348,3.3766229152679443,3.246752977371216,3.354978084564209,206403,0.0006449779907300446,3.3240562847682407,3.249133761723836,0.01454627925094688,Low Risk
2013-05-16,1.009365797042847,3.3571419715881348,3.409090042114258,3.303030014038086,3.3571419715881348,299704,0.0,3.3413722855704173,3.2471856911977133,0.009142142829906996,Low Risk
2013-05-19,1.0067628622055054,3.3484840393066406,3.354978084564209,3.31168794631958,3.3571419715881348,268606,-0.00257895923221807,3.3487934385027205,3.24624772866567,0.0072854747951051025,Low Risk
2013-05-20,0.9878900051116944,3.2857139110565186,3.322510004043579,3.2683980464935303,3.3484840393066406,90080,-0.018745834686170304,3.3407538618360246,3.2442996899286904,0.008902359287999081,Low Risk
2013-05-21,0.972921907901764,3.2359299659729004,3.2683980464935303,3.203463077545166,3.2857139110565186,203538,-0.015151637187916345,3.323746987751552,3.2430731217066446,0.00955026546308689,Low Risk
2013-05-22,0.9579538702964784,3.186146974563598,3.266232967376709,3.0974020957946777,3.2359299659729004,122804,-0.015384446490743109,3.303648131234305,3.2396099170049033,0.010288292531078602,Low Risk
2013-05-23,0.9527478218078612,3.1688311100006104,3.203463077545166,3.114717960357666,3.186146974563598,90542,-0.0054347350267354155,3.277055706296648,3.2313126881917316,0.008121908276724401,Low Risk
2013-05-26,0.9520968198776244,3.166666030883789,3.1796529293060303,3.1385281085968018,3.1688311100006104,3024598,-0.0006832421929929833,3.249844857624599,3.2231597264607745,0.00789612489618018,Low Risk
2013-05-27,0.9520968198776244,3.166666030883789,3.1796529293060303,3.1385281085968018,3.166666030883789,94021,0.0,3.2226340089525496,3.2135637601216636,0.00789612489618018,Low Risk
2013-05-28,0.9579538702964784,3.186146974563598,3.1926400661468506,3.151515007019043,3.166666030883789,128708,0.00615187818665297,3.1994429997035434,3.2041842619578045,0.009478285360244516,Low Risk
2013-05-29,0.9579538702964784,3.186146974563598,3.203463077545166,3.1493499279022217,3.186146974563598,176460,0.0,3.1852191516331265,3.1936503648757935,0.008177104159706865,Low Risk
2013-05-30,0.9442875385284424,3.1406919956207275,3.181818008422852,3.1277050971984863,3.186146974563598,92848,-0.014266441349302994,3.171613727297102,3.192640264829,0.007986988341544397,Low Risk
2013-06-02,0.9560015797615052,3.1796529293060303,3.181818008422852,3.1493499279022217,3.1406919956207275,114220,0.012405206795072177,3.1706860065460205,3.1943718592325845,0.008414196863849328,Low Risk
2013-06-03,0.9501447677612304,3.160172939300537,3.164501905441284,3.1493499279022217,3.1796529293060303,285779,-0.0061264516721152296,3.169449125017439,3.197113553682963,0.008488814437380539,Low Risk
2013-06-04,0.9475417137145996,3.151515007019043,3.162337064743042,3.12337589263916,3.160172939300537,1004956,-0.002739702050423398,3.1672846930367604,3.199205923080444,0.008537317406123079,Low Risk
2013-06-05,0.9449384212493896,3.142857074737549,3.160172939300537,3.1298699378967285,3.151515007019043,728661,-0.002747228638356858,3.1638834135872975,3.1999274253845216,0.008565360419876983,Low Risk
2013-06-06,0.9481921792030334,3.1536788940429688,3.170994997024536,3.110388994216919,3.142857074737549,593101,0.003443306217265185,3.159245116370065,3.2017311573028566,0.008241037467464048,Low Risk
2013-06-09,0.9442875385284424,3.1406919956207275,3.160172939300537,2.989176988601685,3.1536788940429688,361750,-0.00411801545387902,3.152751547949655,3.2031019926071167,0.008268626104285134,Low Risk
2013-06-10,0.8863676190376282,2.9480509757995605,3.019479990005493,2.9112548828125,3.1406919956207275,124767,-0.061337125732093156,3.1252314022609164,3.198989423116048,0.024021241944923104,Medium Risk
2013-06-11,0.911097764968872,3.0303030014038086,3.0303030014038086,2.991341114044189,2.9480509757995605,138974,0.027900476036354815,3.103895698274885,3.19754642645518,0.026843378312561686,Medium Risk
2013-06-12,0.8889708518981934,2.9567089080810547,3.051948070526123,2.8809518814086914,3.0303030014038086,294589,-0.02428605102811865,3.074829408100673,3.1936502933502195,0.02766263911806608,Medium Risk
2013-06-13,0.9097960591316224,3.025974035263061,3.0303030014038086,2.950216054916382,2.9567089080810547,302914,0.02342642760425151,3.056894983564104,3.191990860303243,0.030310650990389456,Medium Risk
2013-06-16,0.8792091608047485,2.9242420196533203,2.9285709857940674,2.922076940536499,3.025974035263061,15786,-0.03361959303821216,3.0256642614092146,3.1877339919408163,0.032057982613765135,Medium Risk
2013-06-17,0.8980816006660461,2.987011909484864,3.0216450691223145,2.976190090179444,2.9242420196533203,6237,0.021465353896728878,3.0018546921866283,3.1832606554031373,0.03396560758018569,Medium Risk
2013-06-18,0.8980816006660461,2.987011909484864,2.987011909484864,2.987011909484864,2.987011909484864,48510,0.0,2.979900394167219,3.174963386853536,0.034063891116275634,Medium Risk
2013-06-19,0.8844152688980103,2.9415578842163086,2.9567089080810547,2.922076940536499,2.987011909484864,9799,-0.01521722264455061,2.9789728096553256,3.163130784034729,0.024965419591377602,Medium Risk
2013-06-20,0.8798596858978271,2.926405906677246,2.9415578842163086,2.922076940536499,2.9415578842163086,80466,-0.005151004377770163,2.964130367551531,3.149277949333191,0.02171232409758899,Medium Risk
2013-06-23,0.8798596858978271,2.926405906677246,2.926405906677246,2.922076940536499,2.926405906677246,19205,0.0,2.959801367350987,3.1349922100702923,0.019942053441914305,Low Risk
2013-06-24,0.8941770792007446,2.974025011062622,2.9956700801849365,2.943722009658813,2.926405906677246,27613,0.016272214417255793,2.9523800781794955,3.1232317447662354,0.01860195215563667,Low Risk
2013-06-25,0.9097960591316224,3.025974035263061,3.0303030014038086,3.02380895614624,2.974025011062622,56308,0.017467581478703753,2.9669132232666016,3.112264943122864,0.013634432312525896,Low Risk
2013-06-26,0.8993832468986511,2.991341114044189,3.019479990005493,2.989176988601685,3.025974035263061,11550,-0.011445214273248516,2.967531681060791,3.100071581204732,0.012638966765115483,Low Risk
2013-06-27,0.9097960591316224,3.025974035263061,3.0454540252685547,2.987011909484864,2.991341114044189,177297,0.011577723802969953,2.973097699029105,3.0890326499938965,0.013335311810140702,Low Risk
2013-06-30,0.9078435897827148,3.019479990005493,3.0303030014038086,2.96753191947937,3.025974035263061,61815,-0.002146100786685534,2.98422942842756,3.078065848350525,0.011292954793548929,Low Risk
2013-07-02,0.938430666923523,3.1212120056152344,3.160172939300537,3.0303030014038086,3.019479990005493,109558,0.033691899249697066,3.0120588711329868,3.072582451502482,0.015073854951300722,Low Risk
2013-07-03,0.9358274340629578,3.11255407333374,3.1385281085968018,2.987011909484864,3.1212120056152344,21252,-0.002773900736610768,3.038651466369629,3.0684699217478433,0.015393551629859501,Low Risk
2013-07-04,1.0282386541366575,3.419913053512573,3.422076940536499,3.214284896850586,3.11255407333374,414432,0.09874815760216893,3.102349758148193,3.076262124379476,0.03755051046668699,Medium Risk
2013-07-07,0.9846360087394714,3.274890899658203,3.4047610759735107,3.214284896850586,3.419913053512573,112728,-0.042405216619591624,3.1379093102046416,3.079797450701396,0.04457899985338611,Medium Risk
2013-07-08,0.945589005947113,3.1450209617614746,3.170994997024536,3.0865800380706787,3.274890899658203,102855,-0.03965626394158139,3.159863574164254,3.0790759483973185,0.04819884877611879,Medium Risk
2013-07-09,0.9813820719718932,3.264069080352783,3.352813005447388,3.1926400661468506,3.1450209617614746,25807,0.03785288557333866,3.193877152034214,3.0823227167129517,0.04951559151161813,Medium Risk
2013-07-10,1.0002548694610596,3.326838970184326,3.3852810859680176,3.246752977371216,3.264069080352783,47257,0.01923056414748392,3.2377855777740474,3.087012449900309,0.049162751460194255,Medium Risk
2013-07-11,1.0262861251831057,3.413419008255005,3.458873987197876,3.2857139110565186,3.326838970184326,171965,0.026024715607404936,3.2795294352940147,3.0945881843566894,0.048759499733215424,Medium Risk
2013-07-14,1.0275877714157104,3.417747974395752,3.4307351112365723,3.365799903869629,3.413419008255005,240928,0.0012682199666311789,3.3231285640171597,3.1038233836491904,0.04855317353673104,Medium Risk
2013-07-15,1.0132704973220823,3.370129108428955,3.426405906677246,3.354978084564209,3.417747974395752,68468,-0.01393281960037318,3.316016571862357,3.1101725896199546,0.03169440696817481,Medium Risk
2013-07-16,1.0295404195785522,3.4242420196533203,3.4458870887756348,3.354978084564209,3.370129108428955,196830,0.016056628539548923,3.337352446147374,3.1189748922983807,0.026434285454159472,Medium Risk
2013-07-17,1.0113182067871094,3.363636016845703,3.387444972991944,3.354978084564209,3.4242420196533203,55490,-0.017699100256281852,3.3685831683022633,3.126045592625936,0.020698306939661782,Medium Risk
2013-07-18,1.0236830711364746,3.4047610759735107,3.409090042114258,3.3852810859680176,3.363636016845703,59639,0.012226370190426605,3.38868202481951,3.134775726000468,0.016818134200493516,Low Risk
2013-07-21,1.0256356000900269,3.4112548828125,3.4328999519348145,3.387444972991944,3.4047610759735107,91947,0.0019072724029931543,3.4007414409092496,3.1433615922927856,0.01582057252782868,Low Risk
2013-07-22,1.0360480546951294,3.4458870887756348,3.461038112640381,3.387444972991944,3.4112548828125,137583,0.010152336061907352,3.405379738126482,3.153534762064616,0.012966440943231936,Low Risk
2013-07-24,1.023032307624817,3.402596950531006,3.413419008255005,3.361470937728882,3.4458870887756348,86181,-0.012562842928208195,3.403215306145804,3.168686294555664,0.014006509356653008,Low Risk
2013-07-25,1.0249847173690796,3.409090042114258,3.4415578842163086,3.365799903869629,3.402596950531006,58267,0.0019082752608234888,3.4087811538151334,3.1813125292460125,0.012703006382122942,Low Risk
2013-07-28,1.0191278457641602,3.3896100521087646,3.409090042114258,3.378787040710449,3.409090042114258,36960,-0.005714131854790194,3.403833729880197,3.1957425673802695,0.011179583973008143,Low Risk
2013-07-29,1.0204293727874756,3.393939018249512,3.419913053512573,3.3766229152679443,3.3896100521087646,7706,0.001277128069069322,3.4081627300807407,3.208008066813151,0.008562163934657054,Low Risk
2013-07-30,1.0204293727874756,3.393939018249512,3.419913053512573,3.3766229152679443,3.393939018249512,93421,0.0,3.406616721834456,3.223664633433024,0.007084528381403876,Low Risk
2013-07-31,1.0249847173690796,3.409090042114258,3.443722009658813,3.387444972991944,3.393939018249512,57750,0.004464141454303405,3.406307458877564,3.237733904520671,0.007288291265377643,Low Risk
2013-08-01,1.0477622747421265,3.484848022460937,3.512986898422241,3.463202953338623,3.409090042114258,35296,0.022222346553127492,3.4118733065468922,3.2543284416198732,0.01072616837673842,Low Risk
2013-08-04,1.0412544012069702,3.463202953338623,3.465367078781128,3.463202953338623,3.484848022460937,18041,-0.006211194572275369,3.420531306947981,3.271716610590617,0.009524116262955722,Low Risk
2013-08-05,1.0412544012069702,3.463202953338623,3.465367078781128,3.463202953338623,3.463202953338623,54825,0.0,3.4282617228371755,3.289609845479329,0.009573190567181365,Low Risk
2013-08-06,1.0510159730911257,3.4956700801849365,3.512986898422241,3.463202953338623,3.463202953338623,78170,0.009374884257076,3.443413155419486,3.3085853179295857,0.009160095517636089,Low Risk
2013-08-07,1.0419050455093384,3.465367078781128,3.46753191947937,3.463202953338623,3.4956700801849365,101727,-0.008668724653273174,3.4536171640668596,3.3249633868535358,0.010418589182956597,Low Risk
2013-08-11,1.0419050455093384,3.465367078781128,3.465367078781128,3.465367078781128,3.465367078781128,0,0.0,3.4638211727142334,3.3396098216374717,0.010418589182956597,Low Risk
2013-08-12,1.0432066917419434,3.469696044921875,3.493505954742432,3.463202953338623,3.465367078781128,26722,0.0012492085376045736,3.4724791731153215,3.355554986000061,0.010415482834655395,Low Risk
2013-08-13,1.0516667366027832,3.4978349208831787,3.560606002807617,3.465367078781128,3.469696044921875,30736,0.008109896543383677,3.4743344443184987,3.371283682187398,0.006668622351318227,Low Risk
2013-08-14,1.0406033992767334,3.461038112640381,3.465367078781128,3.4415578842163086,3.4978349208831787,72113,-0.010519881319472568,3.474025181361607,3.386002286275228,0.007538839031474933,Low Risk
2013-08-15,1.0406033992767334,3.461038112640381,3.461038112640381,3.461038112640381,3.461038112640381,0,0.0,3.4737159184047153,3.397329823176066,0.007538839031474933,Low Risk
2013-08-18,1.0210798978805542,3.396102905273437,3.4415578842163086,3.2489171028137207,3.461038112640381,150205,-0.018761771830765994,3.4594920362745007,3.4067814509073893,0.009021913979370112,Low Risk
2013-08-19,0.9852869510650636,3.2770559787750244,3.3333330154418945,3.246752977371216,3.396102905273437,72307,-0.03505398093607759,3.4325904505593434,3.4020195484161375,0.014871731588612522,Low Risk
2013-08-20,1.0087151527404783,3.354978084564209,3.354978084564209,3.354978084564209,3.2770559787750244,16165,0.02377808200222198,3.416820594242641,3.4046891212463377,0.019083730761490017,Low Risk
2013-08-21,1.004810452461243,3.3419909477233887,3.3571419715881348,3.294372081756592,3.354978084564209,77754,-0.0038710049703669647,3.3985770089285716,3.4112547874450683,0.018926043940065182,Low Risk
2013-08-22,1.0269372463226318,3.415584087371826,3.4285709857940674,3.354978084564209,3.3419909477233887,97190,0.022020747751746672,3.386826889855521,3.4163052876790365,0.021154269746924696,Medium Risk
2013-08-25,1.0301909446716309,3.426405906677246,3.4393930435180664,3.361470937728882,3.415584087371826,59967,0.003168365652431282,3.3818794318607877,3.419624185562134,0.02099705479012836,Medium Risk
2013-08-26,1.021730661392212,3.398267984390259,3.463202953338623,3.354978084564209,3.426405906677246,310071,-0.008212080837285862,3.372912270682199,3.419119151433309,0.021144752328111468,Medium Risk
2013-08-27,1.0106672048568726,3.361470937728882,3.4285709857940674,3.354978084564209,3.398267984390259,33929,-0.010828176833140302,3.3679648467472623,3.41724325021108,0.020319270780008686,Medium Risk
2013-08-28,0.9970011115074158,3.316016912460327,3.3852810859680176,3.3008649349212646,3.361470937728882,34155,-0.013522064034045989,3.373530694416591,3.415439510345459,0.015386276809710116,Low Risk
2013-08-29,1.0087151527404783,3.354978084564209,3.3571419715881348,3.350649118423462,3.316016912460327,29106,0.011749388839809694,3.373530694416591,3.4131307125091555,0.013009497386605381,Low Risk
2013-09-01,1.0087151527404783,3.354978084564209,3.3571419715881348,3.354978084564209,3.354978084564209,43608,0.0,3.3753859996795654,3.412842114766439,0.012895723196973987,Low Risk
2013-09-02,1.0087151527404783,3.354978084564209,3.354978084564209,3.354978084564209,3.354978084564209,0,0.0,3.3667279992784773,3.411182681719462,0.008861383998711387,Low Risk
2013-09-03,1.0100165605545044,3.359307050704956,3.365799903869629,3.359307050704956,3.354978084564209,11748,0.0012903113020810153,3.357142448425293,3.4094510873158774,0.00868714957295646,Low Risk
2013-09-04,1.0106672048568726,3.361470937728882,3.387444972991944,3.354978084564209,3.359307050704956,207992,0.000644146840781179,3.3518857274736678,3.4066372156143188,0.008406053957911323,Low Risk
2013-09-05,1.0087151527404783,3.354978084564209,3.354978084564209,3.354978084564209,3.361470937728882,25483,-0.0019315511824891107,3.3509581770215715,3.4050499200820923,0.007374026854283317,Low Risk
2013-09-08,1.0139214992523191,3.3722939491271973,3.452379941940308,3.352813005447388,3.354978084564209,15772,0.005161245208323839,3.3589977536882674,3.4038233836491902,0.004648126326748793,Low Risk
2013-09-09,1.0152229070663452,3.3766229152679443,3.3831160068511963,3.3766229152679443,3.3722939491271973,51716,0.0012836858844607058,3.3620898723602295,3.4033904790878298,0.0021663251962524264,Low Risk
2013-09-10,1.042555809020996,3.46753191947937,3.658008098602295,3.415584087371826,3.3766229152679443,195315,0.026923054925785728,3.378168991633824,3.4058435757954917,0.009998831892555227,Low Risk
2013-09-12,1.0406033992767334,3.461038112640381,3.465367078781128,3.4285709857940674,3.463202953338623,148782,-0.0018727460885101799,3.3933204242161343,3.408080212275187,0.010171215609701325,Low Risk
2013-09-15,1.0406033992767334,3.461038112640381,3.463202953338623,3.422076940536499,3.461038112640381,307618,0.0,3.407853433064052,3.409811814626058,0.010250456362574422,Low Risk
2013-09-16,1.0386512279510498,3.454545021057129,3.463202953338623,3.422076940536499,3.461038112640381,73074,-0.0018760531874925102,3.421149730682373,3.408801714579264,0.010443337655012933,Low Risk
2013-09-17,1.034746527671814,3.4415578842163086,3.463202953338623,3.419913053512573,3.454545021057129,285857,-0.003759434820405416,3.433518273489816,3.408080212275187,0.010636140403447607,Low Risk
2013-09-18,1.0295404195785522,3.4242420196533203,3.4415578842163086,3.419913053512573,3.4415578842163086,20101,-0.005031402970847143,3.440939426422119,3.4067815144856772,0.01108984826284411,Low Risk
2013-09-19,1.0178261995315552,3.3852810859680176,3.419913053512573,3.354978084564209,3.4242420196533203,65922,-0.01137797312856037,3.442176307950701,3.4031018813451133,0.012244004608496168,Low Risk
2013-09-22,1.0406033992767334,3.461038112640381,3.463202953338623,3.443722009658813,3.3852810859680176,133693,0.022378356404842092,3.4412486212594167,3.402957582473755,0.010617483660195168,Low Risk
2013-09-23,1.0327941179275513,3.43506407737732,3.463202953338623,3.417747974395752,3.461038112640381,113762,-0.007504694955019042,3.437538044793265,3.4019474824269613,0.01097110525686063,Low Risk
2013-09-24,1.0282386541366575,3.419913053512573,3.422076940536499,3.419913053512573,3.43506407737732,9651,-0.004410696139419579,3.4316630363464355,3.4002880493799847,0.011028968105955666,Low Risk
2013-09-25,1.0360480546951294,3.4458870887756348,3.454545021057129,3.4415578842163086,3.419913053512573,10810,0.007594940238724535,3.4304261888776506,3.3985564549764,0.01156516837851407,Low Risk
2013-09-26,1.0412544012069702,3.463202953338623,3.506493091583252,3.409090042114258,3.4458870887756348,199380,0.005025081819828525,3.43351834160941,3.3986286163330077,0.011603957184408533,Low Risk
2013-09-29,1.0269372463226318,3.415584087371826,3.4307351112365723,3.398267984390259,3.463202953338623,18965,-0.01374994957222797,3.432281494140625,3.397113482157389,0.01276337258267042,Low Risk
2013-09-30,1.0269372463226318,3.415584087371826,3.463202953338623,3.393939018249512,3.415584087371826,29743,0.0,3.4366104943411693,3.3977628548940024,0.011804783942605604,Low Risk
2013-10-01,1.0412544012069702,3.463202953338623,3.463202953338623,3.419913053512573,3.4415578842163086,98452,0.013941646508676131,3.4369197572980608,3.403967754046122,0.00950460502407249,Low Risk
2013-10-02,1.0412544012069702,3.463202953338623,3.463202953338623,3.463202953338623,3.463202953338623,23100,0.0,3.4409395967211043,3.407575249671936,0.008904464896601983,Low Risk
2013-10-03,1.0249847173690796,3.409090042114258,3.4415578842163086,3.387444972991944,3.463202953338623,112266,-0.015625105416417706,3.4393934522356306,3.4098118861516316,0.010873349450798141,Low Risk
2013-10-07,1.0301909446716309,3.426405906677246,3.463202953338623,3.398267984390259,3.409090042114258,56585,0.005079321563548067,3.436610426221575,3.410172613461812,0.010603211741389203,Low Risk
2013-10-08,1.0249847173690796,3.409090042114258,3.458873987197876,3.400432109832764,3.417747974395752,19427,-0.00505365243774647,3.42888001033238,3.409595417976379,0.010368215763236802,Low Risk
2013-10-09,1.0399528741836548,3.458873987197876,3.463202953338623,3.4112548828125,3.4112548828125,66389,0.014603294271671174,3.4350642817361012,3.4116156180699666,0.01063929564742932,Low Risk
2013-10-10,1.0549209117889404,3.508657932281494,3.525974035263061,3.463202953338623,3.463202953338623,89198,0.014393107487546741,3.4483605452946255,3.4165218512217206,0.011572227511599403,Low Risk
2013-10-13,1.0471111536026,3.482682943344116,3.508657932281494,3.474025011062622,3.508657932281494,15019,-0.007403112369089748,3.4511434010096957,3.4220773855845135,0.011295827579739147,Low Risk
2013-10-14,1.0301909446716309,3.426405906677246,3.426405906677246,3.426405906677246,3.426405906677246,0,-0.01615910422578759,3.4458866800580705,3.424458312988281,0.01301961044699912,Low Risk
2013-10-20,1.065984129905701,3.5454540252685547,3.571428060531616,3.463202953338623,3.482682943344116,60840,0.03474431279706591,3.465367249080113,3.4308075110117593,0.017146116807767155,Low Risk
2013-10-21,1.0705395936965942,3.560606002807617,3.571428060531616,3.528137922286988,3.5454540252685547,68625,0.004273635317528779,3.4845386913844516,3.4376617749532064,0.017154020370182533,Low Risk
2013-10-22,1.078349232673645,3.5865800380706787,3.614717960357666,3.5649349689483643,3.560606002807617,103317,0.007294835553998569,3.509894405092512,3.4452375411987304,0.016494700081665512,Low Risk
2013-10-23,1.0770477056503296,3.582251071929932,3.593072891235352,3.571428060531616,3.5865800380706787,87618,-0.0012069899722844113,3.527519702911377,3.452596879005432,0.01642505586388859,Low Risk
2013-10-24,1.0731428861618042,3.569263935089112,3.593072891235352,3.551948070526123,3.582251071929932,9702,-0.003625412228245417,3.5361777033124655,3.4597397406895953,0.01614157784750718,Low Risk
2013-10-27,1.0822540521621704,3.59956693649292,3.625540971755981,3.5844149589538574,3.569263935089112,72048,0.00848998615818286,3.5528754166194374,3.46731550693512,0.01561584827781768,Low Risk
2013-10-28,1.0477622747421265,3.484848022460937,3.5389609336853027,3.465367078781128,3.59956693649292,43520,-0.031870198847796405,3.561224290302822,3.4709230105082196,0.01972406919269114,Low Risk
2013-10-29,1.0523178577423096,3.5,3.534631967544556,3.4328999519348145,3.484848022460937,17944,0.004347959348988351,3.5547308581216,3.472005279858907,0.013971242859342247,Low Risk
2013-10-30,1.043857455253601,3.471860885620117,3.484848022460937,3.4242420196533203,3.4242420196533203,17569,-0.008039746965680772,3.5420529842376713,3.472366038958232,0.013860183392585506,Low Risk
2013-10-31,1.0412544012069702,3.463202953338623,3.463202953338623,3.452379941940308,3.471860885620117,65807,-0.0024937440083944162,3.5244276864188064,3.4724382003148397,0.013058316042401333,Low Risk
2013-11-03,1.0412544012069702,3.463202953338623,3.463202953338623,3.463202953338623,3.463202953338623,0,0.0,3.5074208123343333,3.4727267980575562,0.013123230753976175,Low Risk
2013-11-04,1.0497143268585205,3.491341114044189,3.5497829914093018,3.484848022460937,3.463202953338623,65742,0.008124895099907548,3.496288980756487,3.4743862390518188,0.014011254652407656,Low Risk
2013-11-06,1.0646826028823853,3.541125059127808,3.571428060531616,3.484848022460937,3.484848022460937,132478,0.014259261257331568,3.4879401411328996,3.478282340367635,0.014942811010422129,Low Risk
2013-11-07,1.0789997577667236,3.5887439250946045,3.62337589263916,3.571428060531616,3.541125059127808,111545,0.013447383295331905,3.502782412937709,3.485064435005188,0.008310420138747476,Low Risk
2013-11-10,1.080301284790039,3.593072891235352,3.62337589263916,3.5303030014038086,3.601731061935425,117172,0.0012062621995614364,3.516078540257045,3.489465594291687,0.008387787329356244,Low Risk
2013-11-11,1.056222438812256,3.512986898422241,3.534631967544556,3.484848022460937,3.593072891235352,200198,-0.022288997534245958,3.521953684943063,3.492063021659851,0.012471237532115691,Low Risk
2013-11-12,1.0633809566497805,3.5367960929870605,3.571428060531616,3.5173161029815674,3.512986898422241,96373,0.006777478895669153,3.5324669906071255,3.4959591229756675,0.01243760428592306,Low Risk
2013-11-13,1.045159101486206,3.476190090179444,3.487011909484864,3.463202953338623,3.5367960929870605,61737,-0.017135848721329894,3.5343222958701,3.496969223022461,0.014635828632110066,Low Risk
2013-11-14,1.0575242042541504,3.5173161029815674,3.528137922286988,3.484848022460937,3.476190090179444,48741,0.011830772119829858,3.5380330085754395,3.4987729946772257,0.015014368153723836,Low Risk
2013-11-17,1.0985232591629028,3.6536788940429688,3.722943067550659,3.5389609336853027,3.5173161029815674,407174,0.038768989499069706,3.554112127849034,3.5067094882329304,0.020452305192128206,Medium Risk
2013-11-18,1.1082853078842163,3.686146974563599,3.777055978775024,3.6796529293060303,3.6536788940429688,1360590,0.008886407772058735,3.5680268492017473,3.515728251139323,0.020196679454891675,Medium Risk
2013-11-19,1.106983661651611,3.681818008422852,3.725107908248901,3.6796529293060303,3.686146974563599,1809228,-0.0011743878284341536,3.580704723085676,3.5230154196421304,0.02027159545805476,Medium Risk
2013-11-20,1.1310625076293943,3.761904001235962,3.787878036499024,3.683981895446777,3.681818008422852,245104,0.02175175215882419,3.6162643092019215,3.5329721212387084,0.0175211477121567,Low Risk
2013-11-21,1.1271578073501587,3.7489171028137207,3.75541090965271,3.683981895446777,3.761904001235962,11411,-0.0034522142026948144,3.64656731060573,3.5442996899286907,0.018242395092954347,Low Risk
2013-11-24,1.1063326597213743,3.6796529293060303,3.6969690322875977,3.660172939300537,3.7489171028137207,48773,-0.018475781567883875,3.675633430480957,3.55274125734965,0.018560442005395687,Low Risk
2013-11-25,1.079650640487671,3.590909004211426,3.658008098602295,3.554111957550049,3.6796529293060303,42148,-0.02411747162016753,3.6861467020852223,3.5588018894195557,0.02206475423638951,Medium Risk
2013-11-26,1.0607779026031494,3.528137922286988,3.55627703666687,3.489176988601685,3.590909004211426,58165,-0.017480554882014387,3.668212277548654,3.5611106872558596,0.016473375230724743,Low Risk
2013-11-27,1.0490636825561523,3.489176988601685,3.519479990005493,3.463202953338623,3.528137922286988,37990,-0.011042916842674999,3.640073708125523,3.5604613224665322,0.015386774598344562,Low Risk
2013-11-28,1.055571675300598,3.510822057723999,3.528137922286988,3.463202953338623,3.489176988601685,16742,0.006203488442410254,3.615645715168544,3.561399292945862,0.016143405553169315,Low Risk
2013-12-01,1.0601271390914917,3.525974035263061,3.567099094390869,3.482682943344116,3.510822057723999,8316,0.004315791939875524,3.5819414343152727,3.564718230565389,0.011786281646208612,Low Risk
2013-12-02,1.045159101486206,3.476190090179444,3.493505954742432,3.463202953338623,3.525974035263061,61797,-0.014119203540845948,3.542980432510376,3.562409432729085,0.011615169101474717,Low Risk
2013-12-03,1.045159101486206,3.476190090179444,3.560606002807617,3.452379941940308,3.476190090179444,81834,0.0,3.51391431263515,3.5595955689748133,0.011645938735080243,Low Risk
2013-12-04,1.0458097457885742,3.478353977203369,3.484848022460937,3.474025011062622,3.476190090179444,6260,0.0006224881171021934,3.4978350230625703,3.5559880336125698,0.009509700129970404,Low Risk
2013-12-05,1.0432066917419434,3.469696044921875,3.4956700801849365,3.463202953338623,3.478353977203369,27221,-0.002489088901887815,3.489486183438983,3.5522361993789677,0.007594437970479498,Low Risk
2013-12-08,1.0633809566497805,3.5367960929870605,3.582251071929932,3.46753191947937,3.469696044921875,117971,0.019338883636043747,3.496288912636893,3.551153937975566,0.010079227373257199,Low Risk
2013-12-09,1.0653334856033323,3.54328989982605,3.571428060531616,3.5,3.5367960929870605,54285,0.0018360704627178315,3.5009271757943288,3.549278036753337,0.009908063424080064,Low Risk
2013-12-10,1.071190357208252,3.562769889831543,3.571428060531616,3.508657932281494,3.54328989982605,88935,0.0054977127348370125,3.5061837264469697,3.5518754323323574,0.009976704601558448,Low Risk
2013-12-11,1.0744445323944092,3.5735929012298584,3.593072891235352,3.5497829914093018,3.562769889831543,129360,0.003037808147308363,3.5200984137398854,3.5543285290400193,0.007218555695274388,Low Risk
2013-12-12,1.0835553407669067,3.603895902633667,3.670994997024536,3.5497829914093018,3.5735929012298584,162624,0.00847970158922684,3.5383421012333462,3.558729696273804,0.007150979772022154,Low Risk
2013-12-15,1.0939677953720093,3.6385281085968018,3.6493499279022217,3.6212120056152335,3.603895902633667,49859,0.009609657686790118,3.5612241200038364,3.5645738681157435,0.006999622796655006,Low Risk
2013-12-16,1.1011264324188232,3.662337064743042,3.675323963165283,3.619046926498413,3.6385281085968018,22984,0.0065435680131167295,3.5887442656925748,3.571211671829224,0.005802289195653633,Low Risk
2013-12-17,1.1199990510940552,3.725107908248901,3.787878036499024,3.658008098602295,3.662337064743042,399902,0.017139559356823764,3.6156459535871233,3.579003898302714,0.005086397685878284,Low Risk
2013-12-18,1.1232531070709229,3.735929965972901,3.766232967376709,3.703463077545166,3.725107908248901,93374,0.0029051662369392606,3.6431659630366733,3.585497395197551,0.0049024906201791405,Low Risk
2013-12-19,1.1278085708618164,3.751081943511963,3.774890899658203,3.7445878982543945,3.735929965972901,93591,0.004055744534043004,3.670067684991019,3.5909086624781295,0.005034166751989217,Low Risk
2013-12-22,1.111539006233215,3.6969690322875977,3.7445878982543945,3.6796529293060303,3.751081943511963,19824,-0.014425947510413928,3.687692846570696,3.5943718671798712,0.009709854413070975,Low Risk
2013-12-23,1.122602462768555,3.733766078948975,3.751081943511963,3.6926400661468506,3.6969690322875977,13860,0.009953301296280692,3.7062457289014543,3.601731173197429,0.009815768576719758,Low Risk
2013-12-24,1.1271578073501587,3.7489171028137207,3.774890899658203,3.722943067550659,3.733766078948975,140817,0.00405783960333439,3.722015585218157,3.608801873524984,0.009613968010194162,Low Risk
2013-12-25,1.139522671699524,3.7900431156158447,3.8246750831604,3.725107908248901,3.7489171028137207,219870,0.010970104612678,3.7402593067714145,3.619263641039531,0.009925257058183116,Low Risk
2013-12-26,1.1531890630722046,3.83549690246582,3.852813005447388,3.787878036499024,3.7900431156158447,344887,0.011992947167987378,3.7560291630881175,3.629869667689006,0.009021332588576752,Low Risk
2013-12-29,1.1961407661437988,3.978353977203369,4.043290138244629,3.870129108428955,3.83549690246582,252307,0.037246040961656623,3.79066116469247,3.6406921704610196,0.015324974523256816,Low Risk
2013-12-30,1.1779189109802246,3.917747974395752,3.9870119094848633,3.900432109832764,3.978353977203369,46047,-0.015233939250981599,3.8144705976758684,3.648412203788758,0.01790482260476181,Low Risk
2013-12-31,1.1870299577713013,3.948050975799561,4.0216450691223145,3.898267984390259,3.917747974395752,211134,0.007734801115807599,3.850339446749006,3.657286636034648,0.015399773097371637,Low Risk
2014-01-02,1.1987439393997192,3.9870119094848633,4.045454025268555,3.950216054916382,3.948050975799561,25299,0.009868396817599878,3.886517422539847,3.6647902329762783,0.015399419017488125,Low Risk
2014-01-05,1.183125138282776,3.9350640773773193,3.982682943344116,3.906925916671753,3.9870119094848633,38299,-0.0130292643430443,3.913109847477504,3.670995132128398,0.017605672820092427,Low Risk
2014-01-06,1.1720620393753052,3.898267984390259,3.9112548828125,3.8961029052734375,3.9350640773773193,42966,-0.009350824348350883,3.9285705430167064,3.6782823006312055,0.018509198419646395,Low Risk
2014-01-08,1.1909345388412476,3.961038112640381,3.993505954742432,3.950216054916382,3.898267984390259,44874,0.01610205570819434,3.946505001613072,3.6906199375788376,0.01886028056795761,Low Risk
2014-01-09,1.2423465251922607,4.132033824920654,4.218614101409912,3.9870119094848633,3.961038112640381,611863,0.04316941857605339,3.968459265572684,3.71074980099996,0.020612132800122855,Medium Risk
2014-01-12,1.2879014015197754,4.283548831939697,4.322509765625,4.218614101409912,4.132033824920654,792939,0.03666838497430569,4.020716530936105,3.7372288624445598,0.02119204421905477,Medium Risk
2014-01-14,1.2833459377288818,4.268397808074951,4.329003810882568,4.2251081466674805,4.283548831939697,133342,-0.0035370260639436824,4.066480364118304,3.762481387456258,0.022070876740241867,Medium Risk
2014-01-15,1.282695174217224,4.266232967376709,4.31168794631958,4.233766078948975,4.268397808074951,53582,-0.0005071787578343478,4.106369086674282,3.7871566851933802,0.02253540896642301,Medium Risk
2014-01-16,1.2670763731002808,4.214284896850586,4.231601238250732,4.119047164916992,4.266232967376709,441810,-0.01217656675651868,4.146257775170462,3.811759845415751,0.022392465964642616,Medium Risk
2014-01-19,1.2111090421676636,4.028138160705566,4.147185802459717,4.004329204559326,4.214284896850586,264901,-0.0441704205342478,4.164810657501221,3.8301581144332886,0.02999716178272748,Medium Risk
2014-01-20,1.2039504051208496,4.004329204559326,4.110389232635498,3.954545021057129,4.028138160705566,289447,-0.005910660259495604,4.170995099203927,3.8476906220118203,0.029802105925537777,Medium Risk
2014-01-21,1.2039504051208496,4.004329204559326,4.008657932281494,3.963202953338623,4.004329204559326,286999,0.0,4.152751582009452,3.865511727333069,0.02368586097332402,Medium Risk
2014-01-22,1.2046010494232178,4.006493091583252,4.006493091583252,4.004329204559326,4.004329204559326,3557,0.0005403868946294299,4.113172190529959,3.8811682939529417,0.015966082651522603,Low Risk
2014-01-23,1.222172498703003,4.064935207366943,4.11255407333374,4.006493091583252,4.006493091583252,7807,0.014586850506859816,4.08410610471453,3.8985564708709717,0.01836375405462615,Low Risk
2014-01-26,1.235188126564026,4.108224868774414,4.114717960357666,4.004329204559326,4.064935207366943,308495,0.010649532944342122,4.061533519199917,3.9167383035024006,0.019453317853763523,Low Risk
2014-01-27,1.2644730806350708,4.205626964569092,4.220778942108154,4.11255407333374,4.108224868774414,135135,0.023709046828231495,4.060296671731131,3.9378061056137086,0.021888014277953886,Medium Risk
2014-01-28,1.2364896535873413,4.11255407333374,4.134199142456055,4.0735931396484375,4.205626964569092,195412,-0.022130562700747758,4.072356087820871,3.9547613779703776,0.014986669556069048,Low Risk
2014-01-29,1.2364896535873413,4.11255407333374,4.114717960357666,4.082251071929932,4.11255407333374,136641,0.0,4.087816783360073,3.970562243461609,0.014557129201586921,Low Risk
2014-01-30,1.235188126564026,4.108224868774414,4.11255407333374,4.058441162109375,4.11255407333374,42134,-0.0010526802765700172,4.102659021105085,3.9854251702626544,0.014609571172227895,Low Risk
2014-02-02,1.2364896535873413,4.11255407333374,4.164502143859863,4.11255407333374,4.108224868774414,121362,0.001053789580076625,4.1178105899265836,3.998340042432149,0.01459200686917313,Low Risk
2014-02-03,1.2390927076339722,4.121212005615234,4.194805145263672,4.11255407333374,4.11255407333374,62665,0.0021052446064193653,4.125850132533482,4.011182777086893,0.013799700878786568,Low Risk
2014-02-04,1.2182676792144775,4.051948070526123,4.060606002807617,4.047618865966797,4.121212005615234,42018,-0.01680669060333173,4.1178105899265836,4.021211647987366,0.01481214954888016,Low Risk
2014-02-05,1.235838770866394,4.110389232635498,4.11255407333374,4.058441162109375,4.051948070526123,205183,0.014422979044197648,4.104205199650356,4.034992321332296,0.01235022903223803,Low Risk
2014-02-06,1.248854398727417,4.153678894042969,4.177488803863525,4.11255407333374,4.110389232635498,845737,0.010531766934323672,4.110080174037388,4.048989415168762,0.009941781422744633,Low Risk
2014-02-09,1.232584834098816,4.09956693649292,4.155844211578369,4.082251071929932,4.153678894042969,22069,-0.013027477311174374,4.108224868774414,4.0606777429580685,0.011377408598143002,Low Risk
2014-02-10,1.225426197052002,4.075757026672363,4.082251071929932,4.064935207366943,4.09956693649292,82236,-0.0058079085399507235,4.103586605616978,4.0702015399932865,0.011563580174866715,Low Risk
2014-02-11,1.2345374822616575,4.106060028076172,4.149350166320801,4.069263935089111,4.075757026672363,25502,0.007434938149036174,4.102658884865897,4.0792203108469645,0.012002601263773095,Low Risk
2014-02-12,1.2423465251922607,4.132033824920654,4.166666030883789,4.103896141052246,4.106060028076172,373952,0.006325722631155051,4.104204859052386,4.084342972437541,0.012239253722276657,Low Risk
2014-02-13,1.2306324243545532,4.093072891235352,4.114717960357666,4.067099094390869,4.132033824920654,220203,-0.009428996793377165,4.110079833439419,4.090187136332194,0.010731441683052834,Low Risk
2014-02-16,1.2306324243545532,4.093072891235352,4.093072891235352,4.093072891235352,4.093072891235352,0,0.0,4.107606070382254,4.095021200180054,0.009094965264166352,Low Risk
2014-02-17,1.235188126564026,4.108224868774414,4.127705097198486,4.067099094390869,4.093072891235352,314099,0.0037018587114605594,4.101112638201032,4.099061632156372,0.008007092381558853,Low Risk
2014-02-18,1.258616328239441,4.186147212982178,4.242424011230469,4.11255407333374,4.108224868774414,135338,0.018967399959050946,4.1134812491280695,4.107431070009867,0.009374019651693495,Low Risk
2014-02-19,1.2983139753341677,4.318181037902832,4.480518817901611,4.19913387298584,4.186147212982178,208020,0.03154065497534053,4.148113250732422,4.12142817179362,0.013309707882368424,Low Risk
2014-02-20,1.3562335968017578,4.51082181930542,4.653678894042969,4.43506383895874,4.318181037902832,109433,0.044611557438579696,4.205936363765171,4.139754295349121,0.019054909351647817,Low Risk
2014-02-23,1.3354088068008425,4.441557884216309,4.545454025268555,4.437229156494141,4.51082181930542,130385,-0.015355058981198377,4.250154086521694,4.15007176399231,0.021985134479603666,Medium Risk
2014-02-24,1.3308531045913696,4.426405906677246,4.469696044921875,4.383115768432617,4.441557884216309,327137,-0.0034114105757592217,4.297773088727679,4.154833666483561,0.02117523013139199,Medium Risk
2014-02-25,1.318488359451294,4.385281085968018,4.437229156494141,4.363636016845703,4.426405906677246,25188,-0.0092907929313919,4.339517116546631,4.1587297757466635,0.022274188281572384,Medium Risk
2014-02-26,1.3171868324279783,4.380951881408691,4.3896098136901855,4.374457836151123,4.385281085968018,6948,-0.0009872125582048863,4.378478118351528,4.16255373954773,0.022567571937172196,Medium Risk
2014-02-27,1.345821499824524,4.476190090179443,4.545454025268555,4.417747974395752,4.380951881408691,48181,0.021739158828680827,4.419912815093994,4.171283912658692,0.022785873206219456,Medium Risk
2014-03-02,1.3119807243347168,4.363636016845703,4.653678894042969,4.329003810882568,4.476190090179443,120120,-0.025145061104683397,4.426406383514404,4.1824671745300295,0.023834979213304998,Medium Risk
2014-03-03,1.280742883682251,4.259739875793457,4.372293949127197,4.220778942108154,4.363636016845703,161099,-0.023809534216684858,4.3905375344412665,4.190980863571167,0.016095029198034284,Low Risk
2014-03-04,1.310027837753296,4.357141971588135,4.372293949127197,4.227272033691406,4.259739875793457,366435,0.022865737963995825,4.378478118351528,4.202741289138794,0.019352196547232782,Low Risk
2014-03-05,1.3672971725463867,4.547618865966797,4.642857074737549,4.437229156494141,4.357141971588135,631692,0.04371601743085618,4.395794255392892,4.220778814951578,0.026051579951152235,Medium Risk
2014-03-06,1.310027837753296,4.357141971588135,4.545454025268555,4.242424011230469,4.547618865966797,111032,-0.041884973211836596,4.391774381910052,4.2305190404256185,0.031249695717483168,Medium Risk
2014-03-09,1.2924569845199585,4.29870080947876,4.329003810882568,4.22294282913208,4.357141971588135,25580,-0.013412728456051126,4.380024228777204,4.236868238449096,0.03163248604413255,Medium Risk
2014-03-10,1.301567792892456,4.329003810882568,4.404760837554932,4.270562171936035,4.29870080947876,406102,0.0070493394974104895,4.358997617449079,4.2409807999928795,0.030229936811487904,Medium Risk
2014-03-11,1.3275994062423706,4.415584087371826,4.482683181762695,4.220778942108154,4.329003810882568,63141,0.02000004626274654,4.366418770381382,4.251081800460815,0.02987373022037591,Medium Risk
2014-03-12,1.3009170293807983,4.326838970184326,4.437229156494141,4.242424011230469,4.415584087371826,144772,-0.020098160386369468,4.376004355294364,4.258224630355835,0.02936639768481719,Medium Risk
2014-03-13,1.301567792892456,4.329003810882568,4.350648880004883,4.277056217193604,4.326838970184326,167733,0.0005003284645348494,4.371984618050711,4.265583928426107,0.027978524529492448,Medium Risk
2014-03-16,1.301567792892456,4.329003810882568,4.372293949127197,4.329003810882568,4.329003810882568,630237,0.0,4.340753895895822,4.272798919677735,0.02025297269095772,Medium Risk
2014-03-17,1.312631130218506,4.365799903869629,4.374457836151123,4.329003810882568,4.329003810882568,30861,0.008499898497331015,4.341990743364606,4.280951849619547,0.013571478948972449,Low Risk
2014-03-18,1.3594878911972046,4.5216450691223145,4.651515007019043,4.329003810882568,4.365799903869629,1103371,0.03569681815113701,4.373839923313686,4.296608416239421,0.017413188612328514,Low Risk
2014-03-19,1.3718525171279907,4.562769889831543,4.603896141052246,4.469696044921875,4.5216450691223145,141025,0.009095101468725275,4.407235077449253,4.3116877714792885,0.017423910970641523,Low Risk
2014-03-20,1.4056934118270874,4.675323963165283,4.738094806671143,4.476190090179443,4.562769889831543,962433,0.0246679267312111,4.444340773991176,4.329075940450033,0.018052411684047257,Low Risk
2014-03-23,1.3796621561050415,4.588744163513184,4.729436874389648,4.545454025268555,4.675323963165283,73772,-0.018518459968597245,4.481755801609585,4.345381848017374,0.017642925784929153,Low Risk
2014-03-24,1.3731545209884644,4.567099094390869,4.696969032287598,4.545454025268555,4.588744163513184,27877,-0.004716991915657998,4.515769413539341,4.361759916941325,0.01814341375293108,Low Risk
2014-03-25,1.4082963466644287,4.683981895446777,4.718614101409912,4.556276798248291,4.567099094390869,12732,0.025592350557810173,4.566480568477085,4.381023979187011,0.01886952020293164,Low Risk
2014-03-26,1.3712018728256226,4.560606002807617,4.653678894042969,4.543290138244629,4.683981895446777,82138,-0.026339959332270624,4.594310011182513,4.39530971844991,0.023748639442122608,Medium Risk
2014-03-27,1.309377670288086,4.354978084564209,4.675323963165283,4.307359218597412,4.560606002807617,230006,-0.04508784975435698,4.570500441959926,4.404039891560872,0.026645808140264203,Medium Risk
2014-03-30,1.3054726123809814,4.341990947723389,4.52380895614624,4.307359218597412,4.354978084564209,282928,-0.002982135980626799,4.5389605930873325,4.412337160110473,0.025959888780907884,Medium Risk
2014-03-31,1.2644730806350708,4.205626964569092,4.361471176147461,4.11255407333374,4.341990947723389,160956,-0.0314058653728414,4.471861021859305,4.415583896636963,0.023140780436809585,Medium Risk
2014-04-01,1.294409155845642,4.305193901062012,4.329003810882568,4.242424011230469,4.205626964569092,75758,0.023674695195683215,4.431353841509138,4.419552119572957,0.027152119328974107,Medium Risk
2014-04-02,1.283996820449829,4.270562171936035,4.43506383895874,4.220778942108154,4.305193901062012,107646,-0.008044174065524379,4.3889914240155905,4.417964824040731,0.027098776457778622,Medium Risk
2014-04-03,1.260568618774414,4.192639827728272,4.274890899658203,4.11255407333374,4.270562171936035,161769,-0.018246390304262228,4.318799700055804,4.407358757654825,0.022362271505114238,Medium Risk
2014-04-06,1.260568618774414,4.192639827728272,4.192639827728272,4.192639827728272,4.192639827728272,0,0.0,4.266233103615897,4.399061489105224,0.022448254916906177,Medium Risk
2014-04-07,1.2065538167953491,4.01298713684082,4.188311100006104,4.008657932281494,4.025973796844482,41187,-0.042849540687780574,4.217377253941128,4.38528086344401,0.021903185296783197,Medium Risk
2014-04-08,1.2384419441223145,4.119047164916992,4.220778942108154,4.090909004211426,4.12337589263916,32594,0.02642919711914815,4.185528142111642,4.376406399408976,0.026190196918158336,Medium Risk
2014-04-09,1.2384419441223145,4.119047164916992,4.114717960357666,4.11255407333374,4.114717960357666,2310,0.0,4.173159599304199,4.367676242192586,0.02394767938057,Medium Risk
2014-04-10,1.271631956100464,4.229436874389648,4.285714149475098,4.177488803863525,4.196969032287598,44167,0.026799816815129995,4.162337166922433,4.359451134999593,0.02454346198456035,Medium Risk
2014-04-13,1.273584246635437,4.2359299659729,4.285714149475098,4.190475940704346,4.283548831939697,106162,0.0015352142084372744,4.1573897089277,4.355194266637167,0.02443486652283315,Medium Risk
2014-04-14,1.305132508277893,4.119047164916992,4.119047164916992,4.119047164916992,4.119047164916992,0,-0.027593185438575252,4.146876471383231,4.35050450960795,0.025759917419851685,Medium Risk
2014-04-15,1.2660400867462158,3.995670080184937,4.038960933685303,3.9415578842163086,3.9978349208831774,37750,-0.029952821560988774,4.1187379360198975,4.338455446561178,0.02773766526461991,Medium Risk
2014-04-16,1.2660400867462158,3.995670080184937,4.064935207366943,3.961038112640381,3.995670080184937,36410,0.0,4.116264070783343,4.320057153701782,0.02264412895192944,Medium Risk
2014-04-17,1.2838717699050903,4.051948070526123,4.11255407333374,3.971860885620117,3.995670080184937,62619,0.01408474403837201,4.106678485870361,4.309884023666382,0.020594644745702384,Medium Risk
2014-04-22,1.3010174036026,4.106060028076172,4.11255407333374,4.004329204559326,4.051948070526123,113827,0.01335455356490356,4.104823180607387,4.303462664286296,0.02142980080528184,Medium Risk
2014-04-23,1.300331711769104,4.103896141052246,4.114717960357666,4.069263935089111,4.106060028076172,153799,-0.0005269983899722774,4.086888790130615,4.295959075291951,0.017874347517147466,Low Risk
2014-04-24,1.300331711769104,4.103896141052246,4.103896141052246,4.103896141052246,4.103896141052246,0,0.0,4.06802681514195,4.285569477081299,0.017802137821047444,Low Risk
2014-04-27,1.2763274908065796,4.028138160705566,4.028138160705566,4.028138160705566,4.103896141052246,462,-0.01846001403126518,4.055039814540318,4.275612783432007,0.016067080584849215,Low Risk
2014-04-28,1.2811285257339478,4.043290138244629,4.108224868774414,3.963202953338623,4.103896141052246,3885,0.0037615337246545977,4.061842679977417,4.266088994344075,0.010882800219152802,Low Risk
2014-04-29,1.278385043144226,4.034632205963135,4.11255407333374,4.008657932281494,4.043290138244629,47424,-0.0021413086831441053,4.067408697945731,4.256276607513428,0.010969766499052909,Low Risk
2014-04-30,1.3030747175216677,4.11255407333374,4.11255407333374,4.108224868774414,4.034632205963135,57052,0.019313251714849766,4.0760666983468195,4.247835079828898,0.012094655145270371,Low Risk
2014-05-04,1.3030747175216677,4.11255407333374,4.145020961761475,4.11255407333374,4.11255407333374,304527,0.0,4.0769944190979,4.234198713302613,0.011047206507950224,Low Risk
2014-05-05,1.327078938484192,4.188311100006104,4.220778942108154,4.11255407333374,4.11255407333374,106158,0.01842091929285039,4.089053698948452,4.221716753641764,0.012970932442490389,Low Risk
2014-05-06,1.3044466972351074,4.116882801055908,4.209956169128418,4.11255407333374,4.188311100006104,255860,-0.017054200904534578,4.090908936091831,4.203102048238119,0.015058649074879044,Low Risk
2014-05-07,1.3030747175216677,4.11255407333374,4.11255407333374,4.11255407333374,4.116882801055908,6486,-0.0010514576030820066,4.102968352181571,4.1872290452321375,0.012639332563755832,Low Risk
2014-05-08,1.3030747175216677,4.11255407333374,4.11255407333374,4.11255407333374,4.11255407333374,2310,0.0,4.112863200051444,4.172077544530233,0.01268320708245238,Low Risk
2014-05-11,1.3023892641067505,4.110389232635498,4.116882801055908,4.069263935089111,4.11255407333374,52076,-0.0005263981116453431,4.12368563243321,4.15295778910319,0.012599160901332356,Low Risk
2014-05-12,1.3030747175216677,4.11255407333374,4.11255407333374,4.11255407333374,4.110389232635498,21912,0.0005266753525563495,4.12368563243321,4.138022724787394,0.010261756328006173,Low Risk
2014-05-13,1.3359947204589844,4.216450214385986,4.296535968780518,4.11255407333374,4.11255407333374,86601,0.025263167170474388,4.138527938297817,4.133405129114787,0.014003550329061514,Low Risk
2014-05-14,1.3449102640151978,4.2445878982543945,4.274890899658203,4.220778942108154,4.216450214385986,95634,0.006673311064460341,4.146567480904715,4.130158360799154,0.012569394351583357,Low Risk
2014-05-15,1.3202204704284668,4.166666030883789,4.166666030883789,4.166666030883789,4.2445878982543945,462,-0.01835793467786384,4.153679370880127,4.128859663009644,0.012903586358335474,Low Risk
2014-05-18,1.3167914152145386,4.155844211578369,4.177488803863525,4.145020961761475,4.2445878982543945,7258,-0.0025972370296076797,4.159863676343646,4.1238813400268555,0.012973348967648485,Low Risk
2014-05-19,1.3359947204589844,4.216450214385986,4.220778942108154,4.209956169128418,4.155844211578369,19034,0.014583319230005332,4.174705982208252,4.122077608108521,0.013822574892288804,Low Risk
2014-05-20,1.3620561361312866,4.29870080947876,4.383115768432617,4.168830871582031,4.216450214385986,209188,0.019507071330320702,4.201607636043003,4.12561297416687,0.01484905325980911,Low Risk
2014-05-21,1.33668053150177,4.218614101409912,4.22294282913208,4.19913387298584,4.29870080947876,26103,-0.018630444782817723,4.216759068625314,4.126478783289591,0.01763961209272425,Low Risk
2014-05-22,1.3812593221664429,4.359306812286377,4.406926155090332,4.220778942108154,4.218614101409912,299537,0.03335045763712863,4.237167154039655,4.13802277247111,0.01945302390633353,Low Risk
2014-05-25,1.3881175518035889,4.380951881408691,4.393939018249512,4.329003810882568,4.359306812286377,26056,0.004965254810996411,4.256647723061698,4.1467529296875,0.019438257868419215,Low Risk
2014-05-26,1.4032059907913208,4.428571224212647,4.437229156494141,4.329003810882568,4.380951881408691,1729580,0.010869633835979053,4.294062750680106,4.1570703983306885,0.016593670563945638,Low Risk
2014-05-27,1.4032059907913208,4.428571224212647,4.428571224212647,4.428571224212647,4.428571224212647,0,0.0,4.333023752485003,4.163708209991455,0.016321490203298514,Low Risk
2014-05-28,1.3737151622772217,4.33549690246582,4.437229156494141,4.307359218597412,4.428571224212647,360082,-0.021016783299759312,4.350030422210693,4.167027107874552,0.019595333748170105,Low Risk
2014-05-29,1.3311938047409058,4.201298236846924,4.331168174743652,4.149350166320801,4.33549690246582,61399,-0.030953468227037817,4.336115768977574,4.169768810272217,0.02212259336358866,Medium Risk
2014-06-01,1.2454652786254885,3.930735111236572,4.12337589263916,3.898267984390259,4.201298236846924,49609,-0.0643998855490463,4.294990198952811,4.167604311307271,0.032034864699019026,Medium Risk
2014-06-02,1.285243272781372,4.056276798248291,4.216450214385986,4.025973796844482,3.930735111236572,44453,0.03193847549096862,4.25170019694737,4.169624535242717,0.0317222839524642,Medium Risk
2014-06-03,1.2927875518798828,4.0800862312316895,4.097402095794678,4.069263935089111,4.056276798248291,207696,0.005869775207076655,4.208719389779227,4.170562473932902,0.03179421117854369,Medium Risk
2014-06-04,1.3579413890838623,4.285714149475098,4.413418769836426,4.006493091583252,4.0800862312316895,429401,0.050397934403786815,4.1883112362452914,4.176550944646199,0.038790730096014324,Medium Risk
2014-06-05,1.4525856971740725,4.584414958953857,4.688311100006104,4.415584087371826,4.285714149475098,396192,0.06969685776064738,4.210574626922607,4.1925682385762535,0.047876343929341536,Medium Risk
2014-06-08,1.4525856971740725,4.584414958953857,4.584414958953857,4.584414958953857,4.584414958953857,0,0.0,4.246134349278042,4.208585532506307,0.046545073734038836,Medium Risk
2014-06-09,1.447098970413208,4.567099094390869,4.679653167724609,4.482683181762695,4.584414958953857,90136,-0.003777115448323154,4.298391614641462,4.226550896962483,0.04371046245872023,Medium Risk
2014-06-10,1.440240502357483,4.545454025268555,4.558441162109375,4.482683181762695,4.567099094390869,126934,-0.004739347378929892,4.386208602360317,4.243289693196615,0.02972317340657658,Medium Risk
2014-06-11,1.451213836669922,4.5800862312316895,4.651515007019043,4.545454025268555,4.545454025268555,638604,0.007619086183824786,4.461038521357945,4.2614714940389,0.029699307940527456,Medium Risk
2014-06-12,1.43749737739563,4.5367960929870605,4.545454025268555,4.51298713684082,4.5800862312316895,124813,-0.009451817293183895,4.526282787322998,4.27561289469401,0.03125469010919288,Medium Risk
2014-06-15,1.4416122436523438,4.549783229827881,4.59956693649292,4.441557884216309,4.5367960929870605,67341,0.0028626229997190666,4.56400694165911,4.2901871999104815,0.02737726452129235,Medium Risk
2014-06-16,1.4416122436523438,4.549783229827881,4.59956693649292,4.441557884216309,4.5367960929870605,67341,0.0,4.55905955178397,4.302236270904541,0.005542306770984469,Low Risk
2014-06-17,1.3826313018798828,4.363636016845703,4.642857074737549,4.333333015441895,4.437229156494141,2541,-0.04091342456972824,4.527519702911377,4.310461378097534,0.015976894218085458,Low Risk
2014-06-18,1.3826313018798828,4.363636016845703,4.274890899658203,4.264069080352783,4.363636016845703,83,0.0,4.498453548976353,4.318830776214599,0.01616320054978022,Low Risk
2014-06-19,1.3826313018798828,4.363636016845703,4.363636016845703,4.363636016845703,4.363636016845703,0,0.0,4.472479547773089,4.327200174331665,0.016341399030264103,Low Risk
2014-06-22,1.356569766998291,4.281384944915772,4.329003810882568,4.264069080352783,4.363636016845703,13125,-0.018849205481942688,4.429807935442243,4.332900031407674,0.015799760118290092,Low Risk
2014-06-23,1.357254981994629,4.283548831939697,4.285714149475098,4.281384944915772,4.281384944915772,1709,0.0005054175346914658,4.39362975529262,4.33859985669454,0.016244564421092764,Low Risk
2014-06-24,1.3551981449127195,4.277056217193604,4.281384944915772,4.069263935089111,4.281384944915772,171669,-0.0015157092870475841,4.354668753487723,4.340620056788127,0.015833153678696713,Low Risk
2014-06-25,1.3044466972351074,4.116882801055908,4.415584087371826,4.047618865966797,4.277056217193604,17449,-0.03744945308266123,4.292825835091727,4.336363220214844,0.018511175245617184,Low Risk
2014-06-26,1.3840028047561646,4.367965221405029,4.383115768432617,4.313851833343506,4.116882801055908,39967,0.06098847902221616,4.2934442928859164,4.343073193232218,0.03021579980019025,Medium Risk
2014-06-29,1.2845574617385864,4.054111957550049,4.058441162109375,4.051948070526123,4.367965221405029,2772,-0.07185342555315133,4.2492265701293945,4.339682118097941,0.04078165830833251,Medium Risk
2014-06-30,1.3634278774261477,4.303030014038086,4.329003810882568,4.177488803863525,4.054111957550049,27720,0.061398910314864885,4.240568569728306,4.342568111419678,0.049000144938496304,Medium Risk
2014-07-02,1.3716577291488647,4.329003810882568,4.329003810882568,4.329003810882568,4.303030014038086,205590,0.006036164460797577,4.247371264866421,4.343578211466471,0.04838548339998027,Medium Risk
2014-07-03,1.3709717988967896,4.326838970184326,4.329003810882568,4.179653167724609,4.329003810882568,277560,-0.0005000782611463972,4.253555570329938,4.347185707092285,0.04839418535229944,Medium Risk
2014-07-06,1.3716577291488647,4.329003810882568,4.383115768432617,4.229436874389648,4.326838970184326,342120,0.0005003284645348494,4.260976655142648,4.346175607045492,0.04837268991882884,Medium Risk
2014-07-07,1.3709717988967896,4.326838970184326,4.329003810882568,4.253245830535889,4.329003810882568,182120,-0.0005000782611463972,4.290970393589565,4.3443718433380125,0.04516708938765596,Medium Risk
2014-07-08,1.3606846332550049,4.294372081756592,4.307359218597412,4.279220104217529,4.326838970184326,104998,-0.007503604513932505,4.280457087925503,4.339898538589478,0.038738843214129945,Medium Risk
2014-07-09,1.356569766998291,4.281384944915772,4.326838970184326,4.257575035095215,4.294372081756592,187918,-0.003024222539074195,4.3129246575491775,4.334992329279582,0.02386740989095634,Medium Risk
2014-07-10,1.356569766998291,4.281384944915772,4.255411148071289,4.255411148071289,4.281384944915772,328,0.0,4.309832504817417,4.3331885973612465,0.004063588038316084,Low Risk
2014-07-13,1.364113688468933,4.305193901062012,4.329003810882568,4.253245830535889,4.281384944915772,11647,0.005561040750263091,4.3064310891287665,4.336651786168416,0.0039339661358494095,Low Risk
2014-07-14,1.3709717988967896,4.326838970184326,4.329003810882568,4.264069080352783,4.305193901062012,617005,0.00502766417024203,4.3064310891287665,4.349855248133341,0.0045120663584069815,Low Risk
2014-07-15,1.3716577291488647,4.329003810882568,4.331168174743652,4.326838970184326,4.326838970184326,262660,0.0005003284645348494,4.3064310891287665,4.358946148554484,0.0045120663584069815,Low Risk
2014-07-16,1.3510829210281372,4.264069080352783,4.285714149475098,4.246753215789795,4.329003810882568,15001,-0.01499992454766319,4.297463962009975,4.365078910191854,0.00727001008491632,Low Risk
2014-07-17,1.3709717988967896,4.326838970184326,4.331168174743652,4.29870080947876,4.264069080352783,32441,0.014720655000821425,4.302102088928223,4.3664497375488285,0.009116240230793859,Low Risk
2014-07-20,1.3716577291488647,4.329003810882568,4.331168174743652,4.266232967376709,4.326838970184326,3621313,0.0005003284645348494,4.308904784066336,4.357936032613119,0.00894543302125108,Low Risk
2014-07-21,1.3716577291488647,4.329003810882568,4.329003810882568,4.290042877197266,4.329003810882568,383293,0.0,4.31570747920445,4.349422327677408,0.00894543302125108,Low Risk
2014-07-22,1.3716577291488647,4.329003810882568,4.329003810882568,4.285714149475098,4.329003810882568,69554,0.0,4.319108894893101,4.341485818227132,0.008782101380952442,Low Risk
2014-07-24,1.3846886157989502,4.370129108428955,4.545454025268555,4.329003810882568,4.329003810882568,336215,0.009499944870226873,4.32529320035662,4.335641654332479,0.009287266725112337,Low Risk
2014-07-27,1.4347540140151978,4.528138160705566,4.567099094390869,4.3961029052734375,4.370129108428955,16585,0.036156609646119886,4.353740964617048,4.333910051981608,0.016014658792211384,Low Risk
2014-07-30,1.4347540140151978,4.528138160705566,4.528138160705566,4.528138160705566,4.528138160705566,0,0.0,4.3914651189531595,4.333621454238892,0.01344778886970998,Low Risk
2014-07-31,1.4395549297332764,4.543290138244629,4.556276798248291,4.450215816497803,4.528138160705566,8870,0.003346182691718491,4.422386714390346,4.333405017852783,0.01328481318285442,Low Risk
2014-08-03,1.3840028047561646,4.367965221405029,4.42424201965332,4.346320152282715,4.543290138244629,88011,-0.038589857020960405,4.427952630179269,4.3273444175720215,0.021918157055724675,Medium Risk
2014-08-04,1.4224090576171875,4.489177227020264,4.545454025268555,4.383115768432617,4.367965221405029,104042,0.02775022223648671,4.450834546770368,4.33152912457784,0.024013669268343227,Medium Risk
2014-08-05,1.4326964616775513,4.5216450691223145,4.547618865966797,4.439393043518066,4.489177227020264,96183,0.007232470553095505,4.478354726518903,4.33679609298706,0.02389530231051363,Medium Risk
2014-08-06,1.4326964616775513,4.5216450691223145,4.5216450691223145,4.5216450691223145,4.5216450691223145,0,0.0,4.499999863760812,4.3420630613962805,0.023965207472509655,Medium Risk
2014-08-07,1.4128073453903198,4.458874225616455,4.515151023864746,4.458874225616455,4.515151023864746,643741,-0.013882302247585243,4.490105015890939,4.34797937075297,0.020358862589515723,Medium Risk
2014-08-10,1.407320857048035,4.441557884216309,4.458874225616455,4.437229156494141,4.458874225616455,38456,-0.0038835680317383936,4.477736404963902,4.353246339162191,0.020347538638916165,Medium Risk
2014-08-11,1.4484704732894895,4.571427822113037,4.707791805267334,4.458874225616455,4.441557884216309,879199,0.02923972652889195,4.4817560740879605,4.363058725992839,0.02368361550843223,Medium Risk
2014-08-12,1.5129384994506836,4.774890899658203,4.906926155090332,4.59956693649292,4.571427822113037,363658,0.04450755550836183,4.539888313838413,4.384992329279582,0.021150260374032233,Medium Risk
2014-08-13,1.5348849296569824,4.8441548347473145,4.8917741775512695,4.772727012634277,4.774890899658203,603991,0.014505867577847553,4.590599400656564,4.400865316390991,0.020180456066850993,Medium Risk
2014-08-14,1.5815211534500122,4.9913411140441895,5.0865797996521,4.870129108428955,4.8441548347473145,529502,0.030384305274699708,4.657698835645403,4.432106288274129,0.021306213309518693,Medium Risk
2014-08-17,1.597981572151184,5.043290138244629,5.140692234039307,4.978353977203369,4.9913411140441895,198465,0.0104078288807532,4.732219559805734,4.456781625747681,0.020480145730370873,Medium Risk
2014-08-18,1.577406644821167,4.978353977203369,5.032466888427734,4.902596950531006,5.043290138244629,622854,-0.012875753577774818,4.806430952889579,4.478426631291708,0.020238321190610403,Medium Risk
2014-08-19,1.5760349035263062,4.974024772644043,4.989177227020264,4.848484039306641,4.978353977203369,105890,-0.0008696056124474216,4.882497651236398,4.499999491373698,0.019770437621219265,Low Risk
2014-08-20,1.6020963191986084,5.056276798248291,5.0865797996521,4.978353977203369,4.974024772644043,310588,0.01653631201368655,4.951761790684292,4.524241924285889,0.018969896791799345,Low Risk
2014-08-21,1.57877779006958,4.982683181762695,5.051948070526123,4.874457836151123,5.056276798248291,190219,-0.01455490263331538,4.981446402413504,4.546103398005168,0.016447088607802092,Low Risk
2014-08-24,1.6082687377929688,5.075757026672363,5.0865797996521,5.0216450691223145,4.982683181762695,76479,0.018679462754190634,5.014532429831369,4.572149562835693,0.016867827520891443,Low Risk
2014-08-25,1.6309009790420532,5.147185802459717,5.194805145263672,5.084414958953857,5.075757026672363,795818,0.01407253645357831,5.036795956747873,4.601009591420492,0.013942160937002785,Low Risk
2014-08-26,1.6309009790420532,5.147185802459717,5.147185802459717,5.147185802459717,5.147185802459717,0,0.0,5.051638194492885,4.62986962000529,0.013759035479934836,Low Risk
2014-08-27,1.6459894180297852,5.194805145263672,5.196969032287598,5.088744163513184,5.22294282913208,80249,0.009251529793464774,5.082559789930071,4.659523328145345,0.01192363710810349,Low Risk
2014-08-28,1.6459894180297852,5.194805145263672,5.227272033691406,5.194805145263672,5.194805145263672,83044,0.0,5.114099843161447,4.688455533981323,0.01184245262675808,Low Risk
2014-08-31,1.6651926040649414,5.255411148071289,5.4112548828125,5.194805145263672,5.194805145263672,1448905,0.011666655651728197,5.142547607421875,4.719335778554281,0.011268934254385183,Low Risk
2014-09-01,1.7180012464523315,5.422077178955078,5.461038112640381,5.201298236846924,5.255411148071289,101178,0.03171322398723353,5.2053181784493585,4.75793604850769,0.011052251913499976,Low Risk
2014-09-02,1.7495497465133667,5.5216450691223145,5.562769889831543,5.467532157897949,5.422077178955078,906310,0.018363421781175226,5.269016470227923,4.79776291847229,0.011021964416768993,Low Risk
2014-09-03,1.7996153831481934,5.679653167724609,6.034632205963135,5.584414958953857,5.5216450691223145,292940,0.028616127372238065,5.345083236694336,4.842784563700358,0.012688910230939425,Low Risk
2014-09-04,1.7941282987594604,5.662336826324463,5.818181037902832,5.519480228424072,5.679653167724609,226671,-0.0030488378231524615,5.4186762401035855,4.887228997548421,0.013296546623229908,Low Risk
2014-09-07,1.7495497465133667,5.5216450691223145,5.543290138244629,5.519480228424072,5.543290138244629,64291,-0.024846942440454267,5.465367657797677,4.926983706156412,0.01986293292426277,Low Risk
2014-09-08,1.7468063831329346,5.51298713684082,5.5411248207092285,5.417747974395752,5.5216450691223145,375749,-0.001567998698415174,5.510822228022984,4.965078973770142,0.019988778960272242,Low Risk
2014-09-09,1.748863697052002,5.519480228424072,5.621212005615234,5.4112548828125,5.51298713684082,2780445,0.0011777810145541245,5.548546382359096,4.998123709360758,0.020121964617345237,Medium Risk
2014-09-10,1.748863697052002,5.519480228424072,5.584414958953857,5.519480228424072,5.519480228424072,392829,0.0,5.56246110371181,5.031168444951375,0.017013173762331812,Low Risk
2014-09-11,1.7372045516967771,5.482683181762695,5.519480228424072,5.4112548828125,5.519480228424072,710472,-0.0066667593937342895,5.5568951198032925,5.062481546401978,0.015748566335396688,Low Risk
2014-09-14,1.726916790008545,5.450215816497803,5.5411248207092285,5.432899951934815,5.482683181762695,193259,-0.005921802188550762,5.52411835534232,5.098556566238403,0.008863309306592532,Low Risk
2014-09-15,1.7317177057266235,5.465366840362549,5.519480228424072,5.4112548828125,5.450215816497803,58364,0.002779894296824681,5.4959797859191895,5.131096220016479,0.009425134807454261,Low Risk
2014-09-16,1.76463782787323,5.569263935089111,5.6255412101745605,5.4112548828125,5.465366840362549,63561,0.019010086195727416,5.502782481057303,5.166016848882039,0.008576900774084364,Low Risk
2014-09-17,1.7625802755355835,5.562769889831543,5.606060028076172,5.519480228424072,5.569263935089111,54488,-0.0011660509060547053,5.50989430291312,5.200721009572347,0.00855614241225303,Low Risk
2014-09-18,1.7804118394851685,5.619047164916992,5.627705097198486,5.532466888427734,5.562769889831543,131891,0.01011677207578221,5.524118150983538,5.239393440882365,0.009176618002229704,Low Risk
2014-09-21,1.7529786825180054,5.532466888427734,5.627705097198486,5.519480228424072,5.619047164916992,50829,-0.015408355535762253,5.525973388126919,5.275757074356079,0.011464985133154764,Low Risk
2014-09-22,1.783155083656311,5.627705097198486,5.679653167724609,5.534632205963135,5.532466888427734,358682,0.017214420021195664,5.546690804617746,5.310966316858927,0.012519128992893015,Low Risk
2014-09-23,1.7852128744125366,5.634199142456055,5.681818008422852,5.627705097198486,5.627705097198486,226661,0.0011539419968542575,5.572974136897495,5.339609924952189,0.011871934365485896,Low Risk
2014-09-24,1.8339064121246336,5.787878036499023,5.8961029052734375,5.6298699378967285,5.634199142456055,173559,0.027276084880446305,5.619047164916992,5.371067365010579,0.014493230226627967,Low Risk
2014-09-25,1.8517378568649288,5.8441548347473145,5.876623153686523,5.766232967376709,5.787878036499023,172441,0.009723217713539123,5.658317293439593,5.399494489034017,0.013757290190807262,Low Risk
2014-09-28,1.8208760023117063,5.746753215789795,5.893939018249512,5.7359299659729,5.8441548347473145,109618,-0.01666650212249743,5.684600625719343,5.422943258285523,0.016300691497361,Low Risk
2014-09-29,1.8517378568649288,5.8441548347473145,5.857141971588135,5.7359299659729,5.746753215789795,267022,0.01694898237319431,5.716758864266532,5.45180328687032,0.016868650597188003,Low Risk
2014-09-30,1.85310971736908,5.848484039306641,5.930735111236572,5.8441548347473145,5.8441548347473145,536774,0.0007407751303210031,5.761904171534947,5.480951929092408,0.014419351008820865,Low Risk
2014-10-01,1.8496805429458616,5.837662220001221,5.852812767028809,5.822509765625,5.848484039306641,150344,-0.0018503631424294786,5.791898046221052,5.506998109817505,0.014199975841995949,Low Risk
2014-10-02,1.854481101036072,5.852812767028809,5.9480509757995605,5.826838970184326,5.837662220001221,138729,0.002595310666601902,5.82312856401716,5.536002429326375,0.014139610504844994,Low Risk
2014-10-09,1.8510522842407229,5.841990947723389,5.876623153686523,5.740259170532227,5.8398261070251465,322175,-0.0018489946178329442,5.830858979906354,5.561543560028076,0.010491472167219192,Low Risk
2014-10-12,1.7612086534500122,5.558441162109375,5.7359299659729,5.417747974395752,5.841990947723389,398793,-0.04853649862715248,5.790042740958078,5.575252072016398,0.02080583258370123,Medium Risk
2014-10-13,1.7468063831329346,5.51298713684082,5.6255412101745605,5.467532157897949,5.558441162109375,232053,-0.008177477091671714,5.75664758682251,5.587445449829102,0.020387979203686648,Medium Risk
2014-10-14,1.748863697052002,5.519480228424072,5.52380895614624,5.43506383895874,5.51298713684082,742785,0.0011777810145541245,5.710265500204904,5.598267952601115,0.018219879702586168,Low Risk
2014-10-15,1.783155083656311,5.627705097198486,5.681818008422852,5.519480228424072,5.519480228424072,432565,0.01960780078839308,5.67872565133231,5.612697950998942,0.02092119971872086,Medium Risk
2014-10-16,1.771496057510376,5.590909004211426,5.71212100982666,5.469696044921875,5.627705097198486,1106896,-0.006538383293285599,5.643475191933768,5.6238812128702795,0.020867694442305396,Medium Risk
2014-10-19,1.7468063831329346,5.51298713684082,5.627705097198486,5.471860885620117,5.590909004211426,37191,-0.013937244786475622,5.594928673335484,5.626911544799805,0.020672681084045904,Medium Risk
2014-10-20,1.7351471185684204,5.476190090179443,5.584414958953857,5.437229156494141,5.51298713684082,24407,-0.0066746113763768156,5.542671407972064,5.625396378835043,0.020500598575757402,Medium Risk
2014-10-21,1.7248594760894775,5.443721771240234,5.519480228424072,5.4112548828125,5.476190090179443,306167,-0.005928997789436674,5.526282923562186,5.61753199895223,0.010874726809892942,Low Risk
2014-10-22,1.748863697052002,5.519480228424072,5.5411248207092285,5.517315864562988,5.443721771240234,408061,0.013916665907518944,5.527210508074079,5.61277011235555,0.01221918574075433,Low Risk
2014-10-23,1.7317177057266235,5.465366840362549,5.519480228424072,5.417747974395752,5.519480228424072,590306,-0.009804073177552386,5.51948002406529,5.610894171396891,0.012770065437188203,Low Risk
2014-10-26,1.7152578830718994,5.413418769836426,5.417747974395752,5.4112548828125,5.465366840362549,112339,-0.009504955850809238,5.488867691584995,5.607575225830078,0.008994448356889598,Low Risk
2014-10-27,1.7125146389007568,5.404760837554932,5.413418769836426,5.313851833343506,5.413418769836426,152797,-0.0015993464850228012,5.462275096348354,5.60375124613444,0.009092235881804906,Low Risk
2014-10-28,1.7186874151229858,5.42424201965332,5.517315864562988,5.409090042114258,5.404760837554932,58364,0.0036044485008519533,5.449597222464425,5.600576639175415,0.008552400559602446,Low Risk
2014-10-29,1.726231336593628,5.4480509757995605,5.519480228424072,5.422077178955078,5.42424201965332,77611,0.004389360957710808,5.445577348981585,5.599422232309977,0.00862785536009549,Low Risk
2014-10-30,1.7756110429763794,5.603896141052246,5.649350166320801,5.443721771240234,5.4480509757995605,62115,0.02860567310125317,5.468459401811872,5.604544909795125,0.013589255241099281,Low Risk
2014-11-02,1.818818092346192,5.740259170532227,5.831168174743652,5.692639827728272,5.603896141052246,128071,0.024333611124772725,5.499999250684466,5.613707987467448,0.01529071417067106,Low Risk
2014-11-03,1.86545479297638,5.887444972991943,5.969696044921875,5.692639827728272,5.740259170532227,309743,0.02564096813176997,5.56029612677438,5.624314022064209,0.015162232774189788,Low Risk
2014-11-04,1.888087034225464,5.958874225616455,6.060606002807617,5.930735111236572,5.887444972991943,405252,0.012132470528758432,5.638218334742954,5.637517499923706,0.012266258745383401,Low Risk
2014-11-05,1.8887728452682493,5.961038112640381,6.032466888427734,5.878787040710449,5.958874225616455,81986,0.00036313688492084495,5.717686516898019,5.648917198181152,0.011869719628422648,Low Risk
2014-11-06,1.883285999298096,5.943721771240234,5.952380180358887,5.909090042114258,5.961038112640381,293023,-0.002904920430457758,5.791897909981864,5.662625694274903,0.013031926013733272,Low Risk
2014-11-09,1.886029839515686,5.952380180358887,5.952380180358887,5.950215816497803,5.943721771240234,138914,0.0014567319016425273,5.863944939204624,5.673448197046915,0.013405031751506135,Low Risk
2014-11-10,1.890144109725952,5.965366840362549,5.974024772644043,5.9112548828125,5.952380180358887,30893,0.002181759163588648,5.915583610534668,5.684487120310465,0.011843139559307521,Low Risk
2014-11-11,1.8750563859939573,5.917747974395752,5.952380180358887,5.848484039306641,5.965366840362549,38941,-0.007982554508567774,5.940939153943743,5.688816118240356,0.011161973642535801,Low Risk
2014-11-12,1.8565391302108765,5.859306812286377,5.945887088775635,5.8441548347473145,5.917747974395752,20859,-0.009875574688586242,5.936919416700091,5.6893211841583256,0.007312506844059517,Low Risk
2014-11-13,1.8325344324111936,5.783548831939697,5.8441548347473145,5.742424011230469,5.859306812286377,13726,-0.01292951244468421,5.911872931889126,5.690547704696655,0.006026843805286524,Low Risk
2014-11-16,1.8524236679077148,5.846320152282715,5.898268222808838,5.703463077545166,5.783548831939697,35860,0.010853426186420823,5.89548465183803,5.6906198819478355,0.00825501476919549,Low Risk
2014-11-17,1.850366353988648,5.8398261070251465,5.8441548347473145,5.748917102813721,5.846320152282715,69993,-0.0011107919320896276,5.880642414093018,5.690331284205119,0.008276970797366596,Low Risk
2014-11-18,1.859282374382019,5.867965221405029,5.952380180358887,5.8441548347473145,5.8398261070251465,4347165,0.00481848497954962,5.868583134242466,5.6913413842519125,0.008633748644984975,Low Risk
2014-11-19,1.8537955284118648,5.850648880004883,5.898268222808838,5.848484039306641,5.867965221405029,478100,-0.002950995915412147,5.852194854191372,5.691269254684448,0.008434430782699263,Low Risk
2014-11-20,1.8675123453140257,5.893939018249512,5.898268222808838,5.850648880004883,5.850648880004883,64157,0.007399202914496694,5.848793574741909,5.693000857035319,0.008835026005333299,Low Risk
2014-11-23,1.894259214401245,5.978353977203369,6.017315864562988,5.898268222808838,5.893939018249512,93878,0.014322333280422761,5.865800312587193,5.706997950871785,0.009296439066839541,Low Risk
2014-11-24,1.8524236679077148,5.846320152282715,5.857141971588135,5.8441548347473145,5.978353977203369,15537,-0.022085314021907165,5.874767644064767,5.718109051386516,0.012114225869384628,Low Risk
2014-11-25,1.8524236679077148,5.846320152282715,5.876623153686523,5.8441548347473145,5.846320152282715,160369,0.0,5.874767644064767,5.7290037155151365,0.011407428192746994,Low Risk
2014-11-26,1.8524236679077148,5.846320152282715,5.887444972991943,5.8441548347473145,5.846320152282715,108948,0.0,5.875695364815848,5.7362908840179445,0.011396210504178788,Low Risk
2014-11-27,1.85310971736908,5.848484039306641,5.885281085968018,5.8441548347473145,5.846320152282715,116262,0.0003701280408123786,5.872912338801792,5.744876718521118,0.011219367153858495,Low Risk
2014-11-30,1.883971929550171,5.945887088775635,5.950215816497803,5.928571224212647,5.848484039306641,123354,0.01665440972641208,5.886517797197614,5.759306716918945,0.012815943654392814,Low Risk
2014-12-01,1.9189492464065552,6.056276798248291,6.056276798248291,6.056276798248291,6.056276798248291,2430083,0.018565725824334134,5.909708908626011,5.77864294052124,0.014168394022879068,Low Risk
2014-12-02,1.9436393976211548,6.134199142456055,6.134199142456055,6.134199142456055,6.134199142456055,121607,0.01286637761178655,5.931972503662109,5.801658852895101,0.014000879407039932,Low Risk
2014-12-03,1.9203208684921265,6.060606002807617,6.060606002807617,6.060606002807617,6.060606002807617,70270,-0.0119971878870192,5.9625847680228095,5.819696378707886,0.011118827157013135,Low Risk
2014-12-04,1.9340378046035769,6.103896141052246,6.168830871582031,6.060606002807617,6.060606002807617,81852,0.007142872878483475,5.999381337847028,5.840980688730876,0.01088649517896719,Low Risk
2014-12-07,1.9340378046035769,6.103896141052246,6.103896141052246,6.103896141052246,6.103896141052246,0,0.0,6.036177907671247,5.863996601104736,0.01088649517896719,Low Risk
2014-12-08,1.9148341417312624,6.043290138244629,6.060606002807617,5.987011909484863,6.103896141052246,90371,-0.009929068484636705,6.0640073503766745,5.885280911127726,0.012400914802177945,Low Risk
2014-12-09,1.916892409324646,6.049783229827881,6.060606002807617,5.987011909484863,6.043290138244629,42222,0.0010744298941003372,6.078849656241281,5.906132284800211,0.01125500582022595,Low Risk
2014-12-10,1.9498116970062256,6.153678894042969,6.209956169128418,6.058441162109375,6.049783229827881,734834,0.017173452381374688,6.092764241354806,5.929653215408325,0.01093210443306001,Low Risk
2014-12-11,1.935409426689148,6.108224868774414,6.114717960357666,6.060606002807617,6.153678894042969,326416,-0.007386479868580098,6.089053630828857,5.946464172999064,0.010343952201580877,Low Risk
2014-12-14,1.8627110719680784,5.878787040710449,5.995669841766357,5.8441548347473145,6.108224868774414,141362,-0.03756211223278039,6.063079493386405,5.9510817686716715,0.017257607867715255,Low Risk
2014-12-15,1.8517378568649288,5.8441548347473145,5.854978084564209,5.8441548347473145,5.878787040710449,376922,-0.005891046184069548,6.0259735924857,5.9496387640635175,0.016515429187808375,Low Risk
2014-12-16,1.850366353988648,5.8398261070251465,5.8441548347473145,5.746753215789795,5.8441548347473145,81321,-0.0007406935381709667,5.9882493019104,5.945670493443807,0.016472341041618807,Low Risk
2014-12-17,1.830477833747864,5.777056217193604,5.8441548347473145,5.627705097198486,5.8398261070251465,1646286,-0.010748588858841446,5.950215884617397,5.939537763595581,0.01650630337050777,Low Risk
2014-12-18,1.8510522842407229,5.841990947723389,5.8441548347473145,5.740259170532227,5.777056217193604,197708,0.01124010708715728,5.920531272888184,5.9361467361450195,0.01766919812177086,Low Risk
2014-12-21,1.938152432441712,6.116882801055908,6.21212100982666,5.941557884216309,5.841990947723389,247003,0.04705448121922284,5.915274688175747,5.94163015683492,0.025672282930624696,Medium Risk
2014-12-22,1.9724440574646,6.2251081466674805,6.331168174743652,6.067099094390869,6.116882801055908,579019,0.0176928918096797,5.931972299303327,5.950288200378418,0.026305669842039397,Medium Risk
2014-12-23,1.988217830657959,6.274890899658203,6.279220104217529,6.22294282913208,6.2251081466674805,703501,0.007997090462978251,5.988558564867292,5.962192964553833,0.01929813959434346,Low Risk
2014-12-24,1.9889039993286133,6.277056217193604,6.277056217193604,6.229436874389648,6.274890899658203,609849,0.00034507652324577975,6.050401619502476,5.976117944717407,0.018599713864984165,Low Risk
2014-12-25,1.992332935333252,6.287878036499023,6.341990947723389,6.277056217193604,6.277056217193604,215301,0.0017240277816497063,6.114409037998745,5.992928918202718,0.018375515029621325,Low Risk
2014-12-28,1.99439024925232,6.294372081756592,6.361471176147461,6.277056217193604,6.287878036499023,20374,0.001032788043895394,6.188311304364886,6.007863982518514,0.016523609793938333,Low Risk
2014-12-29,2.0225090980529785,6.383115768432617,6.428571224212647,6.341990947723389,6.294372081756592,12390,0.014098894301663112,6.26561485018049,6.025973637898763,0.0165243127374138,Low Risk
2014-12-30,1.991647243499756,6.285714149475098,6.290042877197266,6.277056217193604,6.383115768432617,78309,-0.01525925934779604,6.289733614240374,6.039898602167765,0.010829760070364854,Low Risk
2014-12-31,1.960784673690796,6.188311100006104,6.81168794631958,6.060606002807617,6.285714149475098,613457,-0.015495940024114363,6.2844768932887485,6.051154009501139,0.011071340286275972,Low Risk
2015-01-04,1.934723138809204,6.106060028076172,6.170995235443115,6.060606002807617,6.188311100006104,33199,-0.013291360211326708,6.2603581973484586,6.0582247098286945,0.01117743058677899,Low Risk
2015-01-05,1.9258075952529907,6.0779218673706055,6.2445878982543945,6.060606002807617,6.106060028076172,252584,-0.004608235191954302,6.23191043308803,6.061543639500936,0.01102443077710577,Low Risk
2015-01-06,1.9203208684921265,6.060606002807617,6.062769889831543,6.060606002807617,6.0779218673706055,22360,-0.0028489778152543943,6.199442999703543,6.068686501185099,0.010722542743870024,Low Risk
2015-01-08,1.9216927289962769,6.064935207366943,6.0735931396484375,6.060606002807617,6.060606002807617,18050,0.0007143187591009958,6.166666303362165,6.075973669687907,0.010692342334092669,Low Risk
2015-01-11,2.1161253452301025,6.678571224212647,6.869047164916992,6.666666030883789,6.671428203582764,30013,0.10117767063699779,6.208874225616455,6.1037153720855715,0.04193984354703743,Medium Risk
2015-01-12,1.941855788230896,6.128571033477783,6.3714280128479,6.011903762817383,6.071427822113037,24003,-0.08235297225563465,6.18642520904541,6.1130516052246096,0.05389142261480388,High Risk
2015-01-13,2.0399296283721924,6.4380950927734375,6.452380180358887,6.309523105621338,6.128571033477783,358360,0.05050509451630014,6.2221086365836005,6.129458538691202,0.05690499486717231,High Risk
2015-01-14,2.0429470539093018,6.4476189613342285,6.452380180358887,6.261903762817383,6.4380950927734375,240450,0.0014792991441647807,6.27090276990618,6.142503277460734,0.05629593646271454,High Risk
2015-01-15,2.0444557666778564,6.452380180358887,6.52380895614624,6.309523105621338,6.4476189613342285,374501,0.0007384460919932501,6.324396814618792,6.153109312057495,0.05611409712282343,High Risk
2015-01-18,2.002208948135376,6.319046974182129,6.326189994812012,6.309523105621338,6.452380180358887,29076,-0.02066418940759651,6.361316953386579,6.1617240111033125,0.05718335848185432,High Risk
2015-01-19,2.024841547012329,6.390476226806641,6.428571224212647,6.309523105621338,6.319046974182129,62563,0.011303801493540266,6.407822813306536,6.171276680628458,0.057117937688064474,High Risk
2015-01-20,2.002208948135376,6.319046974182129,6.338095188140869,6.316666126251221,6.390476226806641,11831,-0.011177453774866009,6.3564622061593195,6.178448375066122,0.040115840274913515,Medium Risk
2015-01-21,2.016542673110962,6.364284992218018,6.369047164916992,6.321427822113037,6.319046974182129,3822,0.007158993788259238,6.390135628836496,6.189148203531901,0.02259547833463781,Medium Risk
2015-01-22,2.002962827682495,6.321427822113037,6.326189994812012,6.314284801483154,6.364284992218018,9555,-0.006734011779388371,6.37346887588501,6.19820302327474,0.011055194750574487,Low Risk
2015-01-26,1.9991912841796875,6.309523105621338,6.309523105621338,6.309523105621338,6.321427822113037,8022,-0.0018832322106178134,6.353740896497454,6.203397830327352,0.01092287157008697,Low Risk
2015-01-27,2.0361571311950684,6.42618989944458,6.488094806671143,6.309523105621338,6.309523105621338,258048,0.01849058825369876,6.34999942779541,6.213996664683024,0.013662668975690344,Low Risk
2015-01-28,2.001454591751098,6.316666126251221,6.321427822113037,6.314284801483154,6.42618989944458,17274,-0.01704334526479301,6.349659306662423,6.22859263420105,0.01281426056295262,Low Risk
2015-01-29,2.002208948135376,6.319046974182129,6.333333015441895,6.314284801483154,6.316666126251221,3834,0.0003769152719681479,6.3394551277160645,6.2444223721822105,0.011838504811929352,Low Risk
2015-02-01,2.002208948135376,6.319046974182129,6.423809051513672,6.314284801483154,6.319046974182129,10201,0.0,6.3394551277160645,6.260396401087443,0.011050226846926029,Low Risk
2015-02-02,2.0007002353668213,6.314284801483154,6.314284801483154,6.314284801483154,6.319046974182129,3738,-0.0007536219810410083,6.33231224332537,6.278304020563762,0.010597522094847505,Low Risk
2015-02-03,2.021069526672364,6.378571033477783,6.428571224212647,6.349999904632568,6.314284801483154,46053,0.010181078937004706,6.340475559234619,6.296190023422241,0.01101325208661562,Low Risk
2015-02-04,2.035402774810791,6.423809051513672,6.449999809265137,6.340476036071777,6.378571033477783,20172,0.007092186917486476,6.356802122933524,6.3064208984375,0.011097824421482903,Low Risk
2015-02-05,2.028613328933716,6.402379989624023,6.428571224212647,6.357141971588135,6.423809051513672,374211,-0.00333588089524528,6.353400707244873,6.312329959869385,0.008703777954000933,Low Risk
2015-02-08,2.0150339603424072,6.359522819519043,6.359522819519043,6.359522819519043,6.402379989624023,2730,-0.006693943529505697,6.359523091997419,6.315151023864746,0.005829014633682577,Low Risk
2015-02-09,2.0150339603424072,6.359522819519043,6.359522819519043,6.359522819519043,6.359522819519043,0,0.0,6.365305355616978,6.3178999106089275,0.005837259469049628,Low Risk
2015-02-10,2.0301220417022705,6.407142162322998,6.428571224212647,6.376190185546875,6.359522819519043,14641,0.007487879854412682,6.377890382494245,6.321875381469726,0.006306291666049026,Low Risk
2015-02-11,2.036911964416504,6.428571224212647,6.428571224212647,6.428571224212647,6.407142162322998,26224,0.003344558517159424,6.394217014312745,6.326348686218262,0.006197689159512113,Low Risk
2015-02-12,2.036911964416504,6.428571224212647,6.428571224212647,6.338095188140869,6.428571224212647,124861,0.0,6.401359898703439,6.327863868077596,0.0052374696503427985,Low Risk
2015-02-15,2.036911964416504,6.428571224212647,6.488094806671143,6.430952072143555,6.428571224212647,1260,0.0,6.402040209089007,6.332625770568848,0.004529521142667128,Low Risk
2015-02-16,2.045210361480713,6.454761028289795,6.488094806671143,6.430952072143555,6.428571224212647,198227,0.004073969652619747,6.409523214612689,6.341507434844971,0.004453941813805302,Low Risk
2015-02-17,2.0444557666778564,6.452380180358887,6.488094806671143,6.428571224212647,6.454761028289795,653331,-0.0003688514447666158,6.422788551875523,6.353051439921061,0.002994333236271209,Low Risk
2015-02-18,2.0384206771850586,6.433332920074463,6.452380180358887,6.326189994812012,6.452380180358887,10962,-0.002951974271820479,6.4333328519548685,6.36489847501119,0.0035006367545176347,Low Risk
2015-02-19,2.0384206771850586,6.433332920074463,6.433332920074463,6.433332920074463,6.433332920074463,0,0.0,6.437074388776507,6.377322705586751,0.002388680457959125,Low Risk
2015-02-22,2.0384206771850586,6.433332920074463,6.435713768005371,6.435713768005371,6.433332920074463,1470,0.0,6.4377546310424805,6.389602629343669,0.0020561452593297292,Low Risk
2015-02-23,2.0444557666778564,6.452380180358887,6.452380180358887,6.452380180358887,6.433332920074463,6980,0.0029607142240359874,6.441155910491943,6.382062927881877,0.002318148296971765,Low Risk
2015-02-24,2.0648250579833984,6.516665935516357,6.5428571701049805,6.454761028289795,6.452380180358887,21252,0.009963107157441975,6.453740869249616,6.394999424616496,0.004218095868864259,Low Risk
2015-02-25,2.0535085201263428,6.48095178604126,6.547618865966797,6.452380180358887,6.516665935516357,71891,-0.005480432759404241,6.457482406071255,6.396427981058756,0.004907252244336549,Low Risk
2015-02-26,2.043701648712158,6.449999809265137,6.4595232009887695,6.433332920074463,6.48095178604126,478464,-0.004775838148154077,6.457142353057861,6.396507342656453,0.005316259675071465,Low Risk
2015-03-01,2.052000045776367,6.476190090179443,6.476190090179443,6.476190090179443,6.449999809265137,8400,0.0040605087889593605,6.4632648059300015,6.3973010063171385,0.005336886651042781,Low Risk
2015-03-02,2.0444557666778564,6.452380180358887,6.535714149475098,6.452380180358887,6.476190090179443,299812,-0.0036765304120183195,6.465985843113491,6.401745446523031,0.005620608693324503,Low Risk
2015-03-03,2.0399296283721924,6.4380950927734375,6.488094806671143,6.428571224212647,6.452380180358887,142623,-0.002213925278137352,6.466666153499058,6.403332742055257,0.005710793189943422,Low Risk
2015-03-04,2.036911964416504,6.428571224212647,6.430952072143555,6.428571224212647,6.4380950927734375,9693,-0.0014792991441645587,6.463264874049595,6.406983550389608,0.005587900142591012,Low Risk
2015-03-05,2.036911964416504,6.428571224212647,6.452380180358887,6.316666126251221,6.428571224212647,420340,0.0,6.450679915291922,6.409126424789429,0.003257021545719476,Low Risk
2015-03-08,2.036911964416504,6.428571224212647,6.452380180358887,6.3714280128479,6.428571224212647,50358,0.0,6.443196977887835,6.412697871526082,0.0029030058881600075,Low Risk
2015-03-09,2.036911964416504,6.428571224212647,6.428571224212647,6.423809051513672,6.428571224212647,128100,0.0,6.4401357514517645,6.416666142145792,0.002433445924076507,Low Risk
2015-03-10,2.035402774810791,6.423809051513672,6.430952072143555,6.192856788635254,6.428571224212647,872793,-0.0007407824433894872,6.432652745928083,6.416586780548096,0.0013998908479994966,Low Risk
2015-03-11,1.9924017190933228,6.288094997406006,6.404760837554932,6.221427917480469,6.423809051513672,10684,-0.02112672606227095,6.409183434077671,6.4156344095865885,0.007752862234933196,Low Risk
2015-03-12,2.0346484184265137,6.421428203582764,6.428571224212647,6.290475845336914,6.288094997406006,191835,0.021204069949922966,6.406802449907575,6.419047117233276,0.012234053005087526,Low Risk
2015-03-15,2.0338940620422363,6.419046878814697,6.428571224212647,6.333333015441895,6.421428203582764,59598,-0.00037084036332257764,6.40544182913644,6.422380447387695,0.01222350603531144,Low Risk
2015-03-16,1.966751217842102,6.207141876220703,6.333333015441895,6.190475940704346,6.419046878814697,10080,-0.03301191073917242,6.373809065137591,6.418809016545613,0.01742044683192036,Low Risk
2015-03-17,1.9773133993148804,6.240476131439209,6.252379894256592,6.226190090179443,6.207141876220703,8853,0.005370306637618283,6.346938337598528,6.414205853144328,0.017784785341827335,Low Risk
2015-03-18,1.965242862701416,6.202380180358887,6.2095232009887695,6.19523811340332,6.240476131439209,7404,-0.006104654561275624,6.314625331333706,6.406824890772501,0.01769989836480037,Low Risk
2015-03-19,1.962979912757873,6.19523811340332,6.2190470695495605,6.190475940704346,6.202380180358887,114660,-0.0011515042206189374,6.281972340175083,6.399920161565145,0.01768422108885231,Low Risk
2015-03-22,1.962979912757873,6.19523811340332,6.304760932922363,6.083333015441895,6.19523811340332,1533,0.0,6.268707071031843,6.394444004694621,0.016220925735036664,Low Risk
2015-03-23,1.9245045185089111,6.073809146881104,6.366665840148926,6.071427822113037,6.19523811340332,53306,-0.019600371172095232,6.2190472057887485,6.384920215606689,0.013610320530885659,Low Risk
2015-03-24,1.923750042915344,6.071427822113037,6.307141780853272,6.071427822113037,6.073809146881104,23566,-0.0003920644706608689,6.169387340545654,6.373729737599691,0.013608381915810503,Low Risk
2015-03-25,1.923750042915344,6.071427822113037,6.130951881408691,6.016665935516357,6.071427822113037,1859260,0.0,6.149999618530273,6.361824957529704,0.007993552632012695,Low Risk
2015-03-26,1.923750042915344,6.071427822113037,6.071427822113037,6.071427822113037,6.071427822113037,0,0.0,6.125849860055106,6.349920177459717,0.007266952821949672,Low Risk
2015-03-29,1.901871919631958,6.002379894256592,6.069046974182129,6.002379894256592,6.069046974182129,1440,-0.01137260128580675,6.097278390611921,6.335713799794515,0.007788279591731562,Low Risk
2015-03-30,1.923750042915344,6.071427822113037,6.071427822113037,6.071427822113037,6.071427822113037,2100,0.01150342515349867,6.07959120614188,6.32293602625529,0.009913276549783676,Low Risk
2015-03-31,2.006735324859619,6.333333015441895,6.357141971588135,6.069046974182129,6.071427822113037,5040,0.043137331283913394,6.09931904929025,6.318967787424723,0.02012224434712088,Medium Risk
2015-04-01,1.923750042915344,6.071427822113037,6.261903762817383,6.016665935516357,6.333333015441895,57086,-0.04135345365391063,6.0989788600376675,6.306904284159343,0.02527325609170698,Medium Risk
2015-04-02,1.8483089208602903,5.833333015441895,6.071427822113037,5.833333015441895,6.071427822113037,1010410,-0.03921562005628487,6.064965316227505,6.286904287338257,0.02935898977160385,Medium Risk
2015-04-05,1.8483089208602903,5.833333015441895,5.833333015441895,5.833333015441895,5.833333015441895,0,0.0,6.030951772417341,6.266904290517172,0.02935898977160385,Medium Risk
2015-04-06,1.8483089208602903,5.833333015441895,5.833333015441895,5.833333015441895,5.833333015441895,210,0.0,5.996938228607178,6.246269385019939,0.02935898977160385,Medium Risk
2015-04-07,1.8483089208602903,5.833333015441895,5.740476131439209,5.740476131439209,5.833333015441895,420,0.0,5.9727886744907925,6.223491621017457,0.0292833612133071,Medium Risk
2015-04-08,1.8483089208602903,5.833333015441895,5.714284896850586,5.476190090179443,5.833333015441895,1629,0.0,5.93877513068063,6.201904328664145,0.02860256440782321,Medium Risk
2015-04-09,1.923750042915344,6.071427822113037,6.071427822113037,6.071427822113037,5.833333015441895,6636,0.04081625479650497,5.901360103062221,6.1892852624257415,0.027952890163308295,Medium Risk
2015-04-14,1.8550984859466555,5.854761123657227,5.954761028289795,5.833333015441895,6.071427822113037,5208,-0.03568628414994546,5.870407717568534,6.168570963541668,0.026805989568527675,Medium Risk
2015-04-15,1.8249220848083496,5.759522914886475,5.880951881408691,5.714284896850586,5.854761123657227,17102,-0.016266796673552464,5.859863417489188,6.1454757213592535,0.023044767275314185,Medium Risk
2015-04-16,1.8792400360107424,5.930952072143555,5.952380180358887,5.833333015441895,5.759522914886475,7270,0.029764471778381596,5.8738089970179965,6.128570954004925,0.025950080611821413,Medium Risk
2015-04-19,1.8385014533996584,5.802380084991455,5.952380180358887,5.714284896850586,5.930952072143555,37997,-0.021678136256736202,5.869387149810791,6.107697916030885,0.027563932417285476,Medium Risk
2015-04-20,1.879500150680542,5.566666126251221,5.714284896850586,5.357141971588135,5.802380084991455,51958,-0.04062366740674861,5.831291879926409,6.078967746098837,0.031458288880753714,Medium Risk
2015-04-21,1.8296586275100708,5.419046878814697,5.430952072143555,5.404760837554932,5.566666126251221,19320,-0.026518430257633452,5.772108146122524,6.045316934585572,0.03217039014575961,Medium Risk
2015-04-22,1.913263320922852,5.666666030883789,5.666666030883789,5.640476226806641,5.419046878814697,99960,0.04569422586786209,5.714285033089774,6.019920094807944,0.03348140837023422,Medium Risk
2015-04-23,1.849755883216858,5.478570938110352,5.478570938110352,5.478570938110352,5.666666030883789,4620,-0.033193255390083665,5.660543578011649,5.9884121576944995,0.033166109425257606,Medium Risk
2015-04-26,1.8248353004455569,5.404760837554932,5.404760837554932,5.383333206176758,5.478570938110352,7858,-0.01347250978206338,5.60986328125,5.958967685699464,0.03308041722838458,Medium Risk
2015-04-27,1.7790136337280271,5.269046783447266,5.321427822113037,5.247619152069092,5.404760837554932,118860,-0.02511009426442301,5.515305382864816,5.920554971694947,0.028691369745466568,Medium Risk
2015-04-28,1.7042516469955444,5.047618865966797,5.238094806671143,5.0,5.269046783447266,5250,-0.042024283818486,5.407482351575579,5.874840704600017,0.03029901882745847,Medium Risk
2015-04-29,1.7138983011245728,5.076189994812012,5.238094806671143,4.797618865966797,5.047618865966797,48816,0.005660318182470814,5.3374143327985495,5.8371423085530605,0.02992331776540771,Medium Risk
2015-04-30,1.6954084634780884,5.021428108215332,5.050000190734863,5.002379894256592,5.076189994812012,13629,-0.010787989939826437,5.280611651284354,5.796507374445598,0.02929753881270326,Medium Risk
2015-05-03,1.6327053308486938,4.835713863372803,4.835713863372803,4.835713863372803,5.021428108215332,2520,-0.036984348046064985,5.161904198782785,5.750951830546062,0.016948266401557246,Low Risk
2015-05-04,1.7042516469955444,5.047618865966797,5.061903953552246,4.880951881408691,4.835713863372803,14645,0.04382083154237648,5.100339617047991,5.712697855631512,0.02922704411266213,Medium Risk
2015-05-05,1.768562912940979,5.238094806671143,5.238094806671143,5.238094806671143,5.047618865966797,4200,0.03773580093152762,5.076530184064593,5.680793078740439,0.03451459418381043,Medium Risk
2015-05-06,1.768562912940979,5.238094806671143,5.261903762817383,5.238094806671143,5.238094806671143,133560,0.0,5.072108473096575,5.6529359340667735,0.03323052722231147,Medium Risk
2015-05-07,1.7693666219711304,5.240476131439209,5.25,5.238094806671143,5.238094806671143,107331,0.00045461658407441874,5.099659511021206,5.6252375443776454,0.027788796726144843,Medium Risk
2015-05-10,1.7701705694198608,5.242856979370117,5.247619152069092,5.238094806671143,5.240476131439209,35061,0.000454319010561699,5.123469080243792,5.597618516286215,0.027859606402908823,Medium Risk
2015-05-11,1.7894643545150757,5.300000190734863,5.357141971588135,5.242856979370117,5.242856979370117,101417,0.010899250463935362,5.163265092032296,5.571904261906942,0.027009863891463055,Medium Risk
2015-05-12,1.8079535961151123,5.354761123657227,5.476190090179443,5.240476131439209,5.300000190734863,86927,0.010332251122951552,5.237414700644357,5.550316969553631,0.018412240027944178,Low Risk
2015-05-13,1.8690494298934937,5.535714149475098,5.630951881408691,5.407142162322998,5.354761123657227,47161,0.03379292215640106,5.3071425982884,5.532459847132366,0.016013007602987014,Low Risk
2015-05-14,1.88753879070282,5.590476036071777,5.654760837554932,5.476190090179443,5.535714149475098,375790,0.009892470080282711,5.357482773917062,5.507697947820029,0.011879807937086505,Low Risk
2015-05-17,1.9550658464431765,5.790475845336914,5.892857074737549,5.476190090179443,5.590476036071777,579335,0.03577509463857198,5.436394350869315,5.4983328819274915,0.014554288324294881,Low Risk
2015-05-18,2.087708234786988,6.183332920074463,6.285714149475098,5.790475845336914,5.790475845336914,518074,0.06784538701666776,5.5710881778172086,5.509999545415242,0.023340558898694585,Medium Risk
2015-05-19,2.074845790863037,6.145237922668457,6.190475940704346,5.954761028289795,6.183332920074463,334513,-0.006160916434295283,5.699999741145542,5.520396375656128,0.02456146939964503,Medium Risk
2015-05-20,2.070826292037964,6.133333206176758,6.190475940704346,5.952380180358887,6.145237922668457,67174,-0.0019372262948168517,5.819047314780099,5.530396382013957,0.02606575255644862,Medium Risk
2015-05-21,2.080472707748413,6.161903858184815,6.190475940704346,6.095238208770752,6.133333206176758,115953,0.004658258576149876,5.934353419712612,5.5413487434387205,0.026549673203237405,Medium Risk
2015-05-24,2.09092378616333,6.192856788635254,6.25,6.190475940704346,6.161903858184815,25200,0.0050232738391924325,6.028230939592634,5.5533328692118324,0.026384669621097836,Medium Risk
2015-05-25,2.0651988983154297,6.116665840148926,6.190475940704346,6.071427822113037,6.192856788635254,224700,-0.01230303736817373,6.103400911603655,5.554840803146362,0.0285479806756895,Medium Risk
2015-05-26,2.0499250888824463,6.071427822113037,6.071427822113037,6.071427822113037,6.116665840148926,2100,-0.007395862258643082,6.1435369082859586,5.5620630264282225,0.027520925537143907,Medium Risk
2015-05-27,2.0354552268981934,6.028571128845215,6.071427822113037,6.0,6.071427822113037,4036,-0.007058750350573573,6.121428080967495,5.5710313002268474,0.006506369761662399,Low Risk
2015-05-28,2.0105342864990234,5.954761028289795,6.0,5.785714149475098,6.028571128845215,66805,-0.01224338221743071,6.094217096056257,5.571824932098389,0.007267580765969836,Low Risk
2015-05-31,1.9293410778045648,5.714284896850586,5.716666221618652,5.714284896850586,5.954761028289795,39824,-0.04038384249120297,6.034353051866804,5.568888425827026,0.015217850490862345,Low Risk
2015-06-01,1.9293410778045648,5.714284896850586,5.726190090179443,5.714284896850586,5.714284896850586,244616,0.0,5.970407485961914,5.573809051513672,0.01455980893555828,Low Risk
2015-06-02,1.9293410778045648,5.714284896850586,5.714284896850586,5.714284896850586,5.714284896850586,428,0.0,5.902040072849819,5.583650318781535,0.013762054381195798,Low Risk
2015-06-03,1.9333609342575075,5.726190090179443,5.77380895614624,5.714284896850586,5.714284896850586,471966,0.002083409130584135,5.846257822854178,5.58563445409139,0.014640572808841217,Low Risk
2015-06-04,1.9293410778045648,5.714284896850586,5.726190090179443,5.714284896850586,5.726190090179443,104655,-0.002079077561409459,5.7952374049595425,5.593491586049398,0.014890721961956066,Low Risk
2015-06-07,1.9293410778045648,5.714284896850586,5.714284896850586,5.59761905670166,5.714284896850586,151939,0.0,5.750339371817453,5.6038090546925865,0.015241515371753058,Low Risk
2015-06-08,1.88834285736084,5.5928568840026855,5.59761905670166,5.547618865966797,5.714284896850586,13477,-0.021249905288205917,5.698638779776437,5.614602724711101,0.01606486081124189,Low Risk
2015-06-09,1.88834285736084,5.5928568840026855,5.59761905670166,5.595238208770752,5.5928568840026855,743,0.0,5.681291920798166,5.632777325312296,0.008121366616811329,Low Risk
2015-06-10,1.88914692401886,5.595238208770752,5.595238208770752,5.5928568840026855,5.5928568840026855,66250,0.0004257796717233031,5.664285251072475,5.650078932444255,0.008149432666809295,Low Risk
2015-06-11,1.8947736024856567,5.611904144287109,5.654760837554932,5.607141971588135,5.595238208770752,19021,0.002978592670144664,5.649659429277692,5.66976146697998,0.00840438671577777,Low Risk
2015-06-14,1.88834285736084,5.5928568840026855,5.5928568840026855,5.5928568840026855,5.611904144287109,42105,-0.0033940815442854433,5.630611828395298,5.694999567667643,0.008152442686675651,Low Risk
2015-06-15,1.855383038520813,5.495237827301025,5.497619152069092,5.490476131439209,5.5928568840026855,5208,-0.017454238276842227,5.599319389888218,5.709920199712117,0.009685850951082433,Low Risk
2015-06-16,1.881911873817444,5.573809146881104,5.595238208770752,5.476190090179443,5.495237827301025,20580,0.01429807445088671,5.579251425606864,5.721110677719116,0.012221531094651966,Low Risk
2015-06-17,1.8577947616577148,5.502379894256592,5.514285087585449,5.5,5.573809146881104,4216,-0.012815159389603759,5.566326141357422,5.729920180638631,0.010468152186380584,Low Risk
2015-06-18,1.8690494298934937,5.535714149475098,5.535714149475098,5.535714149475098,5.502379894256592,4620,0.0060581522648590624,5.558162893567767,5.739761447906494,0.010928391171245356,Low Risk
2015-06-21,1.8489521741867063,5.476190090179443,5.478570938110352,5.476190090179443,5.535714149475098,8400,-0.010752733556753213,5.541156019483294,5.747539218266805,0.01142029379320078,Low Risk
2015-06-22,1.8537757396698,5.490476131439209,5.5,5.476190090179443,5.476190090179443,7140,0.002608755544367458,5.523809160505023,5.753888416290283,0.011388774369198355,Low Risk
2015-06-23,1.850559949874878,5.48095178604126,5.483333110809326,5.48095178604126,5.490476131439209,2940,-0.0017347029965965044,5.507822717939105,5.758094771703084,0.01139803591011959,Low Risk
2015-06-24,1.8577947616577148,5.502379894256592,5.502379894256592,5.5,5.48095178604126,8400,0.003909559699084575,5.508843013218471,5.756983629862467,0.009537052182308582,Low Risk
2015-06-25,1.849755883216858,5.478570938110352,5.483333110809326,5.476190090179443,5.502379894256592,4200,-0.004327028777328157,5.4952375548226495,5.75325345993042,0.0072895944436444805,Low Risk
2015-06-28,1.849755883216858,5.478570938110352,5.478570938110352,5.478570938110352,5.478570938110352,0,0.0,5.491836275373187,5.742856629689535,0.005680072171123635,Low Risk
2015-06-29,1.8489521741867063,5.476190090179443,5.476190090179443,5.473808765411377,5.478570938110352,140007,-0.00043457462864016083,5.48333283833095,5.719285202026367,0.004885062096465119,Low Risk
2015-06-30,1.8489521741867063,5.476190090179443,5.476190090179443,5.476190090179443,5.476190090179443,0,0.0,5.48333283833095,5.696983607610067,0.002708364234694244,Low Risk
2015-07-02,1.8328745365142824,5.428571224212647,5.476190090179443,5.369047164916992,5.476190090179443,50794,-0.008695619615577632,5.474489280155728,5.673491541544596,0.0039714637053967095,Low Risk
2015-07-05,1.8489521741867063,5.476190090179443,5.476190090179443,5.428571224212647,5.428571224212647,170482,0.008771896692522985,5.473809037889753,5.650634415944418,0.00557779360294537,Low Risk
2015-07-06,1.8658335208892824,5.526189804077148,5.595238208770752,5.476190090179443,5.476190090179443,78955,0.00913038318143311,5.477210453578404,5.628412183125814,0.006480911137944238,Low Risk
2015-07-07,1.8602062463760376,5.509522914886475,5.538094997406006,5.476190090179443,5.526189804077148,187177,-0.003015982038542586,5.481632164546421,5.608174085617065,0.006330819127510328,Low Risk
2015-07-08,1.8690494298934937,5.535714149475098,5.5928568840026855,5.511903762817383,5.509522914886475,581485,0.004753811717137069,5.489795480455671,5.590316963195801,0.006481098643489062,Low Risk
2015-07-09,1.8690494298934937,5.535714149475098,5.595238208770752,5.478570938110352,5.535714149475098,2873690,0.0,5.498298917497907,5.5738883972167965,0.006461514893825713,Low Risk
2015-07-12,1.926929354667664,5.707141876220703,5.714284896850586,5.476190090179443,5.535714149475098,404586,0.030967590109735044,5.531292029789516,5.565634425481161,0.012751890807456452,Low Risk
2015-07-13,1.9582815170288088,5.800000190734863,5.952380180358887,5.714284896850586,5.707141876220703,1200187,0.016270546015521692,5.584353310721261,5.56849160194397,0.011378123311502222,Low Risk
2015-07-14,1.9992799758911133,5.921428203582764,5.952380180358887,5.77380895614624,5.800000190734863,872340,0.02093586359563826,5.647958755493164,5.575396378835042,0.012141986235768678,Low Risk
2015-07-15,1.9695359468460083,5.833333015441895,5.833333015441895,5.833333015441895,5.921428203582764,4191,-0.014877354771871798,5.691836357116699,5.579364649454752,0.015718240342422984,Low Risk
2015-07-16,1.9309492111206048,5.7190470695495605,5.7190470695495605,5.7190470695495605,5.833333015441895,8400,-0.0195918775063586,5.721768379211426,5.57912654876709,0.018612335284972584,Low Risk
2015-07-19,1.9309492111206048,5.7190470695495605,5.7190470695495605,5.7190470695495605,5.7190470695495605,0,0.0,5.74795879636492,5.579285287857056,0.01873020156100238,Low Risk
2015-07-20,1.9309492111206048,5.7190470695495605,5.7190470695495605,5.7190470695495605,5.7190470695495605,0,0.0,5.774149213518415,5.579444026947021,0.01873020156100238,Low Risk
2015-07-21,1.9309492111206048,5.7190470695495605,5.7190470695495605,5.7190470695495605,5.7190470695495605,0,0.0,5.7758499554225375,5.583650366465251,0.014760014090394359,Low Risk
2015-07-22,1.9928487539291384,5.902379989624023,5.952380180358887,5.716666221618652,5.7190470695495605,58380,0.03205655030373844,5.790475640978132,5.593967803319296,0.018357989567510835,Low Risk
2015-07-26,1.9293410778045648,5.714284896850586,5.7190470695495605,5.714284896850586,5.902379989624023,19378,-0.03186766916126982,5.760883740016392,5.597936026255289,0.0203325297987245,Medium Risk
2015-07-27,1.88834285736084,5.5928568840026855,5.59761905670166,5.550000190734863,5.714284896850586,5044,-0.021249905288205917,5.726530006953648,5.597301117579142,0.020986014530189747,Medium Risk
2015-07-28,1.9036169052124023,5.638094902038574,5.840476036071777,5.559523105621338,5.5928568840026855,4057,0.008088534889080234,5.714965411594936,5.598809051513672,0.02055931599079375,Medium Risk
2015-07-29,1.9092438220977783,5.654760837554932,5.714284896850586,5.59761905670166,5.638094902038574,17278,0.002955951576893767,5.705781664167132,5.604126485188802,0.020633945625323263,Medium Risk
2015-07-30,1.9293410778045648,5.714284896850586,5.714284896850586,5.714284896850586,5.654760837554932,16224,0.010526361946262552,5.705101353781564,5.608809010187785,0.021133143166466174,Medium Risk
2015-08-02,1.9156752824783323,5.673809051513672,5.714284896850586,5.607141971588135,5.714284896850586,13020,-0.007083273947230406,5.698638779776437,5.614523315429688,0.021306084617579456,Medium Risk
2015-08-03,1.9124594926834104,5.664285182952881,5.711904048919678,5.59761905670166,5.673809051513672,27291,-0.001678566986361707,5.664625235966274,5.6188090165456135,0.015668184331590562,Low Risk
2015-08-04,1.9293410778045648,5.714284896850586,5.714284896850586,5.714284896850586,5.664285182952881,80409,0.008827188653597995,5.664625235966274,5.626745510101318,0.01130938486532906,Low Risk
2015-08-05,1.9293410778045648,5.714284896850586,5.714284896850586,5.714284896850586,5.714284896850586,0,0.0,5.681972094944546,5.634205802281698,0.006442061795783087,Low Risk
2015-08-06,1.9293410778045648,5.714284896850586,5.714284896850586,5.714284896850586,5.714284896850586,0,0.0,5.69285637991769,5.641983572642008,0.006113260000350534,Low Risk
2015-08-09,1.879500150680542,5.566666126251221,5.595238208770752,5.502379894256592,5.638094902038574,10500,-0.02583328855037048,5.6802714211600165,5.644126447041829,0.012082260944627238,Low Risk
2015-08-10,1.88914692401886,5.595238208770752,5.595238208770752,5.595238208770752,5.566666126251221,52290,0.005132709932933022,5.663264751434326,5.648015356063842,0.011282602622267657,Low Risk
2015-08-11,1.850559949874878,5.48095178604126,5.490476131439209,5.48095178604126,5.595238208770752,8580,-0.020425658115921452,5.635713713509696,5.6480947176615395,0.013081299563509702,Low Risk
2015-08-12,1.850559949874878,5.48095178604126,5.488094806671143,5.476190090179443,5.48095178604126,21000,0.0,5.609523228236607,5.648253440856934,0.013164330808033876,Low Risk
2015-08-13,1.8489521741867063,5.476190090179443,5.476190090179443,5.476190090179443,5.48095178604126,12637,-0.00086877171113664,5.575509684426444,5.648253440856934,0.01197028040219887,Low Risk
2015-08-16,1.8561872243881223,5.497619152069092,5.535714149475098,5.476190090179443,5.476190090179443,694016,0.003913133316551187,5.544557435171945,5.650555038452149,0.012381456516337158,Low Risk
2015-08-17,1.8489521741867063,5.476190090179443,5.478570938110352,5.473808765411377,5.497619152069092,100791,-0.00389788039092942,5.510543891361782,5.650555038452149,0.012182054708033305,Low Risk
2015-08-18,1.8103653192520144,5.361904144287109,5.476190090179443,5.264285087585449,5.476190090179443,2032,-0.020869608981851306,5.481292179652622,5.645078849792481,0.010913388083060383,Low Risk
2015-08-19,1.8103653192520144,5.361904144287109,5.361904144287109,5.361904144287109,5.361904144287109,0,0.0,5.447958741869245,5.640158224105835,0.010248742554112645,Low Risk
2015-08-20,1.8103653192520144,5.361904144287109,5.297618865966797,5.297618865966797,5.361904144287109,1260,0.0,5.430951935904367,5.6343645572662355,0.008158716797241033,Low Risk
2015-08-23,1.809561014175415,5.359522819519043,5.359522819519043,5.357141971588135,5.361904144287109,8484,-0.00044411923525411456,5.413604940686907,5.6284915129343664,0.008132245991299789,Low Risk
2015-08-24,1.7838364839553833,5.283332824707031,5.345238208770752,5.0,5.359522819519043,36540,-0.014215816851181673,5.386053902762277,5.614364544550578,0.009019909893897116,Low Risk
2015-08-25,1.7846406698226929,5.285714149475098,5.357141971588135,5.238094806671143,5.283332824707031,28194,0.0004507239742554958,5.355781759534564,5.597221676508585,0.008526407152028518,Low Risk
2015-08-26,1.7790136337280271,5.269046783447266,5.285714149475098,5.257142066955566,5.285714149475098,43948,-0.003153285546000806,5.326189858572824,5.575475629170736,0.008555312249168126,Low Risk
2015-08-27,1.825639247894287,5.407142162322998,5.476190090179443,5.357141971588135,5.269046783447266,1013964,0.026208797255237837,5.332652432577951,5.561269267400106,0.012166583553931694,Low Risk
2015-08-30,1.822424054145813,5.397618770599365,5.407142162322998,5.357141971588135,5.407142162322998,31180,-0.0017612615754755145,5.33775452205113,5.550554990768433,0.012215188900646459,Low Risk
2015-08-31,1.822424054145813,5.397618770599365,5.473808765411377,5.473808765411377,5.397618770599365,1806,0.0,5.34285661152431,5.539840714136759,0.012215188900646459,Low Risk
2015-09-01,1.822424054145813,5.397618770599365,5.397618770599365,5.397618770599365,5.397618770599365,1470,0.0,5.34829889025007,5.529126437505086,0.012207515382707068,Low Risk
2015-09-02,1.8103653192520144,5.361904144287109,5.369047164916992,5.359522819519043,5.397618770599365,12364,-0.0066167374596354245,5.359523364475796,5.517221673329671,0.010887576102573432,Low Risk
2015-09-03,1.842520833015442,5.457141876220703,5.476190090179443,5.361904144287109,5.361904144287109,172443,0.017761923632123366,5.3840130397251675,5.502380402882894,0.012307737724565304,Low Risk
2015-09-06,1.8385018110275269,5.44523811340332,5.476190090179443,5.357141971588135,5.457141876220703,57468,-0.0021813181858534314,5.40918322971889,5.493412176767985,0.012210336019344249,Low Risk
2015-09-07,1.804738521575928,5.345238208770752,5.357141971588135,5.326189994812012,5.44523811340332,8744,-0.018364652298018203,5.400339807782855,5.4851582209269205,0.010697266305694298,Low Risk
2015-09-08,1.797502875328064,5.323809146881104,5.323809146881104,5.323809146881104,5.345238208770752,12600,-0.004009000357455661,5.389795575823102,5.4746820290883385,0.010736766498750617,Low Risk
2015-09-09,1.7709745168685913,5.245237827301025,5.309523105621338,5.242856979370117,5.323809146881104,16800,-0.014758477889108668,5.368026869637625,5.461031262079874,0.011703420847280429,Low Risk
2015-09-10,1.7966991662979126,5.321427822113037,5.471427917480469,5.285714149475098,5.245237827301025,19740,0.014525555812826774,5.357142448425293,5.44793602625529,0.013659997620877903,Low Risk
2015-09-13,1.7934834957122805,5.311903953552246,5.449999809265137,5.252379894256592,5.321427822113037,5951,-0.0017897205184697063,5.349999564034598,5.435872522989909,0.01350605924442593,Low Risk
2015-09-14,1.7934834957122805,5.311903953552246,5.311903953552246,5.261903762817383,5.311903953552246,1650,0.0,5.329251289367676,5.424126482009887,0.010717495774215637,Low Risk
2015-09-15,1.7846406698226929,5.285714149475098,5.326189994812012,5.276189804077148,5.311903953552246,39354,-0.004930398649176326,5.306462151663644,5.409840790430705,0.010698784300904013,Low Risk
2015-09-16,1.797502875328064,5.323809146881104,5.380951881408691,5.311903953552246,5.285714149475098,120565,0.007207161857171185,5.30340085710798,5.396824932098388,0.00933021505003982,Low Risk
2015-09-17,1.8007185459136963,5.333333015441895,5.333333015441895,5.333333015441895,5.323809146881104,5275,0.0017889199815457335,5.3047614097595215,5.384126536051432,0.009227346138389231,Low Risk
2015-09-20,1.815189003944397,5.376190185546875,5.400000095367432,5.326189994812012,5.333333015441895,21516,0.008035719873649816,5.323468889508929,5.377777338027954,0.006709359098365987,Low Risk
2015-09-21,1.8007185459136963,5.333333015441895,5.357141971588135,5.330952167510986,5.376190185546875,142258,-0.007971661832238519,5.325169631413051,5.369047164916992,0.005915985279251898,Low Risk
2015-09-27,1.8007185459136963,5.333333015441895,5.333333015441895,5.333333015441895,5.333333015441895,0,0.0,5.3282309259687155,5.364126539230346,0.005847165113239263,Low Risk
2015-09-28,1.803130030632019,5.340476036071777,5.326189994812012,5.326189994812012,5.340476036071777,37,0.0013393164479322817,5.332312652042934,5.3594440142313635,0.005846555405812393,Low Risk
2015-09-29,1.815189003944397,5.376190185546875,5.380951881408691,5.27380895614624,5.340476036071777,104953,0.006687446818199216,5.345237800053188,5.356110684076945,0.0055986668401764444,Low Risk
2015-09-30,1.78062105178833,5.27380895614624,5.27380895614624,5.27380895614624,5.376190185546875,1690764,-0.019043453796681598,5.338094915662493,5.34865034421285,0.009385210302550582,Low Risk
2015-10-01,1.78062105178833,5.27380895614624,5.27380895614624,5.27380895614624,5.27380895614624,0,0.0,5.329591478620257,5.3419043064117435,0.009310852688877859,Low Risk
2015-10-04,1.78062105178833,5.27380895614624,5.27380895614624,5.27380895614624,5.27380895614624,0,0.0,5.31496558870588,5.338967800140381,0.008378623797557199,Low Risk
2015-10-05,1.7790136337280271,5.269046783447266,5.27380895614624,5.257142066955566,5.27380895614624,10571,-0.0009029854396649384,5.305781841278076,5.335872554779053,0.008059024704221944,Low Risk
2015-10-07,1.775797724723816,5.259522914886475,5.261903762817383,5.242856979370117,5.269046783447266,44356,-0.0018075126208235703,5.2952375411987305,5.332459847132365,0.00802425431550962,Low Risk
2015-10-08,1.8087574243545528,5.357141971588135,5.357141971588135,5.278571128845215,5.259522914886475,5233,0.018560439469777812,5.297618389129639,5.332380485534668,0.011211627414250825,Low Risk
2015-10-11,1.8135809898376465,5.3714280128479,5.42618989944458,5.354761123657227,5.357141971588135,34230,0.0026667281426424605,5.296938078744071,5.33531699180603,0.010941490805580248,Low Risk
2015-10-12,1.8039339780807493,5.3428568840026855,5.392857074737549,5.309523105621338,5.3714280128479,13414,-0.0053190936892155705,5.3068020684378485,5.337221749623617,0.007736216857537496,Low Risk
2015-10-13,1.8039339780807493,5.3428568840026855,5.3428568840026855,5.3428568840026855,5.3428568840026855,0,0.0,5.316666058131626,5.339682086308797,0.007736216857537496,Low Risk
2015-10-15,1.8055421113967896,5.34761905670166,5.380951881408691,5.276189804077148,5.3714280128479,254998,0.0008913157889804957,5.327210358210972,5.337697982788086,0.007707294628708648,Low Risk
2015-10-18,1.8055421113967896,5.34761905670166,5.288094997406006,5.285714149475098,5.34761905670166,239,0.0,5.338434968675886,5.336031325658163,0.007657758610059219,Low Risk
2015-10-19,1.7886602878570557,5.297618865966797,5.357141971588135,5.297618865966797,5.34761905670166,607278,-0.009349991127771684,5.343877247401646,5.332697995503744,0.008757694135546723,Low Risk
2015-10-20,1.7798171043395996,5.271428108215332,5.357141971588135,5.242856979370117,5.297618865966797,2604,-0.004943873542832766,5.33163240977696,5.328491640090943,0.00430580932070003,Low Risk
2015-10-21,1.7774053812026978,5.264285087585449,5.35237979888916,5.25,5.271428108215332,10323,-0.001355044683005513,5.31632627759661,5.325237671534221,0.0037684138384005026,Low Risk
2015-10-22,1.7774053812026978,5.264285087585449,5.35237979888916,5.25,5.264285087585449,24469,0.0,5.305101735251291,5.318809111913045,0.0037278779216937522,Low Risk
2015-10-25,1.7725824117660522,5.25,5.357141971588135,5.238094806671143,5.264285087585449,23599,-0.0027135854817470495,5.29183646610805,5.312301174799601,0.0036113788201674137,Low Risk
2015-10-26,1.7725824117660522,5.25,5.357141971588135,5.240476131439209,5.25,1566,0.0,5.277890886579241,5.309126567840576,0.003485569459240178,Low Risk
2015-10-27,1.7725824117660522,5.25,5.261903762817383,5.261903762817383,5.25,1050,0.0,5.263945307050433,5.30666626294454,0.003485569459240178,Low Risk
2015-10-28,1.768562912940979,5.238094806671143,5.252379894256592,5.235713958740234,5.25,38892,-0.0022676558721632656,5.255441870008196,5.306428162256877,0.0018532139843027377,Low Risk
2015-10-29,1.8087574243545528,5.357141971588135,5.357141971588135,5.357141971588135,5.238094806671143,21420,0.022727187901482093,5.267686707632882,5.3076186339060465,0.009059863755586074,Low Risk
2015-11-01,1.8087574243545528,5.357141971588135,5.147618770599365,5.147618770599365,5.357141971588135,1260,0.0,5.280951976776123,5.309126567840576,0.008981856759660964,Low Risk
2015-11-02,1.8087574243545528,5.357141971588135,5.357141971588135,5.357141971588135,5.357141971588135,0,0.0,5.294217245919364,5.310634501775106,0.008981856759660964,Low Risk
2015-11-03,1.8087574243545528,5.357141971588135,5.147618770599365,5.147618770599365,5.357141971588135,1272,0.0,5.309523241860526,5.313015429178874,0.008773714640073036,Low Risk
2015-11-04,1.768562912940979,5.238094806671143,5.238094806671143,5.238094806671143,5.357141971588135,2410,-0.02222214112457066,5.307822499956403,5.310158284505208,0.013006710203863956,Low Risk
2015-11-05,1.768562912940979,5.238094806671143,5.180952072143555,5.180952072143555,5.238094806671143,1386,0.0,5.306121758052281,5.306983677546183,0.013006710203863956,Low Risk
2015-11-08,1.692996621131897,5.014285087585449,5.016665935516357,5.007142066955566,5.238094806671143,2520,-0.04272731352640913,5.274148941040039,5.2949201742808025,0.020741655706808044,Medium Risk
2015-11-09,1.6809386014938354,4.978570938110352,5.002379894256592,4.761903762817383,5.014285087585449,47569,-0.007122480842487455,5.220067364828927,5.283094771703085,0.016472829280433976,Low Risk
2015-11-10,1.6809386014938354,4.978570938110352,4.978570938110352,4.978570938110352,4.978570938110352,0,0.0,5.1659857886178155,5.271269369125366,0.016472829280433976,Low Risk
2015-11-11,1.6809386014938354,4.978570938110352,4.978570938110352,4.978570938110352,4.978570938110352,0,0.0,5.111904212406704,5.259205865859985,0.016472829280433976,Low Risk
2015-11-12,1.8143845796585083,5.373808860778809,5.416666030883789,5.083333015441895,4.978570938110352,23662,0.07938782586042104,5.1142851965768,5.259126488367716,0.038002099655940855,Medium Risk
2015-11-15,1.718721628189087,5.090476036071777,5.119047164916992,5.026189804077148,5.373808860778809,5632,-0.05272476785971292,5.09319680077689,5.253015391031901,0.04258692592895202,Medium Risk
2015-11-16,1.687369704246521,4.997619152069092,5.02380895614624,4.976190090179443,5.090476036071777,34003,-0.01824129675588093,5.05884313583374,5.243809064229329,0.04290734760296489,Medium Risk
2015-11-17,1.687369704246521,4.997619152069092,5.238094806671143,5.238094806671143,4.997619152069092,42,0.0,5.056462287902832,5.234602737426758,0.039718932345559094,Medium Risk
2015-11-18,1.687369704246521,4.997619152069092,5.119047164916992,5.119047164916992,4.997619152069092,37,0.0,5.059183461325509,5.225555149714152,0.039591540875552854,Medium Risk
2015-11-19,1.68656587600708,4.995237827301025,5.011903762817383,4.892857074737549,4.997619152069092,1044124,-0.00047649184453768534,5.0615644454956055,5.216745646794637,0.0395943636686885,Medium Risk
2015-11-22,1.68656587600708,4.995237827301025,4.7928571701049805,4.7928571701049805,4.995237827301025,323,0.0,5.063945429665702,5.2046821753184,0.0395943636686885,Medium Risk
2015-11-23,1.6110000610351562,4.771428108215332,4.776189804077148,4.761903762817383,4.995237827301025,4200,-0.04480461728218055,4.977891036442348,5.184682178497314,0.02305732111255089,Medium Risk
2015-11-24,1.5595507621765137,4.619047164916992,4.761903762817383,4.52380895614624,4.771428108215332,285100,-0.03193612894134856,4.910544054848807,5.160555187861124,0.0185228701769636,Low Risk
2015-11-25,1.5571390390396118,4.611904144287109,4.723808765411377,4.52380895614624,4.619047164916992,194800,-0.0015464272987156802,4.855441910879953,5.136190096537272,0.01890213191679349,Low Risk
2015-11-26,1.5675898790359497,4.642857074737549,4.642857074737549,4.642857074737549,4.611904144287109,26686,0.006711529442514852,4.804761614118304,5.112698030471802,0.019720500515815545,Low Risk
2015-11-29,1.5394535064697266,4.559523105621338,4.733333110809326,4.52380895614624,4.642857074737549,39967,-0.017948855149912513,4.742176464625767,5.086428165435791,0.01932194878901421,Low Risk
2015-11-30,1.5290029048919678,4.528571128845215,4.540475845336914,4.526189804077148,4.559523105621338,2730,-0.00678842415294767,4.6755097934177945,5.060793240865071,0.0187877698314577,Low Risk
2015-12-01,1.5306107997894287,4.533332824707031,4.545238018035889,4.52380895614624,4.528571128845215,31794,0.001051478651066473,4.609523364475796,5.036190064748128,0.01891984849035281,Low Risk
2015-12-02,1.609392166137695,4.766665935516357,4.811903953552246,4.742856979370117,4.533332824707031,6400,0.05147054492395564,4.608843054090228,5.019602759679159,0.026095249564813,Medium Risk
2015-12-03,1.687369704246521,4.997619152069092,5.011903762817383,4.878571033477783,4.766665935516357,135702,0.048451731184244506,4.662924766540527,5.010713895161946,0.027285437569880545,Medium Risk
2015-12-06,1.7251524925231934,5.109522819519043,5.119047164916992,4.788094997406006,4.997619152069092,4317,0.022391395591563112,4.734013148716518,5.006031322479248,0.026855656492093184,Medium Risk
2015-12-07,1.6905852556228638,5.007142066955566,5.047618865966797,4.764285087585449,5.109522819519043,50408,-0.020037243433451146,4.786053861890521,4.997936058044433,0.029962886575618176,Medium Risk
2015-12-08,1.609392166137695,4.766665935516357,4.809523105621338,4.764285087585449,5.007142066955566,15225,-0.04802662441439831,4.815645694732666,4.981824922561645,0.036325344722029196,Medium Risk
2015-12-09,1.6101959943771362,4.769046783447266,4.769046783447266,4.766665935516357,4.766665935516357,2944,0.0004994786635179604,4.849999359675816,4.966189988454183,0.03596930835184793,Medium Risk
2015-12-10,1.6439597606658936,4.869047164916992,5.0,4.835713863372803,4.769046783447266,3830,0.020968630841872837,4.897958551134382,4.949920161565145,0.036118124874471746,Medium Risk
2015-12-13,1.6439597606658936,4.869047164916992,4.833333015441895,4.833333015441895,4.869047164916992,1134,0.0,4.912584441048758,4.9336503346761065,0.0313925014669004,Medium Risk
2015-12-14,1.6182351112365725,4.7928571701049805,4.821427822113037,4.761903762817383,4.869047164916992,2490,-0.015647824354831585,4.8833327293396,4.914840841293335,0.02472287901034697,Medium Risk
2015-12-15,1.6182351112365725,4.7928571701049805,4.7928571701049805,4.7928571701049805,4.7928571701049805,0,0.0,4.838094779423305,4.896031347910563,0.02175380777280649,Medium Risk
2015-12-16,1.6085880994796753,4.764285087585449,4.809523105621338,4.761903762817383,4.769046783447266,34561,-0.005961388271227275,4.803400925227574,4.880237690607706,0.021195262948382785,Medium Risk
2015-12-17,1.6503907442092896,4.888094902038574,4.952380180358887,4.761903762817383,4.764285087585449,32138,0.025987070919778255,4.820747920445034,4.8685710271199545,0.014720862699390424,Low Risk
2015-12-20,1.6077842712402344,4.761903762817383,4.764285087585449,4.761903762817383,4.888094902038574,14700,-0.025816016617959625,4.819727488926479,4.860158316294352,0.01853752550831558,Low Risk
2015-12-21,1.6463714838027954,4.876190185546875,4.880951881408691,4.761903762817383,4.761903762817383,147365,0.02400015380862608,4.820747920445034,4.856745624542237,0.019136600274132137,Low Risk
2015-12-22,1.6648606061935425,4.930952072143555,4.952380180358887,4.761903762817383,4.876190185546875,13545,0.01123046569409758,4.829591478620257,4.85515832901001,0.019566731420124796,Low Risk
2015-12-24,1.6833503246307373,4.985713958740234,5.0,4.77380895614624,4.930952072143555,63289,0.011105743028014148,4.857142448425293,4.855396429697673,0.018110524759720435,Low Risk
2015-12-27,1.687369704246521,4.997619152069092,5.0,4.880951881408691,4.985713958740234,131880,0.0023878612827330503,4.886394160134452,4.842856772740682,0.018005423258758573,Low Risk
2015-12-28,1.687369704246521,4.997619152069092,4.928571224212647,4.928571224212647,4.997619152069092,16,0.0,4.919727597917829,4.839761543273926,0.01747106780261103,Low Risk
2015-12-29,1.687369704246521,4.997619152069092,5.004761219024658,5.0,4.997619152069092,1596,0.0,4.93537391935076,4.839761543273926,0.015398416822607565,Low Risk
2015-12-30,1.7436424493789673,5.164285182952881,5.357141971588135,5.0,4.997619152069092,57817,0.03334908599723674,4.992856979370117,4.845317077636719,0.012786985236532326,Low Risk
2015-12-31,1.7918753623962402,5.307141780853272,5.421428203582764,5.0,5.164285182952881,94369,0.02766241461102026,5.054421492985317,4.855634498596191,0.01343161369440502,Low Risk
2016-01-03,1.7918753623962402,5.307141780853272,5.307141780853272,5.307141780853272,5.307141780853272,214,0.0,5.108162879943848,4.866031297047933,0.014220927102688201,Low Risk
2016-01-04,1.7918753623962402,5.307141780853272,5.307141780853272,5.307141780853272,5.307141780853272,0,0.0,5.15408114024571,4.876428095499675,0.014769683488803231,Low Risk
2016-01-05,1.7918753623962402,5.307141780853272,5.307141780853272,5.307141780853272,5.307141780853272,0,0.0,5.19829865864345,4.894285217920939,0.01497552910764939,Low Risk
2016-01-06,1.7211334705352783,5.09761905670166,5.238094806671143,4.778571128845215,5.307141780853272,30693,-0.03947939075370355,5.212584359305246,4.910237614313761,0.02369866348348139,Medium Risk
2016-01-10,1.7211334705352783,5.09761905670166,5.297618865966797,5.297618865966797,5.09761905670166,378,0.0,5.226870059967041,4.926428111394246,0.02369866348348139,Medium Risk
2016-01-11,1.7211334705352783,5.09761905670166,5.09761905670166,5.09761905670166,5.09761905670166,0,0.0,5.217346327645438,4.941586844126383,0.01959541941714011,Low Risk
2016-01-12,1.6294896602630615,4.826189994812012,4.904760837554932,4.811903953552246,5.09761905670166,7140,-0.05324624277932466,5.148638929639544,4.950475740432739,0.022969156097381784,Medium Risk
2016-01-13,1.6286855936050415,4.823809146881104,5.0,4.811903953552246,4.826189994812012,35280,-0.0004933183180659828,5.0795914105006625,4.960317007700602,0.02292244855579705,Medium Risk
2016-01-14,1.6077842712402344,4.761903762817383,4.761903762817383,4.761903762817383,4.823809146881104,2100,-0.01283329878499595,5.001700265066964,4.967936038970947,0.02218105757198084,Medium Risk
2016-01-17,1.609392166137695,4.766665935516357,4.880951881408691,4.757142066955566,4.761903762817383,23079,0.001000056476604838,4.924489430018833,4.967936038970947,0.02229781560326187,Medium Risk
2016-01-18,1.609392166137695,4.766665935516357,4.766665935516357,4.766665935516357,4.766665935516357,0,0.0,4.877210412706647,4.960237598419189,0.019945105187608645,Low Risk
2016-01-19,1.609392166137695,4.766665935516357,4.766665935516357,4.766665935516357,4.761903762817383,2100,0.0,4.829931395394461,4.9488090356191,0.019945105187608645,Low Risk
2016-01-20,1.609392166137695,4.766665935516357,4.809523105621338,4.809523105621338,4.766665935516357,420,0.0,4.782652378082275,4.940793164571127,0.019945105187608645,Low Risk
2016-01-21,1.609392166137695,4.766665935516357,4.761903762817383,4.761903762817383,4.766665935516357,210,0.0,4.774148941040039,4.940793164571127,0.004902902780842647,Low Risk
2016-01-24,1.6110000610351562,4.771428108215332,4.883333206176758,4.764285087585449,4.766665935516357,5846,0.0009990573628186894,4.766665935516357,4.940872542063395,0.004998721123338556,Low Risk
2016-01-26,1.6110000610351562,4.771428108215332,4.761903762817383,4.761903762817383,4.771428108215332,420,0.0,4.768026556287493,4.937618573506673,0.0004877339207109817,Low Risk
2016-01-27,1.6077842712402344,4.761903762817383,4.764285087585449,4.761903762817383,4.771428108215332,72907,-0.001996120486768005,4.767346245901925,4.93404712677002,0.0008982012900157904,Low Risk
2016-01-28,1.7436424493789673,5.164285182952881,5.164285182952881,5.164285182952881,4.761903762817383,9240,0.08450011595728446,4.824148995535714,4.946428060531616,0.03201339215054724,Medium Risk
2016-01-31,1.7436424493789673,5.164285182952881,5.164285182952881,5.164285182952881,5.164285182952881,0,0.0,4.8809517451695035,4.9588089942932125,0.03201339215054724,Medium Risk
2016-02-01,1.6479791402816772,4.880951881408691,4.880951881408691,4.880951881408691,5.164285182952881,4326,-0.0548639921124926,4.897278308868408,4.962697887420655,0.040902605889889,Medium Risk
2016-02-02,1.6881738901138306,5.0,5.119047164916992,4.880951881408691,4.880951881408691,94584,0.02439034874421875,4.930611746651786,4.966428057352702,0.041530044888444695,Medium Risk
2016-02-03,1.7243489027023315,5.107141971588135,5.119047164916992,5.0,5.0,52290,0.021428394317626998,4.978570869990757,4.97793599764506,0.04170829853731826,Medium Risk
2016-02-04,1.6881738901138306,5.0,5.0,5.0,5.107141971588135,16207,-0.02097885122132559,5.0112239973885675,4.982062991460165,0.043310969803759994,Medium Risk
2016-02-07,1.6881738901138306,5.0,5.0,5.0,5.0,6300,0.0,5.045237745557513,4.984364589055379,0.043244569177470896,Medium Risk
2016-02-08,1.7010360956192017,5.038094997406006,5.119047164916992,5.0,5.0,102257,0.007618999481201261,5.027210576193673,4.986110623677572,0.027357422905856344,Medium Risk
2016-02-09,1.7010360956192017,5.038094997406006,5.095238208770752,5.095238208770752,5.038094997406006,798,0.0,5.009183406829834,4.987459818522136,0.027357422905856344,Medium Risk
2016-02-10,1.7010360956192017,5.038094997406006,4.904760837554932,4.880951881408691,5.038094997406006,1411,0.0,5.031632423400879,4.9888090133667,0.01528460647971275,Low Risk
2016-02-11,1.7010360956192017,5.038094997406006,4.833333015441895,4.833333015441895,5.038094997406006,1680,0.0,5.037074565887451,4.990158208211263,0.012570051959892314,Low Risk
2016-02-14,1.7010360956192017,5.038094997406006,5.038094997406006,5.038094997406006,5.038094997406006,0,0.0,5.027210712432861,4.985951868693034,0.008875653997512355,Low Risk
2016-02-15,1.7010360956192017,5.038094997406006,5.038094997406006,5.038094997406006,5.038094997406006,0,0.0,5.032652854919434,4.976983642578125,0.002879711123770157,Low Risk
2016-02-16,1.7010360956192017,5.038094997406006,5.038094997406006,5.038094997406006,5.038094997406006,1029,0.0,5.038094997406006,4.968015416463216,0.002879711123770157,Low Risk
2016-02-17,1.6881738901138306,5.0,5.0,5.0,5.038094997406006,6930,-0.007561389260349438,5.032652854919434,4.95777735710144,0.002857936507005955,Low Risk
2016-02-18,1.6913892030715942,5.009522914886475,5.059523105621338,5.0,5.0,73957,0.0019045829772950107,5.028571128845215,4.94785672823588,0.0030613366584346623,Low Risk
2016-02-21,1.6913892030715942,5.009522914886475,5.0928568840026855,4.904760837554932,5.009522914886475,1108,0.0,5.024489402770996,4.944920190175375,0.0030613366584346623,Low Risk
2016-02-22,1.6913892030715942,5.009522914886475,5.009522914886475,5.009522914886475,5.009522914886475,0,0.0,5.020407676696777,4.941983652114868,0.0030613366584346623,Low Risk
2016-02-23,1.7002321481704712,5.035714149475098,5.047618865966797,5.0,5.009522914886475,8610,0.0052282892071005005,5.020067555563791,4.939920155207316,0.003832119071848943,Low Risk
2016-02-24,1.6680763959884644,4.940475940704346,4.952380180358887,4.928571224212647,5.035714149475098,2625,-0.01891255260799085,5.006121976034982,4.94372968673706,0.0080868425026178,Low Risk
2016-02-25,1.6640568971633911,4.928571224212647,4.928571224212647,4.928571224212647,4.940475940704346,12600,-0.0024096294839968113,4.990475722721645,4.947221755981445,0.008000451135770944,Low Risk
2016-02-28,1.6640568971633911,4.928571224212647,4.904760837554932,4.904760837554932,4.928571224212647,117,0.0,4.98027161189488,4.952777338027954,0.007806952514389197,Low Risk
2016-02-29,1.6640568971633911,4.928571224212647,4.928571224212647,4.928571224212647,4.928571224212647,0,0.0,4.968707084655762,4.958174180984497,0.007679236679022431,Low Risk
2016-03-01,1.6640568971633911,4.928571224212647,4.928571224212647,4.904760837554932,4.928571224212647,47787,0.0,4.957142557416644,4.96357102394104,0.007679236679022431,Low Risk
2016-03-02,1.6479791402816772,4.880951881408691,4.904760837554932,4.838095188140869,4.928571224212647,54087,-0.009661896042004181,4.9387752669198175,4.967380555470784,0.008056181834721026,Low Risk
2016-03-03,1.565178394317627,4.635714054107666,4.838095188140869,4.571427822113037,4.880951881408691,210504,-0.0502438526868344,4.881632396153042,4.963015492757162,0.018433302389301513,Low Risk
2016-03-06,1.5667859315872192,4.640476226806641,4.642857074737549,4.573809146881104,4.635714054107666,319494,0.00102727921597201,4.838775294167655,4.958809169133504,0.018654999977546202,Low Risk
2016-03-07,1.549904227256775,4.590476036071777,4.640476226806641,4.585713863372803,4.640476226806641,10920,-0.010774797303351624,4.790475981576102,4.952777433395386,0.018447520232140413,Low Risk
2016-03-08,1.5298069715499878,4.530951976776123,4.535714149475098,4.528571128845215,4.590476036071777,12600,-0.012966859826283095,4.733673231942313,4.944761562347412,0.017925461103233998,Low Risk
2016-03-09,1.5298069715499878,4.530951976776123,4.678571224212647,4.576189994812012,4.530951976776123,1869,0.0,4.676870482308524,4.93706316947937,0.017925461103233998,Low Risk
2016-03-10,1.536238431930542,4.550000190734863,4.642857074737549,4.521428108215332,4.530951976776123,1000217,0.004204020271319164,4.622788906097412,4.916587003072103,0.018449575188790705,Low Risk
2016-03-13,1.527395248413086,4.52380895614624,4.619047164916992,4.488094806671143,4.550000190734863,18723,-0.00575631505289953,4.5717684882027765,4.895237795511881,0.018562631738126643,Low Risk
2016-03-14,1.5667859315872192,4.640476226806641,4.67618989944458,4.52380895614624,4.52380895614624,516482,0.025789610434784338,4.572448798588344,4.88722194035848,0.012915576092998014,Low Risk
2016-03-15,1.561158299446106,4.623808860778809,4.702380180358887,4.583333015441895,4.640476226806641,33390,-0.0035917361092272504,4.570067746298654,4.874682235717773,0.012985118723411933,Low Risk
2016-03-16,1.5675898790359497,4.642857074737549,4.73095178604126,4.599999904632568,4.623808860778809,132934,0.0041195937228970525,4.5775507518223355,4.85920607248942,0.012206816998568053,Low Risk
2016-03-17,1.5675898790359497,4.642857074737549,4.642857074737549,4.642857074737549,4.642857074737549,0,0.0,4.5935371943882535,4.847301308314005,0.010473524704334805,Low Risk
2016-03-20,1.584471583366394,4.692856788635254,4.761903762817383,4.671428203582764,4.690475940704346,802935,0.01076916930520233,4.616666453225272,4.837063201268514,0.010656573632241862,Low Risk
2016-03-21,1.584471583366394,4.692856788635254,4.735713958740234,4.690475940704346,4.692856788635254,162636,0.0,4.637074538639614,4.825555260976156,0.010830964745979355,Low Risk
2016-03-22,1.5876868963241575,4.702380180358887,4.759522914886475,4.678571224212647,4.692856788635254,145534,0.0020293378111806426,4.662584713527134,4.814364767074585,0.009970698037513893,Low Risk
2016-03-23,1.5876868963241575,4.702380180358887,4.714284896850586,4.678571224212647,4.702380180358887,1680,0.0,4.671428135463169,4.803174273173014,0.004556946253102956,Low Risk
2016-03-24,1.5683938264846802,4.645237922668457,4.678571224212647,4.642857074737549,4.702380180358887,77847,-0.012151773250726139,4.674489430018833,4.79007903734843,0.006849385055300047,Low Risk
2016-03-27,1.562766194343567,4.628571033477783,4.645237922668457,4.595238208770752,4.645237922668457,17892,-0.0035879516761327945,4.672448566981724,4.776428238550822,0.006823933209309138,Low Risk
2016-03-28,1.5675898790359497,4.642857074737549,4.642857074737549,4.642857074737549,4.628571033477783,2226,0.0030864906590903907,4.672448566981724,4.76325364112854,0.0069540829678949355,Low Risk
2016-03-29,1.5667859315872192,4.640476226806641,4.647618770599365,4.6214280128479,4.642857074737549,106390,-0.0005127980234116425,4.664965629577637,4.7499996821085615,0.0051109130605010355,Low Risk
2016-03-30,1.5370421409606934,4.552380084991455,4.642857074737549,4.52380895614624,4.640476226806641,162296,-0.018984289006003463,4.644897529057094,4.735079018274943,0.00821826519511647,Low Risk
2016-03-31,1.5370421409606934,4.552380084991455,4.638094902038574,4.52380895614624,4.552380084991455,89161,0.0,4.623468944004604,4.719840923945109,0.007990288869731554,Low Risk
2016-04-03,1.5442770719528198,4.573809146881104,4.640476226806641,4.52380895614624,4.552380084991455,55734,0.0047072216048695825,4.605101653507778,4.705317131678263,0.008614913794396455,Low Risk
2016-04-04,1.554727554321289,4.604761123657227,4.654760837554932,4.552380084991455,4.573809146881104,163556,0.006767220883544756,4.59931925364903,4.691825071970622,0.00856970607009703,Low Risk
2016-04-05,1.5619624853134155,4.626190185546875,4.642857074737549,4.607141971588135,4.604761123657227,88254,0.0046536750363781465,4.598979132516043,4.678174273173014,0.008753962163383824,Low Risk
2016-04-06,1.5394535064697266,4.559523105621338,4.628571033477783,4.528571128845215,4.626190185546875,133291,-0.014410795330857318,4.587074279785156,4.665475845336914,0.01010599749851753,Low Risk
2016-04-07,1.5450809001922607,4.576189994812012,4.607141971588135,4.538094997406006,4.559523105621338,148491,0.00365540184896207,4.577890532357352,4.653729804356893,0.010364830795248992,Low Risk
2016-04-10,1.5370421409606934,4.552380084991455,4.571427822113037,4.526189804077148,4.576189994812012,12390,-0.005202998530994041,4.577890532357352,4.641190099716186,0.007502332618116442,Low Risk
2016-04-11,1.527395248413086,4.52380895614624,4.571427822113037,4.5,4.552380084991455,131796,-0.006276085983991098,4.573808942522321,4.627698024113973,0.007871642494276413,Low Risk
2016-04-12,1.5434730052947998,4.571427822113037,4.583333015441895,4.52380895614624,4.52380895614624,15981,0.010526276955639347,4.573468753269741,4.615793244043986,0.008810373791556851,Low Risk
2016-04-13,1.526591420173645,4.521428108215332,4.535714149475098,4.502379894256592,4.571427822113037,43520,-0.010937439207909017,4.561564036778042,4.603809118270874,0.009067669732899125,Low Risk
2016-04-14,1.5241796970367432,4.514285087585449,4.547618865966797,4.488094806671143,4.521428108215332,32785,-0.0015798151510811875,4.545577594212124,4.599761486053467,0.00853014631567682,Low Risk
2016-04-17,1.5330227613449097,4.540475845336914,4.583333015441895,4.5,4.514285087585449,53188,0.005801750940252148,4.542856557028634,4.596428140004476,0.007573067774957062,Low Risk
2016-04-18,1.5458848476409912,4.57857084274292,4.595238208770752,4.516665935516357,4.540475845336914,78141,0.008390089211713248,4.543196678161621,4.596031300226847,0.008199246260355045,Low Risk
2016-04-19,1.5389095544815063,4.202380180358887,4.226190090179443,4.166666030883789,4.57857084274292,54087,-0.08216333771056505,4.49319669178554,4.58507890701294,0.032395606597666354,Medium Risk
2016-04-20,1.555475831031799,4.247619152069092,4.285714149475098,4.1976189613342285,4.202380180358887,75541,0.010765083064507852,4.453741005488804,4.575634479522705,0.03342419817797103,Medium Risk
2016-04-21,1.531934380531311,4.183332920074463,4.245237827301025,4.169046878814697,4.247619152069092,29421,-0.015134650657960713,4.398298876626151,4.563412237167358,0.03238629112774153,Medium Risk
2016-04-24,1.5249589681625366,4.164285182952881,4.190475940704346,4.145237922668457,4.183332920074463,65448,-0.004553244383247224,4.347278458731515,4.551428111394246,0.03251486662806191,Medium Risk
2016-04-26,1.5249589681625366,4.164285182952881,4.164285182952881,4.164285182952881,4.164285182952881,0,0.0,4.297278472355434,4.535555076599121,0.032598231719611195,Medium Risk
2016-04-27,1.4822360277175903,4.047618865966797,4.166666030883789,4.047618865966797,4.17618989944458,3013911,-0.028015928751391694,4.226870332445417,4.516348743438721,0.03219926492855356,Medium Risk
2016-04-28,1.5223432779312134,4.157142162322998,4.166666030883789,4.050000190734863,4.047618865966797,69720,0.02705869796118776,4.166666235242571,4.500158246358236,0.035174026279862845,Medium Risk
2016-05-01,1.5223432779312134,4.157142162322998,4.157142162322998,4.157142162322998,4.157142162322998,0,0.0,4.1602036612374445,4.483967749277751,0.017648404377756343,Low Risk
2016-05-03,1.4874670505523682,4.061903953552246,4.083333015441895,4.050000190734863,4.157142162322998,32516,-0.022909538584923728,4.133672918592181,4.462935988108317,0.018351661079332404,Low Risk
2016-05-04,1.4979302883148191,4.090476036071777,4.130951881408691,4.064284801483154,4.061903953552246,374278,0.007034160050619631,4.12040764944894,4.442856629689534,0.01846973834909764,Low Risk
2016-05-05,1.4988020658493042,4.0928568840026855,4.107141971588135,4.083333015441895,4.090476036071777,76860,0.0005820466639854249,4.110203606741769,4.422539186477661,0.01850227335845241,Low Risk
2016-05-08,1.5022894144058228,4.10237979888916,4.107141971588135,4.057141780853272,4.0928568840026855,47103,0.0023267158262230137,4.101359980446952,4.402539173762004,0.018571698602961532,Low Risk
2016-05-09,1.500545859336853,4.09761905670166,4.142857074737549,4.071427822113037,4.10237979888916,67359,-0.0011604830417674128,4.1085028648376465,4.38428521156311,0.014661225180054565,Low Risk
2016-05-10,1.4822360277175903,4.047618865966797,4.050000190734863,4.047618865966797,4.09761905670166,90090,-0.01220225453927637,4.092856679643903,4.364920139312744,0.010257411431242982,Low Risk
2016-05-11,1.4831080436706543,4.050000190734863,4.0928568840026855,4.019046783447266,4.047618865966797,5485,0.0005883273220432805,4.077550683702741,4.345158243179322,0.010295706317010376,Low Risk
2016-05-12,1.4770044088363647,4.033332824707031,4.047618865966797,4.0,4.050000190734863,39757,-0.004115398825403016,4.07346909386771,4.324920129776001,0.005998082883187929,Low Risk
2016-05-15,1.4674134254455566,4.007142066955566,4.047618865966797,3.9285709857940674,4.033332824707031,156613,-0.006493577120893157,4.061564241136823,4.306745529174805,0.005091760144063987,Low Risk
2016-05-16,1.480492115020752,4.0428571701049805,4.047618865966797,3.978570938110352,4.007142066955566,19807,0.008912861723554766,4.054421424865723,4.289761432011923,0.0067512491003308365,Low Risk
2016-05-17,1.4831080436706543,4.050000190734863,4.116665840148926,3.99047589302063,4.0428571701049805,876246,0.0017668248788758056,4.046938623700823,4.272301133473714,0.006698219123298786,Low Risk
2016-05-18,1.4831080436706543,4.050000190734863,4.128571033477783,4.047618865966797,4.050000190734863,46830,0.0,4.04013592856271,4.2538091023763025,0.006731392243645941,Low Risk
2016-05-19,1.4778764247894287,4.035714149475098,4.071427822113037,4.002379894256592,4.050000190734863,23066,-0.0035274174288800753,4.0384352547781805,4.234126567840576,0.005054325817284888,Low Risk
2016-05-22,1.4892109632492063,4.066666126251221,4.128571033477783,4.047618865966797,4.035714149475098,291093,0.007669516628215245,4.040816102709089,4.217698001861573,0.005921607176725095,Low Risk
2016-05-23,1.484851360321045,4.054760932922363,4.071427822113037,4.047618865966797,4.066666126251221,56431,-0.0029275069453099656,4.043877261025565,4.200317033131918,0.005779200881752741,Low Risk
2016-05-24,1.4857232570648191,4.057141780853272,4.111904144287109,4.047618865966797,4.054760932922363,20609,0.0005871734413680496,4.051020077296665,4.183809089660644,0.004838814712401055,Low Risk
2016-05-25,1.48397958278656,4.052380084991455,4.059523105621338,4.047618865966797,4.057141780853272,25338,-0.0011736577420806693,4.052380493709019,4.168094793955485,0.003738515415236563,Low Risk
2016-05-26,1.4892109632492063,4.066666126251221,4.083333015441895,4.059523105621338,4.052380084991455,6300,0.003525345836308924,4.054761341639927,4.151269404093425,0.0039055582251371025,Low Risk
2016-05-29,1.4892109632492063,4.066666126251221,4.083333015441895,4.047618865966797,4.066666126251221,1213,0.0,4.057142189570835,4.136110671361288,0.0039055582251371025,Low Risk
2016-05-30,1.4822360277175903,4.047618865966797,4.047618865966797,4.02380895614624,4.066666126251221,424170,-0.0046837531513761466,4.058842863355364,4.120555130640666,0.004127072993774967,Low Risk
2016-05-31,1.4822360277175903,4.047618865966797,4.047618865966797,3.978570938110352,4.047618865966797,639702,0.0,4.056121826171875,4.104126564661661,0.0026312034818920904,Low Risk
2016-06-01,1.472644925117493,4.021428108215332,4.047618865966797,4.0,4.047618865966797,8538,-0.006470658087815995,4.051359994070871,4.085555140177409,0.00337429223497514,Low Risk
2016-06-02,1.472644925117493,4.021428108215332,4.021428108215332,4.021428108215332,4.021428108215332,0,0.0,4.04625804083688,4.07952340443929,0.0033302349883776,Low Risk
2016-06-05,1.4691572189331057,4.011903762817383,4.047618865966797,3.992856979370117,4.030951976776123,7350,-0.0023683987731850653,4.040475709097726,4.071666224797567,0.0033557380135560964,Low Risk
2016-06-06,1.4464879035949707,3.950000047683716,3.9761900901794434,3.916666030883789,4.011903762817383,14704,-0.015430009988623095,4.023809126445225,4.063888462384542,0.005593883944779306,Low Risk
2016-06-07,1.447359561920166,3.952379941940308,3.952379941940308,3.9285709857940674,3.950000047683716,2667,0.0006025048678133249,4.007482528686524,4.05682495435079,0.005672219439117685,Low Risk
2016-06-08,1.447359561920166,3.952379941940308,3.966665983200073,3.966665983200073,3.952379941940308,2310,0.0,3.993876968111311,4.049761446317038,0.005858210535288478,Low Risk
2016-06-09,1.447359561920166,3.952379941940308,3.966665983200073,3.966665983200073,3.952379941940308,638,0.0,3.980271407536098,4.046586815516155,0.005858210535288478,Low Risk
2016-06-12,1.4499753713607788,3.9595229625701904,3.964284896850586,3.9595229625701904,3.952379941940308,9374,0.0018072707418850253,3.9714278153010776,4.039999508857727,0.005965089498083616,Low Risk
2016-06-13,1.4482313394546509,3.954761028289795,3.966665983200073,3.9119040966033936,3.9595229625701904,39257,-0.001202653533117659,3.9619039467402866,4.033253471056621,0.005908267329828204,Low Risk
2016-06-14,1.4482313394546509,3.954761028289795,3.954761028289795,3.954761028289795,3.954761028289795,0,0.0,3.9537406989506314,4.0296820402145395,0.0059758147947753595,Low Risk
2016-06-15,1.405508518218994,3.83809494972229,3.8809518814086914,3.821428060531616,3.8619039058685294,74999,-0.02950015885484647,3.9377542563847134,4.021269337336223,0.011261870967887463,Low Risk
2016-06-16,1.405508518218994,3.83809494972229,3.83809494972229,3.83809494972229,3.83809494972229,0,0.0,3.9214278289249966,4.01277727286021,0.01122269331649301,Low Risk
2016-06-19,1.3985329866409302,3.819046974182129,3.8809518814086914,3.809523105621338,3.845237970352173,28858,-0.004962872411882202,3.9023802621023997,4.003332845369975,0.011074232580238083,Low Risk
2016-06-20,1.3296526670455933,3.6309518814086914,3.6904759407043457,3.5999999046325684,3.819046974182129,5976,-0.049251840588768636,3.85646196774074,3.9877772728602094,0.019742452885232995,Low Risk
2016-06-21,1.4264341592788696,3.895237922668457,3.992856979370117,3.8071420192718506,3.6309518814086914,45780,0.07278698531174999,3.8472783906119212,3.9826979080835985,0.03785719538338844,Medium Risk
2016-06-22,1.395045280456543,3.809523105621338,3.809523105621338,3.8071420192718506,3.895237922668457,3276,-0.02200502735617227,3.8265301159449985,3.9746820052464806,0.03861748349888117,Medium Risk
2016-06-23,1.401148557662964,3.826189994812012,3.869046926498413,3.69523811340332,3.809523105621338,85642,0.004375059220950828,3.8081628254481723,3.96777724424998,0.0387415229103672,Medium Risk
2016-06-26,1.401148557662964,3.826189994812012,3.826189994812012,3.826189994812012,3.826189994812012,0,0.0,3.806462117603847,3.9617455085118616,0.037084486106497505,Medium Risk
2016-06-27,1.3497066497802734,3.68571400642395,3.702379941940308,3.666666030883789,3.8047609329223633,4200,-0.03671432641309902,3.78469341141837,3.949840736389161,0.0396165325400535,Medium Risk
2016-06-28,1.344475030899048,3.671427965164185,3.6904759407043457,3.657141923904419,3.68571400642395,2940,-0.0038760579998518008,3.7636049815586636,3.9372216622034713,0.03961933610271441,Medium Risk
2016-06-29,1.3610411882400513,3.716665983200073,3.809523105621338,3.6880950927734375,3.671427965164185,45536,0.01232164118842105,3.775849853243147,3.9261105219523116,0.03467182641169561,Medium Risk
2016-06-30,1.3610411882400513,3.716665983200073,3.716665983200073,3.716665983200073,3.716665983200073,0,0.0,3.7503395761762346,3.9154755830764776,0.016917421225426364,Low Risk
2016-07-03,1.3392434120178225,3.657141923904419,3.659523010253906,3.657141923904419,3.716665983200073,2919,-0.01601544490807416,3.7285708359309604,3.9018247763315843,0.016139444272001497,Low Risk
2016-07-04,1.3540661334991455,3.697618961334229,3.7476189136505127,3.6785709857940674,3.657141923904419,14523,0.011067942746557646,3.710203545434134,3.8899200439453128,0.017010610754621604,Low Risk
2016-07-05,1.3540661334991455,3.697618961334229,3.697618961334229,3.697618961334229,3.697618961334229,0,0.0,3.691836254937308,3.8779359499613446,0.017010610754621604,Low Risk
2016-07-10,1.395045280456543,3.809523105621338,3.811903953552246,3.8071420192718506,3.697618961334229,4523173,0.03026383882635919,3.7095232691083635,3.869840717315674,0.014713385424617139,Low Risk
2016-07-11,1.395045280456543,3.809523105621338,3.811903953552246,3.809523105621338,3.809523105621338,139482,0.0,3.7292511463165283,3.8612692832946776,0.014401057272213474,Low Risk
2016-07-12,1.395045280456543,3.809523105621338,3.8809518814086914,3.809523105621338,3.809523105621338,72752,0.0,3.742516449519566,3.8526978492736816,0.014161769047366494,Low Risk
2016-07-13,1.4342812299728394,3.916666030883789,4.047618865966797,3.809523105621338,3.809523105621338,2405440,0.02812502307817777,3.771087884902954,3.8483327547709147,0.016722807308839908,Low Risk
2016-07-14,1.4604383707046509,3.9880950450897217,4.02380895614624,3.930952072143554,3.916666030883789,221844,0.018237198076807903,3.81836690221514,3.8463486274083456,0.013312939626978817,Low Risk
2016-07-17,1.4595664739608765,3.9857139587402335,3.9880950450897217,3.9285709857940674,3.9880950450897217,187084,-0.0005970485463779873,3.8595233304159984,3.8451581557591754,0.01422495333528969,Low Risk
2016-07-18,1.4395127296447754,3.930952072143554,3.930952072143554,3.9285709857940674,3.9857139587402335,48862,-0.013739542567171137,3.892856631960188,3.8421422878901166,0.01670509499414353,Low Risk
2016-07-19,1.4072521924972534,3.8428568840026855,3.930952072143554,3.809523105621338,3.930952072143554,421419,-0.022410649258521653,3.89761860030038,3.8365073919296266,0.01732904198860686,Low Risk
2016-07-20,1.4072521924972534,3.8428568840026855,3.8428568840026855,3.8428568840026855,3.8428568840026855,0,0.0,3.902380568640573,3.8329359531402587,0.01732904198860686,Low Risk
2016-07-21,1.4072521924972534,3.8428568840026855,3.8428568840026855,3.8428568840026855,3.8428568840026855,0,0.0,3.907142536980765,3.829285184542338,0.01732904198860686,Low Risk
2016-07-24,1.395045280456543,3.809523105621338,3.811903953552246,3.809523105621338,3.840476036071777,119410,-0.008674218006949896,3.891836404800415,3.8245232899983725,0.0128688059845611,Low Risk
2016-07-25,1.395045280456543,3.809523105621338,3.904761075973511,3.809523105621338,3.809523105621338,973169,0.0,3.8663261277335033,3.8197613954544067,0.00886830418738534,Low Risk
2016-07-26,1.3967889547348022,3.814285039901733,3.9285709857940674,3.809523105621338,3.809523105621338,488682,0.0012500079795731978,3.8418362821851457,3.8149201313654584,0.00909734283552859,Low Risk
2016-07-27,1.4674134254455566,4.007142066955566,4.0428571701049805,3.904761075973511,3.814285039901733,108507,0.05056177633195502,3.8527205671582903,3.8166661659876504,0.02263538103745438,Medium Risk
2016-07-28,1.4325374364852903,3.9119040966033936,3.9404759407043457,3.8809518814086914,4.007142066955566,64470,-0.023767056111521967,3.8625844546726773,3.815237601598104,0.022893115338087258,Medium Risk
2016-07-31,1.4325374364852903,3.9119040966033936,3.9119040966033936,3.9119040966033936,3.9119040966033936,0,0.0,3.872448342187064,3.8176979064941405,0.022893115338087258,Medium Risk
2016-08-01,1.4002768993377686,3.823808908462525,3.902379989624024,3.814285039901733,3.8642849922180176,120582,-0.02251977194874477,3.869727202824184,3.8172217051188153,0.024845838192735205,Medium Risk
2016-08-02,1.3959171772003174,3.811903953552246,3.902379989624024,3.809523105621338,3.823808908462525,562787,-0.003113376006821822,3.8700673239571706,3.8169836044311523,0.02462698764818749,Medium Risk
2016-08-03,1.4368969202041626,3.923809051513672,3.9285709857940674,3.821428060531616,3.811903953552246,114538,0.02935674647760833,3.8863938876560757,3.8267455101013184,0.02694873305133007,Medium Risk
2016-08-04,1.4220744371414185,3.8833329677581774,3.964284896850586,3.871428012847901,3.923809051513672,177975,-0.010315508023990172,3.896257877349853,3.8263486782709752,0.027532163127321964,Medium Risk
2016-08-07,1.4220744371414185,3.8833329677581774,3.892857074737549,3.871428012847901,3.8833329677581774,42000,0.0,3.878570863178798,3.82880900700887,0.017880472494706496,Low Risk
2016-08-08,1.3994048833847046,3.821428060531616,3.964284896850586,3.809523105621338,3.8833329677581774,1667547,-0.015941179327277344,3.865645715168544,3.82865027586619,0.016666575372021507,Low Risk
2016-08-09,1.3976610898971558,3.8166658878326416,3.821428060531616,3.809523105621338,3.821428060531616,90195,-0.0012461761999811305,3.8520402567727223,3.8283328056335444,0.0166330824872915,Low Risk
2016-08-10,1.3959171772003174,3.811903953552246,3.857141971588135,3.809523105621338,3.8166658878326416,333345,-0.0012476686250102453,3.8503395489283965,3.8325391372044875,0.014342560383889945,Low Risk
2016-08-11,1.3959171772003174,3.811903953552246,3.811903953552246,3.811903953552246,3.811903953552246,0,0.0,3.8503395489283965,3.837221670150756,0.01429106131240907,Low Risk
2016-08-14,1.421202540397644,3.8809518814086914,3.897619009017944,3.8809518814086914,3.902379989624024,35280,0.018113763803545124,3.8442170960562563,3.8426978667577103,0.010611204754427592,Low Risk
2016-08-15,1.4360249042510986,3.921427965164185,3.964284896850586,3.897619009017944,3.8809518814086914,282336,0.010429421696617869,3.8496592385428294,3.849523266156514,0.010642021178201433,Low Risk
2016-08-16,1.441256403923035,3.93571400642395,4.030951976776123,3.904761075973511,3.921427965164185,620596,0.0036430711941350946,3.857142244066511,3.8588090022404984,0.01064871121566556,Low Risk
2016-08-17,1.4456160068511963,3.947618961334229,3.954761028289795,3.9404759407043457,3.93571400642395,26460,0.0030248526419469624,3.875169515609741,3.8671423355738317,0.00718210220708746,Low Risk
2016-08-18,1.4822360277175903,4.047618865966797,4.059523105621338,4.019046783447266,3.947618961334229,397248,0.025331701365313597,3.9081627982003346,3.878808999061584,0.010002344206841405,Low Risk
2016-08-21,1.490082859992981,4.069046974182129,4.142857074737549,4.026189804077148,4.047618865966797,45150,0.005294003443729434,3.9448975154331754,3.887459794680277,0.009217847220367005,Low Risk
2016-08-22,1.4778764247894287,4.035714149475098,4.076189994812012,4.004761219024658,4.069046974182129,37052,-0.008191801401784327,3.9768704005650113,3.894999496142069,0.010965273739795868,Low Risk
2016-08-23,1.4813640117645264,4.045238018035889,4.064284801483154,4.035714149475098,4.035714149475098,341174,0.0023598967141986726,4.000339848654611,3.902856659889221,0.01018900867590488,Low Risk
2016-08-24,1.4831080436706543,4.050000190734863,4.095238208770752,4.047618865966797,4.045238018035889,102068,0.0011772292947267449,4.018707309450422,3.9073011318842563,0.010116141916477897,Low Risk
2016-08-25,1.5197279453277588,4.150000095367432,4.285714149475098,4.047618865966797,4.050000190734863,816996,0.02469133331433837,4.0493196078709195,3.9126979668935133,0.012588581118536332,Low Risk
2016-08-28,1.488339066505432,4.064284801483154,4.10237979888916,4.047618865966797,4.150000095367432,29631,-0.020654287208320743,4.065986156463623,3.915316994984944,0.016590172906061438,Low Risk
2016-08-29,1.488339066505432,4.064284801483154,4.064284801483154,4.064284801483154,4.064284801483154,0,0.0,4.068367004394531,3.919761419296264,0.013755147624389627,Low Risk
2016-08-30,1.500545859336853,4.09761905670166,4.119047164916992,4.073809146881104,4.104761123657227,95592,0.008201751807929814,4.07244873046875,3.9282534917195635,0.013960502960072854,Low Risk
2016-08-31,1.5127524137496948,4.130951881408691,4.190475940704346,4.095238208770752,4.09761905670166,13440,0.008134681200419491,4.086054120744977,3.9378566582997636,0.013509159921504291,Low Risk
2016-09-01,1.5022894144058228,4.10237979888916,4.166666030883789,4.095238208770752,4.130951881408691,125139,-0.006916585653810148,4.094217232295445,3.946507422129313,0.014073227432780049,Low Risk
2016-09-04,1.484851360321045,4.054760932922363,4.064284801483154,4.047618865966797,4.10237979888916,77456,-0.011607620040370525,4.094897338322231,3.95468201637268,0.015009945299619932,Low Risk
2016-09-05,1.48397958278656,4.052380084991455,4.064284801483154,4.047618865966797,4.054760932922363,177420,-0.0005871734413679386,4.080951622554234,3.962777249018351,0.010524128616642116,Low Risk
2016-09-06,1.4822360277175903,4.047618865966797,4.054760932922363,4.047618865966797,4.052380084991455,369906,-0.0011749191647377755,4.0785707746233255,3.9705550432205197,0.007251599848849661,Low Risk
2016-09-07,1.4822360277175903,4.047618865966797,4.047618865966797,4.047618865966797,4.047618865966797,175152,0.0,4.076189926692417,3.9719042698542277,0.007251599848849661,Low Risk
2016-09-08,1.4822360277175903,4.047618865966797,4.047618865966797,4.047618865966797,4.047618865966797,234423,0.0,4.069047042301723,3.9764280954996747,0.006183037325926555,Low Risk
2016-09-13,1.4822360277175903,4.047618865966797,4.047618865966797,4.047618865966797,4.047618865966797,0,0.0,4.057142325810024,3.980951921145121,0.004573668309662359,Low Risk
2016-09-14,1.4831080436706543,4.050000190734863,4.142857074737549,4.047618865966797,4.047618865966797,336336,0.0005883273220432805,4.049659524645124,3.988491630554199,0.004348764048067683,Low Risk
2016-09-15,1.4822360277175903,4.047618865966797,4.047618865966797,4.045238018035889,4.050000190734863,854355,-0.0005879813965229408,4.048639229365757,3.9963487943013503,0.0005735366599851082,Low Risk
2016-09-18,1.4822360277175903,4.047618865966797,4.047618865966797,4.047618865966797,4.047618865966797,2100,0.0,4.047959055219378,4.0004757881164545,0.0005590464060962043,Low Risk
2016-09-19,1.4778764247894287,4.035714149475098,4.142857074737549,3.8809518814086914,4.047618865966797,4548,-0.002941165382886357,4.046258381434849,4.005555160840353,0.0011623837956186993,Low Risk
2016-09-20,1.4778764247894287,4.035714149475098,4.035714149475098,4.035714149475098,4.035714149475098,0,0.0,4.044557707650321,4.010634533564249,0.0011623837956186993,Low Risk
2016-09-21,1.4778764247894287,4.035714149475098,4.035714149475098,4.035714149475098,4.035714149475098,0,0.0,4.0428570338657925,4.017777403195699,0.0011623837956186993,Low Risk
2016-09-22,1.4778764247894287,4.035714149475098,4.035714149475098,4.035714149475098,4.035714149475098,0,0.0,4.041156360081264,4.025079011917114,0.0011623837956186993,Low Risk
2016-09-25,1.4395127296447754,3.930952072143554,3.964284896850586,3.878571033477783,3.9380950927734375,19114,-0.025958745701840535,4.024149485996792,4.029047282536824,0.009649121323713412,Low Risk
2016-09-26,1.4395127296447754,3.930952072143554,3.930952072143554,3.930952072143554,3.930952072143554,0,0.0,4.007482801164899,4.033015553156535,0.0096884119108138,Low Risk
2016-09-27,1.466541409492493,4.004761219024658,4.104761123657227,4.0,3.9976189136505127,53541,0.018776404679199388,4.001360280173166,4.037142531077067,0.01304108594692443,Low Risk
2016-09-28,1.4647979736328125,4.0,4.002379894256592,4.0,4.004761219024658,6090,-0.0011888896152010275,3.99625825881958,4.039761598904928,0.013024414496352289,Low Risk
2016-09-29,1.4796202182769775,4.040475845336914,4.047618865966797,4.0,4.0,4200,0.010118961334228516,3.996938501085554,4.043253660202026,0.013722125212023886,Low Risk
2016-10-02,1.4796202182769775,4.040475845336914,4.040475845336914,4.040475845336914,4.040475845336914,0,0.0,3.9976187433515276,4.046348889668782,0.013722125212023886,Low Risk
2016-10-03,1.4796202182769775,4.040475845336914,4.040475845336914,4.040475845336914,4.040475845336914,0,0.0,3.9982989856175015,4.04611078898112,0.013722125212023886,Low Risk
2016-10-04,1.4604383707046509,3.9880950450897217,4.047618865966797,3.9595229625701904,4.02380895614624,56700,-0.012964017668276595,4.006462267466953,4.043412391344706,0.009944658361658202,Low Risk
2016-10-05,1.4770044088363647,4.033332824707031,4.104761123657227,4.0,3.9880950450897217,142854,0.011343204990314382,4.021088089261736,4.043333013852437,0.01045534494307843,Low Risk
2016-10-09,1.4770044088363647,4.033332824707031,4.033332824707031,4.033332824707031,4.033332824707031,0,0.0,4.025169747216361,4.042936174074809,0.008092266982045638,Low Risk
2016-10-10,1.4630541801452637,3.995238065719605,4.083333015441895,3.983333110809326,4.0428571701049805,83722,-0.009444982758196607,4.0244894708905905,4.041110769907633,0.009020412598230113,Low Risk
2016-10-11,1.4491032361984253,3.957142114639282,3.957142114639282,3.957142114639282,3.995238065719605,7274,-0.009535339435013501,4.0125846522195,4.034682170550028,0.00832901468907464,Low Risk
2016-10-12,1.4613102674484253,3.99047589302063,4.02380895614624,3.973809003829956,3.957142114639282,52500,0.008423700088513675,4.005441801888602,4.032221873601277,0.009368732573448505,Low Risk
2016-10-13,1.4979302883148191,4.090476036071777,4.119047164916992,4.047618865966797,3.99047589302063,71274,0.025059703587245963,4.012584686279297,4.033094914754232,0.013857034123053797,Low Risk
2016-10-16,1.4831080436706543,4.050000190734863,4.119047164916992,3.957142114639282,4.090476036071777,65788,-0.009895143005356544,4.021428278514317,4.031507619222006,0.013349853892064896,Low Risk
2016-10-17,1.4822360277175903,4.047618865966797,4.059523105621338,4.047618865966797,4.050000190734863,2165658,-0.0005879813965229408,4.023469141551426,4.028729852040609,0.012747737462315657,Low Risk
2016-10-18,1.4822360277175903,4.047618865966797,4.047618865966797,4.047618865966797,4.047618865966797,4200,0.0,4.0255100045885355,4.026904487609864,0.012747737462315657,Low Risk
2016-10-19,1.4935705661773682,4.07857084274292,4.083333015441895,3.973809003829956,4.047618865966797,700736,0.007646959311405022,4.037414687020438,4.027698151270548,0.012130763547391213,Low Risk
2016-10-20,1.4865952730178833,4.059523105621338,4.085713863372803,4.047618865966797,4.07857084274292,26615,-0.004670198914277557,4.052040542875018,4.027936251958211,0.011409738877027646,Low Risk
2016-10-23,1.4822360277175903,4.047618865966797,4.047618865966797,4.047618865966797,4.059523105621338,11734,-0.0029324231799683353,4.06020382472447,4.027936251958211,0.011435292075160865,Low Risk
2016-10-24,1.4813640117645264,4.045238018035889,4.047618865966797,4.002379894256592,4.047618865966797,25653,-0.0005882095152107691,4.053741250719343,4.027856890360514,0.005324796596963419,Low Risk
2016-10-25,1.4822360277175903,4.047618865966797,4.109522819519043,4.047618865966797,4.045238018035889,27178,0.0005885557092790705,4.053401061466762,4.027856890360514,0.0038704391044235456,Low Risk
2016-10-26,1.4822360277175903,4.047618865966797,4.047618865966797,4.047618865966797,4.047618865966797,12600,0.0,4.053401061466762,4.027856890360514,0.0038638916768531967,Low Risk
2016-10-27,1.517112135887146,4.142857074737549,4.166666030883789,4.083333015441895,4.047618865966797,37905,0.023529440869923368,4.067006519862583,4.030952119827271,0.009693825290385533,Low Risk
2016-10-30,1.4953144788742063,4.083333015441895,4.083333015441895,4.073809146881104,4.142857074737549,29694,-0.014367876617955577,4.067686830248151,4.032142591476441,0.011480602321587458,Low Risk
2016-10-31,1.4926987886428833,4.076189994812012,4.095238208770752,4.052380084991455,4.083333015441895,84113,-0.0017493113108509872,4.070067814418247,4.033094962437947,0.011325153604243965,Low Risk
2016-11-01,1.4926987886428833,4.076189994812012,4.076189994812012,4.076189994812012,4.076189994812012,0,0.0,4.074149404253278,4.034444157282511,0.011224774878868965,Low Risk
2016-11-02,1.4926987886428833,4.076189994812012,4.076189994812012,4.076189994812012,4.076189994812012,0,0.0,4.078571115221296,4.035793352127075,0.011212584064829308,Low Risk
2016-11-03,1.5040332078933716,4.107141971588135,4.257142066955566,4.083333015441895,4.223808765411377,84117,0.00759335968527397,4.087074416024344,4.0381742795308435,0.011464603146032095,Low Risk
2016-11-06,1.5920957326889038,4.34761905670166,4.516665935516357,4.166666030883789,4.107141971588135,340725,0.058550955086789536,4.129931586129325,4.0485711097717285,0.024069571489058007,Medium Risk
2016-11-07,1.7298563718795776,4.723808765411377,4.77380895614624,4.52380895614624,4.34761905670166,516226,0.08652775319167794,4.212924684797015,4.074999666213989,0.0376796380516807,Medium Risk
2016-11-08,1.742935061454773,4.759522914886475,4.778571128845215,4.669046878814697,4.723808765411377,872940,0.00756045624382673,4.309523241860526,4.10261869430542,0.035225496051686275,Medium Risk
2016-11-09,1.7472944259643557,4.771428108215332,4.833333015441895,4.576189994812012,4.759522914886475,541606,0.0025013417398667137,4.408842972346714,4.128174257278443,0.03476865310078658,Medium Risk
2016-11-10,1.832740902900696,5.004761219024658,5.247619152069092,4.761903762817383,4.771428108215332,383279,0.048902153719465824,4.541496004377093,4.161666297912598,0.03422771739157076,Medium Risk
2016-11-13,1.83361291885376,5.007142066955566,5.119047164916992,4.823809146881104,5.004761219024658,111325,0.000475716588007824,4.6744891575404575,4.193888505299886,0.034158084553902616,Medium Risk
2016-11-14,1.761244773864746,4.809523105621338,4.880951881408691,4.778571128845215,5.007142066955566,559221,-0.03946741648063212,4.7748293195452005,4.219523413976034,0.0428880695181228,Medium Risk
2016-11-15,1.814430594444275,4.954761028289795,5.0,4.880951881408691,4.809523105621338,137592,0.03019798834081988,4.861563886914935,4.249999586741129,0.040295232036192515,Medium Risk
2016-11-16,1.9774770736694336,5.400000095367432,5.449999809265137,5.090476036071777,4.954761028289795,1361354,0.0898608559596501,4.958162648337228,4.297063088417053,0.04122780022529143,Medium Risk
2016-11-17,1.991427421569824,5.4380950927734375,5.535714149475098,5.357141971588135,5.400000095367432,893474,0.007054629024671133,5.055101530892508,4.3438884973526,0.04125368143532559,Medium Risk
2016-11-20,1.9626542329788208,5.359522819519043,5.42618989944458,5.357141971588135,5.4380950927734375,173405,-0.014448491965285304,5.139115061078753,4.388094830513,0.04291144274015897,Medium Risk
2016-11-21,2.032407522201538,5.550000190734863,5.895237922668457,5.440475940704346,5.359522819519043,1475426,0.03553998697833949,5.217006342751639,4.439920234680176,0.04155814919699103,Medium Risk
2016-11-22,2.032407522201538,5.550000190734863,5.550000190734863,5.550000190734863,5.550000190734863,0,0.0,5.294557503291538,4.4930155038833615,0.04158738613513453,Medium Risk
2016-11-23,2.095184326171875,5.721427917480469,5.857141971588135,5.714284896850586,5.761903762817383,130641,0.030887877631389227,5.4248296192714145,4.55071390469869,0.033863783381477205,Medium Risk
2016-11-24,2.0916965007781982,5.711904048919678,5.716666221618652,5.652379989624023,5.721427917480469,459677,-0.0016645964430824778,5.532992907932827,4.6047615051269535,0.03525323659075691,Medium Risk
2016-11-27,2.0611796379089355,5.628571033477783,5.630951881408691,5.626190185546875,5.711904048919678,15115,-0.014589358422023135,5.565645899091448,4.657380533218384,0.020123995394630705,Medium Risk
2016-11-28,2.06205153465271,5.630951881408691,5.690475940704346,5.595238208770752,5.628571033477783,24578,0.00042299331690887065,5.593196868896484,4.7101583003997805,0.020228022003595608,Medium Risk
2016-11-29,2.105646848678589,5.75,5.885714054107666,5.626190185546875,5.630951881408691,177987,0.021141739638081747,5.648979323250907,4.766904338200887,0.018906433226014246,Low Risk
2016-11-30,2.105646848678589,5.75,5.75,5.75,5.75,0,0.0,5.677550724574497,4.82261864344279,0.015436113027927944,Low Risk
2016-12-01,2.105646848678589,5.75,5.75,5.75,5.75,0,0.0,5.706122125898089,4.878967873255411,0.015436113027927944,Low Risk
2016-12-04,2.18324613571167,5.961904048919678,6.066666126251221,5.952380180358887,5.94523811340332,37955,0.03685287807298754,5.740475858960833,4.942777379353841,0.01716070735173724,Low Risk
2016-12-05,2.1797590255737305,5.952380180358887,5.952380180358887,5.942856788635254,5.961904048919678,180780,-0.0015974541828657207,5.774829592023577,5.006348784764608,0.017155712113787313,Low Risk
2016-12-06,2.1797590255737305,5.952380180358887,5.9595232009887695,5.942856788635254,5.952380180358887,138969,0.0,5.821088041578021,5.069840828577678,0.014981210214713938,Low Risk
2016-12-07,2.1797590255737305,5.952380180358887,5.952380180358887,5.942856788635254,5.952380180358887,174069,0.0,5.867006369999477,5.133332872390747,0.01501822496434476,Low Risk
2016-12-08,2.1841180324554443,5.964284896850586,6.040475845336914,5.928571224212647,5.952380180358887,76230,0.001999992630003833,5.897618498120989,5.194047133127849,0.01394277343836855,Low Risk
2016-12-11,2.1841180324554443,5.964284896850586,5.964284896850586,5.964284896850586,5.964284896850586,0,0.0,5.9282306262425015,5.256745529174805,0.01394277343836855,Low Risk
2016-12-12,2.1841180324554443,5.964284896850586,5.964284896850586,5.964284896850586,5.964284896850586,0,0.0,5.958842754364014,5.319682025909424,0.01394277343836855,Low Risk
2016-12-13,2.118725299835205,5.785714149475098,5.785714149475098,5.785714149475098,5.776189804077148,420000,-0.029940009651413857,5.933672768729074,5.376666164398193,0.0113894582138891,Low Risk
2016-12-14,2.140523195266724,5.845238208770752,5.952380180358887,5.788094997406006,5.785714149475098,859135,0.010288109256323175,5.918366772787912,5.435634438196818,0.01266054570390778,Low Risk
2016-12-15,2.140523195266724,5.845238208770752,5.845238208770752,5.845238208770752,5.845238208770752,0,0.0,5.90306077684675,5.493570979436239,0.01266054570390778,Low Risk
2016-12-18,2.1065189838409424,5.752379894256592,5.952380180358887,5.716666221618652,5.928571224212647,17845,-0.015886147184699273,5.8744893074035645,5.54039634068807,0.013527337365516317,Low Risk
2016-12-19,2.181501865386963,5.957141876220703,6.011903762817383,5.835713863372803,5.752379894256592,126235,0.03559604645871084,5.87346887588501,5.581507444381714,0.02050080114413655,Medium Risk
2016-12-20,2.1797590255737305,5.952380180358887,6.009522914886475,5.904760837554932,5.957141876220703,672861,-0.0007993255760491147,5.871768202100482,5.621269353230795,0.02050308097950731,Medium Risk
2016-12-21,2.178886651992798,5.949999809265137,5.976190090179443,5.880951881408691,5.952380180358887,51513,-0.0003999023956172687,5.86972747530256,5.660555076599121,0.020503293847055598,Medium Risk
2016-12-22,2.1553454399108887,5.885714054107666,5.952380180358887,5.821427822113037,5.949999809265137,9357,-0.01080432894424077,5.8840131759643555,5.689920171101888,0.016815511544619775,Low Risk
2016-12-25,2.124828577041626,5.802380084991455,5.826189994812012,5.77380895614624,5.885714054107666,2121,-0.014158684630295904,5.877890586853027,5.716428105036417,0.017471411801474518,Low Risk
2016-12-26,2.110878229141236,5.764285087585449,5.77380895614624,5.742856979370117,5.802380084991455,29757,-0.006565408823276386,5.866325855255127,5.748253504435222,0.017589507628990187,Low Risk
2016-12-27,2.1021595001220703,5.740476131439209,5.757142066955566,5.738094806671143,5.764285087585449,16497,-0.004130426546306243,5.864625317709787,5.7744440078735355,0.016558063121968027,Low Risk
2016-12-28,2.137035369873047,5.835713863372803,5.840476036071777,5.833333015441895,5.740476131439209,21096,0.01659056317854879,5.847278458731515,5.788967800140381,0.009955993088833463,Low Risk
2016-12-29,2.116981506347656,5.780951976776123,5.835713863372803,5.721427917480469,5.835713863372803,46200,-0.009383922494964447,5.822788715362549,5.800396362940471,0.010180954343007378,Low Risk
2017-01-02,2.108262538909912,5.757142066955566,5.916666030883789,5.75,5.780951976776123,4872,-0.0041186832058471845,5.795237609318325,5.813650337855021,0.010050566959148306,Low Risk
2017-01-03,2.1178534030914307,5.783332824707031,5.833333015441895,5.761903762817383,5.757142066955566,9840,0.004549263757410493,5.780611719403948,5.82142809232076,0.010159146913201333,Low Risk
2017-01-04,2.1178534030914307,5.783332824707031,5.77380895614624,5.77380895614624,5.783332824707031,4,0.0,5.777890682220459,5.829205846786499,0.008753977293721625,Low Risk
2017-01-05,2.116981506347656,5.780951976776123,5.783332824707031,5.7190470695495605,5.783332824707031,265108,-0.000411674030022402,5.780271666390555,5.831189982096354,0.008334921517098625,Low Risk
2017-01-09,2.1239569187164307,5.800000190734863,5.911903858184815,5.752379894256592,5.819046974182129,18186,0.0032949960551935664,5.7887751034327914,5.83412652015686,0.008125873537636417,Low Risk
2017-01-10,2.144010543823242,5.854761123657227,5.911903858184815,5.833333015441895,5.800000190734863,16560,0.009441539848540126,5.791496140616281,5.841666189829509,0.006113681714086498,Low Risk
2017-01-11,2.189349412918091,5.978570938110352,6.190475940704346,5.833333015441895,5.854761123657227,119322,0.021146860108920418,5.819727420806885,5.853253491719564,0.00837479386994686,Low Risk
2017-01-12,2.2913625240325928,6.257142066955566,6.428571224212647,6.178571224212647,5.978570938110352,140691,0.04659493576792162,5.891155992235456,5.870158227284749,0.016913044133953635,Low Risk
2017-01-15,2.354139804840088,6.428571224212647,6.4476189613342285,6.42618989944458,6.257142066955566,358982,0.02739735735942639,5.983332906450544,5.892777268091837,0.0174129945694232,Low Risk
2017-01-16,2.392503023147583,6.533332824707031,6.678571224212647,6.333333015441895,6.428571224212647,108910,0.01629624948383679,6.0904757635934015,5.9188883622487385,0.016054820991307246,Low Risk
2017-01-17,2.511953830718994,6.859522819519043,7.02380895614624,6.533332824707031,6.533332824707031,95697,0.04992704390911529,6.244557312556675,5.948808987935384,0.01778156795535246,Low Risk
2017-01-18,2.530263662338257,6.909523010253906,7.02380895614624,6.904760837554932,6.859522819519043,319116,0.00728916457462403,6.403060572487967,5.980713748931885,0.01702165594842991,Low Risk
2017-01-19,2.476205587387085,6.761903762817383,6.788094997406006,6.669046878814697,6.909523010253906,17677,-0.021364607544898995,6.532652378082275,6.007697868347168,0.02428196462903092,Medium Risk
2017-01-22,2.4796934127807617,6.771428108215332,6.785714149475098,6.761903762817383,6.761903762817383,7190,0.0014085301613315782,6.645917688097272,6.0349994659423825,0.0253884755430769,Medium Risk
2017-01-23,2.502362966537476,6.833333015441895,6.902379989624023,6.785714149475098,6.771428108215332,1458227,0.009142075532258653,6.728230680738177,6.063967736562093,0.022152594224779047,Medium Risk
2017-01-24,2.504978895187378,6.840476036071777,6.897618770599365,6.785714149475098,6.833333015441895,20055,0.001045320140806938,6.787074225289481,6.093174107869467,0.02150210466943027,Medium Risk
2017-01-26,2.5006191730499268,6.82857084274292,6.845238208770752,6.761903762817383,6.840476036071777,298489,-0.0017404042154490762,6.829251085008893,6.12198363939921,0.02157746730095058,Medium Risk
2017-01-29,2.450048923492432,6.690475940704346,6.785714149475098,6.666666030883789,6.82857084274292,55662,-0.020223104543952264,6.805101530892508,6.152142365773519,0.012402176498729225,Low Risk
2017-01-30,2.444817304611206,6.67618989944458,6.678571224212647,6.664285182952881,6.690475940704346,4620,-0.0021352802680075778,6.771768229348319,6.179840755462647,0.01151669150175755,Low Risk
2017-01-31,2.3471641540527344,6.409523010253906,6.428571224212647,6.311903953552246,6.67618989944458,5250,-0.0399429754406565,6.721428121839251,6.198650248845419,0.01686080203205288,Low Risk
2017-02-01,2.2992093563079834,6.278571128845215,6.428571224212647,6.190475940704346,6.409523010253906,67116,-0.020430830999310756,6.651019981929234,6.216189956665039,0.01695958674330058,Low Risk
2017-02-02,2.355011224746704,6.430952072143555,6.547618865966797,6.428571224212647,6.278571128845215,5233,0.024270003504183624,6.593536990029471,6.231983629862468,0.02049230705803342,Medium Risk
2017-02-05,2.306184768676758,6.297618865966797,6.428571224212647,6.216666221618652,6.430952072143555,66889,-0.020733043051946676,6.51598596572876,6.243491586049398,0.020463455053020725,Medium Risk
2017-02-06,2.306184768676758,6.297618865966797,6.297618865966797,6.297618865966797,6.297618865966797,0,0.0,6.440135683332171,6.255078887939453,0.020612707060815402,Medium Risk
2017-02-07,2.3523952960968018,6.423809051513672,6.666666030883789,6.383333206176758,6.297618865966797,241953,0.020037761609998928,6.402040413447788,6.273015387852987,0.023170630240623394,Medium Risk
2017-02-08,2.356754779815674,6.435713768005371,6.666666030883789,6.388094902038574,6.423809051513672,33289,0.0018532176775856168,6.367686680385044,6.294126510620117,0.02331751668856794,Medium Risk
2017-02-09,2.355011224746704,6.430952072143555,6.666666030883789,6.428571224212647,6.435713768005371,940812,-0.0007398862089685876,6.370747974940708,6.316348743438721,0.017508167629706348,Low Risk
2017-02-12,2.31054425239563,6.309523105621338,6.666666030883789,6.202380180358887,6.430952072143555,26548,-0.018881957937177174,6.375169685908726,6.335316975911458,0.017205127126658636,Low Risk
2017-02-13,2.275668144226074,6.214284896850586,6.283332824707031,6.19523811340332,6.309523105621338,31227,-0.015094359300451998,6.344217232295445,6.347936010360717,0.01448471157289272,Low Risk
2017-02-14,2.314903259277344,6.321427822113037,6.428571224212647,6.309523105621338,6.214284896850586,146575,0.01724139254007362,6.3476185117449075,6.365951871871948,0.014630682913313675,Low Risk
2017-02-15,2.3157756328582764,6.323809146881104,6.428571224212647,6.321427822113037,6.321427822113037,11692,0.00037670678762435905,6.351359980446952,6.384840774536133,0.01462866829227816,Low Risk
2017-02-16,2.3157756328582764,6.323809146881104,6.335713863372803,6.333333015441895,6.323809146881104,1562,0.0,6.337074279785156,6.402856651941935,0.011920266026145385,Low Risk
2017-02-19,2.4352266788482666,6.650000095367432,6.666666030883789,6.550000190734863,6.323809146881104,91371,0.05158140306103398,6.367686612265451,6.4317455609639484,0.023710380943394647,Medium Risk
2017-02-20,2.440457820892334,6.664285182952881,6.671428203582764,6.595238208770752,6.650000095367432,111379,0.00214813344068987,6.40101991380964,6.46119000116984,0.02362031141713294,Medium Risk
2017-02-21,2.442201375961304,6.669046878814697,6.671428203582764,6.666666030883789,6.664285182952881,37401,0.0007145096182252786,6.452380452837263,6.490158224105835,0.021320549440413828,Medium Risk
2017-02-22,2.449177026748657,6.6880950927734375,6.821427822113037,6.666666030883789,6.669046878814697,34003,0.002856212335116348,6.520067623683384,6.517936023076375,0.01901538286033729,Low Risk
2017-02-23,2.443073511123657,6.671428203582764,6.809523105621338,6.666666030883789,6.6880950927734375,32705,-0.002492023357844042,6.5700676781790595,6.541031265258789,0.01934434545875226,Low Risk
2017-02-26,2.4413299560546875,6.666666030883789,6.669046878814697,6.666666030883789,6.671428203582764,47241,-0.0007138160756069434,6.619047233036587,6.554682064056396,0.01941912439225982,Low Risk
2017-02-27,2.4413299560546875,6.666666030883789,6.669046878814697,6.666666030883789,6.666666030883789,923718,0.0,6.668026787894113,6.562618557612101,0.01941912439225982,Low Risk
2017-02-28,2.442201375961304,6.669046878814697,6.75,6.666666030883789,6.666666030883789,151498,0.000357127223694631,6.670747756958008,6.56714235941569,0.0017773288207555687,Low Risk
2017-03-01,2.477949619293213,6.766665935516357,6.788094997406006,6.690475940704346,6.669046878814697,18572,0.014637632404678858,6.68537357875279,6.564047129948934,0.005716545443421815,Low Risk
2017-03-02,2.5337514877319336,6.919046878814697,7.119047164916992,6.785714149475098,6.766665935516357,25834,0.022519353659611552,6.7210878644670755,6.564364592234294,0.009478683334610508,Low Risk
2017-03-05,2.6148388385772705,7.140476226806641,7.164285182952881,6.930952072143555,6.919046878814697,83328,0.0320028685843905,6.785713740757534,6.576983674367269,0.013688472165170695,Low Risk
2017-03-06,2.633148670196533,7.190475940704346,7.309523105621338,7.130951881408691,7.140476226806641,227144,0.007002294008065846,6.859863417489188,6.590951935450236,0.012743039940771285,Low Risk
2017-03-07,2.6924376487731934,7.35237979888916,7.404760837554932,7.142857074737549,7.190475940704346,285986,0.022516431390625646,6.957822527204241,6.608253494898478,0.012251268425042348,Low Risk
2017-03-08,2.806657314300537,7.664285182952881,7.830952167510986,7.380951881408691,7.35237979888916,262630,0.04242237106832336,7.100339548928397,6.635713799794515,0.014391810364264103,Low Risk
2017-03-09,2.7953226566314697,7.633333206176758,7.849999904632568,7.5,7.664285182952881,658438,-0.004038468824851038,7.238094738551548,6.662539211908976,0.015458664039696146,Low Risk
2017-03-12,2.749983549118042,7.509522914886475,7.690475940704346,7.380951881408691,7.633333206176758,27090,-0.016219689085509637,7.344217164175851,6.689840777715047,0.020635767859194507,Medium Risk
2017-03-13,2.793578624725342,7.628571033477783,7.733333110809326,7.519046783447266,7.509522914886475,136554,0.015852953635085765,7.445577757699149,6.721586815516154,0.020392576653347753,Medium Risk
2017-03-14,2.802297115325928,7.652379989624023,7.738094806671143,7.395237922668457,7.628571033477783,35700,0.003121024375568604,7.518706866673061,6.7630153814951575,0.01907408306124275,Low Risk
2017-03-15,2.7342894077301025,7.466666221618652,7.619047164916992,7.264285087585449,7.652379989624023,104172,-0.024268759295432707,7.55816262108939,6.802618551254272,0.023146122066771756,Medium Risk
2017-03-16,2.7953226566314697,7.633333206176758,7.735713958740234,7.502379894256592,7.466666221618652,30324,0.022321472476638293,7.5982988221304755,6.842697922388712,0.023122516855422402,Medium Risk
2017-03-19,2.791834831237793,7.623808860778809,7.723808765411377,7.5,7.633333206176758,231382,-0.0012477308589440295,7.592516490391323,6.886904255549113,0.016463879388726475,Low Risk
2017-03-20,2.7953226566314697,7.633333206176758,7.857141971588135,7.592856884002685,7.623808860778809,587798,0.0012492896361748773,7.592516490391323,6.931428066889445,0.016403151213925483,Low Risk
2017-03-21,2.8764095306396484,7.854761123657227,8.083333015441895,7.723808765411377,7.633333206176758,349885,0.029008024607296568,7.64183623450143,6.97912646929423,0.01774870013101456,Low Risk
2017-03-22,2.913029432296753,7.954761028289795,8.083333015441895,7.857141971588135,7.854761123657227,62899,0.012731119770324373,7.6884348051888605,7.029761377970377,0.017514438413261068,Low Risk
2017-03-23,2.879025459289551,7.861904144287109,7.938095092773437,7.857141971588135,7.954761028289795,143169,-0.011673120496323519,7.718366827283587,7.077459780375163,0.018784668298400704,Low Risk
2017-03-26,2.907798290252685,7.940475940704346,8.047618865966797,7.857141971588135,7.861904144287109,87498,0.009993990638302419,7.786053930010114,7.13182487487793,0.014054091833841997,Low Risk
2017-03-27,2.877281427383423,7.857141971588135,8.066665649414062,7.857141971588135,7.940475940704346,342892,-0.010494833022416938,7.818026610783169,7.186586777369182,0.01430654267703486,Low Risk
2017-03-29,2.943546295166016,8.038095474243164,8.09761905670166,7.859522819519043,8.04285717010498,52831,0.02303044838815027,7.877210412706647,7.243809032440185,0.01563974689110564,Low Risk
2017-03-30,3.042942523956299,8.30952262878418,8.333333015441895,7.9285712242126465,8.038095474243164,156294,0.033767595248247906,7.973808901650565,7.309999481836955,0.018050700903773656,Low Risk
2017-04-02,3.050790309906006,8.330951690673828,8.571428298950195,8.107142448425293,8.30952262878418,149188,0.0025788559520156795,8.041836125510079,7.376904233296712,0.016695863691695498,Low Risk
2017-04-03,3.038583517074585,8.297618865966797,8.428570747375488,8.107142448425293,8.330951690673828,218219,-0.004001082462685046,8.090815816606794,7.431824858983358,0.01718994720958621,Low Risk
2017-04-04,2.9627280235290527,8.090476036071777,8.14285659790039,8.035714149475098,8.297618865966797,175589,-0.024964129256964118,8.123468944004603,7.479364554087321,0.019994715705211042,Low Risk
2017-04-05,2.9644720554351807,8.095237731933594,8.095237731933594,8.095237731933594,8.090476036071777,254427,0.0005885557092790705,8.145577771323067,7.5269042491912845,0.01986177005953894,Low Risk
2017-04-06,2.967087507247925,8.10237979888916,8.333333015441895,8.095237731933594,8.095237731933594,763329,0.000882255369399898,8.180611746651786,7.574047072728475,0.019028182306413118,Low Risk
2017-04-09,2.9688310623168945,8.107142448425293,8.330951690673828,8.095237731933594,8.10237979888916,130695,0.0005878087246398156,8.190475600106376,7.621904214223226,0.017199116033494673,Low Risk
2017-04-10,2.976678371429444,8.128570556640625,8.214284896850586,8.033332824707031,8.107142448425293,21340,0.002643114802983959,8.164625304085869,7.670634365081787,0.009892325061918315,Low Risk
2017-04-11,2.967087507247925,8.10237979888916,8.130951881408691,8.095237731933594,8.128570556640625,63966,-0.0032220619319184296,8.131972176688057,7.718491490681966,0.009575422692761718,Low Risk
2017-04-12,2.980165958404541,8.138094902038574,8.273809432983398,8.095237731933594,8.10237979888916,60123,0.004407976919856393,8.109183038984026,7.7674597581227625,0.010078761506431779,Low Risk
2017-04-13,3.0272488594055176,8.266666412353516,8.535714149475098,8.214284896850586,8.138094902038574,243637,0.01579872339443167,8.13435309273856,7.817459774017334,0.006064684833436144,Low Risk
2017-04-18,3.122286319732666,8.526189804077148,8.619047164916992,8.409523010253906,8.266666412353516,102534,0.03139395964203984,8.195917674473353,7.871031204859416,0.012106992418521995,Low Risk
2017-04-19,3.1214146614074707,8.523809432983398,8.571428298950195,8.452380180358887,8.526189804077148,19332,-0.0002791834510430524,8.256121907915388,7.917142311731975,0.012220210781222528,Low Risk
2017-04-20,3.1126956939697266,8.5,8.571428298950195,8.409523010253906,8.523809432983398,46821,-0.002793285463570605,8.312244415283203,7.960793113708496,0.012592402522779596,Low Risk
2017-04-23,3.0795631408691406,8.409523010253906,8.628570556640625,8.138094902038574,8.5,44990,-0.010644351734834578,8.3523804800851,7.996031220753988,0.014227560118930963,Low Risk
2017-04-24,3.016714811325073,7.771428108215332,7.859522819519043,7.633333206176758,8.409523010253906,27052,-0.07587765694445836,8.305101667131696,7.999602651596069,0.03397791797817115,Medium Risk
2017-04-26,3.016714811325073,7.771428108215332,7.619047164916992,7.380951881408691,7.771428108215332,176,0.0,8.252720696585518,8.004205814997356,0.03380566323323035,Medium Risk
2017-04-27,2.978820562362671,7.673809051513672,7.857141971588135,7.619047164916992,7.771428108215332,272088,-0.012561276427232815,8.168026787894112,8.009682019551596,0.032420798390948635,Medium Risk
2017-04-30,3.0028514862060547,7.735713958740234,7.857141971588135,7.619047164916992,7.673809051513672,21852,0.008067037739797778,8.055101667131696,8.013253450393677,0.028392471693499358,Medium Risk
2017-05-02,3.005623817443848,7.742856979370117,7.976190090179443,7.738094806671143,7.735713958740234,7959,0.0009233822072507447,7.943537030901227,8.01626935005188,0.028488859662862458,Medium Risk
2017-05-03,3.077714204788208,7.9285712242126465,7.976190090179443,7.745237827301025,7.742856979370117,16426,0.02398523508019612,7.861904348645892,8.03166618347168,0.0317422194724114,Medium Risk
2017-05-04,3.012093067169189,7.759522914886475,7.900000095367432,7.714284896850586,7.9285712242126465,42302,-0.02132140893304002,7.769047192164829,8.035872507095338,0.03206441033113466,Medium Risk
2017-05-07,3.122078418731689,8.04285717010498,8.095237731933594,7.797618865966797,7.759522914886475,22281,0.03651439119729072,7.80782277243478,8.049840784072876,0.020024084816837838,Medium Risk
2017-05-08,3.051835775375366,7.861904144287109,8.030952453613281,7.8333330154418945,8.04285717010498,445914,-0.022498599936657704,7.820747920445034,8.05745981534322,0.022614702541661858,Medium Risk
2017-05-09,3.045366048812866,7.845238208770752,7.864284992218018,7.797618865966797,7.861904144287109,17274,-0.0021198344841774075,7.845237800053188,8.057142384847005,0.02183489134997018,Medium Risk
2017-05-10,3.0499870777130127,7.857141971588135,7.859522819519043,7.811903953552246,7.845238208770752,33297,0.0015173233113654483,7.86258465903146,8.053888416290283,0.021739910535615782,Medium Risk
2017-05-11,3.038896083831787,7.82857084274292,7.904760837554932,7.809523105621338,7.857141971588135,23940,-0.0036363258992302416,7.874829496656146,8.052777306238811,0.02186050528507078,Medium Risk
2017-05-14,3.06015419960022,7.883333206176758,8.0,7.857141971588135,7.82857084274292,18774,0.006995192932896854,7.868366922651019,8.050872548421223,0.01983299128792311,Low Risk
2017-05-15,3.077714204788208,7.9285712242126465,7.9285712242126465,7.9285712242126465,7.883333206176758,4620,0.00573843789838091,7.892516681126186,8.053253523508708,0.017649265803821722,Low Risk
2017-05-16,3.142411470413208,8.095237731933594,8.202380180358887,8.00238037109375,7.9285712242126465,1272826,0.021021001515629134,7.899999618530273,8.055158265431722,0.013184057916744618,Low Risk
2017-05-17,3.123002290725708,8.04523754119873,8.100000381469727,7.976190090179443,8.095237731933594,66292,-0.0061764944267943545,7.926190103803362,8.046348762512206,0.009166017399672505,Low Risk
2017-05-18,3.115607976913452,8.026189804077148,8.130951881408691,7.930952072143555,8.04523754119873,29874,-0.0023675792074554503,7.952040331704276,8.036190032958984,0.009191030669238846,Low Risk
2017-05-21,3.08695650100708,7.952380180358887,8.095237731933594,7.9285712242126465,8.026189804077148,11592,-0.009196097465919317,7.965645790100098,8.024682076772054,0.010355370333936558,Low Risk
2017-05-22,3.097123146057129,7.978570938110352,7.985713958740234,7.916666030883789,7.952380180358887,61299,0.0032934488992555355,7.987074375152588,8.020951906840006,0.010080161560197276,Low Risk
2017-05-23,3.198789596557617,8.24047565460205,8.333333015441895,7.921428203582764,7.978570938110352,147483,0.032826018408971924,8.03809472492763,8.025793170928955,0.015277745144114247,Low Risk
2017-05-24,3.300455570220948,8.50238037109375,8.690476417541504,8.24047565460205,8.24047565460205,175161,0.031782718312556746,8.120067460196358,8.039126523335774,0.018004075688849392,Low Risk
2017-05-25,3.419682502746582,8.80952262878418,9.05714225769043,8.583333015441895,8.50238037109375,450865,0.03612426688585324,8.222108159746442,8.062539196014404,0.020282189950271878,Medium Risk
2017-05-28,3.323561668395996,8.561903953552246,8.595237731933594,8.452380180358887,8.80952262878418,47880,-0.02810806960446033,8.295917647225517,8.076983642578124,0.024806210447937727,Medium Risk
2017-05-29,3.29213809967041,8.480952262878418,8.571428298950195,8.457141876220703,8.561903953552246,32352,-0.009454870214964495,8.360883712768555,8.089602724711101,0.025491882260215475,Medium Risk
2017-05-30,3.560166835784912,9.171427726745604,9.516666412353516,8.80952262878418,9.166666030883787,360297,0.08141485088761002,8.535033362252372,8.124047152201335,0.03602622363567072,Medium Risk
2017-05-31,3.674772500991821,9.466666221618652,9.64285659790039,9.166666030883787,9.171427726745604,305940,0.03219111611293379,8.747618402753558,8.164047145843506,0.03529046902413703,Medium Risk
2017-06-01,3.9991800785064697,10.302379608154297,10.411904335021973,9.583333015441896,9.466666221618652,623061,0.08827958723496132,9.042176110403878,8.223253472646077,0.04271635879189265,Medium Risk
2017-06-04,4.294936656951904,11.064285278320312,11.30952262878418,10.25,10.302379608154297,286826,0.07395433862318268,9.40816252572196,8.307936000823975,0.045378079856147384,Medium Risk
2017-06-05,4.4381937980651855,11.43333339691162,11.785714149475098,10.79285717010498,11.064285278320312,103668,0.03335489905655553,9.78299263545445,8.405713780721028,0.04542141784882915,Medium Risk
2017-06-06,4.390132904052734,11.30952262878418,11.666666030883787,10.9880952835083,11.43333339691162,200214,-0.010828930096701606,10.175509589059013,8.502380434672038,0.04147722709351254,Medium Risk
2017-06-07,4.236709117889404,10.914284706115724,11.190476417541504,10.714284896850586,11.30952262878418,123656,-0.03494735681084582,10.523128509521484,8.607142321268718,0.04737360375106888,Medium Risk
2017-06-08,4.141512870788574,10.669047355651855,10.726189613342283,10.369047164916992,10.914284706115724,362871,-0.02246939282484106,10.737074170793806,8.703729629516602,0.04764262994389654,Medium Risk
2017-06-11,3.988089799880981,10.273809432983398,10.476189613342283,10.05952262878418,10.669047355651855,107318,-0.037045287127634885,10.852380343845912,8.790396308898925,0.05232283546018923,High Risk
2017-06-12,3.951119899749756,10.178570747375488,10.476189613342283,10.0,10.273809432983398,360402,-0.009270045958040929,10.834693363734655,8.8718248685201,0.04057097695320611,Medium Risk
2017-06-13,4.001953125,10.30952262878418,10.523809432983398,10.2380952835083,10.178570747375488,71992,0.012865448859060713,10.726870128086635,8.957380390167236,0.025536270169345454,Medium Risk
2017-06-14,4.079588890075684,10.509523391723633,10.80952262878418,10.297618865966797,10.30952262878418,601960,0.019399614331419235,10.594897270202637,9.043412129084269,0.021894030130511923,Medium Risk
2017-06-15,4.114709854125977,10.600000381469728,10.845237731933594,10.333333015441896,10.509523391723633,4153455,0.00860904784867289,10.493536949157715,9.138094711303712,0.023223596318644433,Medium Risk
2017-06-18,4.116559028625488,10.604761123657228,10.714284896850586,10.476189613342283,10.600000381469728,100821,0.00044912660529927706,10.449319294520787,9.223491509755453,0.02029618010243044,Medium Risk
2017-06-19,4.111012935638428,10.590476036071776,10.600000381469728,10.478570938110352,10.604761123657228,98855,-0.0013470447300868438,10.438094820295062,9.314443906148275,0.018576612262467776,Low Risk
2017-06-20,4.013967990875244,10.340476036071776,10.595237731933594,10.190476417541504,10.590476036071776,117537,-0.023606115452080245,10.44761862073626,9.397618500391642,0.014456703784905748,Low Risk
2017-06-21,3.9742257595062256,10.2380952835083,10.261903762817385,10.2380952835083,10.340476036071776,90140,-0.00990097092303388,10.456122125898089,9.47698361078898,0.014533273286510197,Low Risk
2017-06-22,3.9751501083374015,10.24047565460205,10.476189613342283,10.2380952835083,10.2380952835083,49228,0.00023250136161401258,10.4462582724435,9.557380437850952,0.013554712537993664,Low Risk
2017-06-28,4.023210048675537,10.364285469055176,10.540475845336914,10.2380952835083,10.24047565460205,74722,0.012090240593217505,10.425509997776576,9.640078846613566,0.01191431445417279,Low Risk
2017-06-29,4.023210048675537,10.364285469055176,10.364285469055176,10.364285469055176,10.364285469055176,0,0.0,10.391836438860212,9.72126932144165,0.011059394407194187,Low Risk
2017-07-02,4.151679992675781,10.69523811340332,10.833333015441896,10.242856979370115,10.364285469055176,114668,0.031932027088242165,10.404761723109655,9.807936000823975,0.01737023411562615,Low Risk
2017-07-03,4.134119510650635,10.649999618530272,10.721427917480469,10.476189613342283,10.69523811340332,104928,-0.004229779121640687,10.413265092032296,9.894761403401693,0.017478473723902817,Low Risk
2017-07-04,4.393830299377441,11.319046974182127,11.714284896850586,10.690476417541504,10.649999618530272,611944,0.0628213501987136,10.553060940333776,10.004523309071859,0.025801176941565876,Medium Risk
2017-07-05,4.541707515716553,11.699999809265137,11.90476131439209,11.4880952835083,11.319046974182127,104970,0.03365591078046881,10.761904444013323,10.129443963368734,0.0244989045512639,Medium Risk
2017-07-06,4.533390045166016,11.678570747375488,11.785714149475098,11.19523811340332,11.699999809265137,74067,-0.0018315437811100566,10.967346600123815,10.252777290344238,0.024780264046312023,Medium Risk
2017-07-09,4.635056495666504,11.940476417541504,12.261903762817385,11.666666030883787,11.678570747375488,291236,0.022426174900286755,11.192516735621862,10.376110649108886,0.024592864711351185,Medium Risk
2017-07-10,4.768146991729736,12.283332824707031,12.5,11.90476131439209,11.940476417541504,825707,0.028713796265435798,11.466666357857841,10.502142397562663,0.022905000508848337,Medium Risk
2017-07-11,4.785707473754883,12.328571319580078,12.380951881408691,12.073808670043944,12.283332824707031,548062,0.0036829169671324102,11.699999673025948,10.619444020589192,0.02390255719858114,Medium Risk
2017-07-12,4.912327766418457,12.65476131439209,12.976189613342283,12.095237731933594,12.328571319580078,246699,0.02645805311552696,11.986394201006208,10.755872599283855,0.0212216446087254,Medium Risk
2017-07-13,4.842085361480713,12.473809242248535,12.857142448425291,12.380951881408691,12.65476131439209,209584,-0.01429912960410884,12.15136023930141,10.888967831929525,0.018197444925474034,Low Risk
2017-07-16,4.837464332580566,12.46190357208252,12.619047164916992,12.383333206176758,12.473809242248535,249034,-0.0009544534419919648,12.260203633989606,10.998650360107423,0.016638357134436288,Low Risk
2017-07-17,4.954843044281006,12.76428508758545,13.33571434020996,12.26428508758545,12.46190357208252,404808,0.024264472418189298,12.415305682591029,11.108570988972982,0.016685769084666638,Low Risk
2017-07-18,4.979796886444092,12.828571319580078,13.095237731933594,12.678570747375488,12.76428508758545,381708,0.005036414617310081,12.542176382882255,11.19277737935384,0.016321438761162283,Low Risk
2017-07-19,5.068524360656738,13.05714225769043,13.130951881408691,12.7380952835083,12.828571319580078,1157251,0.017817333857082396,12.65272058759417,11.259205945332845,0.014727037597955218,Low Risk
2017-07-20,5.072221279144287,13.066665649414062,13.130951881408691,12.857142448425291,13.05714225769043,306196,0.0007293626381394969,12.75816263471331,11.313650353749592,0.014940774950300457,Low Risk
2017-07-24,5.049115180969238,13.007142066955566,13.285714149475098,12.916666030883787,13.066665649414062,33688,-0.004555376563198821,12.808502742222377,11.370237668355307,0.013203142236585474,Low Risk
2017-07-25,5.098100185394287,13.133333206176758,13.571428298950195,12.869047164916992,13.007142066955566,589797,0.009701680705231697,12.90272045135498,11.444205951690673,0.010496290445026108,Low Risk
2017-07-26,5.076841831207275,13.078571319580078,13.123808860778809,12.89285659790039,13.133333206176758,193137,-0.004169686837072306,12.990815843854632,11.524523417154947,0.01098359819057667,Low Risk
2017-07-27,5.061131000518799,13.038095474243164,13.095237731933594,12.973809242248535,13.078571319580078,75839,-0.003094821624462729,13.029931613377162,11.61666628519694,0.008360350705497585,Low Risk
2017-07-30,4.902161598205566,12.628570556640623,12.930952072143556,12.5,13.038095474243164,91085,-0.031409872585421716,13.001360075814384,11.698332945505777,0.015353309178505211,Low Risk
2017-07-31,4.88460111618042,12.583333015441896,12.850000381469728,12.50238037109375,12.628570556640623,104386,-0.0035821584870457945,12.93367304120745,11.774126625061035,0.012600932965179048,Low Risk
2017-08-01,4.892919063568115,12.604761123657228,12.797618865966797,12.5,12.583333015441896,110166,0.0017028960601326304,12.867686680385045,11.843967882792155,0.012682356423121427,Low Risk
2017-08-02,4.989038944244385,12.85237979888916,13.080951690673828,12.630951881408691,12.604761123657228,203338,0.019644852671359958,12.845577784946986,11.919047196706137,0.01576587086562479,Low Risk
2017-08-03,5.079616069793701,13.08571434020996,13.15476131439209,12.916666030883787,12.85237979888916,361040,0.01815496779366632,12.838775089808873,12.001745637257894,0.01704755969096417,Low Risk
2017-08-06,5.028781414031982,12.954760551452637,13.326189994812012,12.64285659790039,13.08571434020996,192603,-0.010007385562049609,12.821087837219238,12.080555121103922,0.01740218231884712,Low Risk
2017-08-07,5.086083889007568,13.10237979888916,13.297618865966797,12.916666030883787,12.954760551452637,576193,0.011394980775616848,12.830271312168666,12.172618579864501,0.017994713555761058,Low Risk
2017-08-08,5.164645195007324,13.304760932922363,13.619047164916992,12.857142448425291,13.10237979888916,461500,0.015446135521911986,12.926869937351771,12.274840768178304,0.011563287397102665,Low Risk
2017-08-09,5.349493503570557,13.78095245361328,14.019046783447266,13.571428298950195,13.304760932922363,441835,0.03579106179296998,13.097958428519112,12.392856661478678,0.014465491466519488,Low Risk
2017-08-10,5.402174472808838,13.916666030883787,14.14285659790039,13.630951881408691,13.78095245361328,365311,0.00984790983985473,13.285373415265765,12.511269346872966,0.013697399842820174,Low Risk
2017-08-13,5.287569046020508,13.621427536010742,13.80952262878418,13.452380180358888,13.916666030883787,365996,-0.021214743115761547,13.395237377711705,12.619840749104817,0.01880582899829616,Low Risk
2017-08-14,5.267236232757568,13.569046974182127,13.80952262878418,13.333333015441896,13.621427536010742,240903,-0.0038454531795685254,13.464284896850586,12.715634377797445,0.018759238646255356,Low Risk
2017-08-15,5.267236232757568,13.569046974182127,13.569046974182127,13.569046974182127,13.569046974182127,0,0.0,13.552040100097654,12.812935956319173,0.017748369864871053,Low Risk
2017-08-16,5.03802490234375,12.978570938110352,13.333333015441896,12.857142448425291,13.18333339691162,79275,-0.04351639707602728,13.534353119986395,12.868253421783447,0.025713409939584504,Medium Risk
2017-08-17,4.989964008331299,12.854761123657228,12.976189613342283,12.7380952835083,12.978570938110352,62777,-0.009539556785066905,13.470067432948522,12.906745465596517,0.024754909305710955,Medium Risk
2017-08-20,4.894767761230469,12.609522819519045,12.857142448425291,12.202380180358888,12.854761123657228,161695,-0.019077624374276403,13.30272034236363,12.937777201334635,0.01741919373617563,Low Risk
2017-08-21,4.900312423706055,12.623808860778809,12.726189613342283,12.55952262878418,12.609522819519045,223041,0.001132956533267837,13.118026460920062,12.960554949442546,0.015793099908229868,Low Risk
2017-08-22,4.882752418518066,12.578571319580078,12.850000381469728,12.5,12.623808860778809,118524,-0.0035835096758538576,12.969047001429967,12.97039623260498,0.01580509165340782,Low Risk
2017-08-23,4.820828437805176,12.419047355651855,12.621427536010742,12.323808670043944,12.578571319580078,145202,-0.012682200535755972,12.804761341639928,12.97341210047404,0.015468693946585862,Low Risk
2017-08-24,4.828222274780273,12.438095092773438,12.619047164916992,11.976189613342283,12.419047355651855,113475,0.0015337518713069986,12.643196787152974,12.966189893086751,0.01568407203102038,Low Risk
2017-08-27,4.92341947555542,12.68333339691162,12.857142448425291,12.380951881408691,12.438095092773438,116520,0.019716709215438222,12.601019995553154,12.973174031575521,0.01257447950852179,Low Risk
2017-08-28,4.869812965393066,12.54523754119873,12.619047164916992,12.380951881408691,12.68333339691162,73684,-0.010887978056818626,12.556802340916224,12.97595183054606,0.012697257995947573,Low Risk
2017-08-29,4.887373447418213,12.590476036071776,12.828571319580078,12.5,12.54523754119873,87171,0.0036060293577129254,12.554081371852329,12.970158195495605,0.010781328278475536,Low Risk
2017-08-30,4.830070972442627,12.442856788635254,12.5,12.15714168548584,12.590476036071776,171162,-0.011724675620968683,12.52823107583182,12.957301044464112,0.011588160188290803,Low Risk
2017-09-03,4.830070972442627,12.442856788635254,12.442856788635254,12.442856788635254,12.442856788635254,0,0.0,12.508843285696845,12.936824862162272,0.011585861540431473,Low Risk
2017-09-04,4.830070972442627,12.442856788635254,12.442856788635254,12.442856788635254,12.442856788635254,0,0.0,12.512244633265903,12.916031233469646,0.010483330353205474,Low Risk
2017-09-05,4.739494323730469,12.20952320098877,12.369047164916992,12.15714168548584,12.442856788635254,33469,-0.018752412859047052,12.479591505868092,12.889443937937418,0.012668316684592005,Low Risk
2017-09-06,4.679419040679932,12.054760932922363,12.202380180358888,11.785714149475098,12.20952320098877,157844,-0.012675537407871307,12.389795439583915,12.853491528828938,0.008346293829214127,Low Risk
2017-09-07,4.55834436416626,11.742856979370115,11.90476131439209,11.547618865966797,12.054760932922363,377164,-0.02587392278352174,12.27516964503697,12.808967717488606,0.010960894486331547,Low Risk
2017-09-10,4.620268821716309,11.902379989624023,12.14047622680664,11.726189613342283,11.742856979370115,431621,0.013584684760630017,12.176870209830147,12.771110534667969,0.013320907566939828,Low Risk
2017-09-11,4.715465068817139,12.147619247436523,12.30714225769043,11.90476131439209,11.902379989624023,391368,0.020604220166579257,12.134693418230329,12.755078824361165,0.01690435866821918,Low Risk
2017-09-12,4.699753284454346,12.107142448425291,12.145237922668455,11.90476131439209,12.147619247436523,305718,-0.003332076696409003,12.086734226771764,12.739205805460612,0.016842686988046786,Low Risk
2017-09-13,4.710844039916992,12.135713577270508,12.380951881408691,11.916666030883787,12.107142448425291,350750,0.0023598573294174585,12.042856625148229,12.723570887247721,0.016954155997324284,Low Risk
2017-09-14,4.765373229980469,12.276189804077148,12.4880952835083,12.135713577270508,12.135713577270508,2101772,0.011575440200710219,12.052380425589424,12.704364554087322,0.016249625059470828,Low Risk
2017-09-17,4.808813571929932,12.388094902038574,12.55952262878418,12.380951881408691,12.276189804077148,108721,0.009115621357064674,12.099999564034599,12.68111057281494,0.01527538161607969,Low Risk
2017-09-18,4.765373229980469,12.276189804077148,12.476189613342283,12.15476131439209,12.388094902038574,18194,-0.009033277420486208,12.176189967564174,12.658491547902425,0.010301785246495871,Low Risk
2017-09-19,4.765373229980469,12.276189804077148,12.276189804077148,12.276189804077148,12.276189804077148,0,0.0,12.229591369628906,12.630951881408691,0.010000222019015414,Low Risk
2017-09-20,4.967782974243164,12.797618865966797,12.976189613342283,12.511903762817385,12.628570556640623,113509,0.042474828934012665,12.322448457990374,12.614047145843506,0.016910302657556883,Low Risk
2017-09-24,4.890146255493164,12.59761905670166,12.7380952835083,12.452380180358888,12.797618865966797,57779,-0.01562789229463646,12.392516544886998,12.574602699279785,0.01877071034185626,Low Risk
2017-09-25,4.918797969818115,12.671427726745604,12.857142448425291,12.5,12.59761905670166,194061,0.005858938082802245,12.469047137669154,12.533094755808513,0.01870914528174198,Low Risk
2017-09-26,4.974251747131348,12.814285278320312,13.071428298950195,12.619047164916992,12.671427726745604,153174,0.011273990165542314,12.545917919703893,12.506190013885497,0.018695421626373363,Low Risk
2017-09-27,4.9326605796813965,12.707141876220703,12.964284896850586,12.380951881408691,12.814285278320312,318851,-0.008361246825125623,12.591496058872767,12.47745984395345,0.01940925058704322,Low Risk
2017-09-28,5.115660190582275,13.178570747375488,13.5,12.864285469055176,12.707141876220703,483168,0.037099520548911524,12.720407622201103,12.464443969726563,0.021987264318391955,Medium Risk
2017-10-01,5.137842178344727,13.235713958740234,13.571428298950195,13.095237731933594,13.178570747375488,268636,0.004336070463189401,12.857482501438685,12.473015403747558,0.021705089577109437,Medium Risk
2017-10-02,4.92156982421875,12.678570747375488,13.109522819519045,12.202380180358888,13.235713958740234,382884,-0.042093929583363,12.840475627354213,12.467142391204835,0.024612257764646726,Medium Risk
2017-10-03,5.098100185394287,13.133333206176758,13.571428298950195,12.380951881408691,12.678570747375488,370599,0.03586859022697064,12.91700622013637,12.484602737426759,0.02710666189533383,Medium Risk
2017-10-04,5.17665958404541,13.33571434020996,13.571428298950195,12.76428508758545,13.133333206176758,377958,0.015409731166952989,13.011904307774135,12.508332920074462,0.027321269092960954,Medium Risk
2017-10-08,5.160024166107178,13.29285717010498,13.357142448425291,13.15476131439209,13.33571434020996,110451,-0.0032137138672621024,13.08027172088623,12.532142448425294,0.02754856664622027,Medium Risk
2017-10-09,5.098100185394287,13.133333206176758,13.333333015441896,12.952380180358888,13.29285717010498,134731,-0.012000728051677623,13.141156196594238,12.555951976776123,0.027887742068505257,Medium Risk
2017-10-10,5.004751682281494,12.89285659790039,12.957141876220703,12.761903762817385,13.133333206176758,127957,-0.018310401822689504,13.100339889526367,12.571110693613688,0.024990546022424946,Medium Risk
2017-10-11,5.026010036468506,12.947619438171388,13.095237731933594,12.630951881408691,12.89285659790039,90505,0.004247533496953393,13.059183529445104,12.579920228322347,0.02498632032584928,Medium Risk
2017-10-12,4.893843650817871,12.607142448425291,13.21190357208252,12.380951881408691,12.947619438171388,50597,-0.026296493449778358,13.048979486737933,12.581983725229898,0.021293751244589668,Medium Risk
2017-10-15,4.8125104904174805,12.397619247436523,13.166666030883787,12.023809432983398,12.607142448425291,103093,-0.01661940458322797,12.943877492632184,12.575555165608725,0.014446478536979954,Low Risk
2017-10-16,4.585147380828857,11.811903953552246,12.05952262878418,11.595237731933594,12.397619247436523,61647,-0.04724417504638134,12.726190294538226,12.55452340443929,0.016680735777086345,Low Risk
2017-10-17,4.638753414154053,11.949999809265137,12.261903762817385,11.90476131439209,11.811903953552246,90972,0.011691244379900434,12.534353528703962,12.538094838460287,0.019462499378156695,Low Risk
2017-10-18,4.631359577178955,11.930952072143556,12.380951881408691,11.785714149475098,11.949999809265137,195942,-0.001593952922644526,12.362584795270648,12.521031347910563,0.020110519306876046,Medium Risk
2017-10-19,4.728404998779297,12.180952072143556,12.614285469055176,11.785714149475098,11.930952072143556,170259,0.020953901959232635,12.260884148733956,12.520078976949057,0.023685751426656,Medium Risk
2017-10-22,4.618420600891113,11.897619247436523,12.023809432983398,11.821428298950195,12.180952072143556,271408,-0.023260318489798704,12.11088412148612,12.514840920766195,0.023628428747913464,Medium Risk
2017-10-23,4.662784099578857,12.011903762817385,12.261903762817385,11.880951881408691,11.897619247436523,24822,0.009605662528281433,12.025850023542132,12.523809146881103,0.023844512288609437,Medium Risk
2017-10-24,4.800495147705078,12.366665840148926,12.438095092773438,11.93333339691162,12.011903762817385,245082,0.029534209092625385,12.021428108215332,12.5392853418986,0.026819988211107707,Medium Risk
2017-10-25,4.733949184417725,12.19523811340332,12.426190376281738,11.964284896850586,12.366665840148926,20743,-0.013862081256296066,12.0761901310512,12.540872637430827,0.018796322082564567,Low Risk
2017-10-26,4.623041152954102,11.909523010253906,12.202380180358888,11.888094902038574,12.19523811340332,91207,-0.023428415295589478,12.070407731192452,12.534285322825115,0.02116457090330986,Medium Risk
2017-10-29,4.613799571990967,11.885713577270508,12.14285659790039,11.783332824707031,11.909523010253906,10852,-0.00199919282769756,12.063945089067731,12.52595198949178,0.021169276185565192,Medium Risk
2017-10-30,4.516753673553467,11.635713577270508,11.90714168548584,11.457141876220703,11.885713577270508,145374,-0.02103365509985744,11.98605387551444,12.50460278193156,0.020045204658435026,Medium Risk
2017-10-31,4.592541217803955,11.830951690673828,11.90476131439209,11.666666030883787,11.635713577270508,149809,0.016779212732144222,11.976529938834053,12.486031341552735,0.020127793908008954,Medium Risk
2017-11-01,4.543556213378906,11.704760551452637,11.80952262878418,11.51428508758545,11.830951690673828,36447,-0.010666186670398314,11.932652337210518,12.466983699798584,0.01986643395130151,Low Risk
2017-11-02,4.493647575378418,11.576189994812012,11.607142448425291,11.54523754119873,11.704760551452637,56679,-0.010984467052994829,11.819727216448102,12.443650372823079,0.01351686045927658,Low Risk
2017-11-05,4.420632362365723,11.388094902038574,11.64285659790039,11.166666030883787,11.576189994812012,35049,-0.016248445547087154,11.704421043395996,12.396666240692138,0.013679810246040529,Low Risk
2017-11-06,4.282921314239502,11.033332824707031,11.523809432983398,10.74047565460205,11.388094902038574,41315,-0.03115201272761059,11.5792510168893,12.344523366292318,0.015202655141438322,Low Risk
2017-11-07,4.434496402740479,11.423809051513672,11.547618865966797,10.952380180358888,11.033332824707031,69510,0.035390596206093194,11.513264656066895,12.30293607711792,0.023237804775698787,Medium Risk
2017-11-08,4.415087699890137,11.373808860778809,11.547618865966797,11.190476417541504,11.423809051513672,91669,-0.0043768405537414345,11.47584969656808,12.254920196533202,0.02220180385222635,Medium Risk
2017-11-09,4.426178455352783,11.402379989624023,11.664284706115724,11.30952262878418,11.373808860778809,152838,0.002512010637328199,11.41462516784668,12.211428133646647,0.020682336589242033,Medium Risk
2017-11-12,4.414163112640381,11.371427536010742,11.428570747375488,11.190476417541504,11.402379989624023,75915,-0.002714560788313225,11.367006165640694,12.151190026601155,0.020541960102115748,Medium Risk
2017-11-13,4.422481060028076,11.39285659790039,11.428570747375488,11.130951881408691,11.371427536010742,89510,0.0018844654131406902,11.340815680367607,12.089761447906493,0.020381572764613408,Medium Risk
2017-11-14,4.422481060028076,11.39285659790039,11.39285659790039,11.39285659790039,11.39285659790039,0,0.0,11.34149592263358,12.046904309590657,0.019403559665396666,Low Risk
2017-11-15,4.534314155578613,11.680952072143556,11.899999618530272,11.428570747375488,11.442856788635254,86625,0.025287378259132964,11.434012957981654,11.998491605122885,0.015535133352471881,Low Risk
2017-11-16,4.419708728790283,11.385713577270508,11.619047164916992,11.311903953552246,11.680952072143556,17253,-0.025275208137967242,11.428570747375488,11.93349157969157,0.014796657610077023,Low Risk
2017-11-19,4.381815433502197,11.288095474243164,11.428570747375488,11.192856788635254,11.385713577270508,28870,-0.008573736056580628,11.416325977870397,11.866666189829509,0.015067987438778073,Low Risk
2017-11-20,4.413239002227783,11.369047164916992,11.521428108215332,11.190476417541504,11.288095474243164,28408,0.007171421508485709,11.411564145769391,11.80785665512085,0.015348407751136977,Low Risk
2017-11-21,4.442814826965332,11.44523811340332,11.590476036071776,11.323808670043944,11.369047164916992,5728,0.006701612490573661,11.42210851396833,11.759602705637613,0.015515000003741283,Low Risk
2017-11-22,4.434496402740479,11.423809051513672,11.440476417541504,11.333333015441896,11.44523811340332,26703,-0.0018723124567022742,11.426530293055944,11.708809026082356,0.015545381744523731,Low Risk
2017-11-23,4.488102436065674,11.561903953552246,11.666666030883787,11.428570747375488,11.423809051513672,40240,0.012088341236785372,11.450679915291923,11.673967742919922,0.016141704430376234,Low Risk
2017-11-26,4.503814220428467,11.60237979888916,11.666666030883787,11.449999809265137,11.561903953552246,32432,0.0035007941165674517,11.439455304827009,11.647459761301677,0.012681867001034268,Low Risk
2017-11-27,4.503814220428467,11.60237979888916,11.60237979888916,11.60237979888916,11.60237979888916,0,0.0,11.470407622201103,11.640475622812907,0.006832276033762153,Low Risk
2017-11-28,4.464996814727783,11.50238037109375,12.023809432983398,11.357142448425291,11.421427726745604,884856,-0.008618872121819776,11.501019750322614,11.625554974873861,0.006844717217247711,Low Risk
2017-11-29,4.592541217803955,11.830951690673828,11.90476131439209,11.690476417541504,11.50238037109375,81488,0.028565506354301995,11.56700611114502,11.62222162882487,0.01200216046483791,Low Risk
2017-11-30,4.592541217803955,11.830951690673828,11.830951690673828,11.830951690673828,11.830951690673828,0,0.0,11.622108050755092,11.610554949442546,0.012181081324956199,Low Risk
2017-12-03,4.484405040740967,11.552379608154297,11.90476131439209,11.428570747375488,11.830951690673828,194128,-0.023546041755806102,11.640475273132324,11.599046961466472,0.016240569165020008,Low Risk
2017-12-04,4.437268733978272,11.430952072143556,11.5,11.428570747375488,11.552379608154297,168478,-0.010511041026130208,11.62176786150251,11.579681905110677,0.016079728719567133,Low Risk
2017-12-05,4.436344623565674,11.428570747375488,11.5,11.428570747375488,11.430952072143556,60034,-0.00020832252230951198,11.596937997000557,11.548412068684895,0.015947439571434477,Low Risk
2017-12-06,4.410466194152832,11.36190414428711,11.619047164916992,11.30952262878418,11.428570747375488,35313,-0.005833328117926584,11.562584332057408,11.520634269714355,0.015975121234300758,Low Risk
2017-12-07,4.277376174926758,11.019046783447266,11.399999618530272,10.949999809265137,11.36190414428711,119960,-0.030176047648864945,11.493536676679339,11.4909517288208,0.01904830620182759,Low Risk
2017-12-10,4.399375915527344,11.333333015441896,11.40476131439209,11.107142448425291,11.019046783447266,34860,0.028522088903983,11.42244829450335,11.472539043426513,0.0190351934797246,Low Risk
2017-12-11,4.399375915527344,11.333333015441896,11.333333015441896,11.333333015441896,11.333333015441896,0,0.0,11.351359912327359,11.46245969136556,0.0190351934797246,Low Risk
2017-12-12,4.615647315979004,11.89047622680664,12.047618865966797,11.785714149475098,11.714284896850586,139969,0.04915969649931107,11.399659429277694,11.464443842569986,0.026294682966912154,Medium Risk
2017-12-13,4.583298683166504,11.80714225769043,11.90476131439209,11.573808670043944,11.89047622680664,39908,-0.007008463540622345,11.453400884355817,11.467856566111246,0.02599477599001955,Medium Risk
2017-12-14,4.515830039978027,11.633333206176758,11.89047622680664,11.454760551452637,11.80714225769043,27934,-0.014720670567042848,11.48265266418457,11.469761339823405,0.027030243586763206,Medium Risk
2017-12-17,4.460375308990479,11.49047565460205,11.550000190734863,11.452380180358888,11.633333206176758,11466,-0.012280018894228584,11.50102002280099,11.473174031575521,0.02748142460944991,Medium Risk
2017-12-18,4.561117649078369,11.75,11.89047622680664,11.442856788635254,11.49047565460205,178546,0.02258604023011057,11.605441910879952,11.49706293741862,0.02425474866210778,Medium Risk
2017-12-19,4.740419387817383,12.21190357208252,12.380951881408691,11.550000190734863,11.75,252974,0.03931094230489518,11.730951990400042,11.523332754770914,0.02595099493878627,Medium Risk
2017-12-20,4.672025680541992,12.035714149475098,12.30952262878418,11.742856979370115,12.21190357208252,68863,-0.014427678827255597,11.831292152404785,11.545396264394125,0.027497729441874227,Medium Risk
2017-12-21,4.56389045715332,11.757142066955566,12.035714149475098,11.49047565460205,12.035714149475098,38526,-0.02314545518943556,11.812244415283203,11.557221666971843,0.023103261839623798,Medium Risk
2017-12-24,4.61657190322876,11.89285659790039,11.96190357208252,11.666666030883787,11.757142066955566,19941,0.011543156506227836,11.824489321027484,11.574602635701497,0.023412463407659873,Medium Risk
2017-12-25,4.460375308990479,11.49047565460205,11.78095245361328,11.30952262878418,11.89285659790039,137852,-0.03383383462047107,11.804081099373954,11.57785660425822,0.026498809410896936,Medium Risk
2017-12-26,4.455753803253174,11.478570938110352,11.569046974182127,11.428570747375488,11.49047565460205,30063,-0.0010360507997709822,11.802380425589424,11.580713748931885,0.026071228086398373,Medium Risk
2017-12-27,4.471466064453125,11.519046783447266,11.666666030883787,11.428570747375488,11.478570938110352,66309,0.0035262094519561415,11.769387108939034,11.575316905975342,0.0242696373687772,Medium Risk
2017-12-28,4.477935791015625,11.535714149475098,11.669047355651855,11.430952072143556,11.519046783447266,85911,0.0014469396939842394,11.672788619995117,11.580316925048828,0.01628197285617222,Low Risk
2017-12-31,4.437268733978272,11.430952072143556,11.595237731933594,11.364285469055176,11.535714149475098,62714,-0.009081542414633104,11.586394037519183,11.585078811645507,0.016053429291863028,Low Risk
2018-01-01,4.437268733978272,11.430952072143556,11.430952072143556,11.430952072143556,11.430952072143556,0,0.0,11.539795466831752,11.58714230855306,0.014540299557934361,Low Risk
2018-01-02,4.437268733978272,11.430952072143556,11.430952072143556,11.430952072143556,11.430952072143556,0,0.0,11.473809106009346,11.586666107177734,0.013075168720193832,Low Risk
2018-01-03,4.39105749130249,11.311903953552246,11.428570747375488,11.285714149475098,11.442856788635254,768427,-0.010414540962114804,11.448298863002233,11.582935937245686,0.005353427560781001,Low Risk
2018-01-04,4.357784748077393,11.226189613342283,11.428570747375488,11.147619247436523,11.311903953552246,123114,-0.007577357495423764,11.412244388035365,11.571745459238688,0.005673131279301042,Low Risk
2018-01-07,4.357784748077393,11.226189613342283,11.226189613342283,11.226189613342283,11.226189613342283,0,0.0,11.37040764944894,11.559205786387126,0.005109309518085483,Low Risk
2018-01-08,4.34576940536499,11.19523811340332,11.426190376281738,11.119047164916992,11.226189613342283,1139586,-0.002757079739876933,11.3217682157244,11.54563439687093,0.004633790024722198,Low Risk
2018-01-09,4.357784748077393,11.226189613342283,11.428570747375488,11.14285659790039,11.19523811340332,209273,0.002764702244421935,11.292516435895648,11.536428038279215,0.0047419966641755445,Low Risk
2018-01-10,4.361481666564941,11.235713958740234,11.40476131439209,11.164284706115724,11.226189613342283,77511,0.0008484041091405548,11.26462527683803,11.516586780548096,0.004828656925756344,Low Risk
2018-01-11,4.362405300140381,11.2380952835083,11.39285659790039,11.190476417541504,11.235713958740234,31932,0.00021194245214961605,11.237074307032994,11.496824900309244,0.004847193883097657,Low Risk
2018-01-14,4.535238742828369,11.68333339691162,11.90476131439209,11.216666221618652,11.2380952835083,437745,0.039618645524095,11.290135656084333,11.501190026601156,0.015739864060786618,Low Risk
2018-01-15,4.623965263366699,11.911904335021973,12.726189613342283,11.783332824707031,11.68333339691162,34660474,0.01956384623679175,11.388094902038574,11.517221768697103,0.01554457375363106,Low Risk
2018-01-16,4.606404781341553,11.866665840148926,12.14285659790039,11.666666030883787,11.911904335021973,116125,-0.003797755052484919,11.479591505868095,11.531824938456218,0.01595588346356296,Low Risk
2018-01-17,4.663708209991455,12.01428508758545,12.214284896850586,11.89047622680664,11.866665840148926,620852,0.012439825088617296,11.59659821646554,11.553570969899495,0.015256586965284945,Low Risk
2018-01-18,4.608253002166748,11.871427536010742,11.914284706115724,11.785714149475098,12.01428508758545,299199,-0.011890641060475882,11.688775062561035,11.581983661651611,0.01731885243355329,Low Risk
2018-01-21,4.608253002166748,11.871427536010742,11.871427536010742,11.871427536010742,11.871427536010742,0,0.0,11.779591287885394,11.599920145670573,0.017381257906095564,Low Risk
2018-01-22,4.539860248565674,11.69523811340332,11.785714149475098,11.645237922668455,11.911904335021973,19630,-0.014841468902789479,11.844897406441826,11.611983648935954,0.01933038542058107,Low Risk
2018-01-23,4.552798748016357,11.728570938110352,11.785714149475098,11.666666030883787,11.69523811340332,58056,0.0028501193719887574,11.851359912327357,11.606586805979411,0.012376221090932287,Low Risk
2018-01-24,4.520450592041016,11.645237922668455,11.761903762817385,11.550000190734863,11.728570938110352,164539,-0.00710512950653841,11.813264710562569,11.601189994812012,0.009292524142947527,Low Risk
2018-01-25,4.520450592041016,11.645237922668455,11.645237922668455,11.645237922668455,11.645237922668455,0,0.0,11.781632150922501,11.601586818695068,0.009361879026155057,Low Risk
2018-01-28,4.553723812103272,11.730952262878418,11.90476131439209,11.49047565460205,11.645237922668455,226464,0.007360462772779686,11.741156033107211,11.609602705637615,0.008110625126481797,Low Risk
2018-01-29,4.784782886505127,12.326189994812012,12.380951881408691,11.90476131439209,11.730952262878418,1093545,0.050740785453297965,11.806122098650249,11.628809038798014,0.021175221784178952,Medium Risk
2018-01-30,4.649843692779541,11.978570938110352,12.261903762817385,11.814285278320312,12.326189994812012,139179,-0.028201663031964475,11.821428298950194,11.621031284332275,0.02478689277324406,Medium Risk
2018-01-31,4.7099199295043945,12.133333206176758,12.261903762817385,11.90476131439209,11.978570938110352,2646151,0.012919927499366768,11.88401331220354,11.624285252888997,0.023934660948183157,Medium Risk
2018-02-01,5.027857780456543,12.952380180358888,13.345237731933594,12.590476036071776,12.133333206176758,664330,0.06750387220596354,12.058843203953334,11.664126523335774,0.03335744918069897,Medium Risk
2018-02-04,5.047266960144043,13.00238037109375,13.333333015441896,12.857142448425291,12.952380180358888,573077,0.0038603090735926937,12.252720696585518,11.701110649108887,0.03240415963462475,Medium Risk
2018-02-05,5.094403266906738,13.123808860778809,13.571428298950195,13.095237731933594,13.00238037109375,1193073,0.00933894304115368,12.46394511631557,11.755555089314779,0.03180739158725617,Medium Risk
2018-02-06,4.935433864593506,12.714284896850586,12.871427536010742,12.397619247436523,13.123808860778809,309502,-0.031204657753901466,12.604421206883021,11.79674555460612,0.03682932602299773,Medium Risk
2018-02-07,4.914175987243652,12.659523010253906,12.857142448425291,12.5,12.714284896850586,76167,-0.004307114953059132,12.652040209089007,11.834761428833009,0.03287763413751021,Medium Risk
2018-02-08,4.952994346618652,12.759523391723633,12.854761123657228,12.50238037109375,12.659523010253906,30886,0.007899221905022014,12.763604845319476,11.875555070241292,0.02960295873411234,Medium Risk
2018-02-11,4.880903720855713,12.573808670043944,12.619047164916992,12.266666412353516,12.619047164916992,343568,-0.014554988926949397,12.826529911586217,11.913650290171306,0.030857944165668904,Medium Risk
2018-02-12,4.804192066192627,12.376190185546877,12.833333015441896,12.261903762817385,12.573808670043944,694713,-0.015716676599976886,12.744217055184501,11.945158227284749,0.014890766984616034,Low Risk
2018-02-13,4.774616718292236,12.300000190734863,12.380951881408691,11.90476131439209,12.376190185546877,847329,-0.00615617517747824,12.643877029418945,11.974126497904459,0.014207929248032202,Low Risk
2018-02-14,4.623965263366699,11.911904335021973,12.14285659790039,11.90476131439209,12.300000190734863,168084,-0.031552508105262334,12.470747811453682,11.994126510620116,0.014385012893716317,Low Risk
2018-02-15,4.628587245941162,11.923809051513672,12.023809432983398,11.90476131439209,11.911904335021973,268657,0.0009993965831893714,12.357822690691266,12.017380491892498,0.012911544001271974,Low Risk
2018-02-18,4.60732889175415,11.869047164916992,12.047618865966797,11.716666221618652,11.923809051513672,152913,-0.004592650415659594,12.24489756992885,12.038809076944988,0.012894482033391599,Low Risk
2018-02-19,4.622117042541504,11.90714168548584,12.023809432983398,11.730952262878418,11.869047164916992,200100,0.0032095685558861664,12.123128754752022,12.062539196014404,0.011951641629796297,Low Risk
2018-02-20,4.622117042541504,11.90714168548584,11.90714168548584,11.90714168548584,11.90714168548584,0,0.0,12.027890614100865,12.085237598419189,0.012242244267992643,Low Risk
2018-02-21,4.676647186279297,12.047618865966797,12.26428508758545,11.666666030883787,11.86190414428711,1230864,0.011797724776567486,11.980951854160853,12.11230109532674,0.013578570856582407,Low Risk
2018-02-22,4.959464550018311,12.776189804077148,13.095237731933594,12.073808670043944,12.047618865966797,482874,0.06047426850200943,12.048978941781181,12.163570912679036,0.027664211356017855,Medium Risk
2018-02-25,4.993661880493164,12.864285469055176,13.095237731933594,12.621427536010742,12.776189804077148,136092,0.006895300267840021,12.185033389500209,12.202935981750489,0.022321765688805777,Medium Risk
2018-02-26,5.051888465881348,13.01428508758545,13.25238037109375,12.699999809265137,12.864285469055176,740938,0.011660159352891775,12.340815680367607,12.239682006835938,0.02186443974495735,Medium Risk
2018-02-27,4.99920654296875,12.878570556640623,13.090476036071776,12.857142448425291,13.01428508758545,312295,-0.01042812033327023,12.485033307756696,12.273412164052328,0.022731180819008746,Medium Risk
2018-02-28,4.951146125793457,12.7547607421875,13.04523754119873,12.619047164916992,12.878570556640623,471542,-0.009613630170258514,12.606121744428362,12.298094685872396,0.024031899924006082,Medium Risk
2018-03-01,4.98626708984375,12.845237731933594,12.857142448425291,12.623808860778809,12.7547607421875,73294,0.007093585804932578,12.74013546534947,12.33055502573649,0.0236814262341118,Medium Risk
2018-03-04,4.896616458892822,12.614285469055176,12.761903762817385,12.440476417541504,12.845237731933594,292551,-0.017979602067174305,12.821087837219238,12.355316956837973,0.026092309186454582,Medium Risk
2018-03-05,4.93450927734375,12.71190357208252,12.964284896850586,12.430952072143556,12.614285469055176,142648,0.007738694614674468,12.811904089791435,12.389205805460612,0.0116553085905636,Low Risk
2018-03-06,5.0648274421691895,13.047618865966797,13.095237731933594,12.75,12.71190357208252,200281,0.02640952175105893,12.838094575064522,12.433174069722494,0.015472712328759382,Low Risk
2018-03-07,4.984419345855713,12.840476036071776,13.047618865966797,12.7380952835083,13.047618865966797,330439,-0.015875910541449767,12.813264710562569,12.47301534016927,0.01613106371246991,Low Risk
2018-03-08,4.956690788269043,12.769046783447266,12.857142448425291,12.7380952835083,12.840476036071776,364606,-0.005562819666798058,12.797618457249232,12.510475635528564,0.015799141078276718,Low Risk
2018-03-11,4.990888595581055,12.857142448425291,12.952380180358888,12.854761123657228,12.769046783447266,79804,0.006899157507373577,12.812244415283203,12.548015308380126,0.015549137063184297,Low Risk
2018-03-12,5.172039031982422,13.323808670043944,13.54523754119873,12.857142448425291,12.857142448425291,870563,0.03629626283527787,12.88061169215611,12.581269264221191,0.020506695497376128,Medium Risk
2018-03-13,5.173887729644775,13.328571319580078,13.547618865966797,13.119047164916992,13.323808670043944,62659,0.00035745406242915223,12.982652527945381,12.62626927693685,0.018042897831067852,Low Risk
2018-03-14,5.082387924194336,13.092857360839844,13.214284896850586,13.00238037109375,13.328571319580078,389592,-0.01768486307260575,13.037074497767858,12.658253415425618,0.020504023516985312,Medium Risk
2018-03-15,5.0777668952941895,13.080951690673828,13.190476417541504,12.978570938110352,13.092857360839844,62244,-0.0009093255840108005,13.041836329868861,12.662539132436116,0.01807367138582415,Low Risk
2018-03-18,4.952070713043213,12.757142066955566,13.092857360839844,12.619047164916992,13.080951690673828,396572,-0.02475428633752419,13.029931477137975,12.654364522298177,0.019656822155438573,Low Risk
2018-03-19,4.929888725280762,12.699999809265137,12.857142448425291,12.535714149475098,12.757142066955566,73218,-0.0044792366025649955,13.020067623683385,12.640237553914387,0.01961697286512329,Low Risk
2018-03-20,4.800495147705078,12.366665840148926,12.5,12.180952072143556,12.699999809265137,98380,-0.02624676961593586,12.94999953678676,12.628650252024332,0.021419672000870946,Medium Risk
2018-03-21,4.720086097717285,12.159523010253906,12.266666412353516,12.023809432983398,12.366665840148926,115143,-0.016750095181073066,12.783673013959612,12.611983585357667,0.011156613424789068,Low Risk
2018-03-22,4.725632190704346,12.173809051513672,12.380951881408691,12.028571128845217,12.159523010253906,80249,0.00117488500558105,12.618706975664411,12.592459774017334,0.011321852129663993,Low Risk
2018-03-25,4.69882869720459,12.104761123657228,12.14285659790039,11.95952320098877,12.173809051513672,42655,-0.005671842523918835,12.477550370352608,12.576824855804443,0.01136961752730378,Low Risk
2018-03-26,4.728404998779297,12.180952072143556,12.357142448425291,12.14285659790039,12.104761123657228,51378,0.0062942959144747235,12.348978996276855,12.570316918690999,0.012693682108656464,Low Risk
2018-03-27,4.745040893554688,12.223809242248535,12.5,12.109522819519045,12.180952072143556,151414,0.0035183760555947963,12.272788592747279,12.567777220408122,0.011698583458987747,Low Risk
2018-03-28,4.8125104904174805,12.397619247436523,12.5,12.357142448425291,12.25,146974,0.014218972314068656,12.229591369628906,12.583967717488607,0.014015146253487418,Low Risk
2018-03-29,4.771843910217285,12.29285717010498,12.5047607421875,12.261903762817385,12.402379989624023,75906,-0.008450177025174033,12.219047273908343,12.59626932144165,0.010288440814189602,Low Risk
2018-04-01,4.852252960205078,12.5,12.699999809265137,12.333333015441896,12.29285717010498,173762,0.01685066596224427,12.26768684387207,12.617301082611084,0.00941271202842594,Low Risk
2018-04-02,4.8060407638549805,12.380951881408691,12.497618675231934,12.380951881408691,12.5,111619,-0.00952384948730467,12.297278676714216,12.633094755808512,0.01072347982410069,Low Risk
2018-04-03,4.829146862030029,12.440476417541504,12.595237731933594,12.380951881408691,12.380951881408691,54755,0.004807751189324527,12.34523800441197,12.650872580210368,0.01011274049274037,Low Risk
2018-04-04,4.808813571929932,12.388094902038574,12.571428298950195,12.380951881408691,12.440476417541504,266758,-0.004210571504244753,12.374829837254115,12.662221781412761,0.010481236540802323,Low Risk
2018-04-05,4.788479804992676,12.33571434020996,12.595237731933594,12.228570938110352,12.388094902038574,59845,-0.004228298398004315,12.390816279820033,12.64753926595052,0.010756072299264171,Low Risk
2018-04-08,4.788479804992676,12.33571434020996,12.33571434020996,12.33571434020996,12.33571434020996,0,0.0,12.38197272164481,12.629920228322346,0.009142818121948256,Low Risk
2018-04-09,4.788479804992676,12.33571434020996,12.33571434020996,12.33571434020996,12.33571434020996,0,0.0,12.38809517451695,12.60730120340983,0.008479577179038357,Low Risk
2018-04-10,4.761677265167236,12.266666412353516,12.357142448425291,12.15714168548584,12.33571434020996,50958,-0.005597400033119482,12.354761804853167,12.586904398600261,0.004664057342587632,Low Risk
2018-04-11,4.911403656005859,12.652379989624023,13.095237731933594,12.380951881408691,12.266666412353516,230882,0.03144404227721265,12.393537248883929,12.583491706848145,0.012963258083543214,Low Risk
2018-04-12,4.955766677856445,12.766666412353516,13.095237731933594,12.5047607421875,12.652379989624023,50702,0.00903280037615195,12.440135819571358,12.580872662862141,0.01314905320144855,Low Risk
2018-04-15,4.905858516693115,12.638094902038574,12.973809242248535,12.380951881408691,12.766666412353516,116621,-0.010070875682200886,12.475850105285645,12.581666310628256,0.01390709908536217,Low Risk
2018-04-16,4.984419345855713,12.840476036071776,13.088094711303713,12.647619247436523,12.638094902038574,43323,0.016013579230249153,12.54795891898019,12.585952059427898,0.014267933019357287,Low Risk
2018-04-17,4.953918933868408,12.761903762817385,12.857142448425291,12.619047164916992,12.840476036071776,248913,-0.0061191090605725584,12.608843122209821,12.57642822265625,0.01485994587107707,Low Risk
2018-04-18,4.942828178405762,12.733332633972168,12.80952262878418,12.714284896850586,12.761903762817385,1882381,-0.0022387826594070237,12.665645735604423,12.572856775919597,0.015007786579309039,Low Risk
2018-04-19,4.989038944244385,12.85237979888916,12.864285469055176,12.830951690673828,12.733332633972168,81194,0.009349254302787768,12.749319076538086,12.575634543100993,0.01435808289346429,Low Risk
2018-04-22,4.989038944244385,12.85237979888916,12.857142448425291,12.7380952835083,12.85237979888916,71005,0.0,12.777890477861677,12.575475788116455,0.009424195994947824,Low Risk
2018-04-23,4.962236881256104,12.783332824707031,12.859522819519045,12.630951881408691,12.85237979888916,55221,-0.00537231044075559,12.780271393912178,12.557459926605224,0.009275727605168739,Low Risk
2018-04-24,4.922494411468506,12.680952072143556,12.952380180358888,12.619047164916992,12.783332824707031,137146,-0.008008924899897574,12.78639384678432,12.53587261835734,0.008920273016562506,Low Risk
2018-04-25,4.922494411468506,12.680952072143556,12.680952072143556,12.680952072143556,12.680952072143556,0,0.0,12.763604709080287,12.522142442067464,0.005787039362063089,Low Risk
2018-04-26,5.0389485359191895,12.980952262878418,13.08571434020996,12.857142448425291,12.680952072143556,11718,0.023657544719680512,12.79489735194615,12.518809127807618,0.010816029671821943,Low Risk
2018-04-29,4.990888595581055,12.857142448425291,13.069046974182127,12.773809432983398,12.980952262878418,25502,-0.009537806776101054,12.812584468296595,12.522142473856608,0.011665653184456053,Low Risk
2018-04-30,5.0038275718688965,12.89047622680664,13.095237731933594,12.854761123657228,12.857142448425291,97629,0.0025926272898557645,12.81802681514195,12.528491687774657,0.011171319604863122,Low Risk
2018-05-01,5.0038275718688965,12.89047622680664,12.89047622680664,12.89047622680664,12.89047622680664,0,0.0,12.823469161987305,12.545952033996581,0.011171319604863122,Low Risk
2018-05-02,5.014918327331543,12.919047355651855,13.166666030883787,12.857142448425291,12.89047622680664,95167,0.002216452545469094,12.842856952122279,12.571269512176514,0.010873450622812147,Low Risk
2018-05-03,4.991812229156494,12.859522819519045,13.083333015441896,12.857142448425291,12.919047355651855,152766,-0.0046075019693128105,12.868367058890206,12.594126637776693,0.0104420034831272,Low Risk
2018-05-06,4.990888595581055,12.857142448425291,13.202380180358888,12.811903953552246,12.859522819519045,141250,-0.00018510570937679827,12.89353711264474,12.619206015268961,0.010448280608760756,Low Risk
2018-05-07,4.990888595581055,12.857142448425291,12.964284896850586,12.833333015441896,12.857142448425291,109767,0.0,12.875849996294294,12.641745694478352,0.0042995473473014315,Low Risk
2018-05-08,4.965933799743652,12.79285717010498,12.880951881408691,12.621427536010742,12.857142448425291,139108,-0.004999966250524346,12.866666385105678,12.660713958740235,0.003009692441413472,Low Risk
2018-05-09,4.90401029586792,12.633333206176758,12.857142448425291,12.619047164916992,12.79285717010498,167538,-0.012469768231369471,12.829931667872838,12.668571090698242,0.00498774161162502,Low Risk
2018-05-10,4.990888595581055,12.857142448425291,12.916666030883787,12.85237979888916,12.633333206176758,447388,0.017715771332549535,12.825169699532646,12.687380599975587,0.009307198832781454,Low Risk
2018-05-13,4.990888595581055,12.857142448425291,12.878570556640623,12.797618865966797,12.857142448425291,167109,0.0,12.816326141357422,12.69928534825643,0.009243498894918621,Low Risk
2018-05-14,4.935433864593506,12.714284896850586,12.857142448425291,12.619047164916992,12.857142448425291,222091,-0.011111143253468625,12.795577866690499,12.710396448771158,0.010003259641401538,Low Risk
2018-05-15,5.053736209869385,13.019046783447266,13.257142066955566,12.857142448425291,12.714284896850586,136172,0.023970037565555158,12.818707057407924,12.729682127634684,0.013951280509052994,Low Risk
2018-05-16,5.194221019744873,13.380951881408691,13.571428298950195,12.90476131439209,13.019046783447266,741837,0.027798125621728342,12.893536976405553,12.762777360280355,0.01696118485613841,Low Risk
2018-05-17,5.611052513122559,14.454760551452637,14.719046592712402,13.571428298950195,13.380951881408691,601801,0.08024904951163303,13.130951745169503,12.833412233988444,0.031902277084729175,Medium Risk
2018-05-20,5.5472798347473145,14.290475845336914,14.64047622680664,13.811903953552246,14.454760551452637,204859,-0.011365439471026972,13.36768640790667,12.89857095082601,0.03172861945678375,Medium Risk
2018-05-21,5.574769973754883,14.00238037109375,14.261903762817385,13.80952262878418,14.290475845336914,106688,-0.020159963696182448,13.531291825430733,12.954126485188802,0.03489267201554033,Medium Risk
2018-05-22,5.572874069213867,13.997618675231934,14.047618865966797,13.80952262878418,14.00238037109375,1510941,-0.00034006331320968197,13.694217000688825,13.011824893951417,0.034913642975850284,Medium Risk
2018-05-23,5.592781066894531,14.047618865966797,14.047618865966797,13.9880952835083,13.997618675231934,51345,0.0035720497818201302,13.884693281991142,13.058332856496175,0.033661883535235256,Medium Risk
2018-05-24,5.369069576263428,13.485713958740234,14.047618865966797,13.333333015441896,14.047618865966797,202192,-0.04000001086218896,13.951360021318708,13.0823011080424,0.03901998069337852,Medium Risk
2018-05-27,5.343475341796875,13.421427726745604,13.54523754119873,13.333333015441896,13.485713958740234,7560,-0.0047669876575549,13.957142284938268,13.1084122021993,0.03786758765590807,Medium Risk
2018-05-28,5.392768383026123,13.54523754119873,13.571428298950195,13.373808860778809,13.421427726745604,15976,0.009224787181650207,13.827210426330566,13.131904252370198,0.01670405746134336,Low Risk
2018-05-29,5.266693115234375,13.228570938110352,13.571428298950195,13.095237731933594,13.54523754119873,388117,-0.023378445902127343,13.6755097252982,13.147459824879965,0.017568027088890822,Low Risk
2018-05-30,5.431632995605469,13.64285659790039,13.80952262878418,13.569046974182127,13.228570938110352,53865,0.031317491642012474,13.624149186270577,13.177777290344238,0.02296077565654444,Medium Risk
2018-05-31,5.298922538757324,13.30952262878418,13.80952262878418,13.095237731933594,13.64285659790039,475738,-0.024432857350967896,13.525849751063756,13.193015384674073,0.024184520330278705,Medium Risk
2018-06-03,5.404142379760742,13.573808670043944,13.619047164916992,13.571428298950195,13.30952262878418,28345,0.019856913627255057,13.458162580217632,13.217063013712565,0.02607199143212575,Medium Risk
2018-06-04,5.404142379760742,13.573808670043944,13.619047164916992,13.571428298950195,13.30952262878418,28345,0.0,13.470747538975305,13.243412208557128,0.020887322115722654,Medium Risk
2018-06-05,5.327360153198242,13.380951881408691,13.571428298950195,13.333333015441896,13.476189613342283,194699,-0.014208008475975364,13.464965275355748,13.266745535532634,0.021622472054874085,Medium Risk
2018-06-06,5.326412677764893,13.378570556640623,13.573808670043944,13.214284896850586,13.380951881408691,503743,-0.00017796377934642393,13.441155706133161,13.28999948501587,0.021225535178718398,Medium Risk
2018-06-07,5.263848304748535,13.221427917480469,13.40476131439209,13.095237731933594,13.378570556640623,716793,-0.011745846725168652,13.440135274614606,13.29801534016927,0.019629305477698186,Low Risk
2018-06-10,5.333048343658447,13.395237922668455,13.571428298950195,13.095237731933594,13.221427917480469,65452,0.013146084240885036,13.404761178152901,13.315951855977376,0.015598537450000121,Low Risk
2018-06-11,5.392768383026123,13.54523754119873,13.595237731933594,13.33571434020996,13.395237922668455,71135,0.011197980909053884,13.438434737069267,13.337777233123779,0.012817522776929116,Low Risk
2018-06-12,5.40888261795044,13.58571434020996,14.047618865966797,13.333333015441896,13.54523754119873,260404,0.0029882679346240337,13.440135547092982,13.36095183690389,0.010382695966692704,Low Risk
2018-06-13,5.573822498321533,14.0,14.285714149475098,13.571428298950195,13.58571434020996,253843,0.03049421248052231,13.50102002280099,13.396983591715495,0.01545637507327146,Low Risk
2018-06-14,5.503674983978272,13.823808670043944,14.64285659790039,13.454760551452637,14.0,474285,-0.012585094996861224,13.564285278320312,13.429126453399657,0.015137379317658984,Low Risk
2018-06-17,5.503674983978272,13.823808670043944,13.823808670043944,13.823808670043944,13.823808670043944,0,0.0,13.627890723092216,13.461348660786944,0.01512785083273769,Low Risk
2018-06-18,5.503674983978272,13.823808670043944,13.823808670043944,13.823808670043944,13.823808670043944,0,0.0,13.71394511631557,13.493570868174233,0.01355868268165264,Low Risk
2018-06-19,5.45438289642334,13.699999809265137,13.80952262878418,13.571428298950195,13.823808670043944,21701,-0.008956204743132745,13.757482528686523,13.523808956146238,0.01429645090241573,Low Risk
2018-06-20,5.482820510864258,13.771428108215332,14.138094902038574,13.571428298950195,13.699999809265137,209042,0.005213744521506358,13.789795466831752,13.561745452880858,0.013919808754336538,Low Risk
2018-06-21,5.416466236114502,13.604761123657228,13.880951881408691,13.340476036071776,13.771428108215332,214422,-0.012102374804445981,13.792516435895648,13.586666075388589,0.014952909808280769,Low Risk
2018-06-24,5.401298522949219,13.566665649414062,13.628570556640623,13.466666221618652,13.604761123657228,104172,-0.002800157525509328,13.730611528669085,13.61031684875488,0.006840547176242192,Low Risk
2018-06-25,5.330204963684082,13.388094902038574,13.571428298950195,13.333333015441896,13.566665649414062,252075,-0.013162463938454994,13.668366704668317,13.632777182261147,0.006957309558046145,Low Risk
2018-06-26,5.284704208374023,13.273809432983398,13.333333015441896,13.219046592712402,13.388094902038574,238022,-0.00853635038378564,13.58979538508824,13.641269270579018,0.006773813451620273,Low Risk
2018-06-27,5.266693115234375,13.228570938110352,13.571428298950195,12.864285469055176,13.273809432983398,440970,-0.003408101879226577,13.50476142338344,13.636189905802407,0.00640284606903956,Low Risk
2018-06-28,5.177587509155273,13.0047607421875,13.476189613342283,12.619047164916992,13.228570938110352,1014367,-0.016918697943258065,13.405441556658063,13.587856578826903,0.007565431555280979,Low Risk
2018-07-01,5.177587509155273,13.0047607421875,13.0047607421875,13.0047607421875,13.0047607421875,0,0.0,13.295917647225517,13.544999408721923,0.006262483302370951,Low Risk
2018-07-02,5.319777011871338,13.36190414428711,13.440476417541504,12.976189613342283,13.0047607421875,46233,0.027462512319894827,13.261223793029785,13.5236502011617,0.01450826620995201,Low Risk
2018-07-03,5.319777011871338,13.36190414428711,13.214284896850586,13.028571128845217,13.36190414428711,1806,0.0,13.231972149440221,13.502459716796873,0.014536558002010456,Low Risk
2018-07-04,5.221192836761475,13.114285469055176,13.333333015441896,12.928570747375488,13.36190414428711,29068,-0.01853169073494687,13.192856516156878,13.471348603566486,0.015338313157214165,Low Risk
2018-07-05,5.160524368286133,12.96190357208252,12.976189613342283,12.857142448425291,13.114285469055176,18690,-0.011619534844824031,13.14829853602818,13.453888257344563,0.01557139913900423,Low Risk
2018-07-08,4.897948265075684,12.302379608154297,12.742856979370115,12.052379608154297,12.96190357208252,136260,-0.050881721211744835,13.015985488891602,13.416586653391517,0.02379776530491854,Medium Risk
2018-07-09,4.7794575691223145,12.0047607421875,12.36190414428711,11.697619438171388,12.302379608154297,207051,-0.024191975491434925,12.87312834603446,13.36523742675781,0.02430010942521718,Medium Risk
2018-07-10,4.821166038513184,12.109522819519045,12.147619247436523,11.935713768005373,12.0047607421875,44356,0.008726710975870411,12.745237214224678,13.327935822804768,0.02517318888319757,Medium Risk
2018-07-11,4.785144805908203,12.019046783447266,12.61190414428711,11.947619438171388,12.109522819519045,22806,-0.007471478225875461,12.553400448390416,13.273808828989665,0.019323450864939997,Low Risk
2018-07-12,4.834437847137451,12.14285659790039,12.14285659790039,12.14285659790039,12.019046783447266,91140,0.010301134248319688,12.379250798906599,13.234919961293539,0.02096556888257003,Medium Risk
2018-07-15,4.83064603805542,12.133333206176758,12.364285469055176,11.954760551452637,12.14285659790039,57204,-0.0007842793536143589,12.239114761352539,13.186904112497965,0.021309193290867643,Medium Risk
2018-07-16,4.800312042236328,12.05714225769043,12.145237922668455,11.90476131439209,12.133333206176758,190150,-0.006279473842154215,12.109863145010811,13.136348565419516,0.021372373370192845,Medium Risk
2018-07-17,4.834437847137451,12.14285659790039,12.147619247436523,12.14285659790039,12.05714225769043,202977,0.007109009612563,12.087074143545967,13.095078722635906,0.012187993675842473,Low Risk
2018-07-18,4.869511127471924,12.230952262878418,12.769046783447266,12.149999618530272,12.14285659790039,28778,0.007254937441430354,12.119387217930385,13.056824779510498,0.007421984917981731,Low Risk
2018-07-19,4.856240272521973,12.197619438171388,12.380951881408691,12.145237922668455,12.230952262878418,73558,-0.0027252845069305476,12.131972449166435,13.022697830200196,0.0071268276894408695,Low Risk
2018-07-22,4.836333751678467,12.147619247436523,12.261903762817385,12.14285659790039,12.197619438171388,61517,-0.004099176153864348,12.150339944022042,12.981110541025798,0.006544351957230841,Low Risk
2018-07-23,4.836333751678467,12.147619247436523,12.147619247436523,12.147619247436523,12.147619247436523,0,0.0,12.151020322527204,12.934523264567057,0.005282314988848692,Low Risk
2018-07-24,4.84865665435791,12.178570747375488,12.261903762817385,12.15476131439209,12.147619247436523,28471,0.0025479478166470226,12.157482828412737,12.887618478139242,0.005342516209070576,Low Risk
2018-07-25,4.837281227111816,12.149999618530272,12.178570747375488,12.14285659790039,12.178570747375488,179167,-0.0023460165759905394,12.170748165675572,12.825951798756916,0.004669707766219598,Low Risk
2018-07-26,4.834437847137451,12.14285659790039,12.380951881408691,11.90714168548584,12.149999618530272,35019,-0.0005879029509586742,12.170748165675572,12.769920063018798,0.0038558552193772603,Low Risk
2018-07-29,4.817375183105469,12.100000381469728,12.357142448425291,12.028571128845217,12.14285659790039,63231,-0.0035293356291526967,12.152040754045759,12.712459786732994,0.0023291835417496784,Low Risk
2018-07-30,4.834437847137451,12.14285659790039,12.14285659790039,12.14285659790039,12.100000381469728,60349,0.003541835956988315,12.144217491149902,12.656428050994874,0.0029236883734870397,Low Risk
2018-07-31,4.906479835510254,12.323808670043944,12.452380180358888,12.14285659790039,12.14285659790039,40849,0.01490193602177925,12.169387408665248,12.610555013020834,0.00618137276945265,Low Risk
2018-08-01,4.931126117706299,12.385713577270508,12.616665840148926,12.380951881408691,12.323808670043944,55209,0.005023196065761626,12.203400884355817,12.564364528656006,0.0061918338130654855,Low Risk
2018-08-02,4.953876495361328,12.442856788635254,12.616665840148926,12.380951881408691,12.385713577270508,57960,0.004613639013065107,12.241156033107213,12.525634384155273,0.006227326055839764,Low Risk
2018-08-05,4.928281784057617,12.378570556640623,12.380951881408691,12.261903762817385,12.442856788635254,18706,-0.005166517069725263,12.273809024265834,12.486031214396158,0.006710075555296945,Low Risk
2018-08-06,4.931126117706299,12.385713577270508,12.616665840148926,12.380951881408691,12.378570556640623,29022,0.0005770472929165216,12.308502878461566,12.452618503570557,0.006629325829012894,Low Risk
2018-08-07,4.928281784057617,12.378570556640623,12.383333206176758,12.311903953552246,12.385713577270508,180570,-0.0005767145013746422,12.348298617771693,12.422777207692464,0.006238039681927911,Low Risk
2018-08-08,4.960512161254883,12.45952320098877,12.857142448425291,12.380951881408691,12.378570556640623,107725,0.006539740915781023,12.393536703927177,12.397142283121745,0.00636122769798501,Low Risk
2018-08-09,4.971887588500977,12.4880952835083,12.619047164916992,12.476189613342283,12.45952320098877,10164,0.002293192288230106,12.41700622013637,12.379920101165771,0.004012895184022794,Low Risk
2018-08-12,4.932074546813965,12.388094902038574,12.828571319580078,12.380951881408691,12.4880952835083,2986,-0.008007656828322496,12.417346409388951,12.359364573160807,0.0051765984766151095,Low Risk
2018-08-13,5.065732002258301,12.723809242248535,12.857142448425291,12.5,12.388094902038574,114781,0.027099755278328974,12.457482474190849,12.338094743092855,0.01154635374510602,Low Risk
2018-08-14,4.991794109344482,12.538095474243164,12.616665840148926,12.5,12.723809242248535,6312,-0.014595768018017874,12.480271748134069,12.31063445409139,0.013133073274573047,Low Risk
2018-08-15,4.84960412979126,12.180952072143556,12.5,12.14285659790039,12.538095474243164,277103,-0.028484661233700304,12.451020104544503,12.279523340861003,0.01749254205480895,Low Risk
2018-08-16,4.84012508392334,12.15714168548584,12.380951881408691,12.14285659790039,12.180952072143556,45368,-0.0019547229573432245,12.419387408665248,12.252697944641113,0.01747835442149717,Low Risk
2018-08-19,4.805051803588867,12.069046974182127,12.340476036071776,11.9880952835083,12.15714168548584,15498,-0.0072463341781141555,12.363605090550013,12.244920190175375,0.017069235785166732,Low Risk
2018-08-20,4.805051803588867,12.069046974182127,12.069046974182127,12.069046974182127,12.069046974182127,0,0.0,12.303741046360559,12.247063064575196,0.016940581278328815,Low Risk
2018-08-21,4.805051803588867,12.069046974182127,12.069046974182127,12.069046974182127,12.069046974182127,0,0.0,12.258162770952497,12.245713869730631,0.016953617583365724,Low Risk
2018-08-22,4.805051803588867,12.069046974182127,12.069046974182127,12.069046974182127,12.069046974182127,0,0.0,12.164625304085869,12.247380542755128,0.010725853140243402,Low Risk
2018-08-23,4.805051803588867,12.069046974182127,12.069046974182127,12.069046974182127,12.069046974182127,0,0.0,12.09761837550572,12.244920221964518,0.010526305163072484,Low Risk
2018-08-26,4.805051803588867,12.069046974182127,12.069046974182127,12.069046974182127,12.069046974182127,0,0.0,12.0816319329398,12.242777347564697,0.0027152683530280853,Low Risk
2018-08-27,4.805051803588867,12.069046974182127,12.069046974182127,12.069046974182127,12.069046974182127,0,0.0,12.069046974182127,12.243174171447754,0.002738856878879699,Low Risk
2018-08-28,4.805051803588867,12.069046974182127,12.069046974182127,12.069046974182127,12.069046974182127,0,0.0,12.069046974182127,12.240713850657146,0.0,Low Risk
2018-08-29,4.805051803588867,12.069046974182127,12.069046974182127,12.069046974182127,12.069046974182127,0,0.0,12.069046974182127,12.235317007700603,0.0,Low Risk
2018-08-30,4.805051803588867,12.069046974182127,12.069046974182127,12.069046974182127,12.069046974182127,0,0.0,12.069046974182127,12.231031258900959,0.0,Low Risk
2018-09-02,4.84012508392334,12.15714168548584,12.380951881408691,12.14285659790039,12.2380952835083,57813,0.007299226814856397,12.0816319329398,12.231348673502602,0.002758848416452051,Low Risk
2018-09-03,4.84012508392334,12.15714168548584,12.319046974182127,11.938095092773438,12.15714168548584,562,0.0,12.094216891697473,12.231666088104246,0.002758848416452051,Low Risk
2018-09-04,4.820219039916992,12.107142448425291,12.297618865966797,12.028571128845217,12.15714168548584,7299,-0.004112746100528031,12.099659102303638,12.229285144805907,0.003384840464455034,Low Risk
2018-09-05,4.776614189147949,11.997618675231934,12.261903762817385,11.976189613342283,12.107142448425291,36384,-0.009046211660589054,12.08945505959647,12.224205780029298,0.004951803228958435,Low Risk
2018-09-06,4.832541465759277,12.138094902038574,12.14285659790039,11.976189613342283,11.997618675231934,867287,0.01170867574718315,12.099319049290246,12.224047056833903,0.006882747279761368,Low Risk
2018-09-09,4.828750133514404,12.128570556640623,12.14285659790039,11.976189613342283,12.138094902038574,43440,-0.0007846655900137778,12.10782241821289,12.224999396006265,0.006904977426417161,Low Risk
2018-09-10,4.821166038513184,12.109522819519045,12.14285659790039,11.976189613342283,12.128570556640623,34595,-0.0015704849168024504,12.11360468183245,12.22388827006022,0.006957714530282066,Low Risk
2018-09-11,4.821166038513184,12.109522819519045,12.109522819519045,12.109522819519045,12.109522819519045,0,0.0,12.106801986694336,12.216745408376058,0.006282980676478776,Low Risk
2018-09-12,4.620204925537109,11.604761123657228,11.969046592712402,11.428570747375488,12.109522819519045,121636,-0.04168303767083237,12.027890477861677,12.190713659922283,0.01673718083886316,Low Risk
2018-09-13,4.688457012176514,11.776189804077148,11.788095474243164,11.547618865966797,11.604761123657228,162737,0.014772271362867517,11.980611528669085,12.168491427103678,0.018603756539884924,Low Risk
2018-09-16,4.659070014953613,11.702380180358888,11.90476131439209,11.666666030883787,11.776189804077148,381641,-0.0062676999051684,11.93843460083008,12.145951747894287,0.018502545842950035,Low Risk
2018-09-17,4.644851207733154,11.666666030883787,11.671427726745604,11.666666030883787,11.702380180358888,684474,-0.0030518705532267543,11.871087619236537,12.121983496348063,0.017294914115656906,Low Risk
2018-09-18,4.650539398193359,11.680952072143556,11.90476131439209,11.190476417541504,11.666666030883787,704281,0.0012245178889969122,11.807142121451244,12.098729546864828,0.017402784612927297,Low Risk
2018-09-19,4.544371128082275,11.414284706115724,11.428570747375488,11.30952262878418,11.680952072143556,767310,-0.022829249223937254,11.707822390965054,12.063888263702392,0.018480284599997263,Low Risk
2018-09-20,4.545319080352783,11.416666030883787,11.430952072143556,11.30952262878418,11.414284706115724,261466,0.00020862671900823138,11.608842849731447,12.028173955281575,0.018495991602635552,Low Risk
2018-09-23,4.621153831481934,11.607142448425291,11.89285659790039,11.430952072143556,11.416666030883787,3402,0.01668406669917788,11.609183038984026,12.0021422068278,0.013340510230771678,Low Risk
2018-09-24,4.621153831481934,11.607142448425291,11.666666030883787,11.43333339691162,11.607142448425291,2352,0.0,11.585033416748045,11.964919980367025,0.011701474769353242,Low Risk
2018-09-25,4.551955223083496,11.43333339691162,11.550000190734863,11.428570747375488,11.607142448425291,191940,-0.014974318811539322,11.546598161969865,11.928094577789306,0.012654108763121487,Low Risk
2018-09-26,4.552902221679688,11.435713768005373,11.547618865966797,11.428570747375488,11.43333339691162,653776,0.00020819572132801945,11.513604981558663,11.9032533009847,0.012722351839259335,Low Risk
2018-09-27,4.550058364868164,11.428570747375488,11.435713768005373,11.428570747375488,11.435713768005373,162985,-0.0006246239434454237,11.477550506591795,11.87896760304769,0.012644239995237854,Low Risk
2018-09-30,4.652435779571533,11.685713768005373,11.785714149475098,11.428570747375488,11.428570747375488,69094,0.022500015646220284,11.516326086861747,11.866189829508464,0.012429915972152235,Low Risk
2018-10-01,4.652435779571533,11.685713768005373,11.547618865966797,11.547618865966797,11.685713768005373,105,0.0,11.554761477879115,11.853412055969239,0.01243917081665963,Low Risk
2018-10-02,4.565226078033447,11.466666221618652,11.547618865966797,11.454760551452637,11.685713768005373,12327,-0.01874490088799341,11.534693445478167,11.833332697550455,0.01331005011082123,Low Risk
2018-10-03,4.569965362548828,11.478570938110352,11.666666030883787,11.430952072143556,11.466666221618652,98960,0.0010382020599200015,11.51632608686175,11.81365016301473,0.013337415757671216,Low Risk
2018-10-04,4.550058364868164,11.428570747375488,11.435713768005373,11.428570747375488,11.478570938110352,180390,-0.00435595955319279,11.515645708356587,11.79230095545451,0.012097573437686148,Low Risk
2018-10-08,4.491287708282471,11.28095245361328,11.428570747375488,11.197619438171388,11.428570747375488,16476,-0.01291660147408269,11.493536949157715,11.766031138102214,0.013040787392334406,Low Risk
2018-10-09,4.51498556137085,11.340476036071776,11.426190376281738,11.190476417541504,11.28095245361328,42000,0.005276467807417307,11.480951990400042,11.741745440165202,0.01332255318278151,Low Risk
2018-10-10,4.596507549285889,11.54523754119873,11.666666030883787,11.428570747375488,11.340476036071776,58459,0.018055812161292817,11.460883957999092,11.724285125732422,0.012060519185911603,Low Risk
2018-10-11,4.463796138763428,11.21190357208252,11.30952262878418,11.19523811340332,11.54523754119873,33612,-0.02887198881155295,11.39319678715297,11.695713678995768,0.015764762279838928,Low Risk
2018-10-14,4.463796138763428,11.21190357208252,11.430952072143556,10.833333015441896,11.21190357208252,45234,0.0,11.356802122933521,11.667142232259115,0.01475695338873784,Low Risk
2018-10-15,4.453370094299316,11.185713768005373,11.2380952835083,10.952380180358888,11.21190357208252,459370,-0.002335892733001943,11.314965384347099,11.634761301676432,0.014653596946224041,Low Risk
2018-10-16,4.527307987213135,11.371427536010742,11.452380180358888,11.192856788635254,11.185713768005373,4943,0.01660276419163953,11.306802068437849,11.608570830027263,0.016496891767848725,Low Risk
2018-10-17,4.550058364868164,11.428570747375488,11.659523010253906,11.428570747375488,11.371427536010742,399533,0.005025157235869049,11.327890396118164,11.585951773325602,0.01563536343851291,Low Risk
2018-10-18,4.550058364868164,11.428570747375488,11.216666221618652,11.216666221618652,11.428570747375488,210,0.0,11.340475354875837,11.566983509063721,0.01557616556798342,Low Risk
2018-10-21,4.550058364868164,11.428570747375488,11.428570747375488,11.428570747375488,11.428570747375488,2310,0.0,11.323808670043945,11.543332703908284,0.013704265222442771,Low Risk
2018-10-23,4.50266170501709,11.30952262878418,11.428570747375488,11.30952262878418,11.428570747375488,5388,-0.010416710997623868,11.337754249572754,11.51603110631307,0.00820178038772381,Low Risk
2018-10-24,4.37943172454834,11.0,11.30952262878418,10.952380180358888,11.30952262878418,26670,-0.027368319507704464,11.307482310703822,11.4790470123291,0.013632297959145775,Low Risk
2018-10-25,4.4277753829956055,11.121427536010742,11.380951881408691,10.954760551452637,11.0,10000,0.01103886691006739,11.298298563276019,11.446110502878826,0.014586243542694102,Low Risk
2018-10-28,4.4277753829956055,11.121427536010742,11.30952262878418,11.100000381469728,11.121427536010742,1402,0.0,11.262584277561732,11.429999383290609,0.012498274988445487,Low Risk
2018-10-29,4.423984050750732,11.11190414428711,11.121427536010742,11.109522819519045,11.121427536010742,2940,-0.0008563101897482994,11.21734619140625,11.407856527964274,0.012050451339432541,Low Risk
2018-10-30,4.417348861694336,11.095237731933594,11.30952262878418,10.954760551452637,11.11190414428711,37800,-0.0014998700616117855,11.169727189200264,11.387618446350098,0.01198179101349659,Low Risk
2018-10-31,4.397441864013672,11.04523754119873,11.39047622680664,10.978570938110352,11.095237731933594,5581,-0.004506455106496388,11.114965302603585,11.366904163360596,0.011841423741126586,Low Risk
2018-11-01,4.455265998840332,11.190476417541504,11.190476417541504,11.190476417541504,11.04523754119873,13860,0.013149457021728317,11.09795870099749,11.35055497487386,0.013245583878461933,Low Risk
2018-11-04,4.455265998840332,11.190476417541504,11.11190414428711,11.109522819519045,11.190476417541504,504,0.0,11.125169617789131,11.343094698588054,0.0067721615712831185,Low Risk
2018-11-05,4.456214427947998,11.192856788635254,11.192856788635254,11.192856788635254,11.190476417541504,33558470,0.00021271400831679443,11.135373796735491,11.335634390513102,0.005630417838133522,Low Risk
2018-11-06,4.530152320861816,11.378570556640623,11.428570747375488,11.30952262878418,11.192856788635254,18207,0.016592168694049114,11.17210851396833,11.328015327453613,0.008117566194256404,Low Risk
2018-11-07,4.530152320861816,11.378570556640623,11.666666030883787,11.661904335021973,11.378570556640623,1680,0.0,11.210203715733119,11.320396264394125,0.008050689911190666,Low Risk
2018-11-08,4.49602746963501,11.29285717010498,11.90476131439209,11.190476417541504,11.378570556640623,260211,-0.007532878238876828,11.238435064043317,11.31571372350057,0.008939204710661132,Low Risk
2018-11-11,4.4590582847595215,11.199999809265137,11.25238037109375,11.0,11.29285717010498,8400,-0.008222663179134226,11.260543959481376,11.307856591542562,0.009520234017243785,Low Risk
2018-11-12,4.4590582847595215,11.199999809265137,11.023809432983398,11.023809432983398,11.199999809265137,84,0.0,11.261904444013323,11.300237560272217,0.008160315058185149,Low Risk
2018-11-13,4.402181625366211,11.05714225769043,11.190476417541504,11.01428508758545,11.199999809265137,10521,-0.012755138750674688,11.242856706891741,11.279285176595051,0.009511573817376275,Low Risk
2018-11-14,4.468536853790283,11.223809242248535,11.428570747375488,11.028571128845217,11.05714225769043,20487,0.015073242314684432,11.247278485979352,11.263888359069824,0.011461027759061488,Low Risk
2018-11-15,4.449578285217285,11.176190376281738,11.428570747375488,11.071428298950195,11.223809242248535,18366,-0.004242665296515402,11.21836703164237,11.254205830891927,0.00901478139810049,Low Risk
2018-11-18,4.550058364868164,11.428570747375488,11.4880952835083,11.399999618530272,11.176190376281738,46939,0.02258196779014754,11.225509916033063,11.252539157867432,0.013157795597076841,Low Risk
2018-11-19,4.550058364868164,11.428570747375488,11.428570747375488,11.428570747375488,11.428570747375488,21390,0.0,11.24489756992885,11.252539157867432,0.01267125941187337,Low Risk
2018-11-20,4.550058364868164,11.428570747375488,11.428570747375488,11.428570747375488,11.428570747375488,0,0.0,11.277550561087471,11.257459767659505,0.011950456566898172,Low Risk
2018-11-21,4.508349895477295,11.323808670043944,11.333333015441896,11.321428298950195,11.428570747375488,8400,-0.009166682312886976,11.29523754119873,11.25690418879191,0.012799787438559855,Low Risk
2018-11-22,4.501714706420898,11.30714225769043,11.54285717010498,11.190476417541504,11.323808670043944,55881,-0.0014718027157774038,11.330951826913017,11.248967679341634,0.011308171150149163,Low Risk
2018-11-25,4.37848424911499,10.997618675231934,11.283332824707031,10.785714149475098,11.30714225769043,39438,-0.027374165408414974,11.298638888767787,11.241824849446614,0.014765913227864406,Low Risk
2018-11-26,4.273263454437256,10.733332633972168,10.788095474243164,10.714284896850586,10.997618675231934,12285,-0.024031206124192295,11.235373497009277,11.225872484842936,0.016835084320785326,Low Risk
2018-11-27,4.180366039276123,10.5,10.714284896850586,10.288095474243164,10.733332633972168,30000,-0.021739066693381437,11.102720533098493,11.203015359242757,0.012130046704216252,Low Risk
2018-11-28,4.205012798309326,10.561903953552246,10.690476417541504,10.476189613342283,10.5,11214,0.0058956146240234375,10.978910991123744,11.176031239827473,0.0132523588860614,Low Risk
2018-11-29,4.16709566116333,10.466666221618652,10.666666030883787,10.371427536010742,10.561903953552246,29618,-0.009017098844338878,10.841496058872767,11.143967755635579,0.012401482229015243,Low Risk
2018-12-02,4.166147232055664,10.464284896850586,10.476189613342283,10.369047164916992,10.466666221618652,18963,-0.00022751511490337606,10.718706948416573,11.111824893951416,0.013224640798667293,Low Risk
2018-12-03,4.177522659301758,10.492856979370115,10.64047622680664,10.300000190734863,10.464284896850586,84546,0.0027304381332478034,10.6023804800851,11.080634435017904,0.013818594658108712,Low Risk
2018-12-04,4.177522659301758,10.492856979370115,10.476189613342283,10.2380952835083,10.492856979370115,340,0.0,10.530271666390556,11.053412246704102,0.012015556473965345,Low Risk
2018-12-05,4.09126091003418,10.276189804077148,10.357142448425291,10.040475845336914,10.492856979370115,13986,-0.02064901634692573,10.464965547834124,11.02928524017334,0.011242166183419874,Low Risk
2018-12-06,4.029645442962647,10.121427536010742,10.2380952835083,10.00238037109375,10.276189804077148,22302,-0.015060277302877734,10.41088376726423,10.995951906840007,0.00990148804815857,Low Risk
2018-12-09,3.99078106880188,10.023809432983398,10.226189613342283,10.0,10.121427536010742,8853,-0.009644697122024648,10.334013121468681,10.959364636739094,0.008666983411645481,Low Risk
2018-12-10,4.02301025390625,10.104761123657228,10.40476131439209,9.76428508758545,10.023809432983398,24393,0.008075940710470686,10.282312393188477,10.925793202718099,0.010377727678290748,Low Risk
2018-12-11,4.080833911895752,10.25,10.402379989624023,10.2380952835083,10.104761123657228,14914,0.014373311210963635,10.251700265066964,10.897618611653646,0.012697368465486384,Low Risk
2018-12-12,4.208804607391357,10.571428298950195,10.619047164916992,10.2380952835083,10.25,14569,0.031358858434165304,10.26292473929269,10.881824970245361,0.01821718328717658,Low Risk
2018-12-13,4.128230571746826,10.369047164916992,10.476189613342283,10.283332824707031,10.571428298950195,31684,-0.019144161820905614,10.245237622942243,10.854443995157878,0.019797215934775087,Low Risk
2018-12-16,4.073250770568848,10.230952262878418,10.357142448425291,9.883333206176758,10.369047164916992,27543,-0.013317993432010788,10.23877511705671,10.822459856669107,0.01878509627793986,Low Risk
2018-12-17,4.083677768707275,10.257142066955566,10.688095092773438,10.25238037109375,10.230952262878418,6720,0.002559859864870395,10.258162907191686,10.791269365946452,0.017652089725489078,Low Risk
2018-12-18,4.124438762664795,10.359522819519045,10.476189613342283,10.2380952835083,10.257142066955566,47943,0.009981411185997713,10.306121962411064,10.7573011080424,0.017035213881184074,Low Risk
2018-12-19,4.115907192230225,10.338094711303713,10.814285278320312,10.33571434020996,10.359522819519045,8353,-0.002068445486210768,10.339455332074847,10.722618579864502,0.017145291376948802,Low Risk
2018-12-20,4.13107442855835,10.376190185546877,10.688095092773438,10.2380952835083,10.338094711303713,87099,0.00368496084694514,10.357482501438685,10.692063013712565,0.016466830634744963,Low Risk
2018-12-23,4.090313911437988,10.273809432983398,10.595237731933594,10.2380952835083,10.376190185546877,156744,-0.00986689244633221,10.314965520586286,10.66119000116984,0.010423435310474388,Low Risk
2018-12-24,4.076094627380371,10.2380952835083,10.245238304138184,10.2380952835083,10.273809432983398,102895,-0.0034762324245999343,10.296258108956474,10.629126516977946,0.008046885864189975,Low Risk
2018-12-25,4.075146675109863,10.235713958740234,10.2380952835083,10.0047607421875,10.2380952835083,85512,-0.00023259451119805874,10.296938351222447,10.601745573679606,0.00623811287301836,Low Risk
2018-12-26,4.075146675109863,10.235713958740234,10.235713958740234,10.235713958740234,10.235713958740234,0,0.0,10.29387719290597,10.56880906422933,0.006143031578499093,Low Risk
2018-12-27,4.083677768707275,10.257142066955566,10.45952320098877,10.24047565460205,10.235713958740234,223876,0.0020934649308985698,10.279251371111188,10.538174120585124,0.004431500317518339,Low Risk
2018-12-30,4.130125999450684,10.373808860778809,10.71190357208252,10.2380952835083,10.257142066955566,128213,0.011374200831155035,10.284353392464775,10.503015391031902,0.0065192034641862445,Low Risk
2018-12-31,4.1500325202941895,10.423809051513672,10.895237922668455,10.0,10.373808860778809,384539,0.004819848852614106,10.291156087602888,10.469523334503174,0.006624553671468819,Low Risk
2019-01-01,4.1500325202941895,10.423809051513672,10.423809051513672,10.423809051513672,10.423809051513672,0,0.0,10.312584604535784,10.436031277974447,0.004809048491626178,Low Risk
2019-01-02,4.265680313110352,10.714284896850586,10.714284896850586,10.71190357208252,10.423809051513672,4200,0.027866573908002845,10.38061169215611,10.415713818868001,0.010265891930350678,Low Risk
2019-01-03,4.265680313110352,10.714284896850586,10.716666221618652,10.704760551452637,10.714284896850586,109288,0.0,10.448978969029017,10.395951906840006,0.010240586365649328,Low Risk
2019-01-06,4.325399875640869,10.864285469055176,10.949999809265137,10.714284896850586,10.714284896850586,3439,0.014000054473881196,10.53877489907401,10.391507466634115,0.010104470047280068,Low Risk
2019-01-07,4.325399875640869,10.864285469055176,10.864285469055176,10.864285469055176,10.864285469055176,0,0.0,10.625509670802526,10.395872561136882,0.010356748020603839,Low Risk
2019-01-08,4.361420631408691,10.954760551452637,11.061903953552246,10.949999809265137,10.864285469055176,113883,0.008327752676893674,10.708502769470215,10.411031246185303,0.01026939932751691,Low Risk
2019-01-09,4.36900520324707,10.973809242248535,10.976189613342283,10.954760551452637,10.954760551452637,32550,0.0017388504939410687,10.787074225289482,10.424761422475179,0.01048513367855266,Low Risk
2019-01-10,4.350993633270264,10.928570747375488,10.928570747375488,10.773809432983398,10.973809242248535,496645,-0.0041224058004289965,10.859183038984026,10.440158240000407,0.01107070595490142,Low Risk
2019-01-13,4.350993633270264,10.928570747375488,10.619047164916992,10.619047164916992,10.928570747375488,2520,0.0,10.889795303344727,10.455634435017904,0.006171791748352894,Low Risk
2019-01-14,4.313076496124268,10.833333015441896,10.85237979888916,10.714284896850586,10.928570747375488,1484826,-0.008714564249534984,10.9068021774292,10.466983636220297,0.0075641624827350274,Low Risk
2019-01-15,4.313076496124268,10.833333015441896,10.952380180358888,10.833333015441896,10.833333015441896,430920,0.0,10.902380398341588,10.47833283742269,0.0052315788945784415,Low Risk
2019-01-16,4.313076496124268,10.833333015441896,10.833333015441896,10.7380952835083,10.833333015441896,418992,0.0,10.897958619253975,10.496904277801514,0.0052315788945784415,Low Risk
2019-01-17,4.325399875640869,10.864285469055176,10.966666221618652,10.7380952835083,10.833333015441896,14708,0.002857149648142432,10.88503360748291,10.521666208902994,0.0039670060935448415,Low Risk
2019-01-20,4.357629299163818,10.94523811340332,11.228570938110352,10.7380952835083,10.864285469055176,24620,0.007451262632846234,10.88095201764788,10.552380498250326,0.005094263219909765,Low Risk
2019-01-21,4.360473155975342,10.952380180358888,10.954760551452637,10.949999809265137,10.94523811340332,42520,0.000652527325725627,10.884353365216937,10.580634466807048,0.004818941012134221,Low Risk
2019-01-22,4.361420631408691,10.954760551452637,11.011903762817385,10.952380180358888,10.952380180358888,10357,0.00021733824561875892,10.888094765799385,10.604126485188802,0.004817228636718856,Low Risk
2019-01-23,4.353837490081787,10.935713768005373,10.952380180358888,10.721427917480469,10.954760551452637,11865,-0.0017386763825465446,10.90272058759417,10.616269334157307,0.003012507341819534,Low Risk
2019-01-24,4.353837490081787,10.935713768005373,10.935713768005373,10.935713768005373,10.935713768005373,0,0.0,10.917346409388953,10.63515822092692,0.003012507341819534,Low Risk
2019-01-27,4.314024925231934,10.83571434020996,10.952380180358888,10.833333015441896,10.935713768005373,325605,-0.009144298206485768,10.917686598641533,10.655316956837972,0.005013089105780387,Low Risk
2019-01-28,4.405973434448242,11.066665649414062,11.116665840148926,10.952380180358888,10.83571434020996,5565,0.021313897907687673,10.946598052978516,10.682301076253255,0.009545361585007767,Low Risk
2019-01-29,4.463796138763428,11.21190357208252,11.30952262878418,11.176190376281738,11.066665649414062,52567,0.013123909881215923,10.984693118504115,10.710713768005371,0.010234010017485808,Low Risk
2019-01-30,4.463796138763428,11.21190357208252,11.304760932922363,10.954760551452637,11.21190357208252,2179,0.0,11.021767888750349,10.73984073003133,0.010267073579271233,Low Risk
2019-01-31,4.550058364868164,11.428570747375488,11.54285717010498,11.14285659790039,11.21190357208252,52676,0.019324744803591365,11.089455059596471,10.774920082092285,0.011718509170179406,Low Risk
2019-02-03,4.550058364868164,11.428570747375488,11.454760551452637,11.454760551452637,11.428570747375488,806,0.0,11.159863199506487,10.813412125905355,0.011541120909459588,Low Risk
2019-02-04,4.584184169769287,11.51428508758545,11.735713958740234,11.430952072143556,11.428570747375488,7303,0.007500005215406835,11.242516245160784,10.85595178604126,0.011193663179457603,Low Risk
2019-02-05,4.897000789642334,12.300000190734863,12.616665840148926,11.664284706115724,11.51428508758545,314046,0.06823828810670673,11.451699938092913,10.924761327107747,0.02351204570475825,Medium Risk
2019-02-06,5.115024566650391,12.84761905670166,13.521428108215332,12.649999618530272,12.300000190734863,496150,0.04452185833129474,11.706121853419713,11.011824830373127,0.025525043375493803,Medium Risk
2019-02-07,5.048669338226318,12.680952072143556,13.080951690673828,12.659523010253906,12.84761905670166,80484,-0.012972597009806686,11.915985924857003,11.092618497212728,0.02871279507868036,Medium Risk
2019-02-10,5.048669338226318,12.680952072143556,13.04523754119873,13.011903762817385,12.680952072143556,1260,0.0,12.125849996294294,11.169523270924886,0.02871279507868036,Medium Risk
2019-02-11,5.0477213859558105,12.678570747375488,12.80952262878418,12.388094902038574,12.680952072143556,219235,-0.000187787537916706,12.304421424865723,11.24468199412028,0.02950878562714687,Medium Risk
2019-02-12,5.0439300537109375,12.669047355651855,12.7380952835083,12.266666412353516,12.678570747375488,417207,-0.00075114079602423,12.481632368905204,11.319523270924886,0.02957498674054465,Medium Risk
2019-02-13,4.915011405944824,12.345237731933594,12.383333206176758,12.202380180358888,12.669047355651855,15775,-0.025559113848746096,12.600339889526367,11.373888365427653,0.033400299154890394,Medium Risk
2019-02-14,4.886573791503906,12.273809432983398,12.380951881408691,12.159523010253906,12.345237731933594,12033,-0.005785899024482233,12.59659835270473,11.42587251663208,0.02174761074834662,Medium Risk
2019-02-17,4.900792121887207,12.30952262878418,12.380951881408691,12.297618865966797,12.273809432983398,5632,0.002909707535853512,12.519727434430804,11.474047088623047,0.010065782991203767,Low Risk
2019-02-18,4.921647071838379,12.36190414428711,12.380951881408691,12.311903953552246,12.30952262878418,8946,0.004255365303967418,12.47414915902274,11.523967711130778,0.010196258661428018,Low Risk
2019-02-19,4.978521823883057,12.5047607421875,13.095237731933594,12.261903762817385,12.36190414428711,130326,0.011556196863604429,12.448978969029017,11.575634384155274,0.011698907458555691,Low Risk
2019-02-20,5.233515739440918,13.145237922668455,13.428570747375488,12.7380952835083,12.5047607421875,147873,0.05121866732884928,12.515645708356585,11.648015340169271,0.02333162413007615,Medium Risk
2019-02-21,5.23256778717041,13.14285659790039,13.333333015441896,13.095237731933594,13.145237922668455,638425,-0.00018115493854686804,12.583332742963519,11.7218248685201,0.02330753569985267,Medium Risk
2019-02-24,5.07995080947876,12.759523391723633,13.328571319580078,12.619047164916992,13.14285659790039,16325,-0.02916665820107911,12.64251640864781,11.782856623331705,0.02413368283528151,Medium Risk
2019-02-25,5.026867389678955,12.626190185546877,13.064285278320312,12.619047164916992,12.759523391723633,4410,-0.010449701143480095,12.692856516156878,11.842618529001872,0.02454112205287667,Medium Risk
2019-02-26,5.112180709838867,12.840476036071776,13.095237731933594,12.623808860778809,12.626190185546877,39379,0.01697153673244922,12.76870700291225,11.909523296356202,0.024979380351229145,Medium Risk
2019-02-27,5.115972518920898,12.850000381469728,12.857142448425291,12.666666030883787,12.840476036071776,443188,0.0007417439486820943,12.83843503679548,11.976745541890462,0.02506282554400033,Medium Risk
2019-02-28,5.063835620880127,12.719046592712402,12.857142448425291,12.538095474243164,12.850000381469728,31290,-0.010190956020994957,12.869047301156181,12.038570912679036,0.02557488573703274,Medium Risk
2019-03-03,5.019283294677734,12.607142448425291,12.802379608154297,12.55952262878418,12.719046592712402,37905,-0.00879815507171966,12.792176519121442,12.093967723846436,0.01407578639489598,Low Risk
2019-03-04,5.024971008300781,12.621427536010742,12.797618865966797,12.619047164916992,12.607142448425291,196077,0.001133094802719281,12.717686653137207,12.149602635701497,0.014172708222053802,Low Risk
2019-03-05,5.035398483276367,12.647619247436523,12.735713958740234,12.621427536010742,12.621427536010742,24805,0.0020751782118981765,12.701700346810478,12.20603125890096,0.009783229682681551,Low Risk
2019-03-06,5.099857330322266,12.80952262878418,13.083333015441896,12.64285659790039,12.647619247436523,504739,0.012801095461540735,12.727890695844378,12.268491554260255,0.010068876578641903,Low Risk
2019-03-07,5.118816375732422,12.857142448425291,12.976189613342283,12.811903953552246,12.80952262878418,1262562,0.0037175327310094985,12.73027161189488,12.332539176940918,0.007797210474970951,Low Risk
2019-03-10,5.118816375732422,12.857142448425291,12.857142448425291,12.857142448425291,12.857142448425291,156458,0.0,12.731291907174244,12.399920113881429,0.007793840712558752,Low Risk
2019-03-11,5.118816375732422,12.857142448425291,12.940476417541504,12.714284896850586,12.857142448425291,684,0.0,12.751019886561801,12.45960267384847,0.006372118915769942,Low Risk
2019-03-12,5.120711326599121,12.86190414428711,13.047618865966797,12.69523811340332,12.857142448425291,16380,0.0003703541343591521,12.78741441454206,12.514602692921956,0.004577400500814964,Low Risk
2019-03-13,5.049617767333984,12.68333339691162,12.976189613342283,12.621427536010742,12.86190414428711,11121,-0.013883694464851493,12.79625810895647,12.563650353749592,0.007865550291571145,Low Risk
2019-03-14,5.035398483276367,12.647619247436523,12.7380952835083,12.5,12.68333339691162,92996,-0.0028158330588228253,12.79625810895647,12.604285303751627,0.007942564835807395,Low Risk
2019-03-17,5.144410133361816,12.921427726745604,13.090476036071776,12.619047164916992,12.647619247436523,66885,0.021649013458764355,12.812244551522388,12.654047203063964,0.010580289486797229,Low Risk
2019-03-18,5.118816375732422,12.857142448425291,12.857142448425291,12.669047355651855,12.921427726745604,31588,-0.004975090963613149,12.812244551522392,12.69880911509196,0.010756683077494224,Low Risk
2019-03-19,5.0439300537109375,12.669047355651855,12.84761905670166,12.619047164916992,12.857142448425291,16279,-0.014629618791885846,12.78537382398333,12.711110687255859,0.01210460682355037,Low Risk
2019-03-20,5.0439300537109375,12.669047355651855,12.854761123657228,12.7380952835083,12.669047355651855,546,0.0,12.758503096444267,12.705158297220866,0.01210460682355037,Low Risk
2019-03-21,5.046773433685303,12.676190376281738,12.854761123657228,12.571428298950195,12.669047355651855,70959,0.0005638167124457638,12.731972558157784,12.704999574025472,0.012111248317736752,Low Risk
2019-03-24,5.111232757568359,12.838094711303713,12.857142448425291,12.678570747375488,12.676190376281738,35422,0.012772318040040753,12.754081317356654,12.710237661997477,0.011946291018896528,Low Risk
2019-03-25,5.118816375732422,12.857142448425291,12.857142448425291,12.854761123657228,12.838094711303713,23583,0.0014836887832589962,12.784013203212194,12.71619005203247,0.011779077435701812,Low Risk
2019-03-26,5.082795143127441,12.766666412353516,12.833333015441896,12.74047565460205,12.857142448425291,5342,-0.007037025251505735,12.761904444013323,12.719444020589192,0.008504733585578687,Low Risk
2019-03-27,5.041085720062256,12.661904335021973,12.714284896850586,12.50238037109375,12.766666412353516,22881,-0.008205907004053214,12.734013284955706,12.729999574025472,0.008795495822570044,Low Risk
2019-03-28,5.112180709838867,12.840476036071776,12.857142448425291,12.828571319580078,12.661904335021973,4292,0.01410306825300256,12.758503096444267,12.748888460795085,0.008705075413236972,Low Risk
2019-03-31,5.081846714019775,12.76428508758545,12.857142448425291,12.523809432983398,12.840476036071776,40887,-0.005933654505665409,12.772108486720494,12.764047209421793,0.00920181663703071,Low Risk
2019-04-01,5.024971008300781,12.621427536010742,12.833333015441896,12.550000190734863,12.76428508758545,85272,-0.011191974371807967,12.764285223824638,12.772697989145914,0.01032197160271259,Low Risk
2019-04-02,5.023075103759766,12.616665840148926,12.619047164916992,12.576189994812012,12.621427536010742,15859,-0.00037727078400839886,12.732652527945381,12.776428159077962,0.008529394286813817,Low Risk
2019-04-03,5.022127628326416,12.614285469055176,12.621427536010742,12.578571319580078,12.616665840148926,16203,-0.00018866879125667424,12.697958673749651,12.75872974395752,0.008423570469074639,Low Risk
2019-04-04,5.038241863250732,12.65476131439209,12.678570747375488,12.652379989624023,12.614285469055176,138915,0.0032087307232904205,12.681972231183734,12.742459901173909,0.008432529507711617,Low Risk
2019-04-07,5.038241863250732,12.65476131439209,12.854761123657228,12.678570747375488,12.65476131439209,995,0.0,12.680951799665179,12.738967831929525,0.007850884862461441,Low Risk
2019-04-08,5.07995080947876,12.759523391723633,12.819046974182127,12.626190185546877,12.65476131439209,56540,0.008278471219555827,12.669387136186872,12.743412272135417,0.006244682372775116,Low Risk
2019-04-09,5.037294387817383,12.652379989624023,12.7380952835083,12.616665840148926,12.759523391723633,170053,-0.008397131993904017,12.653400693620954,12.737142403920492,0.006633827572650914,Low Risk
2019-04-10,5.024023056030273,12.619047164916992,12.652379989624023,12.526189804077148,12.652379989624023,145290,-0.0026345102450580082,12.653060640607562,12.729443963368734,0.005106494184995637,Low Risk
2019-04-11,5.022127628326416,12.614285469055176,12.621427536010742,12.516666412353516,12.619047164916992,79951,-0.00037734194979910374,12.65272058759417,12.725951925913494,0.005106495024735505,Low Risk
2019-04-14,5.046773433685303,12.676190376281738,12.773809432983398,12.619047164916992,12.773809432983398,49841,0.004907523884600806,12.661564145769391,12.728253523508707,0.005430724286258548,Low Risk
2019-04-15,5.172314643859863,11.771428108215332,12.14047622680664,11.666666030883787,12.676190376281738,190289,-0.07137493530858419,12.53537368774414,12.69992020924886,0.027606193570714862,Medium Risk
2019-04-16,5.1534833908081055,11.728570938110352,11.785714149475098,11.607142448425291,11.771428108215332,218719,-0.003640779157039642,12.403060776846749,12.669285265604655,0.02742132949682853,Medium Risk
2019-04-17,5.1754536628723145,11.778571128845217,11.785714149475098,11.547618865966797,11.728570938110352,210882,0.004263110228748923,12.26292473929269,12.634920215606689,0.027002749176142874,Medium Risk
2019-04-18,5.178592681884766,11.785714149475098,11.788095474243164,11.666666030883787,11.778571128845217,296952,0.0006064420337359433,12.139115333557129,12.599205938975016,0.02736146408347696,Medium Risk
2019-04-21,5.178592681884766,11.785714149475098,11.547618865966797,11.428570747375488,11.785714149475098,508,0.0,12.020067759922572,12.563491662343344,0.027493452114121998,Medium Risk
2019-04-22,5.125236988067627,11.664284706115724,11.666666030883787,11.547618865966797,11.785714149475098,76141,-0.010303104404138397,11.884353365216937,12.523729737599691,0.027206598976853662,Medium Risk
2019-04-23,5.090713024139404,11.58571434020996,11.607142448425291,11.547618865966797,11.664284706115724,8337,-0.006735978063410086,11.72857107434954,12.481190077463786,0.026431706449564187,Medium Risk
2019-04-24,5.090713024139404,11.58571434020996,11.721427917480469,11.547618865966797,11.58571434020996,1948,0.0,11.702040536063057,12.444602775573731,0.00496009245098979,Low Risk
2019-04-25,5.090713024139404,11.58571434020996,11.58571434020996,11.58571434020996,11.58571434020996,0,0.0,11.681632450648717,12.409205945332845,0.004981841373477047,Low Risk
2019-04-28,5.090713024139404,11.58571434020996,11.58571434020996,11.58571434020996,11.58571434020996,0,0.0,11.654081480843681,12.364682165781657,0.004345863544491313,Low Risk
2019-04-29,5.090713024139404,11.58571434020996,11.58571434020996,11.58571434020996,11.58571434020996,0,0.0,11.625510079520087,12.322301228841146,0.004282748323485364,Low Risk
2019-04-30,5.0352654457092285,11.45952320098877,11.466666221618652,11.428570747375488,11.58571434020996,5544,-0.010891960177476845,11.578911372593469,12.281983757019043,0.005143169205824606,Low Risk
2019-05-01,5.0352654457092285,11.45952320098877,11.45952320098877,11.45952320098877,11.45952320098877,0,0.0,11.549659729003904,12.24166628519694,0.0044649779294096805,Low Risk
2019-05-02,5.126282691955566,11.666666030883787,11.666666030883787,11.664284706115724,11.45952320098877,40542,0.018076042629517453,11.561224256243023,12.208015473683675,0.008544053564134242,Low Risk
2019-05-05,4.911815643310547,11.178570747375488,11.273809432983398,10.75,11.666666030883787,32684,-0.04183674086634703,11.503060885838098,12.152698008219401,0.018367304196399807,Low Risk
2019-05-06,5.0049262046813965,11.39047622680664,11.54523754119873,10.788095474243164,11.178570747375488,35662,0.018956401871044637,11.47516972678048,12.103809134165447,0.02049325134769524,Medium Risk
2019-05-07,4.83439826965332,11.00238037109375,11.319046974182127,10.952380180358888,11.39047622680664,7413,-0.03407196046812655,11.391836302621025,12.044999599456787,0.023671696586330605,Medium Risk
2019-05-08,4.914955139160156,11.185713768005373,11.395237922668455,10.833333015441896,11.00238037109375,60417,0.016663066602686127,11.334693363734655,11.9957932472229,0.025288429582147207,Medium Risk
2019-05-09,4.9201860427856445,11.197619438171388,11.40476131439209,11.197619438171388,11.185713768005373,6304,0.0010643639210641265,11.297278540475029,11.941031360626221,0.025206462143068466,Medium Risk
2019-05-12,4.918093681335449,11.192856788635254,11.19523811340332,11.192856788635254,11.197619438171388,5796,-0.00042532696904296063,11.25918333871024,11.88865041732788,0.02519847685501503,Medium Risk
2019-05-13,4.923323631286621,11.204760551452637,11.214284896850586,11.197619438171388,11.192856788635254,9597,0.0010635142611195025,11.193196841648646,11.841428184509278,0.02358655903129904,Medium Risk
2019-05-14,4.973541259765625,11.319046974182127,11.380951881408691,11.192856788635254,11.204760551452637,51298,0.010199809465332388,11.213264874049596,11.798174222310385,0.017694347921881615,Low Risk
2019-05-15,4.91704797744751,11.190476417541504,11.214284896850586,11.190476417541504,11.319046974182127,707624,-0.011358779315421397,11.184693472726005,11.750713920593261,0.0164996211379881,Low Risk
2019-05-16,4.918093681335449,11.192856788635254,11.219046592712402,11.190476417541504,11.190476417541504,36342,0.00021271400831679443,11.211904389517647,11.701983769734701,0.008849275995747608,Low Risk
2019-05-19,4.918093681335449,11.192856788635254,11.135713577270508,11.135713577270508,11.192856788635254,1680,0.0,11.212924821036202,11.653253618876139,0.006264534463587421,Low Risk
2019-05-20,4.892984867095947,11.135713577270508,11.190476417541504,11.135713577270508,11.192856788635254,234192,-0.005105328554079858,11.20408112662179,11.599126625061036,0.006535711685690867,Low Risk
2019-05-21,4.942155361175537,11.247618675231934,11.25,11.135713577270508,11.135713577270508,200088,0.010049207640347335,11.21190425327846,11.552301247914633,0.007720383653102634,Low Risk
2019-05-22,4.942155361175537,11.247618675231934,11.25,11.25,11.247618675231934,84,0.0,11.218026842389788,11.50658696492513,0.0077230303093850155,Low Risk
2019-05-23,4.91704797744751,11.190476417541504,11.202380180358888,11.190476417541504,11.247618675231934,71093,-0.0050803871770884745,11.199659620012556,11.459126663208007,0.0066300225436163795,Low Risk
2019-05-26,4.922277927398682,11.202380180358888,11.25,11.190476417541504,11.190476417541504,11398,0.0010637404855011745,11.201360157557897,11.409999656677247,0.005063800270826149,Low Risk
2019-05-27,4.91704797744751,11.190476417541504,11.202380180358888,11.190476417541504,11.202380180358888,19433,-0.0010626101440706082,11.201020104544503,11.390634600321452,0.0050846067315914786,Low Risk
2019-05-28,4.919139862060547,11.19523811340332,11.202380180358888,11.190476417541504,11.190476417541504,33524,0.00042551323859219004,11.201360293797084,11.372856839497883,0.005087419251667976,Low Risk
2019-05-29,4.919139862060547,11.19523811340332,11.202380180358888,11.190476417541504,11.19523811340332,3305,0.0,11.209863798958915,11.353412405649822,0.004565813816308654,Low Risk
2019-05-30,4.922277927398682,11.202380180358888,11.25,11.190476417541504,11.19523811340332,12793,0.0006379557882754128,11.203401156834195,11.333967940012615,0.0020958400864692335,Low Risk
2019-06-02,4.922277927398682,11.202380180358888,11.202380180358888,11.202380180358888,11.202380180358888,0,0.0,11.196938514709474,11.314523474375408,0.0020958400864692335,Low Risk
2019-06-03,4.914955139160156,11.185713768005373,11.261903762817385,10.714284896850586,11.202380180358888,198794,-0.0014877563593794774,11.196258136204312,11.298571109771729,0.000916203394897724,Low Risk
2019-06-04,4.914955139160156,11.185713768005373,11.185713768005373,11.185713768005373,11.185713768005373,0,0.0,11.193877220153809,11.285237757364909,0.0007761841145155253,Low Risk
2019-06-05,4.914955139160156,11.185713768005373,11.185713768005373,11.185713768005373,11.185713768005373,0,0.0,11.193196841648646,11.27190440495809,0.0006801655415038511,Low Risk
2019-06-06,4.914955139160156,11.185713768005373,11.185713768005373,11.185713768005373,11.185713768005373,0,0.0,11.19183622087751,11.25857105255127,0.0006477191667695755,Low Risk
2019-06-09,4.914955139160156,11.185713768005373,11.185713768005373,11.185713768005373,11.185713768005373,0,0.0,11.190475600106376,11.24523770014445,0.0006477191667695755,Low Risk
2019-06-10,4.918093681335449,11.192856788635254,11.261903762817385,11.190476417541504,11.185713768005373,219093,0.0006385842493406013,11.189115115574428,11.232142448425293,0.0006478419951065332,Low Risk
2019-06-11,4.918093681335449,11.192856788635254,11.202380180358888,11.190476417541504,11.192856788635254,338389,0.0,11.18775463104248,11.22325356801351,0.0006478419951065332,Low Risk
2019-06-12,4.918093681335449,11.192856788635254,11.192856788635254,11.192856788635254,11.192856788635254,0,0.0,11.188775062561035,11.214364687601725,0.00024136215927400635,Low Risk
2019-06-13,4.9201860427856445,11.197619438171388,11.202380180358888,11.190476417541504,11.192856788635254,178453,0.00042550794904938627,11.190475872584752,11.19872980117798,0.000266799184370685,Low Risk
2019-06-16,4.9201860427856445,11.197619438171388,11.202380180358888,11.197619438171388,11.197619438171388,24112,0.0,11.192176682608471,11.199364757537841,0.000266799184370685,Low Risk
2019-06-17,4.939016819000244,11.24047565460205,11.273809432983398,11.226189613342283,11.197619438171388,12343,0.003827261380626279,11.199999809265138,11.194364738464355,0.001403499842247681,Low Risk
2019-06-18,4.928555488586426,11.216666221618652,11.235713958740234,11.20952320098877,11.24047565460205,9966,-0.0021181873183142574,11.20442158835275,11.201507600148519,0.0017618578346225743,Low Risk
2019-06-19,4.949479103088379,11.26428508758545,11.273809432983398,11.259523391723633,11.216666221618652,19912,0.004245367119422472,11.21462563105992,11.204126644134522,0.0022921614481281054,Low Risk
2019-06-20,4.969356060028076,11.30952262878418,11.311903953552246,11.30952262878418,11.26428508758545,17766,0.004016015294977526,11.231292179652625,11.207856750488281,0.0025175313820151477,Low Risk
2019-06-23,4.969356060028076,11.30952262878418,11.214284896850586,11.214284896850586,11.30952262878418,210,0.0,11.247958728245328,11.21174561182658,0.0025175313820151477,Low Risk
2019-06-24,4.996556282043457,11.371427536010742,11.547618865966797,11.30952262878418,11.30952262878418,134673,0.005473697631499297,11.272788456508092,11.217301177978516,0.002862777706821272,Low Risk
2019-06-25,4.98086404800415,11.33571434020996,11.430952072143556,11.33571434020996,11.371427536010742,2751,-0.0031406079568890855,11.292516299656459,11.21785675684611,0.0034517056409592278,Low Risk
2019-06-26,5.101174354553223,11.609522819519045,11.897619247436523,11.428570747375488,11.33571434020996,10214,0.024154497113413775,11.345237323216029,11.231824970245361,0.009217673689518039,Low Risk
2019-06-27,5.101174354553223,11.609522819519045,11.369047164916992,11.333333015441896,11.609522819519045,2016,0.0,11.401359694344658,11.245713837941487,0.008989969793740307,Low Risk
2019-06-30,5.101174354553223,11.609522819519045,11.609522819519045,11.609522819519045,11.609522819519045,0,0.0,11.45067937033517,11.259602705637613,0.009187569910613773,Low Risk
2019-07-01,5.101174354553223,11.609522819519045,11.609522819519045,11.609522819519045,11.609522819519045,0,0.0,11.49353654044015,11.275396347045898,0.009336639742306588,Low Risk
2019-07-02,5.019572734832764,11.423809051513672,11.428570747375488,11.30952262878418,11.609522819519045,443142,-0.015996675392474624,11.50986317225865,11.281269359588624,0.011996078474005824,Low Risk
2019-07-03,5.021665096282959,11.428570747375488,11.64285659790039,11.428570747375488,11.423809051513672,210042,0.00041682208100146667,11.5180264881679,11.287301095326741,0.011868390238897804,Low Risk
2019-07-04,5.021665096282959,11.428570747375488,11.4880952835083,11.428570747375488,11.428570747375488,431823,0.0,11.531291689191546,11.295237572987874,0.011754457259046091,Low Risk
2019-07-07,5.220439434051514,11.880951881408691,11.90476131439209,11.65714168548584,11.428570747375488,10836,0.03958335158725679,11.570067269461495,11.317856629689535,0.017032319194837626,Low Risk
2019-07-08,5.053050994873047,11.5,11.902379989624023,11.4880952835083,11.880951881408691,19572,-0.03206408755891055,11.554421152387347,11.328174082438151,0.021762861816847143,Medium Risk
2019-07-09,5.053050994873047,11.5,11.49047565460205,11.49047565460205,11.5,583,0.0,11.538775035313197,11.338332811991373,0.021762861816847143,Medium Risk
2019-07-10,5.053050994873047,11.5,11.880951881408691,11.4880952835083,11.5,315,0.0,11.523128918239049,11.348491541544597,0.021762861816847143,Medium Risk
2019-07-11,5.047819137573242,11.4880952835083,11.492856979370115,11.4880952835083,11.5,19021,-0.0010351927384085746,11.532312665666852,11.358015378316244,0.02077414101158895,Medium Risk
2019-07-14,5.047819137573242,11.4880952835083,11.4880952835083,11.4880952835083,11.4880952835083,12906,0.0,11.540816170828682,11.367539215087891,0.020776641087327147,Medium Risk
2019-07-15,5.047819137573242,11.4880952835083,11.4880952835083,11.4880952835083,11.4880952835083,13448,0.0,11.549319675990514,11.377618598937989,0.020776641087327147,Medium Risk
2019-07-16,5.047819137573242,11.4880952835083,11.4880952835083,11.454760551452637,11.4880952835083,40597,0.0,11.493197304861885,11.387697982788087,0.012060047173501526,Low Risk
2019-07-17,5.021665096282959,11.428570747375488,11.454760551452637,11.426190376281738,11.4880952835083,317444,-0.005181410378643281,11.482993125915527,11.395793215433757,0.0019320868825235568,Low Risk
2019-07-18,5.021665096282959,11.428570747375488,11.428570747375488,11.428570747375488,11.428570747375488,4216,0.0,11.47278894696917,11.403888448079426,0.0019320868825235568,Low Risk
2019-07-21,5.021665096282959,11.428570747375488,11.216666221618652,11.216666221618652,11.428570747375488,84,0.0,11.46258476802281,11.411983680725097,0.0019320868825235568,Low Risk
2019-07-22,5.021665096282959,11.428570747375488,11.216666221618652,11.190476417541504,11.428570747375488,2520,0.0,11.45408126286098,11.419840812683105,0.001958389043208441,Low Risk
2019-07-23,5.021665096282959,11.428570747375488,11.428570747375488,11.428570747375488,11.428570747375488,0,0.0,11.44557775769915,11.427697944641114,0.001958389043208441,Low Risk
2019-07-24,5.021665096282959,11.428570747375488,11.428570747375488,11.428570747375488,11.428570747375488,213003,0.0,11.437074252537318,11.43555507659912,0.001958389043208441,Low Risk
2019-07-25,4.9201860427856445,11.197619438171388,11.428570747375488,11.190476417541504,11.428570747375488,16800,-0.020208240759863716,11.395577703203474,11.43555507659912,0.007562290015831082,Low Risk
2019-07-28,4.9201860427856445,11.197619438171388,11.197619438171388,11.197619438171388,11.197619438171388,0,0.0,11.362584659031459,11.43555507659912,0.007637997069245473,Low Risk
2019-07-29,4.9201860427856445,11.197619438171388,10.857142448425291,10.857142448425291,11.197619438171388,193,0.0,11.329591614859444,11.434126536051433,0.007637997069245473,Low Risk
2019-07-30,4.9201860427856445,11.197619438171388,11.197619438171388,11.197619438171388,11.197619438171388,0,0.0,11.296598570687431,11.433491643269859,0.007637997069245473,Low Risk
2019-07-31,4.831260681152344,10.995238304138184,11.071428298950195,10.9880952835083,11.197619438171388,8429,-0.018073585653689106,11.234693935939244,11.42452341715495,0.009360115762119389,Low Risk
2019-08-01,4.91704797744751,11.190476417541504,11.190476417541504,11.190476417541504,10.995238304138184,71484,0.017756605905471012,11.200680460248675,11.420555210113527,0.012846147418583415,Low Risk
2019-08-04,4.771627902984619,10.859522819519045,10.859522819519045,10.857142448425291,11.190476417541504,5821,-0.029574576244464135,11.119387899126327,11.405555216471356,0.016157609964064682,Low Risk
2019-08-05,4.91704797744751,11.190476417541504,11.190476417541504,11.185713768005373,10.859522819519045,168348,0.030475887709135785,11.118367467607772,11.399523512522382,0.02018802477424107,Medium Risk
2019-08-06,4.786273956298828,10.89285659790039,11.188095092773438,10.857142448425291,11.190476417541504,10038,-0.026595813130402823,11.074829918997631,11.38476158777873,0.022568663309713823,Medium Risk
2019-08-07,4.786273956298828,10.89285659790039,11.166666030883787,10.595237731933594,10.89285659790039,1982,0.0,11.031292370387488,11.360872713724774,0.022568663309713823,Medium Risk
2019-08-08,5.016434192657471,11.416666030883787,11.428570747375488,10.728570938110352,10.89285659790039,216934,0.04808742576160974,11.062584740774971,11.354444154103598,0.02998750737184803,Medium Risk
2019-08-11,5.016434192657471,11.416666030883787,11.416666030883787,11.416666030883787,11.416666030883787,0,0.0,11.122788701738628,11.348015594482424,0.028601242981090524,Medium Risk
2019-08-12,5.016434192657471,11.416666030883787,11.416666030883787,11.416666030883787,11.416666030883787,0,0.0,11.155101503644671,11.341587034861247,0.0281411275620424,Medium Risk
2019-08-13,5.016434192657471,11.416666030883787,11.416666030883787,11.416666030883787,11.416666030883787,0,0.0,11.234693390982489,11.341348934173585,0.02436771946317646,Medium Risk
2019-08-14,5.02584981918335,11.438095092773438,11.4880952835083,11.399999618530272,11.416666030883787,24061,0.0018769982262494267,11.270067487444194,11.341666412353515,0.02215569067504179,Medium Risk
2019-08-15,5.021665096282959,11.428570747375488,11.428570747375488,11.428570747375488,11.438095092773438,2788,-0.0008326863276356677,11.346598080226352,11.341666412353515,0.018128109842350918,Low Risk
2019-08-18,4.771627902984619,10.859522819519045,10.952380180358888,10.714284896850586,11.428570747375488,12587,-0.04979169665525518,11.341836111886158,11.307618776957193,0.02827179937738178,Medium Risk
2019-08-19,5.021665096282959,11.428570747375488,11.428570747375488,11.40476131439209,10.859522819519045,41260,0.05240082251437683,11.34353678567069,11.30523780186971,0.02951657428121109,Medium Risk
2019-08-20,5.021665096282959,11.428570747375488,11.428570747375488,11.428570747375488,11.428570747375488,3435,0.0,11.345237459455218,11.302856826782227,0.02951657428121109,Medium Risk
2019-08-21,5.022711753845215,11.430952072143556,11.430952072143556,11.428570747375488,11.428570747375488,9597,0.00020836592962547584,11.347278322492327,11.300555229187013,0.029516065278800335,Medium Risk
2019-08-22,5.022711753845215,11.430952072143556,11.607142448425291,11.428570747375488,11.430952072143556,599222,0.0,11.349319185529437,11.298650455474855,0.029516065278800335,Medium Risk
2019-08-25,5.021665096282959,11.428570747375488,11.428570747375488,11.428570747375488,11.430952072143556,26103,-0.00020832252230951198,11.3479585647583,11.296666304270428,0.029510982688610014,Medium Risk
2019-08-26,4.944247722625732,11.25238037109375,11.428570747375488,11.078571319580078,11.428570747375488,364396,-0.015416658843556585,11.322788511003766,11.288809140523277,0.03010920769402648,Medium Risk
2019-08-27,4.944247722625732,11.25238037109375,11.25238037109375,11.25238037109375,11.25238037109375,0,0.0,11.378911018371582,11.280951976776125,0.02155690869249284,Medium Risk
2019-08-28,4.929601192474365,11.219046592712402,11.430952072143556,11.14285659790039,11.25238037109375,49799,-0.002962375718028376,11.348978996276855,11.273967838287355,0.0057486306136299,Low Risk
2019-08-29,4.9013543128967285,11.15476131439209,11.39285659790039,11.083333015441896,11.219046592712402,19114,-0.005730012598581302,11.309863362993513,11.26484085718791,0.005720344290536508,Low Risk
2019-09-01,4.9013543128967285,11.15476131439209,11.15476131439209,11.15476131439209,11.15476131439209,0,0.0,11.270407540457589,11.255713876088462,0.005698671333974533,Low Risk
2019-09-02,4.91704797744751,11.190476417541504,11.190476417541504,11.071428298950195,11.09761905670166,583825,0.0032017810281008696,11.23605387551444,11.24777739842733,0.006135707560332351,Low Risk
2019-09-03,4.867877006530762,11.078571319580078,11.130951881408691,10.952380180358888,11.190476417541504,8353,-0.010000029827685442,11.186053957257952,11.236110750834149,0.0064944621717547375,Low Risk
2019-09-04,4.91704797744751,11.190476417541504,11.357142448425291,10.952380180358888,11.078571319580078,1319976,0.010101040534319372,11.177210535321917,11.228174273173016,0.006451641311813556,Low Risk
2019-09-05,4.91704797744751,11.190476417541504,11.19523811340332,11.190476417541504,11.190476417541504,554631,0.0,11.168367113385882,11.227936172485354,0.006451641311813556,Low Risk
2019-09-08,4.923323631286621,11.204760551452637,11.214284896850586,11.192856788635254,11.190476417541504,13246,0.001276454493817747,11.166326250348773,11.228174209594727,0.006410359040575513,Low Risk
2019-09-09,4.91704797744751,11.190476417541504,11.190476417541504,11.190476417541504,11.204760551452637,1234800,-0.0012748272348650502,11.171428407941546,11.227936108907064,0.005971845822704081,Low Risk
2019-09-10,4.918093681335449,11.192856788635254,11.214284896850586,11.190476417541504,11.190476417541504,31201,0.00021271400831679443,11.176870618547712,11.227777353922527,0.005969584171016274,Low Risk
2019-09-11,4.98086404800415,11.33571434020996,11.39285659790039,11.2380952835083,11.192856788635254,13129,0.012763278783282317,11.197618893214635,11.239126555124919,0.007569641911782421,Low Risk
2019-09-12,5.018527030944824,11.421427726745604,11.428570747375488,11.40476131439209,11.33571434020996,12600,0.007561357313989658,11.246598379952568,11.246824932098388,0.00564639093542361,Low Risk
2019-09-15,5.018527030944824,11.421427726745604,11.202380180358888,11.202380180358888,11.421427726745604,420,0.0,11.27959142412458,11.265555095672605,0.005213938853702523,Low Risk
2019-09-16,4.91704797744751,11.190476417541504,11.202380180358888,11.190476417541504,11.421427726745604,2306442,-0.020220879099316136,11.27959142412458,11.265555095672605,0.010265189346089804,Low Risk
2019-09-17,4.916000843048096,11.188095092773438,11.190476417541504,10.952380180358888,11.190476417541504,1898904,-0.00021279923027528458,11.277210644313268,11.27539637883504,0.010250846574245194,Low Risk
2019-09-18,4.7977824211120605,10.919047355651855,10.976189613342283,10.773809432983398,11.188095092773438,19719,-0.02404768058285134,11.238435064043317,11.276269404093423,0.013695732978563574,Low Risk
2019-09-19,4.71304178237915,10.726189613342283,11.152379989624023,10.595237731933594,10.919047355651855,45935,-0.017662506263400934,11.171768324715751,11.253253523508706,0.01454547063787738,Low Risk
2019-09-22,4.639809608459473,10.55952262878418,10.595237731933594,10.011903762817385,10.726189613342283,29878,-0.015538321674901878,11.060883794512067,11.224682076772051,0.012215967641206997,Low Risk
2019-09-23,4.813475131988525,10.954760551452637,11.40476131439209,10.297618865966797,10.55952262878418,59665,0.03742952561047397,10.994217055184501,11.209285227457682,0.021252941077272398,Medium Risk
2019-09-24,4.493344306945801,10.226189613342283,10.357142448425291,10.121427536010742,10.954760551452637,5670,-0.06650724447041811,10.82346875326974,11.1696026802063,0.030920777967609628,Medium Risk
2019-09-25,4.52054500579834,10.288095474243164,10.595237731933594,10.2380952835083,10.226189613342283,13490,0.0060536586198354225,10.694557189941406,11.131269359588623,0.03179925584997437,Medium Risk
2019-09-26,4.52054500579834,10.288095474243164,10.714284896850586,10.476189613342283,10.288095474243164,2814,0.0,10.565985815865654,11.09325351715088,0.031811941614642666,Medium Risk
2019-09-29,4.630393981933594,10.538095474243164,10.714284896850586,10.483332633972168,10.288095474243164,37800,0.024299930013858217,10.511564118521553,11.082539272308349,0.033811042283652844,Medium Risk
2019-09-30,4.62830114364624,10.533332824707031,10.535714149475098,10.483332633972168,10.538095474243164,26531,-0.00045194594675801447,10.484013148716517,11.052698008219402,0.03332173847723958,Medium Risk
2019-10-01,4.622024059295654,10.519046783447266,10.595237731933594,10.4880952835083,10.533332824707031,24028,-0.0013562698053417588,10.47823088509696,11.022380542755126,0.03279562870809377,Medium Risk
2019-10-02,4.499621391296387,10.24047565460205,10.833333015441896,10.2380952835083,10.519046783447266,1055762,-0.026482544909256722,10.376190185546875,10.982697995503742,0.029326945263157655,Medium Risk
2019-10-03,4.499621391296387,10.24047565460205,10.242856979370115,10.2380952835083,10.24047565460205,6006,0.0,10.378231048583984,10.943015448252359,0.014887883188355726,Low Risk
2019-10-07,4.499621391296387,10.24047565460205,10.357142448425291,10.2380952835083,10.24047565460205,1344,0.0,10.371428217206683,10.903412278493244,0.014671856616416814,Low Risk
2019-10-08,4.498575210571289,10.2380952835083,10.242856979370115,10.2380952835083,10.24047565460205,420000,-0.00023244731729621382,10.364285332815987,10.869602775573728,0.0146706142069862,Low Risk
2019-10-09,4.498575210571289,10.2380952835083,10.245238304138184,10.2380952835083,10.2380952835083,2583,0.0,10.321428162711006,10.835793272654213,0.00989274287095518,Low Risk
2019-10-10,4.498575210571289,10.2380952835083,10.2380952835083,10.235713958740234,10.2380952835083,13540,0.0,10.279251371111188,10.803094895680744,0.009921759443160533,Low Risk
2019-10-13,4.499621391296387,10.24047565460205,10.928570747375488,10.178570747375488,10.2380952835083,13776,0.00023250136161401258,10.239455495561872,10.772618707021076,0.010010364381543228,Low Risk
2019-10-14,4.499621391296387,10.24047565460205,10.25,10.2380952835083,10.24047565460205,4200,0.0,10.239455495561872,10.742142518361408,0.00013421912311166142,Low Risk
2019-10-15,4.498575210571289,10.2380952835083,10.2380952835083,10.2380952835083,10.24047565460205,10269,-0.00023244731729621382,10.23911544254848,10.7103964805603,0.00016041880628343312,Low Risk
2019-10-16,4.498575210571289,10.2380952835083,10.2380952835083,10.233332633972168,10.2380952835083,100044,0.0,10.238775389535087,10.682380612691242,0.00016041880628343312,Low Risk
2019-10-17,4.50171422958374,10.245238304138184,10.476189613342283,10.121427536010742,10.2380952835083,176694,0.0006976903840101301,10.239795821053642,10.650872675577798,0.0002958915617656084,Low Risk
2019-10-20,4.50171422958374,10.245238304138184,10.214284896850586,10.214284896850586,10.245238304138184,420,0.0,10.240816252572197,10.619364738464354,0.0002958915617656084,Low Risk
2019-10-21,4.50171422958374,10.245238304138184,10.245238304138184,10.245238304138184,10.245238304138184,0,0.0,10.241836684090751,10.587380663553871,0.0002958915617656084,Low Risk
2019-10-22,4.497529029846191,10.235713958740234,10.2380952835083,10.178570747375488,10.245238304138184,67435,-0.0009296362969031247,10.241156441824776,10.555555248260497,0.000478577501068098,Low Risk
2019-10-23,4.498575210571289,10.2380952835083,10.2380952835083,10.2380952835083,10.235713958740234,46838,0.00023264862399097197,10.240816388811384,10.523729864756264,0.000491846932627138,Low Risk
2019-10-24,4.506944179534912,10.257142066955566,10.714284896850586,10.202380180358888,10.2380952835083,48883,0.0018603834912482853,10.24353735787528,10.487777455647784,0.0008535554711788618,Low Risk
2019-10-27,4.498575210571289,10.2380952835083,10.2380952835083,10.2380952835083,10.257142066955566,3024,-0.0018569288913943272,10.24353735787528,10.44833304087321,0.0011771668015391414,Low Risk
2019-10-28,4.498575210571289,10.2380952835083,10.2380952835083,10.235713958740234,10.2380952835083,4662,0.0,10.242516926356725,10.408888626098634,0.0011371637290431428,Low Risk
2019-10-29,4.498575210571289,10.2380952835083,10.2380952835083,10.2380952835083,10.2380952835083,2360,0.0,10.24149649483817,10.377142588297525,0.0011371637290431428,Low Risk
2019-10-30,4.498575210571289,10.2380952835083,10.2380952835083,10.2380952835083,10.2380952835083,0,0.0,10.240476063319615,10.345475927988689,0.0011371637290431428,Low Risk
2019-10-31,4.498575210571289,10.2380952835083,10.24047565460205,10.2380952835083,10.2380952835083,36771,0.0,10.240816252572197,10.322777525583904,0.001076674934792433,Low Risk
2019-11-03,4.49439001083374,10.228570938110352,10.473809242248535,10.0047607421875,10.2380952835083,153896,-0.0009302848952080778,10.23945563180106,10.306190236409504,0.0011293010586284037,Low Risk
2019-11-04,4.413834095001221,10.04523754119873,10.071428298950195,10.011903762817385,10.228570938110352,9156,-0.017923656982085756,10.20918355669294,10.289047400156656,0.006636941158503932,Low Risk
2019-11-05,4.504852294921875,10.25238037109375,10.469046592712402,10.00238037109375,10.04523754119873,5896,0.02062099866184952,10.211224283490862,10.265634727478027,0.011157228041763329,Low Risk
2019-11-06,4.436850547790527,10.09761905670166,10.25238037109375,10.00238037109375,10.25238037109375,17820,-0.015095159249888357,10.191156251089913,10.261349042256674,0.01258196742696816,Low Risk
2019-11-07,4.43580436706543,10.095237731933594,10.100000381469728,10.095237731933594,10.09761905670166,23137,-0.00023583032343510446,10.170748029436384,10.254920450846354,0.01257633391222657,Low Risk
2019-11-11,4.395002841949463,10.00238037109375,10.035714149475098,10.0,10.095237731933594,222952,-0.009198135131193053,10.13707447052002,10.245396614074707,0.012818331090913324,Low Risk
2019-11-12,4.40546464920044,10.026189804077148,10.03095245361328,10.011903762817385,10.00238037109375,13906,0.0023803766803556226,10.106802259172712,10.22833309173584,0.012949871715077532,Low Risk
2019-11-13,4.446265697479248,10.119047164916992,10.354761123657228,10.119047164916992,10.026189804077148,202230,0.009261480448144344,10.091156005859375,10.21452356974284,0.013757518577390056,Low Risk
2019-11-14,4.450450420379639,10.128570556640623,10.2380952835083,10.119047164916992,10.119047164916992,6300,0.0009411352243369198,10.103060722351074,10.20150769551595,0.011685655030511189,Low Risk
2019-11-17,4.447311878204346,10.121427536010742,10.130951881408691,10.119047164916992,10.128570556640623,31004,-0.0007052348196555647,10.084353174482073,10.19753942489624,0.00798419422722175,Low Risk
2019-11-18,4.393957138061523,10.0,10.083333015441896,10.0,10.121427536010742,842364,-0.011997076062513767,10.070407594953265,10.189523569742839,0.007169118426499843,Low Risk
2019-11-19,4.393957138061523,10.0,10.2380952835083,10.0,10.0,1890,0.0,10.056802204677037,10.181507714589436,0.007175858765806263,Low Risk
2019-11-20,4.496481895446777,10.233332633972168,10.2380952835083,10.0,10.0,9836,0.023333263397216752,10.08979538508824,10.181348959604898,0.01083367765198374,Low Risk
2019-11-21,4.496481895446777,10.233332633972168,10.2380952835083,10.00238037109375,10.233332633972168,798,0.0,10.119387217930385,10.18119020462036,0.010905073439786727,Low Risk
2019-11-24,4.496481895446777,10.233332633972168,10.233332633972168,10.233332633972168,10.233332633972168,0,0.0,10.135713713509697,10.181031449635823,0.010572161929958227,Low Risk
2019-11-25,4.450450420379639,10.128570556640623,10.226189613342283,10.0047607421875,10.233332633972168,51185,-0.010237337246691292,10.135713713509697,10.177301279703777,0.011501081917108203,Low Risk
2019-11-26,4.450450420379639,10.128570556640623,10.00238037109375,10.00238037109375,10.128570556640623,2940,0.0,10.136734145028251,10.173571109771729,0.011496387786208345,Low Risk
2019-11-27,4.447311878204346,10.121427536010742,10.214284896850586,10.119047164916992,10.128570556640623,10567,-0.0007052348196555647,10.154080935886928,10.169682184855143,0.01022911582557103,Low Risk
2019-11-28,4.497529029846191,10.235713958740234,10.2380952835083,10.214284896850586,10.121427536010742,212818,0.011291531982309477,10.187754358564105,10.169602807362875,0.010778985768413803,Low Risk
2019-12-01,4.443127632141113,10.11190414428711,10.235713958740234,10.047618865966797,10.235713958740234,6220,-0.012095865022430097,10.17040743146624,10.165158335367838,0.007739468646138626,Low Risk
2019-12-02,4.393957138061523,10.0,10.119047164916992,9.883333206176758,10.11190414428711,30765,-0.011066574869613599,10.137074198041644,10.1569837252299,0.008438280423457819,Low Risk
2019-12-03,4.3426947593688965,9.883333206176758,9.89285659790039,9.880951881408691,10.0,10605,-0.011666679382324241,10.087074279785156,10.144920221964519,0.008830339403381031,Low Risk
2019-12-04,4.343740463256836,9.885713577270508,9.909523010253906,9.880951881408691,9.883333206176758,10991,0.00024084699403470466,10.052380425589424,10.133253542582194,0.0086664606118585,Low Risk
2019-12-05,4.2872467041015625,9.757142066955566,9.883333206176758,9.547618865966797,9.885713577270508,28245,-0.013005789547712254,9.999319212777275,10.117221768697103,0.009187324027321484,Low Risk
2019-12-08,4.2872467041015625,9.757142066955566,9.588094711303713,9.588094711303713,9.757142066955566,840,0.0,9.947278431483678,10.100555102030436,0.009249594889659728,Low Risk
2019-12-09,4.2872467041015625,9.757142066955566,10.107142448425291,9.64285659790039,9.757142066955566,1037,0.0,9.878911018371582,10.084523328145345,0.006461420908368974,Low Risk
2019-12-10,4.2872467041015625,9.757142066955566,9.78095245361328,9.690476417541504,9.757142066955566,2461,0.0,9.828230721609932,10.068491554260254,0.006426139730059014,Low Risk
2019-12-11,4.254814624786377,9.68333339691162,9.690476417541504,9.678570747375488,9.757142066955566,6568,-0.007564578801605659,9.78299263545445,10.049999491373699,0.006004052090811957,Low Risk
2019-12-12,4.254814624786377,9.68333339691162,9.773809432983398,9.761903762817385,9.68333339691162,2100,0.0,9.75442123413086,10.031507428487142,0.005281888442553597,Low Risk
2019-12-15,4.254814624786377,9.68333339691162,9.880951881408691,9.845237731933594,9.68333339691162,2079,0.0,9.725509779793876,10.013015365600586,0.005258720298361933,Low Risk
2019-12-16,4.393957138061523,10.0,10.0047607421875,10.0,9.68333339691162,48438,0.03270223074105627,9.760203770228795,10.005396334330241,0.013142723579970879,Low Risk
2019-12-17,4.498575210571289,10.2380952835083,10.2380952835083,10.226189613342283,10.0,355005,0.023809528350830167,9.82891137259347,10.01182492574056,0.015007173093512063,Low Risk
2019-12-18,4.498575210571289,10.2380952835083,10.2380952835083,10.235713958740234,10.2380952835083,206220,0.0,9.897618974958148,10.011348756154378,0.015007173093512063,Low Risk
2019-12-19,4.498575210571289,10.2380952835083,10.2380952835083,10.235713958740234,10.2380952835083,102900,0.0,9.966326577322823,10.016031297047933,0.015007173093512063,Low Risk
2019-12-22,4.467189311981201,10.166666030883787,10.166666030883787,10.130951881408691,10.2380952835083,4284,-0.006976810690517143,10.035374096461705,10.018412240346272,0.014913502070962073,Low Risk
2019-12-23,4.498575210571289,10.2380952835083,10.2380952835083,10.2380952835083,10.166666030883787,37233,0.007025828566368686,10.114625794546944,10.026269404093425,0.014590809517756388,Low Risk
2019-12-24,4.498575210571289,10.2380952835083,10.345237731933594,10.2380952835083,10.2380952835083,18501,0.0,10.193877492632184,10.033332920074463,0.014590809517756388,Low Risk
2019-12-25,4.471374034881592,10.176190376281738,10.2380952835083,10.130951881408691,10.2380952835083,8143,-0.006046525795308844,10.219047546386719,10.035237693786621,0.010457598980914055,Low Risk
2019-12-26,4.471374034881592,10.176190376281738,10.176190376281738,10.176190376281738,10.176190376281738,0,0.0,10.210203988211495,10.036825021107992,0.004645069837233498,Low Risk
2019-12-29,4.393957138061523,10.0,10.0,10.0,10.176190376281738,3120,-0.017313981929071964,10.176190376281738,10.0327774365743,0.007710818981368374,Low Risk
2019-12-30,4.486021041870117,10.20952320098877,10.24047565460205,10.00238037109375,10.0,43839,0.020952320098877042,10.17210865020752,10.039761543273926,0.01205941692205243,Low Risk
2019-12-31,4.475558757781982,10.185713768005373,10.2380952835083,10.007142066955566,10.20952320098877,34797,-0.0023320807950258926,10.174829755510602,10.045952002207438,0.011757187693861672,Low Risk
2020-01-02,4.498575210571289,10.2380952835083,10.583333015441896,10.2380952835083,10.185713768005373,33604,0.005142645542177471,10.174829755510602,10.046110757191975,0.0115988249142261,Low Risk
2020-01-05,4.4044189453125,10.023809432983398,10.185713768005373,9.90476131439209,10.2380952835083,48699,-0.020930245772382894,10.144217491149902,10.039126650492351,0.014054036775678574,Low Risk
2020-01-06,4.446265697479248,10.119047164916992,10.121427536010742,10.119047164916992,10.023809432983398,25305,0.009501151490391768,10.136054175240654,10.035317134857177,0.01469389313588425,Low Risk
2020-01-08,4.447311878204346,10.121427536010742,10.130951881408691,10.119047164916992,10.119047164916992,4355,0.0002352366833513475,10.128230912344796,10.035079034169515,0.014696060271954423,Low Risk
2020-01-09,4.500667572021484,10.242856979370115,10.357142448425291,10.235713958740234,10.121427536010742,169516,0.011997264509116201,10.162924766540527,10.038888581593831,0.013272824436747491,Low Risk
2020-01-12,4.550883769989014,10.357142448425291,10.357142448425291,10.354761123657228,10.242856979370115,8710,0.011157577352232328,10.18401323046003,10.046745745340983,0.011529255967236038,Low Risk
2020-01-13,4.550883769989014,10.357142448425291,10.357142448425291,10.357142448425291,10.357142448425291,1259869,0.0,10.20850304194859,10.050793361663818,0.011412599047131263,Low Risk
2020-01-14,4.554022789001465,10.364285469055176,10.714284896850586,10.36190414428711,10.357142448425291,5922,0.0006896709845842786,10.226530211312431,10.05920607248942,0.011361053448202775,Low Risk
2020-01-15,4.551929950714111,10.359522819519045,10.385713577270508,10.357142448425291,10.364285469055176,49106,-0.0004595251211818585,10.274489266531807,10.07119016647339,0.005812658297919584,Low Risk
2020-01-16,4.675379753112793,10.64047622680664,10.71190357208252,10.592857360839844,10.359522819519045,11083,0.027120303915758814,10.348979132516044,10.096428267161052,0.010302740288752953,Low Risk
2020-01-19,4.615746974945068,10.5047607421875,10.714284896850586,10.261903762817385,10.64047622680664,9555,-0.01275464384547298,10.403741019112724,10.117063172658284,0.012673576037368184,Low Risk
2020-01-20,4.566576480865479,10.39285659790039,10.476189613342283,10.359522819519045,10.5047607421875,11083,-0.010652707570739661,10.425169536045619,10.138253657023112,0.013566346671293299,Low Risk
2020-01-21,4.582269191741943,10.428570747375488,10.702380180358888,10.36190414428711,10.39285659790039,28077,0.0034364131881039484,10.43537357875279,10.160634613037109,0.01301529964454021,Low Risk
2020-01-22,4.686886787414551,10.666666030883787,10.714284896850586,10.440476417541504,10.428570747375488,103370,0.02283105607431568,10.479591233389717,10.190952078501384,0.015357095217587519,Low Risk
2020-01-23,4.686886787414551,10.666666030883787,10.71190357208252,10.426190376281738,10.666666030883787,1478,0.0,10.522788456508092,10.221269543965658,0.015386420437723288,Low Risk
2020-01-26,4.6555023193359375,10.595237731933594,10.595237731933594,10.595237731933594,10.666666030883787,10332,-0.006696403425717423,10.556462015424456,10.251666355133057,0.01587519301745589,Low Risk
2020-01-27,4.70781135559082,10.714284896850586,10.714284896850586,10.69523811340332,10.595237731933594,19870,0.011235912579685703,10.56700611114502,10.286031405131022,0.012731147219085987,Low Risk
2020-01-28,4.551929950714111,10.359522819519045,10.36190414428711,10.357142448425291,10.714284896850586,10500,-0.03311112974378927,10.546257836478096,10.308571052551269,0.0177482290865887,Low Risk
2020-01-29,4.551929950714111,10.359522819519045,10.359522819519045,10.359522819519045,10.359522819519045,0,0.0,10.541495868137904,10.320555146535238,0.017319267091659662,Low Risk
2020-01-30,4.567623615264893,10.395237922668455,10.659523010253906,10.359522819519045,10.383333206176758,6703,0.0034475625732603987,10.5367340360369,10.325793234507243,0.017319671618592523,Low Risk
2020-02-02,4.552976131439209,10.36190414428711,10.36190414428711,10.359522819519045,10.395237922668455,7677,-0.003206639292849256,10.493196623665947,10.329920196533203,0.013993697897419284,Low Risk
2020-02-03,4.552976131439209,10.36190414428711,10.36190414428711,10.36190414428711,10.36190414428711,0,0.0,10.44965921129499,10.334047158559164,0.013993697897419284,Low Risk
2020-02-04,4.591685771942139,10.449999809265137,10.666666030883787,10.64285659790039,10.449999809265137,273,0.00850187993937368,10.42891093662807,10.343491617838541,0.014676543899588772,Low Risk
2020-02-05,4.698395252227783,10.692856788635254,10.714284896850586,10.595237731933594,10.449999809265137,69720,0.023239902756246655,10.425849778311592,10.358650334676106,0.016983856418383295,Low Risk
2020-02-06,4.698395252227783,10.692856788635254,10.692856788635254,10.692856788635254,10.692856788635254,0,0.0,10.473468916756767,10.373809051513671,0.00902233917980799,Low Risk
2020-02-09,4.698395252227783,10.692856788635254,10.476189613342283,10.454760551452637,10.692856788635254,798,0.0,10.52108805520194,10.391031265258789,0.00902233917980799,Low Risk
2020-02-10,4.698395252227783,10.692856788635254,10.692856788635254,10.692856788635254,10.692856788635254,0,0.0,10.563605036054339,10.408253479003907,0.00918636235357256,Low Risk
2020-02-11,4.603193283081055,10.476189613342283,10.476189613342283,10.476189613342283,10.692856788635254,22041,-0.020262795955824697,10.57993153163365,10.424126466115316,0.012936589361944865,Low Risk
2020-02-12,4.573899269104004,10.409523010253906,10.416666030883787,10.369047164916992,10.476189613342283,2944,-0.006363630818925992,10.586734226771764,10.430793126424154,0.0132898057173399,Low Risk
2020-02-13,4.573899269104004,10.409523010253906,10.595237731933594,10.595237731933594,10.409523010253906,840,0.0,10.580951826913017,10.438253434499105,0.01284219226940142,Low Risk
2020-02-16,4.59273099899292,10.452380180358888,10.476189613342283,10.40476131439209,10.409523010253906,6031,0.0041171118083667135,10.546598025730678,10.445396264394125,0.008120406228507146,Low Risk
2020-02-17,4.617839813232422,10.509523391723633,10.71190357208252,10.476189613342283,10.452380180358888,4914,0.005467004680151488,10.520407540457589,10.461586729685466,0.008721849668456228,Low Risk
2020-02-18,4.617839813232422,10.509523391723633,10.421427726745604,10.419047355651855,10.509523391723633,1125,0.0,10.494217055184501,10.474602603912354,0.008721849668456228,Low Risk
2020-02-19,4.617839813232422,10.509523391723633,10.476189613342283,10.476189613342283,10.509523391723633,63,0.0,10.468026569911412,10.487539132436117,0.008721849668456228,Low Risk
2020-02-20,4.7067646980285645,10.71190357208252,10.714284896850586,10.476189613342283,10.509523391723633,1153962,0.019256837138615035,10.501699992588588,10.503174018859863,0.008020646311332242,Low Risk
2020-02-23,4.70362663269043,10.704760551452637,10.714284896850586,10.480952262878418,10.71190357208252,3721,-0.0006668301839926061,10.543876784188408,10.514761288960775,0.007126381387326142,Low Risk
2020-02-24,4.70362663269043,10.704760551452637,10.704760551452637,10.704760551452637,10.704760551452637,0,0.0,10.586053575788226,10.526348559061686,0.007126381387326142,Low Risk
2020-02-25,4.70362663269043,10.704760551452637,10.704760551452637,10.704760551452637,10.704760551452637,0,0.0,10.622107914515905,10.537697728474935,0.007285618982031079,Low Risk
2020-02-26,4.550883769989014,10.357142448425291,10.357142448425291,10.357142448425291,10.357142448425291,1260,-0.032473225473518275,10.600339208330427,10.537618382771809,0.015265680405091263,Low Risk
2020-02-27,4.374079704284668,9.954760551452637,10.00238037109375,9.909523010253906,10.357142448425291,13923,-0.03885066744774113,10.521087374006,10.514761193593342,0.020566514324273057,Medium Risk
2020-03-01,4.228661060333252,9.623808860778809,10.190476417541504,9.547618865966797,9.954760551452637,6484,-0.03324557019360297,10.394556726728167,10.48539613087972,0.022302303367556724,Medium Risk
2020-03-02,4.380356788635254,9.969046592712402,10.119047164916992,9.64285659790039,9.623808860778809,16354,0.03587329475552936,10.288434301103864,10.471269130706787,0.026674496784589514,Medium Risk
2020-03-03,4.380356788635254,9.969046592712402,10.119047164916992,10.116665840148926,9.969046592712402,2293,0.0,10.183332306998116,10.455951658884684,0.026714165177758972,Medium Risk
2020-03-04,4.380356788635254,9.969046592712402,9.969046592712402,9.969046592712402,9.969046592712402,0,0.0,10.07823031289237,10.432697677612305,0.026714165177758972,Medium Risk
2020-03-05,4.493344306945801,10.226189613342283,10.2380952835083,10.119047164916992,9.969046592712402,122098,0.025794143726628693,10.009863036019462,10.41801513036092,0.029884341684261632,Medium Risk
2020-03-08,4.459866046905518,10.149999618530272,10.357142448425291,10.119047164916992,10.226189613342283,14065,-0.007450477420505197,9.980271203177315,10.403173859914144,0.027618581023866915,Medium Risk
2020-03-09,4.187860012054443,9.53095245361328,10.119047164916992,9.464284896850586,10.149999618530272,27661,-0.0609898707569243,9.919727189200264,10.363729445139567,0.033176272488423114,Medium Risk
2020-03-10,4.187860012054443,9.53095245361328,9.80952262878418,9.80952262878418,9.53095245361328,449,0.0,9.906461988176618,10.336110432942709,0.03087866547583873,Medium Risk
2020-03-11,4.373033046722412,9.952380180358888,10.0,9.64285659790039,9.53095245361328,51265,0.04421674840963474,9.904081072126116,10.32253901163737,0.03264807362013011,Medium Risk
2020-03-15,3.983854532241821,9.066665649414062,9.523809432983398,8.957141876220703,9.952380180358888,22873,-0.08899524685489724,9.775169508797783,10.278253269195556,0.04694681071819943,Medium Risk
2020-03-16,3.968161582946777,9.03095245361328,9.047618865966797,8.952380180358887,9.066665649414062,25620,-0.003938955861142901,9.64115606035505,10.233888212839762,0.04679552677175474,Medium Risk
2020-03-17,3.634429931640625,8.271428108215332,9.04523754119873,8.214284896850586,9.03095245361328,35448,-0.08410235235975161,9.361904416765485,10.164205678304036,0.04992118518042031,Medium Risk
2020-03-18,3.278728723526001,7.461904048919678,8.095237731933594,7.44523811340332,8.271428108215332,31705,-0.09786992629381863,8.977890763963972,10.064602486292522,0.05493697414143757,High Risk
2020-03-19,3.02869200706482,6.892857074737549,8.095237731933594,6.716666221618652,7.461904048919678,202713,-0.07626029099965637,8.601019995553154,9.937935829162598,0.05612247129159412,High Risk
2020-03-22,3.206542491912842,7.297618865966797,7.557141780853271,7.261903762817383,6.892857074737549,20160,0.05872191847887098,8.281972340175084,9.824761231740316,0.06708695596546407,High Risk
2020-03-23,3.515165567398072,8.0,8.026189804077148,7.857141971588135,7.297618865966797,35830,0.0962479881360796,8.0030608858381,9.734999338785807,0.07917905696988817,High Risk
2020-03-24,3.365561485290528,7.659523010253906,7.857141971588135,7.619047164916992,8.0,29479,-0.04255962371826172,7.80204050881522,9.633888212839762,0.07505783836962479,High Risk
2020-03-25,3.365561485290528,7.659523010253906,8.092857360839844,7.526189804077148,7.659523010253906,1289,0.0,7.606122016906738,9.53999932607015,0.07522509160494255,High Risk
2020-03-26,3.363469123840332,7.654760837554932,7.973808765411377,7.619047164916992,7.659523010253906,67103,-0.0006217322792293478,7.518026692526681,9.448173920313517,0.0699554496249933,High Risk
2020-03-29,3.351961374282837,7.628571033477783,7.654760837554932,7.145237922668457,7.654760837554932,35284,-0.003421374571058955,7.541836261749268,9.355475521087646,0.05802832678729569,High Risk
2020-03-30,3.2588515281677246,7.416666030883789,7.654760837554932,7.145237922668457,7.628571033477783,17808,-0.027777810767449673,7.616666112627302,9.254285049438476,0.04895432068919284,Medium Risk
2020-03-31,3.332083940505981,7.5833330154418945,7.640476226806641,7.5,7.416666030883789,53390,0.02247195490050191,7.657482419695173,9.156745370229086,0.044875438763545356,Medium Risk
2020-04-01,3.361377239227295,7.650000095367432,7.654760837554932,7.547618865966797,7.5833330154418945,168701,0.008791263655411496,7.607482433319092,9.061427927017212,0.02202918349632806,Medium Risk
2020-04-02,3.358238220214844,7.642857074737549,7.654760837554932,7.5833330154418945,7.650000095367432,76314,-0.0009337281752725968,7.605101585388184,8.965872383117675,0.015091544448245075,Low Risk
2020-04-05,3.363469123840332,7.654760837554932,7.654760837554932,7.5,7.642857074737549,47124,0.0015575016909226136,7.604421275002616,8.86396762530009,0.015106683045680774,Low Risk
2020-04-06,3.362422704696656,7.652379989624023,7.654760837554932,7.619047164916992,7.654760837554932,242734,-0.0003110283889246057,7.604081153869629,8.762221606572469,0.015104975818714814,Low Risk
2020-04-07,3.3718388080596924,7.673809051513672,7.821427822113037,7.619047164916992,7.652379989624023,136693,0.00280031335593689,7.610543727874756,8.661189889907837,0.015049352327202335,Low Risk
2020-04-08,3.4408867359161377,7.830952167510986,7.859522819519043,7.785714149475098,7.673809051513672,128940,0.020477850692195432,7.669727461678641,8.565396277109782,0.00985731519913248,Low Risk
2020-04-09,3.4513485431671143,7.854761123657227,7.978570938110352,7.690475940704346,7.830952167510986,132711,0.003040365416228541,7.708502905709403,8.48198356628418,0.007503974201412068,Low Risk
2020-04-12,3.463902950286865,7.883333206176758,8.273809432983398,7.785714149475098,7.854761123657227,68854,0.0036375495154750137,7.741836207253592,8.412935988108318,0.007327666200954884,Low Risk
2020-04-13,3.4661660194396973,7.29285717010498,7.702380180358887,7.285714149475098,7.883333206176758,662684,-0.07490182396567069,7.691836220877511,8.335237598419189,0.031063541684999404,Medium Risk
2020-04-14,3.483139991760254,7.32857084274292,7.619047164916992,7.321427822113037,7.29285717010498,216136,0.004897075563791153,7.645237650190081,8.247221740086873,0.031228513384972127,Medium Risk
2020-04-15,3.491061925888061,7.345238208770752,7.604761123657227,7.214284896850586,7.32857084274292,89947,0.0022742996397908666,7.6013602529253275,8.159761460622152,0.03131893316091199,Medium Risk
2020-04-16,5.197993278503418,7.214284896850586,7.261903762817383,7.154760837554932,7.345238208770752,18022,-0.017828327441280045,7.535713945116315,8.06793607076009,0.03138957137297332,Medium Risk
2020-04-21,5.146528244018555,7.142857074737549,7.214284896850586,7.142857074737549,7.214284896850586,53608,-0.00990088735533845,7.437414646148682,7.965158319473266,0.028727922034955968,Medium Risk
2020-04-22,5.146528244018555,7.142857074737549,7.380951881408691,7.142857074737549,7.142857074737549,9030,0.0,7.335714067731585,7.864920234680175,0.028472425547571505,Medium Risk
2020-04-23,5.112218856811523,7.095238208770752,7.214284896850586,6.930952072143555,7.142857074737549,67666,-0.0066666412989295765,7.223129068102155,7.783729759852092,0.02771819221979832,Medium Risk
2020-04-26,5.252890110015869,7.290475845336914,7.378571033477783,7.142857074737549,7.095238208770752,21961,0.027516713438150653,7.222788878849575,7.70904720624288,0.01441429870170231,Low Risk
2020-04-27,5.199709415435791,7.216666221618652,7.319046974182129,7.192856788635254,7.290475845336914,365248,-0.010124116077480871,7.20680250440325,7.617856740951538,0.014686552077897774,Low Risk
2020-04-28,5.203140258789063,7.221427917480469,7.316666126251221,7.21904706954956,7.216666221618652,10416,0.0006598193287021825,7.18911531993321,7.556348816553752,0.014618853437397028,Low Risk
2020-04-29,5.237450122833252,7.269046783447266,7.607141971588135,7.261903762817383,7.221427917480469,48165,0.0065941066657368985,7.196938446589878,7.497618627548218,0.013144911675714816,Low Risk
2020-04-30,5.340380668640137,7.4119038581848145,7.530951976776123,7.309523105621338,7.269046783447266,37884,0.019652793412040737,7.23537370136806,7.4689678192138675,0.013735260884906892,Low Risk
2020-05-03,5.237450122833252,7.269046783447266,7.438095092773437,7.214284896850586,7.4119038581848145,125445,-0.019274005366353264,7.253400802612305,7.46253924369812,0.016621270739078754,Low Risk
2020-05-04,5.232303142547607,7.261903762817383,7.264285087585449,7.261903762817383,7.269046783447266,12503,-0.0009826626300092345,7.277210167476109,7.474840799967448,0.016225964911273007,Low Risk
2020-05-05,5.2820539474487305,7.330952167510986,7.380951881408691,7.261903762817383,7.261903762817383,7854,0.0095083062167729,7.282992499215262,7.475951910018921,0.01284722207905496,Low Risk
2020-05-06,5.232303142547607,7.261903762817383,7.378571033477783,7.261903762817383,7.330952167510986,426300,-0.009418749858934983,7.289455005100796,7.451348702112834,0.012749082555539427,Low Risk
2020-05-07,5.232303142547607,7.261903762817383,7.27380895614624,7.259522914886475,7.261903762817383,29047,0.0,7.295237268720355,7.4380947271982825,0.012754134163467315,Low Risk
2020-05-10,5.239165782928467,7.271428108215332,7.3333330154418945,7.261903762817383,7.261903762817383,25116,0.0013115493827824398,7.295577457972935,7.425158230463664,0.012512895339179044,Low Risk
2020-05-11,5.232303142547607,7.261903762817383,7.264285087585449,7.261903762817383,7.271428108215332,31122,-0.0013098314741211148,7.274148872920445,7.412062994639078,0.009100527392755527,Low Risk
2020-05-12,5.326656818389893,7.392857074737549,7.616665840148926,7.380951881408691,7.261903762817383,426300,0.01803291756504355,7.291836057390485,7.404205862681071,0.008819791141755334,Low Risk
2020-05-13,5.323225975036621,7.388094902038574,7.619047164916992,7.380951881408691,7.392857074737549,170940,-0.0006441586318837178,7.309863362993513,7.403253491719564,0.008798744129990729,Low Risk
2020-05-14,5.354104995727539,7.430952072143555,7.640476226806641,7.380951881408691,7.388094902038574,200806,0.005800841850739591,7.324149063655308,7.398174126942952,0.008409338331048516,Low Risk
2020-05-17,5.354104995727539,7.430952072143555,7.454761028289795,7.380951881408691,7.430952072143555,2742,0.0,7.3482988221304755,7.390872526168823,0.006902327482217388,Low Risk
2020-05-18,5.489630222320557,7.619047164916992,7.619047164916992,7.616665840148926,7.430952072143555,11205,0.025312381367463166,7.3993193081447055,7.390078862508138,0.010546060122877881,Low Risk
2020-05-19,5.36954402923584,7.452380180358887,7.454761028289795,7.452380180358887,7.619047164916992,12705,-0.021875043027105523,7.425169604165213,7.383332840601603,0.015213127580018634,Low Risk
2020-05-20,5.36954402923584,7.452380180358887,7.452380180358887,7.452380180358887,7.452380180358887,0,0.0,7.452380520956857,7.376666180292765,0.015150358297960421,Low Risk
2020-05-21,5.472475528717041,7.595238208770752,7.6214280128479,7.392857074737549,7.452380180358887,24981,0.019169449887751933,7.481292111533029,7.374047152201334,0.015333247696983696,Low Risk
2020-05-31,5.472475528717041,7.595238208770752,7.738094806671143,7.738094806671143,7.595238208770752,1197,0.0,7.510884012494769,7.366190020243327,0.015302869856154483,Low Risk
2020-06-01,5.575406074523926,7.738094806671143,7.740476131439209,7.690475940704346,7.595238208770752,10710,0.018808705398525083,7.554761545998709,7.362301143010457,0.016306617446930266,Low Risk
2020-06-02,5.575406074523926,7.738094806671143,7.738094806671143,7.738094806671143,7.738094806671143,3511,0.0,7.598639079502651,7.3574598630269366,0.016306617446930266,Low Risk
2020-06-03,5.575406074523926,7.738094806671143,7.857141971588135,7.738094806671143,7.738094806671143,420130,0.0,7.615645885467529,7.372301117579142,0.013920658493939475,Low Risk
2020-06-04,5.855034351348877,8.126190185546875,8.511903762817383,7.859522819519043,7.738094806671143,21709,0.050153867143259756,7.7119044576372415,7.3988884290059405,0.01882833844603766,Low Risk
2020-06-07,5.855034351348877,8.126190185546875,8.126190185546875,8.126190185546875,8.126190185546875,0,0.0,7.808163029806955,7.424920161565145,0.01882833844603766,Low Risk
2020-06-08,6.342237949371338,8.802379608154297,8.80952262878418,8.747618675231934,8.126190185546875,4351,0.08321112442212875,7.980611801147461,7.477856651941935,0.03287640964308811,Medium Risk
2020-06-09,5.899637222290039,8.188095092773438,8.39285659790039,8.109522819519043,8.802379608154297,9769,-0.06978618768177214,8.065305641719274,7.512697919209798,0.04777326542735474,Medium Risk
2020-06-10,5.901352882385254,8.190476417541504,8.190476417541504,8.190476417541504,8.188095092773438,8379,0.00029082768837995765,8.129931586129326,7.54761856396993,0.04783119063193758,Medium Risk
2020-06-11,5.849886894226074,8.119047164916992,8.121427536010742,8.119047164916992,8.190476417541504,8400,-0.008721013160056468,8.184353351593018,7.581745529174805,0.04822045350052629,Medium Risk
2020-06-14,5.849886894226074,8.119047164916992,8.121427536010742,7.859522819519043,8.119047164916992,1050,0.0,8.23877511705671,7.609364573160807,0.04822045350052629,Medium Risk
2020-06-15,5.849886894226074,8.119047164916992,7.861904144287109,7.861904144287109,8.119047164916992,210,0.0,8.237754685538155,7.639443937937418,0.04447242579343088,Medium Risk
2020-06-16,5.834447860717773,8.09761905670166,8.214284896850586,8.095237731933594,8.119047164916992,378810,-0.0026392392826494193,8.233673095703125,7.668650309244792,0.04449066722397554,Medium Risk
2020-06-17,5.832732200622559,8.095237731933594,8.130951881408691,8.095237731933594,8.09761905670166,42000,-0.0002940771542093712,8.132652827671595,7.69619000752767,0.025860367191628916,Medium Risk
2020-06-18,5.779551029205322,8.021428108215332,8.676190376281738,7.883333206176758,8.095237731933594,91345,-0.009117659809680712,8.10884325844901,7.716507482528686,0.0042110768728753824,Low Risk
2020-06-21,5.882481098175049,8.164284706115723,8.438095092773438,8.095237731933594,8.021428108215332,37800,0.017809372093490428,8.105101585388184,7.7463487466176355,0.008964371320682894,Low Risk
2020-06-22,5.882481098175049,8.164284706115723,8.5,8.5,8.164284706115723,84,0.0,8.111564091273717,7.776428111394247,0.008191667540864207,Low Risk
2020-06-23,5.8361639976501465,8.100000381469727,8.214284896850586,7.916666030883789,8.164284706115723,35616,-0.007873846510747184,8.108843122209821,7.8020630518595375,0.008838511135049963,Low Risk
2020-06-24,6.084912300109863,8.44523811340332,8.547618865966797,8.378570556640625,8.100000381469727,42000,0.04262194020674248,8.15544182913644,7.841507530212402,0.01849138645480064,Low Risk
2020-06-25,6.155247688293457,8.54285717010498,8.571428298950195,8.333333015441895,8.44523811340332,16905,0.011559065048353245,8.219047273908343,7.884205977121989,0.018189350426097317,Low Risk
2020-06-28,6.155247688293457,8.54285717010498,8.333333015441895,8.333333015441895,8.54285717010498,2520,0.0,8.282992907932826,7.926586945851644,0.018167826732462193,Low Risk
2020-06-29,6.155247688293457,8.54285717010498,8.333333015441895,8.333333015441895,8.54285717010498,2940,0.0,8.357482773917061,7.969285392761231,0.017039842127349103,Low Risk
2020-06-30,6.155247688293457,8.54285717010498,8.333333015441895,8.214284896850586,8.54285717010498,1995,0.0,8.411564554486956,8.007618729273478,0.016861707578615957,Low Risk
2020-07-05,6.074618816375732,8.430952072143555,8.75,8.226189613342285,8.54285717010498,18921,-0.013099258916914658,8.449659892490931,8.042380634943644,0.01837703282751889,Low Risk
2020-07-06,6.074618816375732,8.430952072143555,8.430952072143555,8.430952072143555,8.430952072143555,0,0.0,8.496938705444336,8.075713968276977,0.017704664847667827,Low Risk
2020-07-07,6.338807582855225,8.797618865966797,8.811903953552246,8.571428298950195,8.430952072143555,39879,0.04349055607073549,8.547278812953405,8.121269528071085,0.018005676595140987,Low Risk
2020-07-08,6.338807582855225,8.797618865966797,8.395237922668457,8.395237922668457,8.797618865966797,369,0.0,8.583673340933663,8.160555251439412,0.01794004725925934,Low Risk
2020-07-09,6.338807582855225,8.797618865966797,8.578571319580078,8.569046974182129,8.797618865966797,840,0.0,8.620067868913923,8.205396540959676,0.01794004725925934,Low Risk
2020-07-12,6.338807582855225,8.797618865966797,8.571428298950195,8.571428298950195,8.797618865966797,1066,0.0,8.656462396894183,8.25023783047994,0.01794004725925934,Low Risk
2020-07-13,6.347384929656982,8.80952262878418,9.047618865966797,8.797618865966797,8.797618865966797,811629,0.0013530664374916679,8.694557462419782,8.29071397781372,0.017892698871641095,Low Risk
2020-07-14,6.345669269561768,8.80714225769043,8.80952262878418,8.571428298950195,8.80952262878418,154215,-0.0002702043225329964,8.748298917497907,8.331110779444376,0.016378365707729194,Low Risk
2020-07-15,6.016292095184326,8.350000381469727,8.452380180358887,8.226189613342285,8.80714225769043,16149,-0.051905812673972096,8.736734390258789,8.351507631937663,0.02762808077283847,Medium Risk
2020-07-16,6.016292095184326,8.350000381469727,8.226189613342285,8.226189613342285,8.350000381469727,781,0.0,8.672788892473493,8.37190448443095,0.019693997161339568,Low Risk
2020-07-19,6.016292095184326,8.350000381469727,8.571428298950195,8.226189613342285,8.350000381469727,1092,0.0,8.608843394688197,8.392301336924236,0.019693997161339568,Low Risk
2020-07-20,6.023153305053711,8.359522819519043,8.80952262878418,8.333333015441895,8.350000381469727,4078,0.0011404116903332984,8.546258245195661,8.400079091389975,0.01976864365536992,Low Risk
2020-07-21,6.0042829513549805,8.333333015441895,8.452380180358887,8.226189613342285,8.359522819519043,5812,-0.0031329305084252246,8.479931695120674,8.406983852386475,0.019616050923362664,Low Risk
2020-07-22,6.347384929656982,8.80952262878418,9.04285717010498,8.452380180358887,8.333333015441895,931211,0.05714275578089745,8.479931695120674,8.407221953074137,0.03154212267823373,Medium Risk
2020-07-26,6.343953609466553,8.804760932922363,9.166666030883787,8.36190414428711,8.80952262878418,267334,-0.0005405169000030074,8.479591505868095,8.4277774810791,0.031543280936595995,Medium Risk
2020-07-27,6.347384929656982,8.80952262878418,9.0,8.7380952835083,8.804760932922363,449316,0.0005408092165242184,8.54523754119873,8.448412354787191,0.021765735340597194,Medium Risk
2020-07-28,6.347384929656982,8.80952262878418,8.80714225769043,8.761903762817383,8.80952262878418,1419,0.0,8.610883576529366,8.471428203582764,0.021765735340597194,Medium Risk
2020-07-29,6.095205307006836,8.45952320098877,8.576189994812012,8.397619247436523,8.80952262878418,25086,-0.03972967010174011,8.626529693603516,8.482777404785157,0.028347456698414906,Medium Risk
2020-08-04,6.330230236053467,8.785714149475098,8.80952262878418,8.571428298950195,8.45952320098877,31206,0.03855902285937374,8.687414169311523,8.50499963760376,0.031469776074628156,Medium Risk
2020-08-05,6.330230236053467,8.785714149475098,8.921427726745605,8.919047355651855,8.785714149475098,84,0.0,8.752040045601982,8.527936140696207,0.03131444176714905,Medium Risk
2020-08-06,6.611573696136475,9.176190376281738,9.214284896850586,9.14285659790039,8.785714149475098,8568,0.04444444926881319,8.804421152387347,8.563967895507812,0.02820643425337872,Medium Risk
2020-08-09,6.611573696136475,9.176190376281738,9.152379989624023,8.383333206176758,9.176190376281738,1125,0.0,8.857482501438685,8.602459971110026,0.02818569595489059,Medium Risk
2020-08-10,6.611573696136475,9.176190376281738,8.666666030883789,8.666666030883789,9.176190376281738,873,0.0,8.909863608224052,8.636190160115559,0.028204717633788182,Medium Risk
2020-08-11,6.379979610443115,8.854761123657227,9.190476417541504,8.80952262878418,9.176190376281738,32037,-0.03502861639132182,8.916326250348773,8.659206040700276,0.03229511340205667,Medium Risk
2020-08-12,6.379979610443115,8.854761123657227,8.854761123657227,8.854761123657227,8.854761123657227,0,0.0,8.97278881072998,8.684364732106527,0.026957723596757042,Medium Risk
2020-08-13,6.379979610443115,8.854761123657227,8.869047164916992,8.869047164916992,8.854761123657227,42,0.0,8.98265266418457,8.698015499114991,0.02305662457790581,Medium Risk
2020-08-16,6.56182336807251,9.107142448425291,9.283332824707031,8.811903953552246,8.854761123657227,26560,0.02850233012992054,9.028570992606026,8.716825008392334,0.02519688375180248,Medium Risk
2020-08-17,6.352530956268311,8.816665649414062,9.402379989624023,8.64285659790039,9.107142448425291,14019,-0.03189549308756612,8.977210317339216,8.725951957702637,0.02177850171429965,Medium Risk
2020-08-18,6.433159828186035,8.928570747375488,8.930952072143555,8.928570747375488,8.816665649414062,6871,0.012692451138698102,8.941836084638323,8.738809076944987,0.02281533254309075,Medium Risk
2020-08-19,6.429728984832764,8.923809051513672,8.940476417541504,8.880951881408691,8.928570747375488,10731,-0.0005333099772117933,8.905781609671456,8.751507472991943,0.022801899389599752,Medium Risk
2020-08-23,6.429728984832764,8.923809051513672,8.923809051513672,8.923809051513672,8.923809051513672,0,0.0,8.915645599365234,8.767936038970948,0.018166409274594925,Low Risk
2020-08-24,6.590987205505371,9.147619247436523,9.473809242248535,9.047618865966797,8.923809051513672,225640,0.025080119333670492,8.957482474190849,8.791824944814046,0.020233838138974537,Medium Risk
2020-08-25,6.812287330627441,9.454760551452637,9.497618675231934,9.380951881408691,9.147619247436523,6510,0.03357609184511978,9.043196678161621,8.813729667663575,0.02272319401779352,Medium Risk
2020-08-26,6.681909561157227,9.273809432983398,9.285714149475098,9.166666030883787,9.454760551452637,30769,-0.01913862519145837,9.067006247384208,8.829602686564128,0.023257468031233908,Medium Risk
2020-08-27,6.839736461639404,9.492856979370115,9.64285659790039,9.285714149475098,9.273809432983398,73869,0.023620018070206195,9.1636050088065,8.852777290344239,0.01840289134126626,Low Risk
2020-08-30,6.78998613357544,9.423809051513672,9.53095245361328,9.285714149475098,9.492856979370115,7828,-0.00727367198373452,9.234353337969099,8.873650296529133,0.019563551645056267,Low Risk
2020-08-31,7.026726722717285,9.75238037109375,10.0,9.528571128845217,9.423809051513672,8925,0.03486608416872605,9.352720669337682,8.905078887939453,0.021498518752417154,Medium Risk
2020-09-01,7.143380641937256,9.914284706115724,10.0,9.523809432983398,9.75238037109375,15120,0.016601519717366786,9.494217191423688,8.941983636220296,0.02073240814427828,Medium Risk
2020-09-02,6.879193305969238,9.547618865966797,10.188095092773438,9.523809432983398,9.914284706115724,55246,-0.03698358994297857,9.55135999407087,8.981904252370198,0.02790087583844601,Medium Risk
2020-09-03,6.865469932556152,9.528571128845217,9.528571128845217,9.528571128845217,9.547618865966797,9114,-0.0019950248736338994,9.56190436226981,9.021189943949382,0.02525432818174346,Medium Risk
2020-09-06,6.865469932556152,9.528571128845217,10.161904335021973,9.285714149475098,9.528571128845217,252,0.0,9.598298890250069,9.060475635528565,0.023646879725359535,Medium Risk
2020-09-07,6.865469932556152,9.528571128845217,9.288095474243164,9.288095474243164,9.528571128845217,298,0.0,9.603400911603655,9.099443912506104,0.022030437233361386,Medium Risk
2020-09-08,6.865469932556152,9.528571128845217,9.528571128845217,9.528571128845217,9.528571128845217,0,0.0,9.618366922651019,9.13928518295288,0.021759052561956666,Medium Risk
2020-09-09,6.865469932556152,9.528571128845217,9.528571128845217,9.528571128845217,9.528571128845217,0,0.0,9.58639417375837,9.163253466288248,0.01620618720663999,Low Risk
2020-09-10,6.687056541442871,9.28095245361328,9.997618675231934,9.997618675231934,9.28095245361328,16,-0.025986968233079333,9.495918137686592,9.179126516977947,0.015514273757890839,Low Risk
2020-09-13,6.687056541442871,9.28095245361328,9.426190376281738,9.426190376281738,9.28095245361328,462,0.0,9.457822935921806,9.19484084447225,0.009724939168778196,Low Risk
2020-09-14,6.687056541442871,9.28095245361328,9.28095245361328,9.28095245361328,9.28095245361328,0,0.0,9.4224488394601,9.210555171966552,0.009822150753323393,Low Risk
2020-09-15,6.687056541442871,9.28095245361328,9.26428508758545,9.261903762817385,9.28095245361328,1873,0.0,9.387074742998395,9.237936147054036,0.009822150753323393,Low Risk
2020-09-16,6.692203521728516,9.288095474243164,9.30952262878418,9.25,9.28095245361328,8093,0.0007696430582513347,9.352721078055245,9.254682191212972,0.009874800286969443,Low Risk
2020-09-17,6.692203521728516,9.288095474243164,9.40476131439209,9.276189804077148,9.288095474243164,2940,0.0,9.318367413112096,9.271428235371907,0.009874800286969443,Low Risk
2020-09-20,6.78655481338501,9.419047355651855,9.521428108215332,9.095237731933594,9.288095474243164,7035,0.014098894845755439,9.30272115979876,9.279523468017578,0.011951525542003287,Low Risk
2020-09-21,6.78655481338501,9.419047355651855,9.419047355651855,9.419047355651855,9.419047355651855,0,0.0,9.322449002947126,9.287618700663248,0.00528818288342401,Low Risk
2020-09-22,6.78655481338501,9.419047355651855,9.419047355651855,9.419047355651855,9.419047355651855,0,0.0,9.342176846095494,9.29571393330892,0.00528818288342401,Low Risk
2020-09-23,6.6784772872924805,9.269046783447266,9.285714149475098,9.166666030883787,9.419047355651855,2552440,-0.015925238141475395,9.340476036071777,9.309523455301921,0.008687393929203183,Low Risk
2020-09-24,6.690486907958984,9.285714149475098,9.4880952835083,9.285714149475098,9.269046783447266,8400882,0.0017981747656723446,9.34115627833775,9.323888556162517,0.00871912923806009,Low Risk
2020-09-27,6.690486907958984,9.285714149475098,9.285714149475098,9.285714149475098,9.285714149475098,3889,0.0,9.34081608908517,9.338253657023111,0.008714216018189077,Low Risk
2020-09-28,6.690486907958984,9.285714149475098,9.2380952835083,9.2380952835083,9.285714149475098,466,0.0,9.340475899832589,9.344206047058105,0.008714216018189077,Low Risk
2020-09-29,6.690486907958984,9.285714149475098,9.333333015441896,9.333333015441896,9.285714149475098,12,0.0,9.321428298950195,9.35984099706014,0.006168955643709448,Low Risk
2020-09-30,6.812287330627441,9.454760551452637,9.521428108215332,9.333333015441896,9.285714149475098,23087,0.01820499740314485,9.326530184064593,9.377380657196046,0.00988174177781388,Low Risk
2020-10-01,6.812287330627441,9.454760551452637,9.166666030883787,9.166666030883787,9.454760551452637,516,0.0,9.33163206917899,9.395079040527344,0.00988174177781388,Low Risk
2020-10-04,6.812287330627441,9.454760551452637,9.285714149475098,9.285714149475098,9.454760551452637,630,0.0,9.358162607465472,9.412777423858643,0.00680066636045175,Low Risk
2020-10-05,6.812287330627441,9.454760551452637,9.285714149475098,9.285714149475098,9.454760551452637,1176,0.0,9.382312093462263,9.423015467325847,0.006880842249614036,Low Risk
2020-10-06,6.812287330627441,9.454760551452637,9.454760551452637,9.454760551452637,9.454760551452637,0,0.0,9.406461579459053,9.423015467325847,0.006880842249614036,Low Risk
2020-10-07,6.692203521728516,9.288095474243164,9.33571434020996,9.2380952835083,9.321428298950195,498523,-0.017627635972638833,9.406801768711635,9.423491668701171,0.010344949327599504,Low Risk
2020-10-11,6.83458948135376,9.485713958740234,9.523809432983398,9.345237731933594,9.288095474243164,30177,0.02127653457536982,9.435373170035225,9.423253568013509,0.01308064005382929,Low Risk
2020-10-12,6.690486907958984,9.285714149475098,9.290475845336914,9.285714149475098,9.485713958740234,84714,-0.02108431796858634,9.411223684038434,9.418650404612224,0.013931650088220159,Low Risk
2020-10-13,6.690486907958984,9.285714149475098,9.285714149475098,9.285714149475098,9.285714149475098,999,0.0,9.387074198041644,9.403094863891601,0.013931650088220159,Low Risk
2020-10-14,6.690486907958984,9.285714149475098,9.285714149475098,9.283332824707031,9.285714149475098,235901,0.0,9.362924712044853,9.38214251200358,0.013931650088220159,Low Risk
2020-10-15,6.690486907958984,9.285714149475098,9.285714149475098,9.130951881408691,9.285714149475098,7152,0.0,9.33877522604806,9.37341235478719,0.013931650088220159,Low Risk
2020-10-18,6.6887712478637695,9.283332824707031,9.285714149475098,9.119047164916992,9.285714149475098,21256,-0.00025645036340049554,9.314285550798688,9.365237744649251,0.01392434377102434,Low Risk
2020-10-19,6.692203521728516,9.288095474243164,9.428570747375488,9.285714149475098,9.283332824707031,259770,0.0005130322941193644,9.314285550798688,9.35722188949585,0.012230696235000733,Low Risk
2020-10-20,6.570400714874268,9.119047164916992,9.28095245361328,9.083333015441896,9.288095474243164,4716,-0.018200535276038043,9.26190458025251,9.343571090698243,0.0096482819349667,Low Risk
2020-10-21,6.26161003112793,8.690476417541504,9.090476036071776,8.571428298950195,9.119047164916992,342287,-0.04699731667408147,9.176870618547712,9.315634600321452,0.017971528436881316,Low Risk
2020-10-22,6.196420669555664,8.600000381469727,8.7380952835083,8.571428298950195,8.690476417541504,82433,-0.010410940865008711,9.07891150883266,9.284682242075602,0.017500416142975806,Low Risk
2020-10-25,6.196420669555664,8.600000381469727,8.600000381469727,8.600000381469727,8.600000381469727,0,0.0,8.980952399117607,9.261983839670817,0.017500416142975806,Low Risk
2020-10-26,6.196420669555664,8.600000381469727,8.39285659790039,8.39285659790039,8.600000381469727,126,0.0,8.882993289402553,9.239285437266032,0.017500416142975806,Low Risk
2020-10-27,6.542952537536621,9.080951690673828,9.259523391723633,8.571428298950195,8.600000381469727,4242,0.05592456835704329,8.85408169882638,9.23261874516805,0.03088610947904206,Medium Risk
2020-10-28,6.542952537536621,9.080951690673828,8.880951881408691,8.880951881408691,9.080951690673828,2100,0.0,8.824489729745048,9.225952053070069,0.030877714790646493,Medium Risk
2020-11-01,6.009430408477783,8.340476036071777,8.730952262878418,8.340476036071777,9.080951690673828,2104057,-0.0815416357035047,8.713265282767159,9.194364738464355,0.04302903603585099,Medium Risk
2020-11-02,6.265040397644043,8.69523811340332,9.071428298950195,8.571428298950195,8.340476036071777,4208,0.04253499150374984,8.713945525033134,9.174602826436361,0.044136455455061466,Medium Risk
2020-11-03,6.265040397644043,8.69523811340332,9.071428298950195,8.761903762817383,8.69523811340332,1092,0.0,8.727550915309362,9.150475851694743,0.04386519725022537,Medium Risk
2020-11-04,6.265040397644043,8.69523811340332,8.523809432983398,8.523809432983398,8.69523811340332,432,0.0,8.741156305585589,9.126348876953125,0.04386519725022537,Medium Risk
2020-11-05,6.179265022277832,8.576189994812012,8.583333015441895,8.523809432983398,8.69523811340332,64608,-0.013691185570617215,8.737754821777344,9.098253631591797,0.044294059717775475,Medium Risk
2020-11-08,6.179265022277832,8.576189994812012,8.719046592712402,8.550000190734863,8.576189994812012,2112,0.0,8.665646008082799,9.075158405303956,0.03707872116694248,Medium Risk
2020-11-09,6.452030181884766,8.954760551452637,9.071428298950195,8.573808670043945,8.576189994812012,15342,0.04414204406264699,8.647618702479772,9.064126618703206,0.04199955380528798,Medium Risk
2020-11-10,6.6647539138793945,9.25,9.285714149475098,8.885713577270508,8.954760551452637,7623,0.03297011090927149,8.77755069732666,9.062936147054037,0.023904019721909132,Medium Risk
2020-11-11,6.530944347381592,9.064285278320312,9.283332824707031,9.047618865966797,9.25,343127,-0.020077267208614913,8.83027172088623,9.05555518468221,0.023656257552448427,Medium Risk
2020-11-12,6.652744293212891,9.233332633972168,9.285714149475098,9.071428298950195,9.064285278320312,13288,0.018649827367655636,8.90714236668178,9.053809134165446,0.023891704645580422,Medium Risk
2020-11-15,6.717934608459473,9.323808670043944,10.15476131439209,9.050000190734863,9.233332633972168,706935,0.009798849414228483,8.996938160487584,9.049444071451823,0.02357124121124693,Medium Risk
2020-11-16,6.632158756256104,9.204760551452637,9.511903762817385,9.047618865966797,9.323808670043944,164778,-0.012768185492028739,9.086733954293388,9.041110738118489,0.023417031160197214,Medium Risk
2020-11-17,6.510358333587647,9.035714149475098,9.152379989624023,8.86190414428711,9.204760551452637,34843,-0.018365105863711095,9.1523802621024,9.027142524719238,0.02569302415044068,Medium Risk
2020-11-18,6.5172200202941895,9.04523754119873,9.071428298950195,8.947619438171387,9.035714149475098,296696,0.0010539722224596204,9.165305546351842,9.013491757710774,0.020071760083837195,Medium Risk
2020-11-19,6.424582958221436,8.916666030883789,9.092857360839844,8.84761905670166,9.04523754119873,53390,-0.0142142768201865,9.11768640790667,8.995555273691814,0.015088886710019152,Low Risk
2020-11-22,6.458892822265625,8.964284896850586,9.047618865966797,8.840476036071777,8.916666030883789,31668,0.005340433947157441,9.10340063912528,8.984761587778728,0.013904738305062605,Low Risk
2020-11-23,6.592702388763428,9.149999618530272,9.226189613342283,8.964284896850586,8.964284896850586,108402,0.02071718199685213,9.09149592263358,8.97357110977173,0.014416600392170383,Low Risk
2020-11-24,6.60642671585083,9.169047355651855,9.226189613342283,9.0,9.149999618530272,48955,0.002081719990786546,9.06938716343471,8.969682216644287,0.013712741053407116,Low Risk
2020-11-25,6.45717716217041,8.96190357208252,9.047618865966797,8.928570747375488,9.169047355651855,23091,-0.02259163635376482,9.034693309238978,8.958888530731201,0.015364814615547182,Low Risk
2020-11-26,6.50864315032959,9.033332824707031,9.047618865966797,8.928570747375488,8.96190357208252,14775,0.0079703214891782,9.034353119986397,8.950475819905598,0.01437069775242535,Low Risk
2020-11-29,6.510358333587647,9.035714149475098,9.176190376281738,8.880951881408691,9.033332824707031,29416,0.0002636153028208188,9.03299263545445,8.942142486572266,0.014364608704530076,Low Risk
2020-11-30,6.518935680389404,9.047618865966797,9.047618865966797,9.023809432983398,9.035714149475098,105840,0.0013175180505673456,9.051700183323451,8.934285354614257,0.012943464362313912,Low Risk
2020-12-01,6.518935680389404,9.047618865966797,9.047618865966797,9.047618865966797,9.047618865966797,12810,0.0,9.063605036054339,8.926269467671712,0.012881795500313138,Low Risk
2020-12-02,6.518935680389404,9.047618865966797,9.259523391723633,9.047618865966797,9.047618865966797,474314,0.0,9.048979214259557,8.923888524373373,0.009685827717791964,Low Risk
2020-12-03,6.518935680389404,9.047618865966797,9.114285469055176,8.90476131439209,9.047618865966797,7089,0.0,9.03163228716169,8.935793272654216,0.00958663193564033,Low Risk
2020-12-06,6.582409858703613,9.135713577270508,9.285714149475098,8.952380180358887,9.047618865966797,69728,0.009736784076425309,9.056462287902832,8.953650379180909,0.004222722516160695,Low Risk
2020-12-07,6.582409858703613,9.135713577270508,9.135713577270508,9.135713577270508,9.135713577270508,0,0.0,9.071088109697614,8.971507485707601,0.00361273185777164,Low Risk
2020-12-08,6.582409858703613,9.135713577270508,9.119047164916992,9.047618865966797,9.135713577270508,7816,0.0,9.085373742239815,8.989364592234294,0.0036305192145946277,Low Risk
2020-12-09,6.530944347381592,9.064285278320312,9.283332824707031,9.047618865966797,9.135713577270508,61853,-0.007818579068405551,9.087754658290319,8.988809045155843,0.005089359790278911,Low Risk
2020-12-10,6.472616672515869,8.983332633972168,9.047618865966797,8.869047164916992,9.064285278320312,82950,-0.008930946220521596,9.078570910862513,8.985555076599121,0.006173484126723978,Low Risk
2020-12-13,6.472616672515869,8.983332633972168,8.928570747375488,8.880951881408691,8.983332633972168,1541,0.0,9.06938716343471,9.006983629862468,0.006173484126723978,Low Risk
2020-12-14,6.472616672515869,8.983332633972168,9.05952262878418,9.047618865966797,8.983332633972168,8257,0.0,9.060203416006905,9.016586780548096,0.006173484126723978,Low Risk
2020-12-15,6.53609037399292,9.071428298950195,9.247618675231934,8.964284896850586,8.983332633972168,28807,0.009806568293472484,9.05101980481829,9.029126453399659,0.00619373853046923,Low Risk
2020-12-16,6.5172200202941895,9.04523754119873,9.15476131439209,8.9880952835083,9.071428298950195,37182,-0.0028871702325526938,9.038094656808036,9.040793100992838,0.006212782881371229,Low Risk
2020-12-17,6.488056659698486,9.0047607421875,9.14047622680664,8.90476131439209,9.04523754119873,36628,-0.004474929356677371,9.019387108939034,9.055078792572022,0.00627412656445016,Low Risk
2020-12-20,6.488056659698486,9.0047607421875,9.164284706115724,9.164284706115724,9.0047607421875,126,0.0,9.010883603777204,9.069364484151205,0.005748633164547557,Low Risk
2020-12-21,6.222152233123779,8.635713577270508,8.833333015441895,8.571428298950195,9.0047607421875,234990,-0.04098356141635151,8.96122373853411,9.0587295850118,0.016289063788363114,Low Risk
2020-12-22,6.2684712409973145,8.699999809265137,8.785714149475098,8.571428298950195,8.635713577270508,16186,0.007444229294940152,8.920747620718819,9.040396245320638,0.016938472795446136,Low Risk
2020-12-23,6.2684712409973145,8.699999809265137,9.166666030883787,8.89285659790039,8.699999809265137,3326,0.0,8.880271502903529,9.028253396352133,0.016938472795446136,Low Risk
2020-12-24,6.2684712409973145,8.699999809265137,9.130951881408691,8.869047164916992,8.699999809265137,9303,0.0,8.827210290091378,9.010475635528564,0.015939678023020206,Low Risk
2020-12-27,6.592702388763428,9.149999618530272,9.28095245361328,8.869047164916992,8.699999809265137,21772,0.051724117141462855,8.84217630113874,9.004682000478109,0.027091286096187904,Medium Risk
2020-12-28,6.592702388763428,9.149999618530272,9.15476131439209,8.833333015441895,9.149999618530272,8559,0.0,8.862924712044853,9.002856636047364,0.026966683874280282,Medium Risk
2020-12-29,6.273617267608643,8.707141876220703,9.2547607421875,8.690476417541504,9.149999618530272,642402,-0.04839975527569507,8.820407731192452,8.991904226938884,0.03322290582431392,Medium Risk
2020-12-30,6.68019437789917,9.271428108215332,9.333333015441896,9.164284706115724,8.707141876220703,70287,0.06480728579095518,8.911224092756,8.999443912506104,0.037544112767315854,Medium Risk
2020-12-31,6.705925941467285,9.30714225769043,9.40476131439209,8.952380180358887,9.271428108215332,127890,0.0038520656212015503,8.997958728245326,9.012459786732991,0.0376220389324884,Medium Risk
2021-01-03,6.865469932556152,9.528571128845217,10.0,9.050000190734863,9.30714225769043,48106,0.02379128469555969,9.11632605961391,9.03126932779948,0.037612855419231345,Medium Risk
2021-01-04,6.855175495147705,9.51428508758545,9.523809432983398,9.285714149475098,9.528571128845217,113551,-0.0014992847370913776,9.232652527945381,9.043412176767985,0.037707901347932275,Medium Risk
2021-01-05,6.855175495147705,9.51428508758545,9.476189613342283,9.178570747375488,9.51428508758545,810,0.0,9.284693309238978,9.054920101165772,0.03383038445803833,Medium Risk
2021-01-06,6.855175495147705,9.51428508758545,9.880951881408691,9.08571434020996,9.51428508758545,5262,0.0,9.336734090532575,9.073332818349202,0.03383038445803833,Medium Risk
2021-01-10,6.894631862640381,9.569046974182127,9.952380180358888,9.2380952835083,9.51428508758545,229164,0.005755754225625687,9.45986339024135,9.091189956665039,0.024083835300801083,Medium Risk
2021-01-11,6.6887712478637695,9.283332824707031,9.345237731933594,9.226189613342283,9.569046974182127,76528,-0.0298581614497212,9.461564064025879,9.099443912506104,0.015849051087991242,Low Risk
2021-01-12,6.613288402557373,9.178570747375488,9.523809432983398,9.047618865966797,9.283332824707031,84991,-0.011284964065138903,9.44319670540946,9.103808975219726,0.016308298578250946,Low Risk
2021-01-13,6.520651817321777,9.050000190734863,9.054760932922363,9.047618865966797,9.178570747375488,40076,-0.014007688144408337,9.374829428536552,9.103888352711996,0.012113481750721198,Low Risk
2021-01-14,6.469186305999756,8.978570938110352,9.523809432983398,8.876190185546875,9.050000190734863,1029491,-0.007892734930286416,9.298298835754395,9.10158675511678,0.011843830260877293,Low Risk
2021-01-17,6.743667602539063,9.359522819519045,9.761903762817385,8.957141876220703,8.978570938110352,657392,0.04242901058916937,9.276189940316337,9.111983553568523,0.022653844278665743,Medium Risk
2021-01-18,6.645884037017822,9.223809242248535,9.378570556640623,9.166666030883787,9.359522819519045,26019,-0.014500053035554572,9.23469339098249,9.114920075734457,0.02308620628568229,Medium Risk
2021-01-19,6.753960609436035,9.373808860778809,9.523809432983398,9.192856788635254,9.223809242248535,77981,0.01626222036804692,9.206802231924874,9.122856585184733,0.024157572912590852,Medium Risk
2021-01-20,6.681909561157227,9.273809432983398,9.285714149475098,9.207141876220703,9.373808860778809,37724,-0.010667961047703955,9.205441747392927,9.127459780375164,0.02150419487554883,Medium Risk
2021-01-21,6.6218671798706055,9.190476417541504,9.285714149475098,9.166666030883787,9.273809432983398,45536,-0.008985845142074123,9.207142557416644,9.131666151682536,0.021319006894019207,Medium Risk
2021-01-24,6.65103006362915,9.230952262878418,9.285714149475098,9.166666030883787,9.190476417541504,71400,0.004404107414895275,9.232992853437151,9.139920139312744,0.020362881741114558,Medium Risk
2021-01-25,6.65103006362915,9.230952262878418,9.230952262878418,9.230952262878418,9.230952262878418,0,0.0,9.269047328404017,9.148174126942953,0.01987133948491517,Low Risk
2021-01-26,6.4794793128967285,8.992856979370117,9.283332824707031,8.928570747375488,9.230952262878418,510762,-0.025793144274592672,9.216666494097028,9.148491605122883,0.013744817878211798,Low Risk
2021-01-27,6.436590671539307,8.933333396911621,9.047618865966797,8.857142448425293,8.992856979370117,32982,-0.00661898466694677,9.175169944763184,9.143888441721598,0.013207675312088473,Low Risk
2021-01-31,6.53609037399292,9.071428298950195,9.166666030883787,8.845237731933594,8.933333396911621,91917,0.015458384446539908,9.13197272164481,9.14476146697998,0.01299906527066605,Low Risk
2021-02-01,6.597848415374756,9.15714168548584,9.428570747375488,8.869047164916992,9.071428298950195,193901,0.009448720059394011,9.11530590057373,9.149840831756592,0.013641901204638207,Low Risk
2021-02-02,6.553246021270752,9.095237731933594,9.371427536010742,8.971427917480469,9.15714168548584,76956,-0.006760183000156572,9.101700374058314,9.152856731414795,0.013469359258406298,Low Risk
2021-02-03,6.522366523742676,9.052379608154297,9.214284896850586,8.940476417541504,9.095237731933594,72895,-0.004712149923120856,9.076189994812012,9.166745599110921,0.013252629025496062,Low Risk
2021-02-04,6.687056541442871,9.28095245361328,9.285714149475098,9.066665649414062,9.052379608154297,249505,0.025250028760734455,9.083332879202706,9.186110687255859,0.01701560400702853,Low Risk
2021-02-07,6.575547695159912,9.126190185546877,9.354761123657228,9.05952262878418,9.28095245361328,27598,-0.016675257075166927,9.1023804800851,9.200317033131917,0.014842197893919397,Low Risk
2021-02-08,6.692203521728516,9.288095474243164,9.5,9.05952262878418,9.126190185546877,72030,0.017740731390048836,9.153060776846749,9.219920221964518,0.015279505659086584,Low Risk
2021-02-09,6.668184757232666,9.2547607421875,9.378570556640623,9.107142448425291,9.288095474243164,40437,-0.0035889738803939197,9.17925112588065,9.223412259419758,0.014939852019506851,Low Risk
2021-02-10,6.687056541442871,9.28095245361328,9.380951881408691,9.052379608154297,9.2547607421875,201356,0.0028300797995117755,9.196938378470284,9.227777353922527,0.014667527049867618,Low Risk
2021-02-11,6.65446138381958,9.235713958740234,9.285714149475098,9.107142448425291,9.28095245361328,72332,-0.004874337531535655,9.217006410871234,9.245396423339844,0.014495863437500109,Low Risk
2021-02-14,6.56182336807251,9.107142448425291,9.402379989624023,9.047618865966797,9.235713958740234,70728,-0.013921123032753613,9.22482967376709,9.239920234680175,0.015611310922819342,Low Risk
2021-02-15,6.484625816345215,9.0,9.21190357208252,8.94523811340332,9.107142448425291,45519,-0.011764661531545206,9.184693608965192,9.229682159423827,0.011824396389774448,Low Risk
2021-02-16,6.506927013397217,9.03095245361328,9.166666030883787,8.930952072143555,9.0,61152,0.003439161512586608,9.171088218688965,9.21309487024943,0.010713928526068403,Low Risk
2021-02-17,6.486340999603272,9.00238037109375,9.178570747375488,8.928570747375488,9.03095245361328,55146,-0.003163795033390704,9.130271775381905,9.196031379699708,0.006595693188834956,Low Risk
2021-02-18,6.537805080413818,9.073808670043944,9.14285659790039,8.966666221618652,9.00238037109375,91929,0.007934379131495861,9.104421479361397,9.181348832448323,0.008106897060082814,Low Risk
2021-02-21,6.632158756256104,9.204760551452637,9.273809432983398,9.076189994812012,9.073808670043944,139041,0.014431853940343187,9.093536921909877,9.171031347910564,0.010328574714268882,Low Risk
2021-02-22,6.668184757232666,9.2547607421875,9.285714149475098,9.047618865966797,9.204760551452637,313950,0.0054319925494392685,9.09625789097377,9.16055514017741,0.010440044412021614,Low Risk
2021-02-23,6.67676305770874,9.266666412353516,9.399999618530272,9.119047164916992,9.2547607421875,256426,0.0012864373804655216,9.119047028677803,9.159999593098958,0.008350756426658834,Low Risk
2021-02-24,6.60985803604126,9.173809051513672,9.271428108215332,9.119047164916992,9.266666412353516,143010,-0.010020578782900191,9.143876893179756,9.159840869903565,0.007865674930944649,Low Risk
2021-02-25,6.640738010406494,9.216666221618652,9.285714149475098,9.050000190734863,9.173809051513672,431403,0.0046716876124546225,9.17040743146624,9.165396404266357,0.007897071979401179,Low Risk
2021-02-28,6.712787628173828,9.316665649414062,9.476189613342283,9.071428298950195,9.216666221618652,1194194,0.010849848024316211,9.21530532836914,9.176666227976481,0.00786839016049744,Low Risk
2021-03-01,6.652744293212891,9.233332633972168,9.523809432983398,9.123808860778809,9.316665649414062,170024,-0.008944510684156137,9.238094466073173,9.172459888458253,0.009261121734065755,Low Risk
2021-03-02,6.585841655731201,9.14047622680664,9.285714149475098,9.050000190734863,9.233332633972168,48846,-0.0100566513572663,9.228910991123744,9.169682121276855,0.008618656941691895,Low Risk
2021-03-03,6.498349189758301,9.019046783447266,9.221427917480469,8.928570747375488,9.14047622680664,81366,-0.013284804899251768,9.195237568446569,9.157856718699138,0.00918653795969053,Low Risk
2021-03-04,6.498349189758301,9.019046783447266,9.019046783447266,9.019046783447266,9.019046783447266,0,0.0,9.159863335745674,9.149364630381266,0.009083790041209065,Low Risk
2021-03-07,6.474332332611084,8.985713958740234,9.047618865966797,8.90476131439209,8.966666221618652,129263,-0.003695825679517206,9.132992608206612,9.14253921508789,0.008670124801680907,Low Risk
2021-03-08,6.335376739501953,8.79285717010498,9.0,8.340476036071777,8.985713958740234,150381,-0.021462600470123605,9.072448457990374,9.127936045328775,0.010323903208994761,Low Risk
2021-03-09,6.177549839019775,8.573808670043945,8.800000190734863,8.442856788635254,8.79285717010498,17052,-0.024912095786769117,8.966326032366071,9.10603125890096,0.008977748450103367,Low Risk
2021-03-10,6.10892915725708,8.478570938110352,8.7380952835083,8.39285659790039,8.573808670043945,39601,-0.011107984280818495,8.85850293295724,9.088888390858967,0.008901373798766314,Low Risk
2021-03-11,6.232445240020752,8.649999618530273,8.919047355651855,8.497618675231934,8.478570938110352,29295,0.02021905362015275,8.788434846060616,9.07944393157959,0.015183597796456873,Low Risk
2021-03-14,6.194705486297607,8.59761905670166,8.864285469055176,8.480952262878418,8.649999618530273,45276,-0.006055556547817864,8.72823088509696,9.063650290171305,0.014988935140831182,Low Risk
2021-03-15,6.144955158233643,8.528571128845215,8.780952453613281,8.395237922668457,8.59761905670166,153178,-0.008031052248427262,8.658162934439522,9.042697938283284,0.014693609099139962,Low Risk
2021-03-16,6.136376857757568,8.516666412353516,8.733332633972168,8.428570747375488,8.528571128845215,46187,-0.0013958629542802914,8.591156142098564,9.023412227630615,0.014827446656534727,Low Risk
2021-03-17,6.127799034118652,8.5047607421875,8.688095092773438,8.452380180358887,8.516666412353516,42184,-0.0013979260886333167,8.549999509538923,9.005158265431723,0.013572631427993764,Low Risk
2021-03-18,6.018006324768066,8.35237979888916,8.571428298950195,8.176190376281738,8.5047607421875,57666,-0.017917134639950594,8.518366813659668,8.974205843607585,0.012000243140646814,Low Risk
2021-03-21,5.945955276489258,8.25238037109375,8.569046974182129,8.119047164916992,8.35237979888916,95688,-0.011972567124965972,8.48605387551444,8.94507884979248,0.012093649234105034,Low Risk
2021-03-22,5.644025802612305,7.8333330154418945,8.416666030883789,7.528571128845215,8.25238037109375,146571,-0.050778967620019655,8.369387217930385,8.896586767832439,0.017265268098031545,Low Risk
2021-03-23,5.290631294250488,7.342856884002685,8.095237731933594,7.142857074737549,7.8333330154418945,161116,-0.06261397676727531,8.190135478973389,8.832856639226277,0.024627386684223793,Medium Risk
2021-03-24,5.486198425292969,7.614284992218018,7.830952167510986,7.380951881408691,7.342856884002685,40357,0.03696491876433994,8.059523173740931,8.777301057179768,0.033248877513154675,Medium Risk
2021-03-25,5.578836917877197,7.742856979370117,7.821427822113037,7.5,7.614284992218018,32814,0.016885628431757338,7.948978969029018,8.727539157867431,0.035209560259623254,Medium Risk
2021-03-28,5.767541885375977,8.0047607421875,8.321428298950195,7.619047164916992,7.742856979370117,167756,0.033825209934161604,7.877550397600446,8.690793100992838,0.039406687058075256,Medium Risk
2021-03-29,5.872189044952393,8.149999618530273,8.333333015441895,8.095237731933594,8.0047607421875,88830,0.018144062142584794,7.848638943263462,8.662459754943848,0.04023402620869021,Medium Risk
2021-03-30,5.997420310974121,8.323808670043945,8.369047164916992,8.178570747375488,8.149999618530273,16422,0.021326264987606924,7.858842985970633,8.638888295491537,0.04093019145896958,Medium Risk
2021-03-31,5.9888434410095215,8.311903953552246,8.54285717010498,8.095237731933594,8.323808670043945,185329,-0.0014302006405484402,7.92721026284354,8.61587241490682,0.03399365337039842,Medium Risk
2021-04-01,6.141523838043213,8.523809432983398,8.688095092773438,7.988094806671143,8.311903953552246,21735,0.025494216561608773,8.095917769840785,8.5975391070048,0.012684211135522745,Low Risk
2021-04-04,6.064325332641602,8.416666030883789,8.761903762817383,7.916666030883789,8.523809432983398,108015,-0.012569896469647901,8.210543632507324,8.571269289652507,0.01605434022553839,Low Risk
2021-04-05,6.072903156280518,8.428570747375488,8.75,7.857141971588135,8.416666030883789,173304,0.0014144218682334841,8.308502742222377,8.543729623158773,0.016726092187397464,Low Risk
2021-04-06,6.036877155303955,8.378570556640625,8.535714149475098,8.333333015441895,8.428570747375488,117730,-0.005932226498832294,8.36190414428711,8.514126427968343,0.014849393674240886,Low Risk
2021-04-07,6.036877155303955,8.378570556640625,8.273809432983398,7.940475940704346,8.378570556640625,8236,0.0,8.394557135445732,8.487618478139241,0.014068704099934522,Low Risk
2021-04-08,6.036877155303955,8.378570556640625,8.214284896850586,8.01428508758545,8.378570556640625,11130,0.0,8.4023802621024,8.459681955973307,0.011833864118791742,Low Risk
2021-04-11,6.112360000610352,8.483332633972168,8.497618675231934,8.09761905670166,8.378570556640625,29748,0.012503574043249088,8.42687007359096,8.431904188791911,0.012510175510276653,Low Risk
2021-04-12,6.019721984863281,8.354761123657227,8.678570747375488,8.226189613342285,8.483332633972168,232646,-0.01515577849677463,8.402720315115792,8.402618471781413,0.009359174786327907,Low Risk
2021-04-13,6.093489170074463,8.457141876220703,8.728570938110352,8.023809432983398,8.354761123657227,48690,0.012254180705846496,8.408502578735352,8.379840660095216,0.009744238853943328,Low Risk
2021-04-14,6.115791320800781,8.4880952835083,8.561903953552246,8.119047164916992,8.457141876220703,78342,0.003660031691632204,8.417006083897181,8.362142276763915,0.0098074289380868,Low Risk
2021-04-15,6.035162448883057,8.376190185546875,8.54523754119873,8.09761905670166,8.4880952835083,26842,-0.013183770236280035,8.416666030883789,8.340713723500569,0.010980351281935495,Low Risk
2021-04-18,6.067756175994873,8.421427726745605,8.495238304138184,8.095237731933594,8.376190185546875,13272,0.00540072994961216,8.422788483755928,8.321904182434082,0.011167579588134417,Low Risk
2021-04-19,6.030015468597412,8.369047164916992,8.592857360839844,8.2380952835083,8.421427726745605,209819,-0.0062199146662813565,8.421427999223981,8.30777718226115,0.011483222207615069,Low Risk
2021-04-20,6.0042829513549805,8.333333015441895,8.333333015441895,8.15476131439209,8.369047164916992,31995,-0.004267409272684097,8.399999482291085,8.299761327107747,0.010077421368491586,Low Risk
2021-04-21,5.973403930664063,8.290475845336914,8.333333015441895,8.161904335021973,8.333333015441895,22449,-0.005142860608782218,8.39081587110247,8.293491490681966,0.008581511092325743,Low Risk
2021-04-22,6.0042829513549805,8.333333015441895,8.333333015441895,8.169047355651855,8.290475845336914,73248,0.005169446350788975,8.373128890991211,8.282935937245687,0.007024506596831711,Low Risk
2021-04-25,6.0042829513549805,8.333333015441895,8.561903953552246,8.178570747375488,8.333333015441895,714,0.0,8.351019995553154,8.274126402537028,0.006652093290769561,Low Risk
2021-04-26,6.007713794708252,8.338094711303711,8.440476417541504,7.859522819519043,8.333333015441895,266750,0.0005714035252153415,8.345577784946986,8.267777188618977,0.004772952833887431,Low Risk
2021-04-27,6.122653007507324,8.497618675231934,8.571428298950195,8.333333015441895,8.338094711303711,137285,0.01913194434118881,8.35646220615932,8.267142264048259,0.008796063673922504,Low Risk
2021-04-28,6.0763349533081055,8.433333396911621,8.666666030883789,8.333333015441895,8.497618675231934,452730,-0.0075650933252259245,8.365645953587123,8.264761352539063,0.009000569327786673,Low Risk
2021-05-04,6.0763349533081055,8.433333396911621,8.128570556640625,8.10237979888916,8.433333396911621,168,0.0,8.379931722368513,8.267459805806478,0.008714166120757252,Low Risk
2021-05-05,6.0763349533081055,8.433333396911621,8.433333396911621,8.433333396911621,8.433333396911621,0,0.0,8.400339944022042,8.27349157333374,0.008241337084978987,Low Risk
2021-05-06,6.0042829513549805,8.333333015441895,8.333333015441895,8.133333206176758,8.433333396911621,168294,-0.01185775265405109,8.400339944022042,8.290158240000407,0.009696936725069924,Low Risk
2021-05-09,6.0042829513549805,8.333333015441895,8.333333015441895,8.333333015441895,8.333333015441895,0,0.0,8.400339944022042,8.323174111048381,0.009696936725069924,Low Risk
2021-05-10,6.0042829513549805,8.333333015441895,8.214284896850586,8.214284896850586,8.333333015441895,42,0.0,8.399659701756068,8.347142378489176,0.009694123135430893,Low Risk
2021-05-11,6.0574631690979,8.40714168548584,8.571428298950195,8.273809432983398,8.333333015441895,43554,0.008857040743142752,8.386734417506627,8.369285202026367,0.00658705892163925,Low Risk
2021-05-17,6.028299808502197,8.366665840148926,8.569046974182129,8.273809432983398,8.40714168548584,71794,-0.004814459759467593,8.37721048082624,8.381348705291748,0.006238418855507845,Low Risk
2021-05-18,6.0042829513549805,8.333333015441895,8.54285717010498,8.333333015441895,8.366665840148926,1728480,-0.0039840033465993185,8.362924712044853,8.387459818522135,0.006301006888774245,Low Risk
2021-05-19,6.175834655761719,8.571428298950195,8.690476417541504,8.350000381469727,8.333333015441895,364329,0.02857143511090987,8.38265255519322,8.395713806152344,0.013129132492849206,Low Risk
2021-05-20,6.266756534576416,8.697619438171387,8.802379608154297,8.383333206176758,8.571428298950195,41105,0.014722300043815029,8.434693472726005,8.408570988972981,0.012124922649640175,Low Risk
2021-05-23,6.266756534576416,8.697619438171387,8.44523811340332,8.44523811340332,8.697619438171387,210,0.0,8.486734390258789,8.414364655812582,0.012124922649640175,Low Risk
2021-05-24,6.266756534576416,8.697619438171387,8.802379608154297,8.476189613342285,8.697619438171387,10508,0.0,8.538775307791573,8.423729769388835,0.012124922649640175,Low Risk
2021-05-25,6.266756534576416,8.697619438171387,8.783332824707031,8.466666221618652,8.697619438171387,9399,0.0,8.580272129603795,8.432698059082032,0.012261968404590307,Low Risk
2021-05-26,6.2581787109375,8.685713768005371,8.690476417541504,8.680952072143555,8.697619438171387,15330,-0.0013688423885005463,8.625850405011859,8.442936166127522,0.01186854802693221,Low Risk
2021-05-27,6.2581787109375,8.685713768005371,8.688095092773438,8.416666030883789,8.685713768005371,970,0.0,8.676190512520927,8.453174273173014,0.011429838386842125,Low Risk
2021-05-30,6.2581787109375,8.685713768005371,8.478570938110352,8.466666221618652,8.685713768005371,7912,0.0,8.692517008100237,8.463412380218506,0.005673715724411957,Low Risk
2021-05-31,6.2581787109375,8.685713768005371,8.523809432983398,8.219046592712402,8.685713768005371,3229,0.0,8.69081619807652,8.470158418019613,0.0005173737920031145,Low Risk
2021-06-01,6.265040397644043,8.69523811340332,8.785714149475098,8.4880952835083,8.685713768005371,15115,0.001096552989465538,8.69047600882394,8.48150765101115,0.0007147920790931363,Low Risk
2021-06-02,6.2821946144104,8.719046592712402,8.80952262878418,8.571428298950195,8.69523811340332,85936,0.0027381055008006694,8.693537030901227,8.490237808227539,0.0012717948386672148,Low Risk
2021-06-03,6.304497718811035,8.75,8.921427726745605,8.576189994812012,8.719046592712402,1285397,0.003550090822254548,8.701019968305316,8.49896796544393,0.0017323568829967937,Low Risk
2021-06-06,6.323368072509766,8.776189804077148,8.926190376281738,8.690476417541504,8.75,34267,0.0029931204659598976,8.71394511631557,8.512301286061605,0.001574580631972659,Low Risk
2021-06-07,6.554961681365967,9.09761905670166,9.619047164916992,8.916666030883789,8.776189804077148,459820,0.03662514824772645,8.772788728986468,8.53484099706014,0.013266820089211484,Low Risk
2021-06-08,6.520651817321777,9.050000190734863,9.164284706115724,9.0,9.09761905670166,3322762,-0.005234211904236563,8.824829646519252,8.55753943125407,0.013843330008368975,Low Risk
2021-06-09,6.601279258728027,9.161904335021973,9.214284896850586,8.9880952835083,9.050000190734863,64138,0.012365098555652265,8.892856870378766,8.585158475240071,0.013743578730508974,Low Risk
2021-06-10,6.537805080413818,9.073808670043944,9.14047622680664,8.952380180358887,9.161904335021973,38698,-0.009615431656634699,8.946938378470284,8.611269569396972,0.015131963445701781,Low Risk
2021-06-13,6.692203521728516,9.288095474243164,9.583333015441896,9.047618865966797,9.073808670043944,70555,0.023615971197041175,9.028231075831822,8.643094984690348,0.01634415881958746,Low Risk
2021-06-14,6.51207447052002,9.038095474243164,9.050000190734863,8.954760551452637,9.288095474243164,56565,-0.02691617465531826,9.069387572152275,8.66658706665039,0.021376678826055224,Medium Risk
2021-06-15,6.4709014892578125,8.980952262878418,9.047618865966797,8.954760551452637,9.038095474243164,33768,-0.006322483705510029,9.098639351981026,8.68801565170288,0.021796190577392762,Medium Risk
2021-06-16,6.407427787780762,8.89285659790039,8.9880952835083,8.811903953552246,8.980952262878418,21105,-0.009809167491309223,9.069387572152275,8.701190249125164,0.016444446456187756,Low Risk
2021-06-17,6.435218811035156,8.931427955627441,9.14285659790039,8.585714340209961,8.89285659790039,26008,0.004337341696947883,9.052448681422643,8.717793401082357,0.016637217794485678,Low Risk
2021-06-20,6.486684322357178,9.002857208251953,9.04857063293457,8.31714153289795,8.931427955627441,40411,0.007997517639887208,9.02972766331264,8.736777528127034,0.01609201004131135,Low Risk
2021-06-21,6.5216803550720215,9.051427841186523,9.114285469055176,8.857142448425293,9.002857208251953,13916,0.005395024247419,9.026530402047294,8.75738067626953,0.015967954438424307,Low Risk
2021-06-22,6.667841911315918,9.254284858703612,9.714284896850586,8.371427536010742,9.051427841186523,172907,0.022411604122173134,9.021700314113072,8.788079071044923,0.015671771047510302,Low Risk
2021-06-23,6.538148880004883,9.074284553527832,9.520000457763672,8.857142448425293,9.254284858703612,36855,-0.01945048244397729,9.02687018258231,8.812777455647787,0.013697349311411781,Low Risk
2021-06-24,6.538148880004883,9.074284553527832,9.297142028808594,8.8628568649292,9.074284553527832,3328,0.0,9.040203366960798,8.83747584025065,0.013365277149108516,Low Risk
2021-06-27,6.849000930786133,9.505714416503906,9.528571128845217,9.04857063293457,9.074284553527832,2212070,0.04754422901674893,9.127754483904157,8.874094931284587,0.020767701236395736,Medium Risk
2021-06-28,6.857234001159668,9.517142295837402,9.525713920593262,9.028571128845217,9.505714416503906,3459505,0.0012022115153864643,9.211427961077009,8.912444146474202,0.02093694872217623,Medium Risk
2021-06-29,6.83458948135376,9.485713958740234,9.5,8.928570747375488,9.517142295837402,2540793,-0.00330228719086334,9.280407496861049,8.950856844584147,0.021482611769113254,Medium Risk
2021-06-30,6.791358470916748,9.425713539123535,9.471427917480469,9.399999618530272,9.485713958740234,92018,-0.006325345659555115,9.333876882280622,8.979333019256591,0.02213765768010971,Medium Risk
2021-07-04,6.785182476043701,9.417141914367676,9.425713539123535,9.228570938110352,9.425713539123535,290290,-0.0009093873604667513,9.357142175946917,9.003317101796467,0.02098289489568468,Medium Risk
2021-07-05,6.604025363922119,9.165714263916016,9.399999618530272,9.031428337097168,9.417141914367676,35143,-0.02669893400120249,9.370203563145228,9.018920262654623,0.02238878758812511,Medium Risk
2021-07-06,6.45580530166626,8.960000038146973,9.062856674194336,8.928570747375488,9.165714263916016,19047,-0.022443883787530594,9.353877203805107,9.027666282653808,0.02419753802775687,Medium Risk
2021-07-07,6.723424434661865,9.331427574157717,9.365714073181152,8.962857246398926,8.960000038146973,13149,0.04145396589613837,9.328979083469935,9.04879322052002,0.022161449125199777,Medium Risk
2021-07-08,6.503153324127197,9.025713920593262,9.462857246398926,8.857142448425293,9.331427574157717,43372,-0.03276172387717957,9.25877502986363,9.060126558939617,0.024794738063068665,Medium Risk
2021-07-11,6.503153324127197,9.025713920593262,9.314285278320312,8.857142448425293,9.025713920593262,4189,0.0,9.193060738699776,9.071459897359212,0.02491424819950375,Medium Risk
2021-07-12,6.503153324127197,9.025713920593262,9.34000015258789,8.859999656677246,9.025713920593262,521,0.0,9.135917936052595,9.082793235778809,0.025049190748645585,Medium Risk
2021-07-13,6.503153324127197,9.025713920593262,9.31142807006836,9.305713653564451,9.025713920593262,7175,0.0,9.079999651227679,9.094126574198405,0.025081776145257688,Medium Risk
2021-07-14,6.814003944396973,9.457141876220703,9.711427688598633,9.314285278320312,9.025713920593262,117656,0.04779987039508149,9.121632167271205,9.119523366292318,0.030040821318919192,Medium Risk
2021-07-15,7.1001505851745605,9.85428524017334,10.402856826782228,9.05714225769043,9.457141876220703,1391897,0.041994015649825966,9.249387196132115,9.157364654541016,0.030150847014769708,Medium Risk
2021-07-18,7.357476234436035,10.211427688598633,10.785714149475098,9.857142448425291,9.85428524017334,103096,0.03624234936586945,9.375101498195104,9.206078910827637,0.029417361771982717,Medium Risk
2021-07-25,7.682737350463867,10.662857055664062,11.231428146362305,10.114285469055176,10.211427688598633,191814,0.04420825185585597,9.608979088919503,9.268967819213866,0.02300632998534467,Medium Risk
2021-07-26,7.108384609222412,9.865714073181152,10.257142066955566,9.619999885559082,10.662857055664062,582827,-0.07475885480988154,9.728979110717773,9.29457098642985,0.04397459094830718,Medium Risk
2021-07-27,7.1001505851745605,9.85428524017334,10.0,9.428570747375488,9.865714073181152,579862,-0.001158439513149978,9.847346442086357,9.3213804880778,0.04403661782911745,Medium Risk
2021-07-28,6.916934967041016,9.600000381469728,10.171427726745604,9.428570747375488,9.85428524017334,206202,-0.02580449545614516,9.929387365068708,9.335983689626058,0.04637085470387488,Medium Risk
2021-07-29,7.155732154846191,9.93142795562744,10.0,9.64285659790039,9.600000381469728,164941,0.0345237042695794,9.997142519269671,9.364570999145508,0.04480203801726741,Medium Risk
2021-08-01,7.011630535125732,9.731428146362305,9.99714183807373,9.5,9.93142795562744,1176651,-0.020138071801830804,9.979591505868095,9.379348754882812,0.04303996760608412,Medium Risk
2021-08-02,7.320422172546387,10.15999984741211,10.571428298950195,9.714284896850586,9.731428146362305,1586847,0.04403995945959993,9.972244671412877,9.416745567321778,0.04424797012187134,Medium Risk
2021-08-03,7.29777717590332,10.128570556640623,11.140000343322754,9.859999656677246,10.15999984741211,591538,-0.0030934341775105123,9.895918028695244,9.454999510447184,0.03978104137434845,Medium Risk
2021-08-04,7.25660514831543,10.071428298950195,10.625714302062988,9.88857078552246,10.128570556640623,334187,-0.005641690243542219,9.925305775233678,9.49428523381551,0.026368436180579848,Medium Risk
2021-08-05,7.244252681732178,10.054285049438477,10.425713539123535,10.039999961853027,10.071428298950195,2567533,-0.001702166664236282,9.953877176557269,9.531713803609213,0.026384371797453045,Medium Risk
2021-08-08,7.244252681732178,10.054285049438477,10.054285049438477,10.054285049438477,10.054285049438477,0,0.0,10.01877498626709,9.56676139831543,0.023281820753750626,Medium Risk
2021-08-09,7.244252681732178,10.054285049438477,10.054285049438477,10.054285049438477,10.054285049438477,0,0.0,10.036325999668666,9.600189971923829,0.019847149262134798,Low Risk
2021-08-10,7.227784633636475,10.031428337097168,10.254284858703612,10.0,10.094285011291504,88693,-0.0022733304485519357,10.079183169773646,9.626094754536947,0.017553552506426626,Low Risk
2021-08-11,7.322479724884033,10.162857055664062,10.5,9.857142448425291,10.031428337097168,439015,0.013101695406710911,10.079591342381068,9.662380504608155,0.006070364907067833,Low Risk
2021-08-15,7.728025913238525,10.725713729858398,11.14285659790039,10.38857078552246,10.162857055664062,338604,0.05538370471132814,10.164897509983607,9.717428143819173,0.021540027090894445,Medium Risk
2021-08-16,7.861836910247803,10.911428451538086,11.05714225769043,10.602856636047363,10.725713729858398,582914,0.01731490568899785,10.284897531781878,9.764285278320312,0.020778230597833156,Medium Risk
2021-08-17,7.818606376647949,10.851428031921388,11.045714378356934,10.771428108215332,10.911428451538086,218109,-0.005498860198110855,10.398775100708008,9.808761469523112,0.021230681757816786,Medium Risk
2021-08-18,7.649799346923828,10.617141723632812,10.81999969482422,10.43142795562744,10.851428031921388,434007,-0.021590366502858616,10.479183197021484,9.846475728352864,0.02444494902249367,Medium Risk
2021-08-19,7.863893985748291,10.914284706115724,11.045714378356934,10.714284896850586,10.617141723632812,968716,0.027987097678229045,10.60204029083252,9.896094767252604,0.025184056097434772,Medium Risk
2021-08-22,7.997704982757568,11.100000381469728,11.34000015258789,10.742856979370115,10.914284706115724,748027,0.017015835701073456,10.7546934400286,9.952190049489339,0.02439725460244258,Medium Risk
2021-08-23,7.929771900177002,11.005714416503906,11.071428298950195,10.857142448425291,11.100000381469728,1190378,-0.0084942307860838,10.87510163443429,10.013523387908936,0.02596526634986166,Medium Risk
2021-08-24,7.91741943359375,10.988571166992188,11.0,10.800000190734863,11.005714416503906,994280,-0.0015576680316191638,10.912652696881976,10.08114242553711,0.017573794508693924,Low Risk
2021-08-25,7.92359447479248,10.99714183807373,11.14285659790039,10.800000190734863,10.988571166992188,223408,0.000779962285477831,10.924897466387067,10.13666623433431,0.01650108945404503,Low Risk
2021-08-26,8.005939483642578,11.111428260803224,11.237141609191896,10.899999618530272,10.99714183807373,101038,0.010392375074568694,10.96204035622733,10.206190045674642,0.01651346481123639,Low Risk
2021-08-29,7.880364418029785,10.937142372131348,11.425713539123535,10.748571395874023,11.111428260803224,329563,-0.015685282268049106,11.007754734584264,10.269904327392577,0.015108929853096923,Low Risk
2021-08-30,7.773316383361816,10.78857135772705,11.111428260803224,10.714284896850586,10.937142372131348,29218,-0.013584079766838064,10.989795684814453,10.328666241963704,0.01214890622105857,Low Risk
2021-08-31,7.915360450744629,10.985713958740234,11.119999885559082,10.757142066955566,10.78857135772705,86089,0.018273281463906166,10.973469052995954,10.393999576568604,0.012474798532323403,Low Risk
2021-09-01,8.077990531921387,11.211427688598633,11.43142795562744,10.857142448425291,10.985713958740234,2528673,0.02054611386261529,11.002856663295201,10.452475770314534,0.014405887916756979,Low Risk
2021-09-02,8.246796607971191,11.445713996887209,11.705714225769045,11.428570747375488,11.211427688598633,1470178,0.020897098460246122,11.068162781851631,10.50552339553833,0.01572924623419329,Low Risk
2021-09-05,7.954475402832031,11.039999961853027,11.28857135772705,11.0,11.445713996887209,94584,-0.03544680874819339,11.07428537096296,10.533142471313477,0.02229956236997028,Medium Risk
2021-09-06,7.651859283447266,10.619999885559082,11.039999961853027,9.971427917480469,11.039999961853027,9425020,-0.038043485303006275,11.004081317356654,10.531713898976644,0.026020534387230836,Medium Risk
2021-09-07,7.913302421569824,10.98285675048828,11.114285469055176,10.571428298950195,10.619999885559082,226989,0.034167313450031545,11.010611942836217,10.568951988220215,0.029557390039052243,Medium Risk
2021-09-08,7.900950908660889,10.96571445465088,11.285714149475098,10.857142448425291,10.98285675048828,639604,-0.0015608230378345578,11.03591809953962,10.605999628702799,0.028912804723058527,Medium Risk
2021-09-09,7.966825008392334,11.05714225769043,11.14285659790039,10.920000076293944,10.96571445465088,811464,0.008337605672448678,11.04612214224679,10.654571024576823,0.028256750123193158,Medium Risk
2021-09-12,8.028584480285645,11.14285659790039,11.25142765045166,11.140000343322754,11.05714225769043,16100,0.007751943333309752,11.036326272147042,10.694951979319255,0.02719605311366009,Medium Risk
2021-09-13,8.11092758178711,11.257142066955566,11.428570747375488,11.05714225769043,11.14285659790039,176375,0.010256388750144119,11.009387425013951,10.745809110005696,0.02607116387027129,Medium Risk
2021-09-14,8.434131622314453,11.705714225769045,11.957141876220703,11.368571281433104,11.257142066955566,397614,0.03984778340234563,11.10448946271624,10.797332922617594,0.02553577858443861,Medium Risk
2021-09-15,8.522651672363281,11.828571319580078,12.0,11.44857120513916,11.705714225769045,521902,0.010495480364673071,11.277142524719238,10.853999614715576,0.0152541651939665,Low Risk
2021-09-16,8.349727630615234,11.588570594787598,11.925713539123535,11.55714225769043,11.828571319580078,325661,-0.02028991653414658,11.363673073904854,10.904571024576823,0.017876015149691143,Low Risk
2021-09-19,8.230329513549805,11.422857284545898,11.697141647338867,11.399999618530272,11.588570594787598,223160,-0.01429971961479315,11.428979192461286,10.950190099080404,0.01956088464047446,Low Risk
2021-09-20,8.228269577026367,11.420000076293944,11.714284896850586,11.34571361541748,11.422857284545898,153419,-0.00025013078433711033,11.48081602369036,10.995713933308918,0.019659932506833722,Low Risk
2021-09-21,8.02652645111084,11.140000343322754,11.34571361541748,11.002857208251951,11.420000076293944,293779,-0.02451836524523532,11.480407987322126,11.031904443105061,0.02243639067075563,Medium Risk
2021-09-22,8.073873519897461,11.205714225769045,11.428570747375488,11.0,11.140000343322754,518581,0.005898912066522488,11.473061152866908,11.071047306060791,0.0221689970498921,Medium Risk
2021-09-23,8.224152565002441,11.414284706115724,11.428570747375488,11.257142066955566,11.205714225769045,1590869,0.018612868055036147,11.431428364345008,11.112761561075846,0.0164522406971329,Low Risk
2021-09-26,8.224152565002441,11.414284706115724,11.568571090698242,11.29428482055664,11.414284706115724,181013,0.0,11.372244562421526,11.135713926951091,0.015411817010757197,Low Risk
2021-09-27,8.042994499206543,11.162857055664062,11.285714149475098,11.140000343322754,11.414284706115724,198985,-0.022027455677266272,11.311428342546735,11.144094880421957,0.01571062435557706,Low Risk
2021-09-28,8.02652645111084,11.140000343322754,11.285714149475098,11.0600004196167,11.162857055664062,137735,-0.002047568308662595,11.271020208086286,11.15371395746867,0.015205667454116164,Low Risk
2021-09-29,8.02652645111084,11.140000343322754,11.140000343322754,11.140000343322754,11.140000343322754,0,0.0,11.23102024623326,11.171142578125,0.015214802680559206,Low Risk
2021-09-30,8.127398490905762,11.279999732971191,11.285714149475098,11.14285659790039,11.140000343322754,79380,0.012567269778618329,11.25102015904018,11.183333079020182,0.012938417067206184,Low Risk
2021-10-03,8.024467468261719,11.137142181396484,11.368571281433104,11.08571434020996,11.279999732971191,106715,-0.012664676857849333,11.24122415270124,11.184571139017741,0.013842898131171809,Low Risk
2021-10-04,7.973001956939697,11.065713882446287,11.15714168548584,11.0,11.137142181396484,425120,-0.006413521331308014,11.191428320748466,11.18657112121582,0.010918043008223155,Low Risk
2021-10-05,7.87830638885498,10.934285163879396,11.14285659790039,10.914284706115724,11.065713882446287,74977,-0.011877111586571787,11.122856957571846,11.184761587778727,0.011047950671941776,Low Risk
2021-10-06,7.989470481872559,11.088570594787598,11.14285659790039,10.93142795562744,10.934285163879396,111170,0.014110243934178035,11.112244606018066,11.187809213002522,0.010786605252146315,Low Risk
2021-10-10,7.92565393447876,11.0,11.002857208251951,10.914284706115724,11.088570594787598,31346,-0.007987557461124117,11.09224455697196,11.184094937642415,0.011120087920636363,Low Risk
2021-10-11,8.028584480285645,11.14285659790039,11.14285659790039,11.031428337097168,11.0,142233,0.012986963445489996,11.092652593340192,11.190952078501384,0.0124633879424473,Low Risk
2021-10-12,8.028584480285645,11.14285659790039,11.14285659790039,11.028571128845217,11.14285659790039,421214,0.0,11.073060716901507,11.202761586507162,0.011210922409877236,Low Risk
2021-10-13,8.047111511230469,11.168571472167969,11.271428108215332,11.04285717010498,11.14285659790039,29155,0.0023077452394408837,11.077550615583148,11.208856836954753,0.010146340375150264,Low Risk
2021-10-14,7.956533432006836,11.04285717010498,11.197141647338867,11.028571128845217,11.168571472167969,34912,-0.011256077142566379,11.07428537096296,11.203237819671632,0.010833831686287786,Low Risk
2021-10-17,7.956533432006836,11.04285717010498,11.254284858703612,11.045714378356934,11.04285717010498,21567,0.0,11.089795657566615,11.18980925877889,0.009564133501407565,Low Risk
2021-10-18,7.956533432006836,11.04285717010498,11.04285717010498,11.04285717010498,11.04285717010498,0,0.0,11.08326516832624,11.189904499053956,0.0077702374255873286,Low Risk
2021-10-19,8.03064250946045,11.145713806152344,11.399999618530272,11.04285717010498,11.408571243286133,122381,0.0093143137199867,11.104081426348005,11.207428296407064,0.007767142630811368,Low Risk
2021-10-20,8.09034252166748,11.228570938110352,11.33714199066162,11.031428337097168,11.145713806152344,242896,0.007433990626268594,11.116326332092285,11.215618769327799,0.0066502412271569646,Low Risk
2021-10-24,8.028584480285645,11.14285659790039,11.285714149475098,11.04857063293457,11.228570938110352,189448,-0.007633592972997261,11.116326332092285,11.221523507436116,0.00744214803806692,Low Risk
2021-10-25,8.028584480285645,11.14285659790039,11.260000228881836,11.051427841186523,11.14285659790039,241241,0.0,11.112652778625488,11.224380652109781,0.007374919288985508,Low Risk
2021-10-26,8.137689590454102,11.29428482055664,11.571428298950195,11.0600004196167,11.14285659790039,605265,0.013589712954287014,11.148571014404297,11.229428259531657,0.007203368907433654,Low Risk
2021-10-27,8.024467468261719,11.137142181396484,11.368571281433104,11.031428337097168,11.29428482055664,57011,-0.01391346523102921,11.162040301731654,11.225428263346354,0.009725542606053081,Low Risk
2021-10-28,8.152101516723633,11.314285278320312,11.537141799926758,11.14285659790039,11.137142181396484,141718,0.015905615106515336,11.200815745762416,11.212380631764729,0.011138628458290788,Low Risk
2021-10-31,8.287969589233398,11.502857208251951,11.539999961853027,11.425713539123535,11.314285278320312,123543,0.016666711621013075,11.251836231776647,11.201523494720458,0.012081906841442537,Low Risk
2021-11-01,8.405309677124023,11.665714263916016,11.85428524017334,11.428570747375488,11.502857208251951,282726,0.01415796551375359,11.314285278320312,11.204094950358073,0.012602839299690357,Low Risk
2021-11-02,8.438247680664062,11.711427688598633,11.714284896850586,11.485713958740234,11.665714263916016,588028,0.00391861343835731,11.395509719848633,11.213713963826498,0.011277065151360711,Low Risk
2021-11-03,8.234444618225098,11.428570747375488,11.685713768005373,11.300000190734863,11.711427688598633,116109,-0.024152216855551467,11.436326026916504,11.21399965286255,0.01638243676621129,Low Risk
2021-11-04,8.234444618225098,11.428570747375488,11.628570556640623,11.331427574157717,11.428570747375488,68320,0.0,11.455509730747767,11.223618666330973,0.01581595099666438,Low Risk
2021-11-07,8.234444618225098,11.428570747375488,11.428570747375488,11.428570747375488,11.428570747375488,0,0.0,11.497142383030482,11.231047217051188,0.014315519586415805,Low Risk
2021-11-08,8.234444618225098,11.428570747375488,11.428570747375488,11.428570747375488,11.428570747375488,0,0.0,11.513468878609794,11.231523418426514,0.013297167417620439,Low Risk
2021-11-09,8.234444618225098,11.428570747375488,11.428570747375488,11.428570747375488,11.428570747375488,0,0.0,11.502856527056013,11.231999619801838,0.01150260664941064,Low Risk
2021-11-10,8.073873519897461,11.205714225769045,11.428570747375488,11.188570976257324,11.351428031921388,65366,-0.019499946802851165,11.437142235892159,11.233428192138671,0.011205628088819343,Low Risk
2021-11-11,8.232386589050293,11.425713539123535,11.428570747375488,11.15714168548584,11.205714225769045,547085,0.019632779216212093,11.396325928824288,11.242951965332031,0.014529308507574201,Low Risk
2021-11-14,8.224152565002441,11.414284706115724,11.428570747375488,11.214284896850586,11.425713539123535,53424,-0.0010002730217834044,11.394285065787178,11.25209477742513,0.011303295963781794,Low Risk
2021-11-15,8.154159545898438,11.31714153289795,11.428570747375488,11.271428108215332,11.414284706115724,365008,-0.00851066674074863,11.378366606576103,11.253332837422688,0.011737133461435123,Low Risk
2021-11-16,8.106810569763184,11.25142765045166,11.314285278320312,11.05714225769043,11.31714153289795,168091,-0.0058065795373561935,11.353060449872698,11.257142353057862,0.01183147680525785,Low Risk
2021-11-17,8.106810569763184,11.25142765045166,11.368571281433104,11.068571090698242,11.25142765045166,19883,0.0,11.327754293169294,11.263332811991374,0.01183147680525785,Low Risk
2021-11-18,8.063580513000488,11.191428184509276,11.314285278320312,11.082857131958008,11.25142765045166,233401,-0.005332609141380895,11.293876784188408,11.27190424601237,0.011840199628152512,Low Risk
2021-11-21,8.045053482055664,11.165714263916016,11.214284896850586,11.08571434020996,11.191428184509276,62828,-0.0022976442478407355,11.288162503923688,11.274475701649983,0.009351830359232018,Low Risk
2021-11-22,8.045053482055664,11.165714263916016,11.165714263916016,11.165714263916016,11.165714263916016,0,0.0,11.251019750322614,11.279999510447185,0.0033074572196651946,Low Risk
2021-11-23,8.045053482055664,11.165714263916016,11.140000343322754,10.994284629821776,11.165714263916016,7350,0.0,11.215509687151227,11.280761432647704,0.003441183295354248,Low Risk
2021-11-24,8.018290519714355,11.128570556640623,11.285714149475098,11.002857208251951,11.165714263916016,29204,-0.0033265858679035754,11.188570976257324,11.28028523127238,0.002528300727821588,Low Risk
2021-11-25,8.018290519714355,11.128570556640623,11.254284858703612,11.017142295837402,11.128570556640623,19337,0.0,11.171019962855748,11.278951867421467,0.0021459935741922113,Low Risk
2021-11-28,8.018290519714355,11.128570556640623,11.128570556640623,11.128570556640623,11.128570556640623,0,0.0,11.153468949454169,11.281808980305989,0.0021459935741922113,Low Risk
2021-11-29,8.06563949584961,11.19428539276123,11.285714149475098,11.005714416503906,11.19428539276123,12089,0.005905056339998049,11.15387712206159,11.286856587727865,0.0029212944279680985,Low Risk
2021-11-30,8.234444618225098,11.428570747375488,11.428570747375488,11.039999961853027,11.19428539276123,539574,0.020929013902553972,11.191428048270087,11.299713706970214,0.008216004396638324,Low Risk
2021-12-01,8.234444618225098,11.428570747375488,11.428570747375488,11.428570747375488,11.428570747375488,0,0.0,11.228978974478583,11.309142271677652,0.008216004396638324,Low Risk
2021-12-02,8.232386589050293,11.425713539123535,11.457141876220703,11.291427612304688,11.508570671081545,118289,-0.0002500057369474451,11.266121728079657,11.315713691711426,0.008233560265961355,Low Risk
2021-12-05,8.234444618225098,11.428570747375488,11.428570747375488,11.15999984741211,11.425713539123535,518374,0.00025006825544582334,11.308978898184638,11.325237496693928,0.00785441606321459,Low Risk
2021-12-06,8.903493881225586,12.357142448425291,13.705714225769045,11.568571090698242,11.428570747375488,1151636,0.08125002868473685,11.484489168439593,11.365713691711425,0.030015834164829964,Medium Risk
2021-12-07,9.031126976013184,12.534284591674805,12.722857475280762,12.285714149475098,12.357142448425291,364066,0.01433520281803391,11.68530545915876,11.407047017415364,0.029266462242953,Medium Risk
2021-12-08,9.008482933044434,12.502857208251951,12.714284896850586,12.14285659790039,12.534284591674805,120960,-0.002507313695727542,11.87224428994315,11.45257085164388,0.02998527759708916,Medium Risk
2021-12-09,8.852028846740723,12.285714149475098,12.574284553527832,12.285714149475098,12.502857208251951,270193,-0.01736747490273971,11.994693347385951,11.484951814015707,0.03239402563988854,Medium Risk
2021-12-12,9.572543144226074,13.285714149475098,13.699999809265137,12.14285659790039,12.285714149475098,2357908,0.08139534973982165,12.259999547685895,11.544380378723144,0.04125989442675648,Medium Risk
2021-12-13,9.531371116638184,13.228570938110352,13.68000030517578,12.857142448425291,13.285714149475098,3879057,-0.004301101974785726,12.517550604684013,11.596475601196289,0.04165775027206705,Medium Risk
2021-12-14,9.263751983642578,12.857142448425291,13.285714149475098,12.857142448425291,13.228570938110352,183407,-0.02807774864139012,12.721632276262556,11.63466609319051,0.045322257180423146,Medium Risk
2021-12-15,9.23081398010254,12.81142807006836,12.99714183807373,12.571428298950195,12.857142448425291,272237,-0.003555562874122953,12.786530222211566,11.680761337280273,0.035894393293425315,Medium Risk
2021-12-16,9.160820960998535,12.714284896850586,12.859999656677246,12.571428298950195,12.81142807006836,489958,-0.007582540579120223,12.812244551522392,11.72361847559611,0.03597177341306724,Medium Risk
2021-12-19,9.031126976013184,12.534284591674805,12.714284896850586,12.51428508758545,12.714284896850586,50113,-0.014157328283588178,12.816734177725655,11.76047560373942,0.036511394584585515,Medium Risk
2021-12-20,9.031126976013184,12.534284591674805,12.534284591674805,12.534284591674805,12.534284591674805,0,0.0,12.852244240897042,11.797332731882731,0.035642309013933164,Medium Risk
2021-12-21,8.905552864074707,12.359999656677246,12.571428298950195,12.257142066955566,12.391427993774414,177681,-0.013904657559260958,12.719999313354492,11.82838036219279,0.009476557862242609,Low Risk
2021-12-22,8.86026382446289,12.297142028808594,12.51428508758545,12.25142765045166,12.359999656677246,182616,-0.005085568739048862,12.586938040597099,11.864761288960775,0.009399142547057142,Low Risk
2021-12-23,8.84173583984375,12.271428108215332,12.422857284545898,12.208571434020996,12.297142028808594,105535,-0.0020910485162342063,12.503264563424247,11.892951774597169,0.005580993057251129,Low Risk
2021-12-26,8.736746788024902,12.125714302062988,12.285714149475098,12.028571128845217,12.271428108215332,157570,-0.011874233778446097,12.405305453709193,11.916666094462077,0.005702749349589186,Low Risk
2021-12-27,8.790270805358887,12.199999809265137,12.271428108215332,12.15142822265625,12.125714302062988,59181,0.006126278860908885,12.331836155482701,11.946094703674316,0.0077733330481308755,Low Risk
2021-12-28,8.753215789794922,12.148571014404297,12.285714149475098,12.0,12.199999809265137,111027,-0.004215475054498152,12.276734215872628,11.975999482472737,0.006857987910819092,Low Risk
2021-12-29,8.95495891571045,12.428570747375488,12.5,12.205714225769045,12.148571014404297,252178,0.02304795622787248,12.261632238115583,12.015237585703533,0.01252961029637174,Low Risk
2021-12-30,9.068182945251465,12.58571434020996,12.857142448425291,12.442856788635254,12.428570747375488,141302,0.012643738047486641,12.29387719290597,12.061713790893554,0.012030798062278704,Low Risk
2022-01-02,8.942607879638672,12.411428451538086,12.65714168548584,12.342857360839844,12.58571434020996,86016,-0.013847913909427412,12.31020382472447,12.103237597147624,0.013353017701815708,Low Risk
2022-01-03,9.041420936584473,12.54857063293457,12.571428298950195,12.385713577270508,12.411428451538086,75225,0.011049669418147445,12.349795613970075,12.149332809448243,0.013699872286885703,Low Risk
2022-01-04,9.25551700592041,12.84571361541748,12.857142448425291,12.442856788635254,12.54857063293457,289481,0.02367942861181649,12.452652658735003,12.205332787831624,0.013737594519777024,Low Risk
2022-01-05,9.44285011291504,13.105713844299316,13.14285659790039,12.84571361541748,12.84571361541748,209447,0.020240232397037206,12.5820403780256,12.271237564086913,0.01437688083491209,Low Risk
2022-01-09,9.44285011291504,13.105713844299316,13.105713844299316,13.105713844299316,13.105713844299316,0,0.0,12.718775068010602,12.337142340342204,0.013738153877423708,Low Risk
2022-01-10,9.461377143859863,13.131427764892578,13.14285659790039,12.93142795562744,13.134284973144531,370002,0.00196203891667035,12.819183213370186,12.403904247283936,0.012937737061686175,Low Risk
2022-01-11,9.409913063049316,13.0600004196167,13.385713577270508,13.0,13.131427764892578,286023,-0.005439419578337268,12.88693836757115,12.466094748179119,0.01363353757347369,Low Risk
2022-01-12,9.572543144226074,13.285714149475098,13.371427536010742,13.071428298950195,13.0600004196167,108920,0.01728282715208551,13.011836324419294,12.527999528249104,0.011172142036577062,Low Risk
2022-01-13,9.467554092407228,13.140000343322754,13.285714149475098,13.08571434020996,13.285714149475098,176893,-0.010967705951892781,13.096326283046178,12.585047181447347,0.013604434519097115,Low Risk
2022-01-16,9.469612121582031,13.14285659790039,13.14285659790039,13.0,13.140000343322754,230751,0.00021737096674345757,13.138775280543737,12.642285283406576,0.011435420899000508,Low Risk
2022-01-17,9.479905128479004,13.15714168548584,13.285714149475098,12.93142795562744,13.14285659790039,188216,0.0010869088830909313,13.146122114998954,12.699904314676921,0.00867180571962422,Low Risk
2022-01-18,9.463436126708984,13.134284973144531,13.17428493499756,13.05714225769043,13.15714168548584,189997,-0.0017372095617487204,13.150203704833984,12.725809065500895,0.008716305879335648,Low Risk
2022-01-19,9.463436126708984,13.134284973144531,13.071428298950195,13.028571128845217,13.134284973144531,5250,0.0,13.150611877441406,12.745809078216553,0.008687083179207565,Low Risk
2022-01-20,9.457260131835938,13.125714302062988,13.14285659790039,12.985713958740234,13.134284973144531,52923,-0.0006525418855359844,13.159999574933734,12.766570981343587,0.008364129598872413,Low Risk
2022-01-23,9.27610206604004,12.874284744262695,13.14285659790039,12.857142448425291,13.125714302062988,58240,-0.019155495237373477,13.101223945617676,12.78619000116984,0.007667634588324814,Low Risk
2022-01-24,9.27610206604004,12.874284744262695,12.857142448425291,12.857142448425291,12.874284744262695,7742,0.0,13.063264574323382,12.77247568766276,0.007223540467726017,Low Risk
2022-01-25,9.27610206604004,12.874284744262695,13.077141761779783,12.742856979370115,12.874284744262695,18900,0.0,13.024897166660853,12.76066614786784,0.007208399451132863,Low Risk
2022-01-26,9.257575035095217,12.848570823669434,12.857142448425291,12.571428298950195,12.874284744262695,46375,-0.0019973086741553736,12.980815614972796,12.760380427042643,0.007014117941857595,Low Risk
2022-01-30,9.109355926513672,12.64285659790039,12.842857360839844,12.485713958740234,12.848570823669434,64039,-0.01601066987077504,12.91061156136649,12.754761377970377,0.008400363032794646,Low Risk
2022-01-31,9.109355926513672,12.64285659790039,12.81999969482422,12.380000114440918,12.64285659790039,19127,0.0,12.840407507760185,12.752380434672038,0.008400363032794646,Low Risk
2022-02-01,9.03318691253662,12.537141799926758,12.714284896850586,12.485713958740234,12.64285659790039,92865,-0.008361622799011204,12.756325721740723,12.752475674947103,0.008176227530048841,Low Risk
2022-02-02,9.263751983642578,12.857142448425291,12.857142448425291,12.571428298950195,12.537141799926758,40012,0.025524210669803704,12.75387682233538,12.763237603505452,0.012790821969203364,Low Risk
2022-02-03,9.232871055603027,12.814285278320312,12.857142448425291,12.714284896850586,12.857142448425291,44352,-0.0033333355585732916,12.745305470057897,12.778380457560221,0.01284749941696664,Low Risk
2022-02-06,9.152585983276367,12.70285701751709,12.925713539123535,12.628570556640623,12.814285278320312,59066,-0.008695628229203,12.720815794808525,12.791904290517172,0.013195829549986767,Low Risk
2022-02-07,9.055831909179688,12.568571090698242,13.04285717010498,12.505714416503906,12.70285701751709,2183748,-0.010571316880420567,12.680815832955497,12.801809056599934,0.013604549105867988,Low Risk
2022-02-08,9.055831909179688,12.568571090698242,12.54285717010498,12.428570747375488,12.568571090698242,5285,0.0,12.670203617640905,12.816570949554443,0.01235351374529404,Low Risk
2022-02-09,8.936432838439941,12.402856826782228,12.714284896850586,12.342857360839844,12.568571090698242,110474,-0.013184813350712199,12.635917936052595,12.823332850138346,0.013192021910168375,Low Risk
2022-02-10,8.889083862304688,12.33714199066162,12.43142795562744,12.285714149475098,12.402856826782228,34653,-0.005298362872230178,12.607346534729004,12.829618549346923,0.013021077741037433,Low Risk
2022-02-13,8.477361679077148,11.765713691711426,12.568571090698242,11.714284896850586,12.33714199066162,117579,-0.046317720861341005,12.451428140912737,12.807523314158122,0.015569415509845762,Low Risk
2022-02-14,8.54323673248291,11.857142448425291,11.99714183807373,11.428570747375488,11.765713691711426,43319,0.007770778646285947,12.314693450927734,12.783237584431966,0.017143458048161503,Low Risk
2022-02-15,8.738804817199707,12.128570556640623,12.239999771118164,12.0,11.857142448425291,76828,0.022891527987958016,12.232652527945381,12.773808987935384,0.021439197122834187,Medium Risk
2022-02-16,8.738804817199707,12.128570556640623,12.399999618530272,12.031428337097168,12.128570556640623,2537,0.0,12.169795308794292,12.759808985392253,0.021467643730846978,Medium Risk
2022-02-17,8.738804817199707,12.128570556640623,12.408571243286133,11.928570747375488,12.128570556640623,10503,0.0,12.106938089643204,12.735904216766357,0.021467643730846978,Medium Risk
2022-02-20,8.602936744689941,11.9399995803833,12.285714149475098,11.857142448425291,12.128570556640623,73090,-0.01554766700467236,12.040815625871929,12.697047074635824,0.021637946720923288,Medium Risk
2022-02-21,8.535002708435059,11.84571361541748,12.128570556640623,11.71714210510254,11.9399995803833,34142,-0.007896647259580059,11.970611572265623,12.655047067006429,0.021661897854566705,Medium Risk
2022-02-22,8.497947692871094,11.79428482055664,11.857142448425291,11.471427917480469,11.84571361541748,41072,-0.004341553116217867,11.974693162100653,12.610475635528564,0.012289298454162389,Low Risk
2022-02-23,8.497947692871094,11.79428482055664,11.99714183807373,11.571428298950195,11.79428482055664,6482,0.0,11.96571350097656,12.568285115559895,0.011857037604926188,Low Risk
2022-02-24,8.234444618225098,11.428570747375488,11.588570594787598,11.0,11.79428482055664,186308,-0.031007736267631758,11.8657135282244,12.50638033548991,0.011478989734884365,Low Risk
2022-02-27,8.366196632385254,11.611428260803224,11.800000190734863,11.457141876220703,11.428570747375488,140280,0.01600003337860323,11.791836057390485,12.455427932739259,0.01459910978560067,Low Risk
2022-02-28,8.339432716369629,11.574284553527832,11.99714183807373,11.428570747375488,11.611428260803224,57039,-0.0031988921983678864,11.712652342660087,12.403142197926838,0.014424880709232549,Low Risk
2022-03-01,8.644108772277832,11.99714183807373,12.0,11.720000267028809,11.574284553527832,46998,0.036534204994727926,11.720815522330147,12.364475536346436,0.020969703030886817,Medium Risk
2022-03-02,8.419720649719238,11.685713768005373,11.99714183807373,11.462857246398926,11.99714183807373,32109,-0.025958521977294646,11.697958401271276,12.316189829508463,0.023218809319725867,Medium Risk
2022-03-03,8.397075653076172,11.654285430908203,11.828571319580078,11.602856636047363,11.685713768005373,34587,-0.0026894666189084537,11.677958488464355,12.26685651143392,0.02319599164801904,Medium Risk
2022-03-06,8.327083587646484,11.55714225769043,11.711427688598633,11.434285163879396,11.654285430908203,236355,-0.008335403641319905,11.644080979483467,12.214570776621501,0.023321303298877084,Medium Risk
2022-03-07,8.236503601074219,11.43142795562744,11.571428298950195,11.285714149475098,11.55714225769043,240131,-0.01087762867843356,11.64448915209089,12.16647555033366,0.02028772801555243,Medium Risk
2022-03-08,8.236503601074219,11.43142795562744,11.43142795562744,11.43142795562744,11.43142795562744,0,0.0,11.618774822780065,12.118380324045818,0.0190775548118513,Low Risk
2022-03-09,8.292086601257324,11.508570671081545,11.600000381469728,11.428570747375488,11.425713539123535,193207,0.006748300890627501,11.609387125287737,12.072856521606445,0.01934844036470316,Low Risk
2022-03-10,8.306496620178223,11.528571128845217,11.671427726745604,11.428570747375488,11.508570671081545,186063,0.0017378750441989776,11.542448452540807,12.028856531778972,0.01076999688183233,Low Risk
2022-03-13,8.244738578796387,11.442856788635254,11.571428298950195,11.428570747375488,11.528571128845217,224808,-0.0074349491582265115,11.507754598345075,11.9888565381368,0.006281751889678609,Low Risk
2022-03-14,8.244738578796387,11.442856788635254,11.442856788635254,11.442856788635254,11.442856788635254,23772,0.0,11.477550506591797,11.948856544494628,0.006383812939353667,Low Risk
2022-03-15,8.22620964050293,11.417141914367676,11.562856674194336,11.17428493499756,11.442856788635254,128712,-0.002247242514921366,11.45755045754569,11.911523214975993,0.005864958790016306,Low Risk
2022-03-16,8.440305709838867,11.714284896850586,11.800000190734863,11.342857360839844,11.417141914367676,66328,0.02602603915336954,11.497958592006139,11.873427963256836,0.01078708589968211,Low Risk
2022-03-17,8.537060737609863,11.848570823669434,11.928570747375488,11.64285659790039,11.714284896850586,204218,0.011463433577149074,11.557550430297852,11.84123748143514,0.011026330543500554,Low Risk
2022-03-20,8.5844087600708,11.914284706115724,12.0,11.714284896850586,11.848570823669434,208250,0.0055461442079594026,11.615509578159879,11.814951737721762,0.011007265196414779,Low Risk
2022-03-21,8.784093856811523,12.191428184509276,12.857142448425291,11.99714183807373,11.914284706115724,408240,0.023261444998984304,11.710203443254743,11.802380307515461,0.012800105447059734,Low Risk
2022-03-22,8.806739807128906,12.222857475280762,12.682856559753418,12.034284591674805,12.191428184509276,315007,0.0025779826855250043,11.82163211277553,11.790856520334879,0.01124081167488464,Low Risk
2022-03-23,8.852028846740723,12.285714149475098,12.428570747375488,12.074284553527832,12.222857475280762,184576,0.005142551512316684,11.942040307181221,11.786951764424641,0.010668541635043969,Low Risk
2022-03-24,8.738804817199707,12.128570556640623,12.39714241027832,12.068571090698242,12.285714149475098,155662,-0.012790757698134203,12.04367297036307,11.779999383290608,0.013176890290678315,Low Risk
2022-03-27,8.5844087600708,11.914284706115724,12.14285659790039,11.857142448425291,12.128570556640623,33778,-0.017667857026034572,12.072244371686663,11.784951750437418,0.013953485032099394,Low Risk
2022-03-28,8.46912670135498,11.754284858703612,12.35428524017334,11.714284896850586,11.914284706115724,488509,-0.013429244923951145,12.058774948120117,11.781523164113363,0.014452852565953501,Low Risk
2022-03-29,8.677046775817871,12.04285717010498,12.14285659790039,11.714284896850586,11.754284858703612,52969,0.024550392888231798,12.077142442975724,11.778666051228841,0.017386005155850412,Low Risk
2022-03-30,8.615286827087402,11.957141876220703,12.082857131958008,11.714284896850586,12.04285717010498,59202,-0.00711752142149924,12.043672970363072,11.77295176188151,0.01467670512505991,Low Risk
2022-03-31,8.495888710021973,11.791427612304688,12.128570556640623,11.728570938110352,11.957141876220703,170194,-0.013859019624545388,11.982040132795062,11.761713663736979,0.015007118723180638,Low Risk
2022-04-03,8.67498779296875,12.039999961853027,12.171427726745604,11.762857437133787,11.791427612304688,255881,0.02108076797155145,11.946938105991908,11.76504700978597,0.01776282644443208,Low Risk
2022-04-04,8.642048835754395,11.994284629821776,12.14285659790039,11.874284744262695,12.039999961853027,72019,-0.003796954499675542,11.927754402160645,11.76999937693278,0.017232666416927337,Low Risk
2022-04-05,8.495888710021973,11.791427612304688,11.942856788635254,11.771428108215332,11.994284629821776,54768,-0.016912806705680294,11.910203388759069,11.769904136657715,0.017116298795644816,Low Risk
2022-04-06,8.477361679077148,11.765713691711426,11.885713577270508,11.714284896850586,11.791427612304688,160286,-0.0021807300556574427,11.911836079188756,11.768951765696208,0.01630246908853068,Low Risk
2022-04-07,8.510298728942871,11.81142807006836,11.857142448425291,11.671427726745604,11.765713691711426,75327,0.0038853893231429737,11.878774779183525,11.781713676452636,0.012625419578094784,Low Risk
2022-04-10,8.510298728942871,11.81142807006836,11.857142448425291,11.58571434020996,11.81142807006836,19579,0.0,11.85795852116176,11.788380336761474,0.012496316691663484,Low Risk
2022-04-11,8.234444618225098,11.428570747375488,11.771428108215332,11.425713539123535,11.81142807006836,126525,-0.03241414335520354,11.806121826171875,11.78352320988973,0.016752602614573665,Low Risk
2022-04-12,8.25503158569336,11.457141876220703,11.571428298950195,11.334284782409668,11.428570747375488,139825,0.002499973922966303,11.722856385367256,11.765523211161296,0.013136257437426689,Low Risk
2022-04-13,8.07181453704834,11.20285701751709,11.4399995803833,11.0,11.457141876220703,352082,-0.022194440939182325,11.60979529789516,11.749427986145019,0.014189496906006866,Low Risk
2022-04-14,8.067697525024414,11.197141647338867,11.685713768005373,11.0,11.20285701751709,123326,-0.0005101707688749402,11.524897302900042,11.734189860026042,0.01413807365766477,Low Risk
2022-04-17,8.384337425231934,10.894285202026367,11.428570747375488,10.857142448425291,11.197141647338867,108381,-0.027047656879867876,11.40040751865932,11.71209462483724,0.015684688394789013,Low Risk
2022-04-18,8.012725830078125,10.411428451538086,10.568571090698242,9.785714149475098,10.894285202026367,70868,-0.044322022191824795,11.200407573154994,11.678094641367595,0.01848258110742733,Low Risk
2022-04-19,8.135863304138184,10.571428298950195,10.851428031921388,10.428570747375488,10.411428451538086,90100,0.015367713292835594,11.023264748709542,11.64942798614502,0.02158884283711158,Medium Risk
2022-04-20,8.155653953552246,10.597142219543455,10.842857360839844,10.55714225769043,10.571428298950195,43848,0.002432397956652066,10.904489244733538,11.619047037760417,0.021054234961829524,Medium Risk
2022-04-21,8.155653953552246,10.597142219543455,10.714284896850586,10.428570747375488,10.597142219543455,40372,0.0,10.781632150922503,11.587999407450358,0.020816046852321107,Medium Risk
2022-04-26,8.155653953552246,10.597142219543455,10.705714225769045,10.399999618530272,10.597142219543455,8277,0.0,10.695101465497698,11.559808921813964,0.02049617139169929,Medium Risk
2022-04-27,8.351353645324707,10.851428031921388,11.08571434020996,10.414284706115724,10.597142219543455,119539,0.023995696869008265,10.645713806152344,11.540094629923503,0.02376604440171842,Medium Risk
2022-04-28,8.340359687805176,10.83714199066162,11.137142181396484,10.814285278320312,10.851428031921388,44733,-0.0013165125564804647,10.637550490243095,11.520761299133301,0.02153269602849516,Medium Risk
2022-05-08,8.360149383544922,10.8628568649292,11.05714225769043,10.757142066955566,10.83714199066162,90615,0.002372846483855051,10.702040263584681,11.49238036473592,0.00968599337483588,Low Risk
2022-05-09,8.31836986541748,10.808570861816406,11.071428298950195,10.714284896850586,10.8628568649292,46476,-0.004997396521724928,10.73591777256557,11.45771369934082,0.009502714677256668,Low Risk
2022-05-10,8.31836986541748,10.808570861816406,10.979999542236328,10.714284896850586,10.808570861816406,21707,0.0,10.766121864318848,11.42085657119751,0.009580149325202764,Low Risk
2022-05-11,8.353553771972656,10.85428524017334,10.971427917480469,10.85428524017334,10.808570861816406,51054,0.004229456321411584,10.802856581551689,11.376285139719645,0.009502403669785164,Low Risk
2022-05-12,8.272194862365723,10.748571395874023,10.942856788635254,10.714284896850586,10.85428524017334,43256,-0.009739364864676081,10.824489321027484,11.327142270406087,0.010728880668103066,Low Risk
2022-05-15,8.280990600585938,10.760000228881836,10.857142448425291,10.714284896850586,10.748571395874023,36064,0.0010632885605801334,10.811428206307548,11.276285139719645,0.004763773525066125,Low Risk
2022-05-16,8.355751991271973,10.857142448425291,10.857142448425291,10.65714168548584,10.760000228881836,62646,0.009028087126123685,10.814285414559501,11.233904202779135,0.006129678702242896,Low Risk
2022-05-17,8.245807647705078,10.714284896850586,10.857142448425291,10.714284896850586,10.857142448425291,118720,-0.013157932877211675,10.793060847691127,11.193904209136964,0.007822662026930499,Low Risk
2022-05-18,8.263397216796875,10.737141609191896,10.84000015258789,10.714284896850586,10.714284896850586,39637,0.002133293314612983,10.782856668744769,11.159999434153239,0.00782231815321109,Low Risk
2022-05-19,8.30517578125,10.791427612304688,10.81999969482422,10.58571434020996,10.737141609191896,41440,0.005055908275096055,10.780407633100237,11.118285115559896,0.00814810699985154,Low Risk
2022-05-22,8.311773300170898,10.800000190734863,11.14285659790039,10.628570556640623,10.791427612304688,85197,0.0007943877991083426,10.772652626037598,11.079713726043702,0.00793773097971846,Low Risk
2022-05-23,8.465696334838867,11.0,11.09142780303955,10.71714210510254,10.800000190734863,289250,0.018518500530834592,10.808570998055595,11.053332805633545,0.009582854488389306,Low Risk
2022-05-24,8.28758716583252,10.76857089996338,10.928570747375488,10.731428146362305,11.0,134659,-0.02103900909423817,10.809795379638672,11.01095183690389,0.013358534040956929,Low Risk
2022-05-25,8.250205039978027,10.720000267028809,10.857142448425291,10.645713806152344,10.76857089996338,48548,-0.004510406569801839,10.790203639439174,10.968475691477458,0.01283558036790749,Low Risk
2022-05-26,8.135863304138184,10.571428298950195,10.825714111328123,10.531428337097168,10.720000267028809,212429,-0.013859325035240122,10.769795554024833,10.927809047698975,0.012941832996963162,Low Risk
2022-05-29,8.030316352844238,10.434285163879396,10.699999809265137,10.38857078552246,10.571428298950195,29501,-0.012972999597832824,10.726530347551618,10.88342809677124,0.013418816570966512,Low Risk
2022-05-30,8.052306175231934,10.462857246398926,10.697141647338867,10.28857135772705,10.434285163879396,48279,0.002738288447246884,10.679591723850795,10.838475735982259,0.013184631059845787,Low Risk
2022-05-31,8.052306175231934,10.462857246398926,10.800000190734863,10.342857360839844,10.462857246398926,26754,0.0,10.631428446088519,10.793523375193278,0.013136474090916006,Low Risk
2022-06-01,7.977543830871582,10.365714073181152,10.782856941223145,10.357142448425291,10.462857246398926,201782,-0.009284574082400687,10.540816170828682,10.7580948193868,0.00837647143710762,Low Risk
2022-06-02,7.992936134338379,10.385713577270508,10.571428298950195,10.291427612304688,10.365714073181152,77045,0.0019293899048498098,10.486122267586845,10.722380542755127,0.006993087505672259,Low Risk
2022-06-05,7.992936134338379,10.385713577270508,10.385713577270508,10.385713577270508,10.385713577270508,0,0.0,10.438367026192802,10.69514242808024,0.0072630381874816945,Low Risk
2022-06-06,8.019322395324707,10.420000076293944,10.471427917480469,10.279999732971191,10.394285202026367,98021,0.003301313748770518,10.416734422956194,10.66923770904541,0.006422035666174778,Low Risk
2022-06-07,7.915974617004394,10.285714149475098,10.428570747375488,10.285714149475098,10.420000076293944,246176,-0.012887324936240008,10.395509992327009,10.648952007293701,0.006397765132233561,Low Risk
2022-06-08,7.995134353637695,10.38857078552246,10.471427917480469,10.285714149475098,10.285714149475098,136885,0.00999995085928096,10.384897640773229,10.64819008509318,0.007746221797114453,Low Risk
2022-06-09,8.076493263244629,10.494284629821776,10.522856712341309,10.374284744262695,10.38857078552246,103155,0.010175975741209653,10.389387266976494,10.645618629455566,0.008840837003288943,Low Risk
2022-06-12,8.008328437805176,10.40571403503418,10.65714168548584,10.38857078552246,10.494284629821776,29820,-0.008439888750101487,10.395101547241211,10.639237689971925,0.0086901112995999,Low Risk
2022-06-13,7.953356266021728,10.334284782409668,10.539999961853027,10.314285278320312,10.40571403503418,40684,-0.006864425870634405,10.387754576546806,10.630475775400798,0.009089447183566388,Low Risk
2022-06-14,7.944560527801514,10.322856903076172,10.399999618530272,10.300000190734863,10.334284782409668,73727,-0.0011058219871149522,10.3787750516619,10.621332931518555,0.009085399833068998,Low Risk
2022-06-15,8.061101913452148,10.474285125732422,10.528571128845217,10.34571361541748,10.322856903076172,183368,0.014669216485130754,10.38653005872454,10.608761501312255,0.010801209663661628,Low Risk
2022-06-16,7.929168701171875,10.302857398986816,10.408571243286133,10.285714149475098,10.474285125732422,148666,-0.016366532387442345,10.388979094369072,10.590952014923095,0.011587079547408138,Low Risk
2022-06-19,7.966549873352051,10.351428031921388,10.371427536010742,10.15999984741211,10.302857398986816,29718,0.0047142876052375104,10.383672986711774,10.573904387156169,0.011006971853805676,Low Risk
2022-06-20,7.746661186218262,10.065713882446287,10.285714149475098,10.005714416503906,10.351428031921388,103547,-0.02760142355180617,10.322448594229561,10.549142487843831,0.013823939515325376,Low Risk
2022-06-21,7.915974617004394,10.285714149475098,10.420000076293944,10.114285469055176,10.065713882446287,100537,0.021856399814072835,10.305305753435407,10.531713930765788,0.017208560199281905,Low Risk
2022-06-22,7.96435022354126,10.348570823669434,10.399999618530272,10.334284782409668,10.285714149475098,84605,0.006111065627615542,10.307346616472516,10.514856783548991,0.017236790896040164,Low Risk
2022-06-23,7.915974617004394,10.285714149475098,10.33714199066162,10.14285659790039,10.348570823669434,73675,-0.006073947336821539,10.302040508815221,10.499428208669027,0.01740698188577926,Low Risk
2022-06-26,7.819223880767822,10.15999984741211,10.342857360839844,10.082857131958008,10.285714149475098,227654,-0.012222223973568647,10.257142611912318,10.47942819595337,0.01647337603714525,Low Risk
2022-06-27,7.76645040512085,10.09142780303955,10.220000267028809,10.04285717010498,10.15999984741211,533998,-0.0067492170671661356,10.226938383919853,10.45390437444051,0.01567372846386278,Low Risk
2022-06-28,7.698286056518555,10.002857208251951,10.191428184509276,9.957141876220703,10.09142780303955,206367,-0.008776814987560222,10.177142551967076,10.43019011815389,0.015415597186355545,Low Risk
2022-06-29,7.700485706329346,10.005714416503906,10.114285469055176,10.0,10.002857208251951,115745,0.00028563921212398924,10.168571199689593,10.405809211730958,0.011687302503161167,Low Risk
2022-07-03,7.590541362762451,9.8628568649292,10.097142219543455,9.81142807006836,10.005714416503906,93618,-0.014277596344252186,10.108163016183036,10.374856853485108,0.0070909184409578,Low Risk
2022-07-04,7.218930244445801,9.380000114440918,9.98285675048828,9.162857055664062,9.8628568649292,106358,-0.048957087900691865,9.969795772007533,10.327523517608643,0.016185266783341007,Low Risk
2022-07-05,7.4586076736450195,9.691428184509276,9.9399995803833,9.485713958740234,9.380000114440918,32172,0.03320128638259834,9.884897777012416,10.283904457092286,0.024161830897127142,Medium Risk
2022-07-06,7.12657642364502,9.260000228881836,9.662857055664062,8.859999656677246,9.691428184509276,182392,-0.04451644767043017,9.756326402936663,10.233618768056234,0.0278555693813134,Medium Risk
2022-07-07,7.117781639099121,9.248571395874023,9.857142448425291,9.14285659790039,9.260000228881836,84784,-0.0012342151971190818,9.63591834477016,10.184571139017741,0.028132740723479606,Medium Risk
2022-07-17,7.038620948791504,9.145713806152344,9.414284706115724,9.002857208251953,9.248571395874023,135985,-0.011121457068230756,9.513469287327357,10.137047322591146,0.02810136356187842,Medium Risk
2022-07-18,7.051814556121826,9.162857055664062,9.422857284545898,9.14285659790039,9.145713806152344,105878,0.0018744572457740638,9.393061092921666,10.094666385650635,0.028226796091400698,Medium Risk
2022-07-19,7.339868068695068,9.537141799926758,9.708571434020996,9.285714149475098,9.162857055664062,433926,0.040848039207523,9.346530369349889,10.063809204101563,0.034521394125994254,Medium Risk
2022-07-20,7.306884288787842,9.494284629821776,9.857142448425291,9.29428482055664,9.537141799926758,120011,-0.004493712162831787,9.36285672869001,10.031523450215657,0.028493398930067075,Medium Risk
2022-07-21,7.368452548980713,9.574284553527832,10.0,9.314285278320312,9.494284629821776,483231,0.008426113901701893,9.346121924264091,10.005142466227214,0.025348503771182213,Medium Risk
2022-07-24,7.25631046295166,9.428570747375488,9.714284896850586,9.428570747375488,9.574284553527832,200329,-0.015219289267797365,9.370203426906041,9.973237705230712,0.018565646225261617,Low Risk
2022-07-25,7.240918636322021,9.408571243286133,9.571428298950195,9.300000190734863,9.428570747375488,92568,-0.0021211596778782926,9.393060547964913,9.9406662940979,0.018600170549066875,Low Risk
2022-07-26,7.302486896514893,9.488571166992188,9.64285659790039,9.342857360839844,9.408571243286133,402584,0.008502876965845507,9.442040170942034,9.909618663787843,0.01764174299998938,Low Risk
2022-07-27,7.212332725524902,9.371427536010742,9.55714225769043,9.365714073181152,9.488571166992188,73692,-0.01234576090749595,9.471835953848702,9.87914244333903,0.018890260935764337,Low Risk
2022-07-28,7.430022716522217,9.654285430908203,9.697141647338867,9.374284744262695,9.371427536010742,186875,0.030183010412292877,9.488570758274623,9.854666264851888,0.015487406368603497,Low Risk
2022-07-31,7.419028282165527,9.640000343322754,9.771428108215332,9.485713958740234,9.654285430908203,907970,-0.001479662859326214,9.509387288774763,9.826190121968587,0.015322750812285853,Low Risk
2022-08-01,7.361856937408447,9.565713882446287,9.714284896850586,9.485713958740234,9.640000343322754,124295,-0.0077060641318256184,9.508162907191686,9.798190116882324,0.015456524040525903,Low Risk
2022-08-02,7.522375583648682,9.774285316467283,9.814285278320312,9.494284629821776,9.565713882446287,258107,0.021804063615548763,9.557550702776227,9.779523468017578,0.015723469226074302,Low Risk
2022-08-03,7.506982803344727,9.754284858703612,9.942856788635254,9.64285659790039,9.774285316467283,45570,-0.0020462322426761936,9.606938362121582,9.760571066538493,0.015717629411838983,Low Risk
2022-08-04,8.102880477905273,10.528571128845217,10.714284896850586,9.625714302062988,9.754284858703612,685937,0.07937909148211109,9.755509785243444,9.762380599975586,0.03226423469094788,Medium Risk
2022-08-07,7.856606483459473,10.208571434020996,10.714284896850586,10.0,10.528571128845217,186578,-0.030393458989654842,9.87510177067348,9.759237734476725,0.03541776332587894,Medium Risk
2022-08-08,7.992936134338379,10.385713577270508,10.537141799926758,10.0,10.208571434020996,199976,0.017352295019376518,9.979591505868095,9.760380585988363,0.03469404339235232,Medium Risk
2022-08-09,7.920372009277344,10.291427612304688,10.471427917480469,10.14285659790039,10.385713577270508,115486,-0.009078429157931778,10.072652544294085,9.767904376983642,0.035263335861135434,Medium Risk
2022-08-10,7.915974617004394,10.285714149475098,10.428570747375488,10.145713806152344,10.291427612304688,131712,-0.0005551671784348455,10.1755097252982,9.767904376983642,0.03476834311844145,Medium Risk
2022-08-11,7.915974617004394,10.285714149475098,10.428570747375488,10.177142143249512,10.285714149475098,198975,0.0,10.248570987156459,9.765809154510498,0.034607395605851424,Medium Risk
2022-08-14,8.188636779785156,10.640000343322754,10.671427726745604,10.417141914367676,10.285714149475098,112269,0.03444449152475593,10.37510177067348,9.77761869430542,0.03560941164228323,Medium Risk
2022-08-15,7.931367874145508,10.305713653564451,10.85428524017334,10.199999809265137,10.640000343322754,170373,-0.031417920955997714,10.343264988490514,9.782475821177165,0.023895428913221464,Medium Risk
2022-08-16,7.7906389236450195,10.122857093811035,10.568571090698242,10.100000381469728,10.305713653564451,178930,-0.01774322146920615,10.331020082746234,9.783523464202881,0.021852394932359014,Medium Risk
2022-08-17,7.929168701171875,10.302857398986816,10.40571403503418,10.0,10.122857093811035,378672,0.017781571300244048,10.319183485848564,9.793523470560709,0.021912998794851212,Medium Risk
2022-08-18,7.929168701171875,10.302857398986816,10.302857398986816,10.302857398986816,10.302857398986816,0,0.0,10.320816312517438,9.803428236643473,0.021617598204874643,Medium Risk
2022-08-21,7.922571182250977,10.29428482055664,10.685713768005373,10.282856941223145,10.211427688598633,122206,-0.0008320583405355686,10.322040694100517,9.817809168497721,0.02161980196368131,Medium Risk
2022-08-22,7.891788005828857,10.254284858703612,10.665714263916016,10.14285659790039,10.29428482055664,258300,-0.003885647478215626,10.317550795418876,9.846951993306478,0.021679157710453936,Medium Risk
2022-08-23,7.891788005828857,10.254284858703612,10.254284858703612,10.254284858703612,10.254284858703612,0,0.0,10.262448583330427,9.86571388244629,0.015533500082047026,Low Risk
2022-08-24,8.069896697998047,10.485713958740234,10.614285469055176,10.285714149475098,10.300000190734863,197540,0.022569014146334165,10.288162912641253,9.906571006774902,0.013604148764654345,Low Risk
2022-08-25,8.333763122558594,10.828571319580078,10.885713577270508,10.462857246398926,10.485713958740234,263837,0.032697569492066814,10.388979230608259,9.959237670898437,0.014395943428159376,Low Risk
2022-08-28,8.058902740478516,10.471427917480469,10.971427917480469,10.428570747375488,10.828571319580078,156747,-0.0329815810007944,10.413060733250209,10.003428141276041,0.02096814878917708,Medium Risk
2022-08-29,7.968748092651367,10.35428524017334,10.697141647338867,10.214284896850586,10.471427917480469,316074,-0.011186886662474804,10.420407567705427,10.043142414093017,0.02160785923446131,Medium Risk
2022-08-30,7.940162181854248,10.31714153289795,10.571428298950195,10.285714149475098,10.35428524017334,593351,-0.0035872787366604264,10.423672812325615,10.069142405192057,0.02166991757064401,Medium Risk
2022-08-31,7.918174743652344,10.28857135772705,10.399999618530272,10.171427726745604,10.31714153289795,380579,-0.002769194847215939,10.428570883614677,10.095618629455567,0.021636187648544233,Medium Risk
2022-09-01,7.839013576507568,10.185713768005373,10.39714241027832,10.017142295837402,10.28857135772705,229008,-0.009997266495549773,10.418775013514928,10.115999603271485,0.022014991007195076,Medium Risk
2022-09-04,7.812627792358398,10.15142822265625,10.279999732971191,10.002857208251951,10.185713768005373,137333,-0.0033660424914764286,10.371019908360072,10.14009485244751,0.01947175288484617,Low Risk
2022-09-05,7.907179355621338,10.274285316467283,10.285714149475098,10.114285469055176,10.15142822265625,85029,0.012102444219310726,10.291836193629674,10.168951988220215,0.01358984243877938,Low Risk
2022-09-06,7.915974617004394,10.285714149475098,10.479999542236328,10.228570938110352,10.274285316467283,67574,0.001112372554954888,10.265305655343193,10.195523420969645,0.007745439838648042,Low Risk
2022-09-07,7.955554485321045,10.33714199066162,10.479999542236328,10.282856941223145,10.285714149475098,87125,0.004999929070471643,10.262856619698661,10.227713902791342,0.0071203325878975545,Low Risk
2022-09-08,8.045708656311035,10.45428466796875,10.539999961853027,10.285714149475098,10.33714199066162,225323,0.01133221130298434,10.282448496137347,10.254380544026693,0.008107219602408035,Low Risk
2022-09-11,8.201828956604004,10.65714168548584,10.739999771118164,10.451428413391112,10.45428466796875,620746,0.01940419875294097,10.335101400102888,10.288285255432129,0.010066408708899736,Low Risk
2022-09-12,8.094083786010742,10.517142295837402,10.857142448425291,10.371427536010742,10.65714168548584,279517,-0.013136673395184872,10.382448332650322,10.3199995358785,0.010886809496490648,Low Risk
2022-09-13,8.135863304138184,10.571428298950195,10.677142143249512,10.442856788635254,10.517142295837402,47502,0.005161668596447511,10.442448343549456,10.34657096862793,0.010303714595175812,Low Risk
2022-09-14,8.135863304138184,10.571428298950195,10.64285659790039,10.285714149475098,10.571428298950195,252567,0.0,10.484897341047015,10.373809083302815,0.010093685396001676,Low Risk
2022-09-15,8.135863304138184,10.571428298950195,10.64285659790039,10.34571361541748,10.571428298950195,175553,0.0,10.525713648114886,10.375237655639648,0.010157570506850854,Low Risk
2022-09-18,8.069896697998047,10.485713958740234,10.797142028808594,10.285714149475098,10.571428298950195,241101,-0.008108113472090839,10.546938214983259,10.384475739796956,0.011099732127128024,Low Risk
2022-09-19,8.135863304138184,10.571428298950195,10.571428298950195,10.285714149475098,10.485713958740234,400848,0.008174392373016648,10.56367301940918,10.390666230519612,0.010719313950475342,Low Risk
2022-09-20,8.140259742736816,10.577141761779783,10.628570556640623,10.391427993774414,10.571428298950195,168374,0.0005404627140266349,10.552244458879743,10.400190035502115,0.007352022453559067,Low Risk
2022-09-21,8.206228256225586,10.662857055664062,10.685713768005373,10.568571090698242,10.577141761779783,133255,0.008103823869886062,10.573060853140694,10.412761465708416,0.005739886908867889,Low Risk
2022-09-22,8.254602432250977,10.725713729858398,10.857142448425291,10.582857131958008,10.662857055664062,246291,0.00589491858197122,10.595101628984724,10.427428118387859,0.005813805578548287,Low Risk
2022-09-25,8.217222213745117,10.677142143249512,10.714284896850586,10.600000381469728,10.725713729858398,38815,-0.004528517899342388,10.610203606741768,10.428666178385416,0.006315026149052086,Low Risk
2022-09-26,8.135863304138184,10.571428298950195,10.848570823669434,10.571428298950195,10.677142143249512,176669,-0.009900949418955918,10.610203606741768,10.437523333231608,0.007657329483008075,Low Risk
2022-09-27,8.140259742736816,10.577141761779783,10.64285659790039,10.5,10.571428298950195,83058,0.0005404627140266349,10.623264721461705,10.452666155497234,0.0067729660355623274,Low Risk
2022-09-28,8.08968734741211,10.511427879333496,10.568571090698242,10.342857360839844,10.577141761779783,43834,-0.0062128204316730384,10.614693232945033,10.459618504842123,0.006502835873263613,Low Risk
2022-09-29,8.12267017364502,10.554285049438477,10.697141647338867,10.5,10.511427879333496,109644,0.004077197750578021,10.611427988324847,10.467999426523845,0.0067563151162413956,Low Risk
2022-10-02,8.116074562072754,10.545714378356934,10.814285278320312,10.300000190734863,10.554285049438477,628106,-0.0008120560550900491,10.594693320138115,10.476380411783854,0.005662116496597836,Low Risk
2022-10-03,8.096284866333008,10.520000457763672,10.714284896850586,10.485713958740234,10.545714378356934,109021,-0.002438328942990786,10.565305709838867,10.48523759841919,0.004611232283937588,Low Risk
2022-10-04,8.201828956604004,10.65714168548584,10.699999809265137,10.571428298950195,10.520000457763672,161423,0.013036237809377571,10.562448501586914,10.49866615931193,0.007412535597588187,Low Risk
2022-10-05,8.201828956604004,10.65714168548584,10.714284896850586,10.571428298950195,10.65714168548584,82204,0.0,10.574693271092006,10.504380416870116,0.006089324499047388,Low Risk
2022-10-09,8.217222213745117,10.677142143249512,10.84571361541748,10.628570556640623,10.65714168548584,179231,0.0018767187632413584,10.588979039873395,10.499332777659099,0.006087241081899456,Low Risk
2022-10-10,8.432711601257324,10.957141876220703,11.428570747375488,10.84571361541748,10.677142143249512,1364814,0.02622422079003761,10.65265246800014,10.51552324295044,0.010269986072088495,Low Risk
2022-10-11,8.362348556518555,10.865714073181152,10.942856788635254,10.857142448425291,10.957141876220703,157244,-0.00834412879493407,10.697142328534808,10.532570870717366,0.011638466483029295,Low Risk
2022-10-12,8.412921905517578,10.93142795562744,11.342857360839844,10.857142448425291,10.865714073181152,534870,0.0060478199595259685,10.75224426814488,10.55304708480835,0.011431061285152437,Low Risk
2022-10-13,8.467894554138184,11.002857208251951,11.114285469055176,10.942856788635254,10.93142795562744,260732,0.006534302097992661,10.82122380392892,10.576856613159178,0.010923549460678316,Low Risk
2022-10-16,8.522865295410156,11.074284553527832,11.114285469055176,11.0,11.002857208251951,366240,0.006491708828349818,10.880815642220634,10.60647563934326,0.010542526204253517,Low Risk
2022-10-17,8.575640678405762,11.14285659790039,11.225713729858398,11.071428298950195,11.074284553527832,205457,0.0061920067198124595,10.950203486851283,10.639523251851397,0.010255370908232432,Low Risk
2022-10-18,8.826312065124512,11.468570709228516,11.699999809265137,11.14285659790039,11.14285659790039,536861,0.02923075501029948,11.063264710562569,10.679332764943439,0.013058758883323671,Low Risk
2022-10-19,8.740555763244629,11.357142448425291,11.554285049438477,11.328571319580078,11.468570709228516,398146,-0.009715967545420479,11.12040764944894,10.715047041575112,0.012835875885671035,Low Risk
2022-10-20,8.863692283630371,11.517142295837402,11.54857063293457,11.314285278320312,11.357142448425291,149432,0.014088037386049912,11.213468824114118,10.754380385080971,0.011633229125596401,Low Risk
2022-10-23,8.810920715332031,11.44857120513916,11.714284896850586,11.357142448425291,11.517142295837402,460897,-0.005953828557195617,11.28734643118722,10.787523269653319,0.012859173950262193,Low Risk
2022-10-24,8.784533500671387,11.414284706115724,11.537141799926758,11.3628568649292,11.44857120513916,314555,-0.0029948277744951124,11.346121788024902,10.812761370340981,0.013373172800992567,Low Risk
2022-10-25,8.821914672851562,11.462857246398926,11.479999542236328,11.28857135772705,11.414284706115724,318913,0.004255416921322919,11.401632172720772,10.844285202026365,0.01336761667525167,Low Risk
2022-10-26,8.821914672851562,11.462857246398926,11.462857246398926,11.462857246398926,11.462857246398926,0,0.0,11.447346551077706,10.873999500274657,0.01348110175087463,Low Risk
2022-10-27,8.812019348144531,11.449999809265137,12.449999809265137,11.300000190734863,11.71399974822998,523355,-0.0011216607567741121,11.444693565368652,10.903285217285154,0.007706698303600585,Low Risk
2022-10-30,8.611921310424805,11.1899995803833,11.729999542236328,11.130000114440918,11.449999809265137,154907,-0.022707443948728145,11.420816012791224,10.923904259999592,0.01116632138040608,Low Risk
2022-10-31,8.642704963684082,11.229999542236328,11.350000381469728,11.050000190734863,11.1899995803833,115648,0.0035746169216261947,11.379795619419642,10.948713779449461,0.009158574609664401,Low Risk
2022-11-01,8.688881874084473,11.289999961853027,11.460000038146973,11.15999984741211,11.229999542236328,166009,0.005342869284280516,11.357142584664482,10.97266616821289,0.009649406923132701,Low Risk
2022-11-02,8.665793418884277,11.260000228881836,11.449999809265137,11.210000038146973,11.289999961853027,118451,-0.0026571951348587364,11.33510194505964,10.99542811711629,0.009644157107401465,Low Risk
2022-11-03,8.673491477966309,11.270000457763672,11.300000190734863,11.210000038146973,11.260000228881836,102658,0.0008881197760712833,11.307550975254603,11.01566623051961,0.009365809723333443,Low Risk
2022-11-06,8.673491477966309,11.270000457763672,11.350000381469728,11.229999542236328,11.270000457763672,191070,0.0,11.280000005449567,11.033809121449787,0.009365809723333443,Low Risk
2022-11-07,8.704275131225586,11.3100004196167,11.420000076293944,11.25,11.270000457763672,105500,0.0035492422562832804,11.260000092642647,11.054904397328693,0.00963322117679849,Low Risk
2022-11-08,8.79662799835205,11.43000030517578,11.550000190734863,11.34000015258789,11.3100004196167,129070,0.010610069063387906,11.294285910470146,11.083523464202878,0.004271697683744488,Low Risk
2022-11-09,8.758148193359375,11.380000114440918,11.5,11.350000381469728,11.43000030517578,34090,-0.0043744697637689844,11.31571456364223,11.110285409291583,0.005086076758478197,Low Risk
2022-11-10,8.950549125671387,11.630000114440918,11.6899995803833,11.350000381469728,11.380000114440918,165454,0.021968365332681872,11.364286014011928,11.14757115046183,0.009186309930762509,Low Risk
2022-11-13,8.950549125671387,11.630000114440918,11.770000457763672,11.609999656677246,11.630000114440918,211367,0.0,11.417143140520368,11.183428319295246,0.00890221390511729,Low Risk
2022-11-14,9.08138370513916,11.800000190734863,11.890000343322754,11.630000114440918,11.630000114440918,126805,0.014617375289864176,11.492857388087682,11.22523784637451,0.009428746522736389,Low Risk
2022-11-15,9.073686599731444,11.789999961853027,11.949999809265137,11.699999809265137,11.800000190734863,198163,-0.0008474770101858375,11.567143031529017,11.267571163177488,0.00953284831013229,Low Risk
2022-11-16,9.373834609985352,12.18000030517578,12.25,11.800000190734863,11.789999961853027,365626,0.03307890963397897,11.691428729466027,11.318333117167153,0.01365171601035243,Low Risk
2022-11-17,9.550844192504885,12.40999984741211,12.489999771118164,12.0,12.18000030517578,354565,0.018883377378783317,11.83142866407122,11.376761722564696,0.013994262639150025,Low Risk
2022-11-20,9.535452842712402,12.390000343322754,12.5,12.31999969482422,12.40999984741211,92225,-0.0016115636047752124,11.975714411054339,11.43385699590047,0.013488446884064365,Low Risk
2022-11-21,9.466187477111816,12.300000190734863,12.5,12.239999771118164,12.390000343322754,125125,-0.007263934632285474,12.07142870766776,11.47861893971761,0.014484083951504082,Low Risk
2022-11-22,9.481578826904297,12.31999969482422,12.399999618530272,12.210000038146973,12.300000190734863,55883,0.0016259759170103028,12.170000076293945,11.527095127105712,0.01434447999916217,Low Risk
2022-11-23,9.473884582519531,12.3100004196167,12.399999618530272,12.220000267028809,12.31999969482422,96620,-0.0008116295012347008,12.242857251848493,11.573047542572022,0.01440703732710724,Low Risk
2022-11-24,9.804816246032717,12.739999771118164,12.880000114440918,12.239999771118164,12.3100004196167,486088,0.034930896575457115,12.378571510314941,11.630952294667562,0.017520673441300927,Low Risk
2022-11-27,9.927952766418455,12.899999618530272,13.0,12.739999771118164,12.739999771118164,481916,0.012558857950282665,12.48142855507987,11.691809463500977,0.014761343236009368,Low Risk
2022-11-28,9.935648918151855,12.90999984741211,13.06999969482422,12.8100004196167,12.899999618530272,726070,0.0007752115641517232,12.55285712650844,11.7507142384847,0.014178923069433722,Low Risk
2022-11-29,10.405110359191896,13.520000457763672,13.800000190734863,12.979999542236328,12.90999984741211,767623,0.04725024148422752,12.714285714285714,11.819095230102539,0.02055036641245795,Medium Risk
2022-11-30,10.659080505371094,13.850000381469728,14.149999618530272,13.550000190734863,13.520000457763672,752123,0.024408277554203606,12.935714312962123,11.902190494537354,0.018830947779901405,Low Risk
2022-12-01,10.74373722076416,13.960000038146973,14.100000381469728,13.8100004196167,13.850000381469728,252077,0.007942213259749531,13.170000076293945,11.983619085947673,0.01809454349605612,Low Risk
2022-12-04,11.197806358337402,14.550000190734863,14.699999809265137,14.0,13.960000038146973,848187,0.04226362113006177,13.49000004359654,12.087000052134195,0.017894506168715872,Low Risk
2022-12-05,13.252660751342772,17.219999313354492,17.399999618530273,14.619999885559082,14.550000190734863,1300177,0.18350509193256426,14.12999997820173,12.280523872375488,0.06324530366831656,High Risk
2022-12-06,13.091045379638672,17.010000228881836,17.489999771118164,16.75,17.219999313354492,273580,-0.012195069270984127,14.717142922537667,12.465428638458253,0.06602690797779608,High Risk
2022-12-07,12.906338691711426,16.770000457763672,17.329999923706055,16.40999984741211,17.010000228881836,319856,-0.014109333797107215,15.26857158115932,12.64233341217041,0.06779162346788103,High Risk
2022-12-08,12.960210800170898,16.84000015258789,18.0,16.549999237060547,16.770000457763672,559838,0.004174102141530467,15.742857251848493,12.822000090281168,0.06895477764001648,High Risk
2022-12-11,12.944818496704102,16.81999969482422,17.850000381469727,16.700000762939453,16.84000015258789,399188,-0.0011876756284113776,16.167142868041992,13.009666760762533,0.07019786186194127,High Risk
2022-12-12,13.07565212249756,16.989999771118164,17.100000381469727,16.81999969482422,16.81999969482422,108915,0.010107020177072767,16.599999972752162,13.201666768391927,0.070088885258082,High Risk
2022-12-13,13.206485748291016,17.15999984741211,17.5,17.06999969482422,16.989999771118164,1975881,0.01000589044050093,16.972857066563197,13.397333431243897,0.07023650639813211,High Risk
2022-12-14,13.221879005432127,17.18000030517578,17.43000030517578,17.110000610351562,17.15999984741211,329391,0.0011655278520696921,16.96714292253767,13.594666767120362,0.00974389233711413,Low Risk
2022-12-15,13.221879005432127,17.18000030517578,17.670000076293945,17.149999618530273,17.18000030517578,359333,0.0,16.99142864772252,13.7916667620341,0.008234091864685534,Low Risk
2022-12-18,13.1987886428833,17.149999618530273,17.440000534057617,17.049999237060547,17.18000030517578,281176,-0.0017462564675548853,17.045714242117747,13.987666734059651,0.005050910232637972,Low Risk
2022-12-19,13.1987886428833,17.149999618530273,17.489999771118164,16.899999618530273,17.149999618530273,195976,0.0,17.089999880109513,14.182333374023438,0.005164199264982696,Low Risk
2022-12-20,13.275750160217283,17.25,17.3799991607666,17.149999618530273,17.149999618530273,153421,0.0058309261629183595,17.151428495134628,14.376333363850911,0.004979609886164908,Low Risk
2022-12-21,13.21418285369873,17.170000076293945,17.350000381469727,17.010000228881836,17.25,49708,-0.004637676736582885,17.17714282444545,14.569333362579346,0.004897724284060659,Low Risk
2022-12-22,13.152613639831545,17.09000015258789,17.440000534057617,17.0,17.170000076293945,184968,-0.004659284994209645,17.167142868041992,14.751333363850911,0.003635131300534489,Low Risk
2022-12-25,12.929426193237305,16.799999237060547,17.200000762939453,16.770000457763672,17.09000015258789,113498,-0.016969041131543183,17.112857001168386,14.923666667938232,0.0070465959589603964,Low Risk
2022-12-26,13.037172317504885,16.940000534057617,17.010000228881836,16.799999237060547,16.799999237060547,53956,0.00833341091398565,17.078571319580078,15.095000012715657,0.008269070838198321,Low Risk
2022-12-27,12.98330020904541,16.8700008392334,17.0,16.81999969482422,16.940000534057617,68883,-0.004132213259585571,17.038571493966238,15.264333375295003,0.008307000649799045,Low Risk
2022-12-28,13.137221336364746,17.06999969482422,17.399999618530273,16.8700008392334,16.8700008392334,106267,0.011855296125753423,17.027142933436803,15.427333354949951,0.00991207305631262,Low Risk
2022-12-29,13.09874153137207,17.020000457763672,17.270000457763672,17.0,17.06999969482422,54172,-0.002929070764758568,16.99428585597447,15.58100004196167,0.009505730192730915,Low Risk
2023-01-02,13.183396339416504,17.1299991607666,17.350000381469727,17.010000228881836,17.020000457763672,49900,0.0064629083457370395,16.988571439470565,15.739000002543131,0.009886704518616498,Low Risk
2023-01-03,13.268054008483888,17.239999771118164,17.600000381469727,17.100000381469727,17.1299991607666,116772,0.0064215187239180516,17.00999995640346,15.903666655222574,0.009957577508701694,Low Risk
2023-01-04,13.391191482543944,17.399999618530273,17.969999313354492,16.799999237060547,17.239999771118164,446941,0.009280733731803936,17.09571429661342,16.07299998601278,0.006148813757822194,Low Risk
2023-01-05,13.42197608947754,17.440000534057617,17.790000915527344,17.25,17.399999618530273,384065,0.0022989032416267374,17.167142868041992,16.243999989827476,0.00603233002001534,Low Risk
2023-01-09,13.5297212600708,17.579999923706055,18.25,17.3700008392334,17.440000534057617,410080,0.00802748769273487,17.268571308680944,16.40533332824707,0.004880716661446902,Low Risk
2023-01-10,13.598986625671388,17.670000076293945,17.899999618530273,17.450000762939453,17.579999923706055,259896,0.005119462626761884,17.354285648890905,16.564333343505858,0.00411940703908276,Low Risk
2023-01-11,13.775995254516602,17.899999618530273,18.09000015258789,17.450000762939453,17.670000076293945,385308,0.01301638603527211,17.479999814714706,16.7306666692098,0.0033748054358410805,Low Risk
2023-01-12,13.668251037597656,17.760000228881836,18.200000762939453,17.510000228881836,17.899999618530273,120353,-0.007821195119105395,17.569999967302596,16.871999994913736,0.006648420674212623,Low Risk
2023-01-15,13.71442699432373,17.81999969482422,18.0,17.540000915527344,17.760000228881836,100021,0.0033783482640281637,17.652857099260604,17.004333305358887,0.00665410908155842,Low Risk
2023-01-16,14.168497085571287,18.40999984741211,18.700000762939453,17.799999237060547,17.81999969482422,281311,0.03310887557193709,17.797142846243723,17.15266663233439,0.012701105863013417,Low Risk
2023-01-17,14.053056716918944,18.26000022888184,18.700000762939453,18.010000228881836,18.40999984741211,219753,-0.008147725137072959,17.914285659790043,17.276333300272622,0.014047137143579417,Low Risk
2023-01-18,14.32241916656494,18.61000061035156,18.989999771118164,18.239999771118164,18.26000022888184,276046,0.019167600059288192,18.06142861502511,17.322666676839194,0.01483564032556606,Low Risk
2023-01-19,14.622566223144531,19.0,19.200000762939453,18.420000076293945,18.61000061035156,283786,0.020956441529158765,18.251428604125977,17.38900000254313,0.015470811662634509,Low Risk
2023-01-22,16.123302459716797,20.950000762939453,21.38999938964844,19.11000061035156,19.0,656922,0.10263161910207641,18.687143053327286,17.528333346048992,0.038224435708457113,Medium Risk
2023-01-23,15.953988075256348,20.729999542236328,21.600000381469727,20.059999465942383,20.950000762939453,328484,-0.010501251202448936,19.111428669520787,17.657999992370605,0.03859997370080469,Medium Risk
2023-01-24,16.477323532104492,21.40999984741211,21.59000015258789,20.540000915527344,20.729999542236328,334033,0.032802716844750224,19.6242858341762,17.810999997456868,0.03770623528591559,Medium Risk
2023-01-25,16.654333114624023,21.63999938964844,22.59000015258789,21.0,21.40999984741211,403907,0.010742622320202067,20.08571434020996,17.96599998474121,0.038062641383536044,Medium Risk
2023-01-29,17.47011947631836,22.700000762939453,22.959999084472656,22.0,21.63999938964844,189940,0.04898342898281527,20.72000013078962,18.150666681925454,0.03610789927188935,Medium Risk
2023-01-30,17.200756072998047,22.350000381469727,23.1200008392334,22.020000457763672,22.700000762939453,222167,-0.015418518489265676,21.25428581237793,18.32300001780192,0.040297603845231844,Medium Risk
2023-01-31,16.138694763183594,20.96999931335449,22.200000762939453,20.6299991607666,22.350000381469727,77791,-0.061745013179480335,21.535714285714285,18.449333318074544,0.0526525458570326,High Risk
2023-02-01,15.67693042755127,20.3700008392334,21.739999771118164,20.049999237060547,20.96999931335449,80113,-0.028612231462448734,21.452857153756277,18.55666669209798,0.03761503125068679,Medium Risk
2023-02-02,15.76158618927002,20.479999542236328,20.96999931335449,20.229999542236328,20.3700008392334,78715,0.005400034289201772,21.417142868041992,18.66766668955485,0.03759432494245313,Medium Risk
2023-02-05,15.384478569030762,19.989999771118164,20.5,18.450000762939453,20.479999542236328,105060,-0.023925770608911767,21.214285714285715,18.75900001525879,0.03509393971809897,Medium Risk
2023-02-06,15.63075351715088,20.309999465942383,20.489999771118164,19.89999961853028,19.989999771118164,33287,0.016007988918867344,21.02428572518485,18.863666661580403,0.035645349179664026,Medium Risk
2023-02-07,15.884722709655762,20.63999938964844,20.920000076293945,20.31999969482422,20.309999465942383,55175,0.01624815028968518,20.729999814714706,18.981999969482423,0.028226354834230034,Medium Risk
2023-02-08,16.192569732666016,21.040000915527344,21.5,20.39999961853028,20.63999938964844,49586,0.019379919462571005,20.542857033865793,19.123333358764647,0.030714751650423304,Medium Risk
2023-02-09,16.623546600341797,21.600000381469727,21.950000762939453,21.01000022888184,21.040000915527344,59056,0.026615943040625423,20.632857186453684,19.278666687011718,0.021932521026353027,Medium Risk
2023-02-12,16.608156204223633,21.57999992370605,21.979999542236328,21.11000061035156,21.600000381469727,36520,-0.0009259471023358445,20.805714198521205,19.435666656494142,0.016895673507784904,Low Risk
2023-02-13,16.592763900756836,21.559999465942383,21.96999931335449,21.25,21.57999992370605,204518,-0.0009268052749943356,20.959999901907786,19.58533331553141,0.017248450960880995,Low Risk
2023-02-14,16.700510025024414,21.700000762939453,21.989999771118164,21.459999084472656,21.559999465942383,179607,0.0064935668119205925,21.204285757882253,19.741333325703938,0.010539827999586207,Low Risk
2023-02-15,17.077617645263672,22.190000534057617,22.299999237060547,21.5,21.700000762939453,110908,0.022580633819839102,21.472857339041575,19.910000038146972,0.01124219344867555,Low Risk
2023-02-16,16.94678497314453,22.020000457763672,22.34000015258789,22.0,22.190000534057617,59747,-0.0076611118613100215,21.670000348772323,20.06933339436849,0.013431958695814143,Low Risk
2023-02-19,16.939088821411133,22.01000022888184,22.290000915527344,21.950000762939453,22.020000457763672,57275,-0.0004541429915505546,21.808571679251536,20.22300008138021,0.013053928281515904,Low Risk
2023-02-20,16.715900421142578,21.71999931335449,22.200000762939453,20.01000022888184,22.01000022888184,45511,-0.01317587062751624,21.825714383806503,20.36566670735677,0.011410858303042873,Low Risk
2023-02-21,16.646636962890625,21.6299991607666,21.96999931335449,21.209999084472656,21.71999931335449,37838,-0.00414365356506019,21.832857131958008,20.500666681925455,0.011558052966363912,Low Risk
2023-02-22,16.554285049438477,21.51000022888184,21.940000534057617,21.01000022888184,21.6299991607666,41799,-0.005547801042101841,21.825714383806503,20.62866668701172,0.011775550725648683,Low Risk
2023-02-23,16.769775390625,21.790000915527344,21.8799991607666,21.5,21.51000022888184,30330,0.01301723308536018,21.838571548461914,20.75833339691162,0.012627620572926695,Low Risk
2023-02-26,16.915998458862305,21.979999542236328,22.100000381469727,21.5,21.790000915527344,67820,0.008719532754750459,21.808571406773158,20.899000040690105,0.009253079335087167,Low Risk
2023-02-27,17.03144073486328,22.1299991607666,22.200000762939453,21.6200008392334,21.979999542236328,16881,0.006824368592093899,21.82428550720215,21.04266668955485,0.009218517367198363,Low Risk
2023-02-28,16.915998458862305,21.979999542236328,22.489999771118164,21.75,22.1299991607666,35109,-0.00677811225570224,21.81999969482422,21.161666679382325,0.009655542364682069,Low Risk
2023-03-01,16.623546600341797,21.600000381469727,22.0,21.14999961853028,21.979999542236328,68651,-0.01728840621840788,21.80285699026925,21.27300001780192,0.010653420501007612,Low Risk
2023-03-02,16.592763900756836,21.559999465942383,22.07999992370605,21.3799991607666,21.600000381469727,69667,-0.001851894204671356,21.792857033865793,21.37133331298828,0.01056633315773612,Low Risk
2023-03-05,16.16178321838379,21.0,21.600000381469727,20.799999237060547,21.559999465942383,212794,-0.025974001846660322,21.719999858311244,21.437999979654947,0.014359646029916528,Low Risk
2023-03-06,16.646636962890625,21.6299991607666,21.700000762939453,20.86000061035156,21.0,294975,0.029999960036504847,21.697142464773997,21.460666592915853,0.018437969010101238,Low Risk
2023-03-07,16.284921646118164,21.15999984741211,21.850000381469727,21.0,21.6299991607666,31524,-0.021729049079530105,21.579999651227677,21.474999936421714,0.01935716287550932,Low Risk
2023-03-08,16.16178321838379,21.0,21.479999542236328,20.280000686645508,21.15999984741211,44239,-0.0075614295163465295,21.41857119968959,21.46133327484131,0.01861000029655855,Low Risk
2023-03-09,16.323400497436523,21.209999084472656,21.489999771118164,20.82999992370605,21.0,253889,0.009999956403459853,21.308571134294784,21.446999931335448,0.019736563158411522,Low Risk
2023-03-12,16.16178321838379,21.0,21.88999938964844,20.950000762939453,21.209999084472656,215534,-0.00990094736149194,21.222856794084823,21.390333239237467,0.019153560988637384,Low Risk
2023-03-13,15.776979446411133,20.5,21.100000381469727,20.350000381469727,21.0,156379,-0.023809523809523836,21.071428298950195,21.328666559855144,0.0205192750588767,Medium Risk
2023-03-14,15.499920845031738,20.13999938964844,20.979999542236328,19.31999969482422,20.5,31582,-0.01756100538300287,20.948571068899973,21.300999895731607,0.019440485069165233,Low Risk
2023-03-15,14.868841171264648,19.31999969482422,21.25,19.0,20.13999938964844,240842,-0.04071498111592231,20.61857114519392,21.265999857584635,0.015766042956296345,Low Risk
2023-03-16,14.87653636932373,19.32999992370605,20.0,16.520000457763672,19.31999969482422,199583,0.0005176101987471871,20.35714258466448,21.22766653696696,0.016613852030255033,Low Risk
2023-03-19,14.645655632019045,19.030000686645508,19.489999771118164,18.5,19.32999992370605,55276,-0.015519877819173078,20.075714111328125,21.195666567484537,0.016473831891056192,Low Risk
2023-03-20,14.59947681427002,18.96999931335449,19.440000534057617,18.63999938964844,19.030000686645508,26548,-0.0031529884984778933,19.75571414402553,21.15099989573161,0.013838764906696216,Low Risk
2023-03-21,15.176682472229004,19.71999931335449,19.950000762939453,19.01000022888184,18.96999931335449,19047,0.039536111077875136,19.572856903076172,21.12033322652181,0.02523468350768731,Medium Risk
2023-03-22,14.791879653930664,19.21999931335449,20.100000381469727,18.600000381469727,19.71999931335449,24433,-0.02535497045689028,19.389999662126815,21.059666506449382,0.025395442164700854,Medium Risk
2023-03-23,14.791879653930664,19.21999931335449,19.700000762939453,19.0,19.21999931335449,11668,0.0,19.258571079799104,20.980333137512208,0.025263484728872656,Medium Risk
2023-03-26,14.791879653930664,19.21999931335449,19.5,18.809999465942383,19.21999931335449,12293,0.0,19.244285311017713,20.90166645050049,0.020227037361867605,Medium Risk
2023-03-27,14.41477108001709,18.729999542236328,19.39999961853028,18.5,19.21999931335449,19679,-0.025494265797277982,19.15857097080775,20.807333119710286,0.02227963477734505,Medium Risk
2023-03-28,14.622566223144531,19.0,19.3700008392334,18.39999961853028,18.729999542236328,37084,0.014415401193941246,19.154285158429822,20.71733309427897,0.022633606853652597,Medium Risk
2023-03-29,14.553301811218262,18.90999984741211,19.0,18.6200008392334,19.0,28661,-0.004736850136204729,19.14571380615234,20.607999738057455,0.022678168815717575,Medium Risk
2023-03-30,14.1146240234375,18.34000015258789,19.18000030517578,18.0,18.90999984741211,86611,-0.030142765701937635,18.948571068899973,20.485333061218263,0.016857958120403357,Low Risk
2023-04-02,14.168497085571287,18.40999984741211,18.89999961853028,18.26000022888184,18.34000015258789,64840,0.003816777221473444,18.83285685947963,20.365333048502603,0.016070936161667628,Low Risk
2023-04-03,14.545604705810549,18.89999961853028,19.0,18.71999931335449,18.40999984741211,35913,0.02661595736987743,18.787142617361887,20.27133305867513,0.020319641105641294,Medium Risk
2023-04-04,14.537909507751465,18.88999938964844,19.14999961853028,18.75,18.89999961853028,53831,-0.0005291126499301635,18.739999771118164,20.17999973297119,0.020310997630844346,Medium Risk
2023-04-05,14.537909507751465,18.88999938964844,19.190000534057617,18.809999465942383,18.88999938964844,12042,0.0,18.762856892177037,20.092666371663412,0.017556365818391102,Low Risk
2023-04-06,14.645655632019045,19.030000686645508,19.14999961853028,18.81999969482422,18.88999938964844,25391,0.007411397645348039,18.767142704554967,20.000666364034018,0.016873858038606217,Low Risk
2023-04-09,14.738006591796877,19.14999961853028,19.5,19.0,19.030000686645508,26047,0.006305776539933694,18.801428386143275,19.906333033243815,0.016835398464809654,Low Risk
2023-04-10,14.85344696044922,19.299999237060547,19.5,19.0,19.14999961853028,70231,0.007832878408264854,18.93857111249651,19.811999702453612,0.009138663602743088,Low Risk
2023-04-11,14.868841171264648,19.31999969482422,19.989999771118164,19.100000381469727,19.299999237060547,29002,0.0010362931893419525,19.068571090698242,19.72333304087321,0.009375222154305867,Low Risk
2023-04-12,14.707222938537598,19.11000061035156,19.799999237060547,19.020000457763672,19.31999969482422,55838,-0.010869518001541123,19.098571232387,19.640333048502605,0.006553182335881779,Low Risk
2023-04-13,14.961193084716797,19.440000534057617,19.5,19.11000061035156,19.11000061035156,46296,0.01726844129598315,19.17714282444545,19.56966641743978,0.008693332454762493,Low Risk
2023-04-18,14.43382167816162,17.790000915527344,19.190000534057617,17.469999313354492,19.440000534057617,1662397,-0.08487652125521195,19.020000185285294,19.462666447957357,0.03495527414434936,Medium Risk
2023-04-19,14.417593002319336,17.770000457763672,18.25,17.700000762939453,17.790000915527344,353622,-0.001124252767531586,18.84000015258789,19.333999824523925,0.03447426307042239,Medium Risk
2023-04-26,14.523067474365234,17.899999618530273,18.0,17.770000457763672,17.770000457763672,142564,0.007315653203025407,18.661428724016464,19.225333150227865,0.034552010673517757,Medium Risk
2023-04-27,14.734018325805664,18.15999984741211,18.299999237060547,17.81999969482422,17.899999618530273,178834,0.014525152761047044,18.4985716683524,19.130666478474936,0.035184122783129795,Medium Risk
2023-04-30,14.620429039001465,18.020000457763672,18.5,17.920000076293945,18.15999984741211,188301,-0.007709217556430059,18.312857491629465,19.024333190917968,0.034960043160855936,Medium Risk
2023-05-01,14.620429039001465,18.020000457763672,18.020000457763672,18.020000457763672,18.020000457763672,0,0.0,18.157143184116908,18.924999872843426,0.03512246702102572,Medium Risk
2023-05-02,14.052488327026367,17.31999969482422,17.780000686645508,17.209999084472656,17.549999237060547,101518,-0.03884576832171316,17.85428592136928,18.8189998626709,0.03484991145099027,Medium Risk
2023-05-03,13.825313568115234,17.040000915527344,17.549999237060547,16.899999618530273,17.31999969482422,343443,-0.016166211560647348,17.747143064226425,18.715666580200196,0.01752844927004812,Low Risk
2023-05-07,13.517001152038574,16.65999984741211,17.3799991607666,16.270000457763672,17.040000915527344,134240,-0.022300530968221155,17.588571548461914,18.62699991861979,0.018354488070304296,Low Risk
2023-05-08,13.80097198486328,17.010000228881836,17.100000381469727,16.719999313354492,16.65999984741211,116239,0.021008426451101903,17.461428778512136,18.549666595458984,0.020934627391410544,Medium Risk
2023-05-09,13.841538429260254,17.059999465942383,17.25,16.899999618530273,17.010000228881836,118223,0.0029394024919324746,17.304285866873606,18.483999888102215,0.019340026403232104,Low Risk
2023-05-10,13.95512866973877,17.200000762939453,17.200000762939453,16.75,17.059999465942383,102914,0.00820640688040819,17.187143053327286,18.424999936421713,0.020386550792976934,Medium Risk
2023-05-11,14.571748733520508,17.959999084472656,17.989999771118164,17.0,17.200000762939453,194222,0.04418594696639544,17.178571428571427,18.36633326212565,0.028098801356676775,Medium Risk
2023-05-14,15.00987434387207,18.5,18.6299991607666,17.700000762939453,17.959999084472656,348389,0.030066867653362195,17.347142900739396,18.342333285013833,0.024058960543824497,Medium Risk
2023-05-15,14.604203224182127,18.0,18.700000762939453,18.0,18.5,156229,-0.027027027027026973,17.484285627092635,18.30166664123535,0.026255441159483143,Medium Risk
2023-05-16,14.523067474365234,17.899999618530273,18.25,17.75,18.0,66282,-0.005555576748318192,17.661428451538086,18.257666651407877,0.02365199014742095,Medium Risk
2023-05-17,14.198531150817873,17.5,18.0,17.299999237060547,17.899999618530273,85355,-0.02234634788015244,17.731428418840682,18.216666666666665,0.02601427435912488,Medium Risk
2023-05-18,14.093056678771973,17.3700008392334,17.600000381469727,17.299999237060547,17.5,31004,-0.007428523472377213,17.775714329310826,18.16233336130778,0.026400443990228915,Medium Risk
2023-05-21,14.093056678771973,17.3700008392334,17.75,17.350000381469727,17.3700008392334,13214,0.0,17.800000054495676,18.111000061035156,0.02630610553310503,Medium Risk
2023-05-22,14.109282493591309,17.389999389648438,17.780000686645508,17.280000686645508,17.3700008392334,35450,0.001151326968843236,17.718571526663645,18.079333368937174,0.01863100828746132,Low Risk
2023-05-23,14.109282493591309,17.389999389648438,17.68000030517578,17.25,17.389999389648438,9653,0.0,17.560000010899135,18.045333353678384,0.011416523360030219,Low Risk
2023-05-24,14.125508308410645,17.40999984741211,17.59000015258789,17.15999984741211,17.389999389648438,68016,0.0011501126202211331,17.47571427481515,17.995666694641113,0.008487342662116294,Low Risk
2023-05-25,14.198531150817873,17.5,17.75,17.25,17.40999984741211,27215,0.005169451658626478,17.41857147216797,17.94933338165283,0.009245241821711658,Low Risk
2023-05-28,14.360799789428713,17.700000762939453,17.829999923706055,17.5,17.5,116959,0.0114286150251115,17.44714300973075,17.909666760762533,0.005720869841350237,Low Risk
2023-05-29,14.46627426147461,17.829999923706055,18.13999938964844,17.729999542236328,17.700000762939453,229568,0.007344585037464935,17.51285716465541,17.86966673533122,0.004388137878217632,Low Risk
2023-05-30,14.831379890441896,18.280000686645508,18.39999961853028,18.0,17.829999923706055,409515,0.025238405208356074,17.642857142857142,17.84066677093506,0.008871954518038759,Low Risk
2023-05-31,15.65894889831543,19.299999237060547,19.5,18.81999969482422,18.280000686645508,667336,0.055798605694812764,17.915714263916016,17.84066677093506,0.019807355772264508,Low Risk
2023-06-01,15.594042778015137,19.21999931335449,19.690000534057617,18.5,19.299999237060547,250628,-0.004145073931010268,18.17714282444545,17.83733342488607,0.020389561842627812,Medium Risk
2023-06-04,15.82122039794922,19.5,19.65999984741211,19.11000061035156,19.21999931335449,85113,0.01456819441460433,18.47571427481515,17.850333404541015,0.01953036793403967,Low Risk
2023-06-05,15.691404342651367,19.34000015258789,19.549999237060547,19.200000762939453,19.5,87764,-0.008205120380108122,18.738571439470565,17.847000058492025,0.021387876680561163,Medium Risk
2023-06-06,15.967262268066406,19.68000030517578,19.81999969482422,19.01000022888184,19.34000015258789,103888,0.017580152528716253,19.021428516932897,17.910000038146972,0.02136339258628008,Medium Risk
2023-06-07,15.796878814697266,19.46999931335449,19.68000030517578,19.299999237060547,19.68000030517578,50243,-0.010670781939269736,19.25571414402553,17.966666666666665,0.02348316098563627,Medium Risk
2023-06-08,16.048397064208984,19.780000686645508,19.979999542236328,19.450000762939453,19.46999931335449,48927,0.015922002271381075,19.469999858311244,18.029333368937174,0.022923383342420015,Medium Risk
2023-06-11,16.38916015625,20.200000762939453,20.299999237060547,19.5,19.780000686645508,109599,0.021233572381901267,19.598571504865372,18.09733339945475,0.013650544360242855,Low Risk
2023-06-12,16.308027267456055,20.100000381469727,20.489999771118164,20.0,20.200000762939453,217864,-0.004950513747167595,19.72428594316755,18.166666730244955,0.013759289793285823,Low Risk
2023-06-13,16.226890563964844,20.0,20.43000030517578,19.600000381469727,20.100000381469727,164549,-0.004975143262281545,19.79571451459612,18.232666714986166,0.013831140775787667,Low Risk
2023-06-14,16.17009735107422,19.93000030517578,20.39999961853028,19.780000686645508,20.0,197128,-0.0034999847412109375,19.880000250680105,18.319666735331218,0.013258343742732841,Low Risk
2023-06-15,15.82122039794922,19.5,20.21999931335449,19.5,19.93000030517578,73873,-0.021575529282059858,19.85428592136928,18.40166670481364,0.014915831023021481,Low Risk
2023-06-18,15.82122039794922,19.5,20.100000381469727,19.5,19.5,37747,0.0,19.85857173374721,18.496333376566568,0.014322038270114981,Low Risk
2023-06-19,16.210664749145508,19.979999542236328,20.350000381469727,19.5,19.5,71783,0.024615361140324588,19.887142998831614,18.595333353678384,0.01616056429276846,Low Risk
2023-06-20,16.18632698059082,19.950000762939453,20.18000030517578,19.700000762939453,19.979999542236328,77688,-0.0015014404396486158,19.851428713117325,18.691666730244954,0.013632049533741626,Low Risk
2023-06-21,16.243120193481445,20.020000457763672,20.09000015258789,19.799999237060547,19.950000762939453,75522,0.0035087564986089337,19.84000015258789,18.785666720072427,0.01367057902962596,Low Risk
2023-06-22,16.632564544677734,20.5,20.600000381469727,19.89999961853028,20.020000457763672,5154286,0.02397600056248672,19.911428724016464,18.870333417256674,0.016227661370924754,Low Risk
2023-06-25,16.632564544677734,20.5,20.959999084472656,20.5,20.5,103381,0.0,19.992857251848495,18.93700008392334,0.01602341531956764,Low Risk
2023-06-26,16.616336822509766,20.479999542236328,20.790000915527344,20.25,20.5,20841,-0.000975632086032796,20.132857186453684,19.019666735331217,0.011863839077758372,Low Risk
2023-07-04,16.673131942749023,20.549999237060547,20.64999961853028,20.31999969482422,20.479999542236328,66228,0.003417953925236139,20.28285707746233,19.108000055948892,0.011590641081488006,Low Risk
2023-07-05,16.640676498413086,20.51000022888184,20.600000381469727,20.450000762939453,20.549999237060547,44525,-0.0019464238279177648,20.358571461268834,19.20833339691162,0.00918035053693764,Low Risk
2023-07-06,16.64879035949707,20.520000457763672,20.89999961853028,20.11000061035156,20.51000022888184,74978,0.0004875781945505864,20.439999989100865,19.313333384195964,0.009018900098106084,Low Risk
2023-07-09,16.29991340637207,20.09000015258789,20.5,20.01000022888184,20.520000457763672,30069,-0.020955180096650095,20.449999945504324,19.404000027974448,0.013091588353254779,Low Risk
2023-07-10,16.372934341430664,20.18000030517578,21.0,19.559999465942383,20.09000015258789,35538,0.004479848277965104,20.40428570338658,19.497000058492024,0.008578692680566167,Low Risk
2023-07-11,16.738037109375,20.6299991607666,20.75,20.1200008392334,20.18000030517578,23971,0.022299249196512827,20.42285701206752,19.605000050862632,0.01269176640351913,Low Risk
2023-07-12,16.632564544677734,20.5,20.75,20.25,20.6299991607666,24048,-0.006301462242123135,20.425714220319474,19.708000055948894,0.012984276941112373,Low Risk
2023-07-13,16.275569915771484,20.059999465942383,20.700000762939453,20.01000022888184,20.5,76220,-0.021463440685737467,20.35571425301688,19.793333371480305,0.015180236111416893,Low Risk
2023-07-16,16.381046295166016,20.190000534057617,20.600000381469727,20.020000457763672,20.059999465942383,35264,0.006480611743582054,20.310000010899135,19.87633336385091,0.01563672242456337,Low Risk
2023-07-17,16.381046295166016,20.190000534057617,20.64999961853028,20.1200008392334,20.190000534057617,13040,0.0,20.26285716465541,19.95500005086263,0.015624153330515563,Low Risk
2023-07-18,16.445955276489258,20.270000457763672,20.63999938964844,20.190000534057617,20.190000534057617,15550,0.003962353719164424,20.288571493966238,20.02133337656657,0.013308111586539427,Low Risk
2023-07-19,16.445955276489258,20.270000457763672,20.270000457763672,20.270000457763672,20.270000457763672,0,0.0,20.301428658621653,20.053666750590008,0.013240114000378736,Low Risk
2023-07-24,16.308027267456055,20.100000381469727,20.549999237060547,20.01000022888184,20.270000457763672,29550,-0.00838678206486343,20.225714547293528,20.08300011952718,0.009434022207055246,Low Risk
2023-07-25,16.10519027709961,19.850000381469727,20.5,19.75,20.100000381469727,83363,-0.012437810709221453,20.132857458932058,20.094666798909504,0.00998784668176445,Low Risk
2023-07-26,15.999713897705078,19.71999931335449,20.100000381469727,19.700000762939453,19.850000381469727,22277,-0.006549172071381726,20.084286008562362,20.107333437601724,0.006888120182893621,Low Risk
2023-07-27,15.999713897705078,19.71999931335449,20.0,19.700000762939453,19.71999931335449,8718,0.0,20.01714297703334,20.108666737874348,0.005849928534938385,Low Risk
2023-07-30,15.999713897705078,19.71999931335449,20.25,19.780000686645508,19.71999931335449,10123,0.0,19.949999945504324,20.11700007120768,0.005849928534938385,Low Risk
2023-07-31,15.999713897705078,19.71999931335449,20.239999771118164,19.84000015258789,19.71999931335449,6789,0.0,19.87142835344587,20.115000025431314,0.0051782036838092,Low Risk
2023-08-01,15.999713897705078,19.71999931335449,20.18000030517578,19.809999465942383,19.71999931335449,6672,0.0,19.792856761387416,20.098999977111816,0.0051782036838092,Low Risk
2023-08-02,15.999713897705078,19.71999931335449,20.0,19.81999969482422,19.71999931335449,14646,0.0,19.73857089451381,20.08633327484131,0.004934403074097918,Low Risk
2023-08-03,15.999713897705078,19.71999931335449,20.040000915527344,19.75,19.71999931335449,11776,0.0,19.71999931335449,20.07699991861979,0.002475354370606547,Low Risk
2023-08-06,15.999713897705078,19.71999931335449,20.0,19.61000061035156,19.71999931335449,6855,0.0,19.71999931335449,20.06999988555908,0.0,Low Risk
2023-08-07,16.251232147216797,20.030000686645508,20.25,19.799999237060547,19.71999931335449,25680,0.015720151322778486,19.764285223824633,20.087666575113932,0.005941658710339271,Low Risk
2023-08-08,16.218778610229492,19.989999771118164,20.25,19.850000381469727,20.030000686645508,25397,-0.0019970501326049828,19.80285671779087,20.103999900817872,0.0061129372209519665,Low Risk
2023-08-09,16.121416091918945,19.8700008392334,20.14999961853028,19.64999961853028,19.989999771118164,32784,-0.006002948137005082,19.824285507202145,20.10033327738444,0.006814596569631503,Low Risk
2023-08-10,17.849580764770508,22.0,22.700000762939453,20.049999237060547,19.8700008392334,650738,0.10719673230012705,20.14999989100865,20.16866658528646,0.04060322314315072,Medium Risk
2023-08-13,18.42563438415528,22.709999084472656,22.89999961853028,22.0,22.0,210789,0.03227268565784791,20.5771427154541,20.258333206176758,0.040259254199552105,Medium Risk
2023-08-14,18.30393409729004,22.559999465942383,22.89999961853028,22.5,22.709999084472656,65933,-0.0066050032838984585,20.98285702296666,20.326999855041503,0.04090641137768734,Medium Risk
2023-08-15,18.29582023620605,22.549999237060547,22.850000381469727,22.309999465942383,22.559999465942383,14717,-0.00044327256731246933,21.387142726353236,20.395333162943523,0.04094300980037177,Medium Risk
2023-08-16,17.995622634887695,22.18000030517578,22.850000381469727,22.0,22.549999237060547,54908,-0.016407935450245104,21.694285529000418,20.451999855041503,0.04324164436312365,Medium Risk
2023-08-17,18.10921096801757,22.31999969482422,22.5,22.190000534057617,22.18000030517578,21338,0.0063119651813425826,22.027142660958425,20.510999870300292,0.04279525847939854,Medium Risk
2023-08-20,18.230913162231445,22.46999931335449,22.5,22.100000381469727,22.31999969482422,39339,0.006720413108475709,22.398571014404297,20.576333173116048,0.04193595767131657,Medium Risk
2023-08-21,18.174118041992188,22.39999961853028,22.700000762939453,22.020000457763672,22.46999931335449,32285,-0.003115251311227474,22.45571381705148,20.63899981180827,0.015270578405760729,Low Risk
2023-08-22,18.920555114746094,23.31999969482422,23.76000022888184,22.11000061035156,22.39999961853028,183610,0.041071432676850206,22.542856761387416,20.746666463216147,0.01819489445300831,Low Risk
2023-08-23,19.318115234375,23.809999465942383,24.39999961853028,23.309999465942383,23.31999969482422,70425,0.021011997321205733,22.721428189958846,20.8676664352417,0.018520259814561922,Low Risk
2023-08-24,20.283615112304688,25.0,25.600000381469727,23.82999992370605,23.809999465942383,109362,0.049979023970990966,23.071428298950195,21.013333129882813,0.023797770891211437,Medium Risk
2023-08-27,20.3809757232666,25.1200008392334,25.489999771118164,24.89999961853028,25.0,62796,0.004800033569335893,23.49142837524414,21.16733315785726,0.020198458973544827,Medium Risk
2023-08-28,20.67306137084961,25.479999542236328,25.600000381469727,24.86000061035156,25.1200008392334,49834,0.014331158080244544,23.94285692487444,21.347999827067056,0.01963731007587485,Low Risk
2023-08-29,21.24911499023437,26.190000534057617,26.690000534057617,25.25,25.479999542236328,96502,0.02786503157680098,24.474285670689174,21.547999827067056,0.019003536266096962,Low Risk
2023-08-30,21.5330867767334,26.540000915527344,26.600000381469727,25.520000457763672,26.190000534057617,240361,0.013363893636221258,25.06571442740304,21.75966650644938,0.016138297829439582,Low Risk
2023-08-31,21.5330867767334,26.540000915527344,26.540000915527344,26.540000915527344,26.540000915527344,0,0.0,25.5257146017892,21.96866652170817,0.016624035202697385,Low Risk
2023-09-03,21.54119873046875,26.549999237060547,26.600000381469727,25.8700008392334,26.51000022888184,22457,0.0003767264954144256,25.91714314052037,22.1779998143514,0.017936821933950586,Low Risk
2023-09-04,21.54119873046875,26.549999237060547,26.530000686645508,26.0,26.549999237060547,6419,0.0,26.13857160295759,22.392999776204427,0.010461222822380213,Low Risk
2023-09-05,21.094959259033203,26.0,26.489999771118164,25.61000061035156,26.549999237060547,187924,-0.020715602744455608,26.264285768781388,22.59799976348877,0.015343265563585715,Low Risk
2023-09-06,20.729854583740234,25.549999237060547,26.690000534057617,25.5,26.0,67481,-0.017307721651517394,26.27428572518485,22.79233309427897,0.016743434987150117,Low Risk
2023-09-07,20.908349990844727,25.770000457763672,26.450000762939453,25.100000381469727,25.549999237060547,64711,0.008610615548825917,26.214285714285715,22.99399979909261,0.012559750100672578,Low Risk
2023-09-10,20.908349990844727,25.770000457763672,25.770000457763672,25.770000457763672,25.770000457763672,0,0.0,26.104285648890905,23.19566650390625,0.010665652560318017,Low Risk
2023-09-11,20.721742630004883,25.540000915527344,25.799999237060547,25.5,25.51000022888184,72590,-0.008925088791259084,25.961428506033762,23.38966655731201,0.010620514615032986,Low Risk
2023-09-12,20.68117332458496,25.489999771118164,26.0,25.39999961853028,25.540000915527344,55200,-0.00195775812908372,25.810000010899135,23.581999905904134,0.010443215221572313,Low Risk
2023-09-13,20.689287185668945,25.5,25.600000381469727,25.32999992370605,25.489999771118164,80096,0.0003923196928847794,25.660000119890487,23.774666595458985,0.01048024470755124,Low Risk
2023-09-14,20.67306137084961,25.479999542236328,25.700000762939453,25.0,25.5,231216,-0.0007843316770067554,25.58571434020996,23.966666603088377,0.008174923824079848,Low Risk
2023-09-17,21.03005027770996,25.920000076293945,26.0,25.600000381469727,25.479999542236328,20033,0.017268467109988084,25.63857160295759,24.17333329518636,0.008427462290963472,Low Risk
2023-09-18,20.84344291687012,25.690000534057617,25.979999542236328,25.520000457763672,25.920000076293945,37860,-0.008873439103369574,25.627143042428152,24.361999956766763,0.008756066663099884,Low Risk
2023-09-19,20.69740104675293,25.51000022888184,25.96999931335449,25.5,25.690000534057617,37553,-0.007006629094349348,25.59000015258789,24.54599997202555,0.009095114906531717,Low Risk
2023-09-20,20.69740104675293,25.51000022888184,25.51000022888184,25.51000022888184,25.51000022888184,0,0.0,25.58571434020996,24.733999951680502,0.008470543109470794,Low Risk
2023-09-21,20.69740104675293,25.51000022888184,25.51000022888184,25.51000022888184,25.51000022888184,0,0.0,25.588571548461914,24.850999959309895,0.008432654715797768,Low Risk
2023-09-24,20.69740104675293,25.51000022888184,25.51000022888184,25.51000022888184,25.51000022888184,0,0.0,25.59000015258789,24.9443333307902,0.008432020093274654,Low Risk
2023-09-25,20.27549934387207,24.989999771118164,25.489999771118164,24.43000030517578,24.96999931335449,69928,-0.020384180834892462,25.520000185285294,25.025333340962728,0.01147458804232559,Low Risk
2023-09-26,20.624380111694336,25.420000076293945,25.799999237060547,24.809999465942383,24.989999771118164,135351,0.017206895122614085,25.448571613856725,25.121000035603842,0.01145672722729781,Low Risk
2023-09-27,20.624380111694336,25.420000076293945,25.420000076293945,25.420000076293945,25.420000076293945,0,0.0,25.410000119890487,25.229000027974447,0.011149505983678499,Low Risk
2023-10-01,20.624380111694336,25.420000076293945,25.420000076293945,25.420000076293945,25.420000076293945,0,0.0,25.397142955235072,25.332333374023438,0.010879260886127937,Low Risk
2023-10-02,20.973257064819336,25.850000381469727,26.209999084472656,25.5,25.6200008392334,203117,0.016915826274005008,25.44571440560477,25.445000076293944,0.012719888092360814,Low Risk
2023-10-03,20.510791778564453,25.280000686645508,26.0,25.01000022888184,25.850000381469727,27865,-0.02205027800435999,25.41285732814244,25.541000111897787,0.015674197076260877,Low Risk
2023-10-04,20.54324531555176,25.31999969482422,25.670000076293945,25.01000022888184,25.280000686645508,18286,0.0015822392045994338,25.385714394705637,25.607666778564454,0.015705551237633494,Low Risk
2023-10-08,20.210594177246094,24.90999984741211,25.729999542236328,24.799999237060547,25.31999969482422,106378,-0.0161927271861666,25.3742858341762,25.64433345794678,0.014900921863926695,Low Risk
2023-10-09,20.210594177246094,24.90999984741211,25.64999961853028,24.5,24.90999984741211,7845,0.0,25.301428658621653,25.641333452860515,0.012789143636740012,Low Risk
2023-10-10,20.559473037719727,25.34000015258789,25.489999771118164,24.75,24.90999984741211,21014,0.017262156074258517,25.290000098092214,25.648666763305663,0.014911792109354456,Low Risk
2023-10-11,20.453996658325195,25.209999084472656,25.489999771118164,25.059999465942383,25.34000015258789,16182,-0.0051302710075934455,25.25999995640346,25.639666748046874,0.015017155445379241,Low Risk
2023-10-12,20.648719787597656,25.450000762939453,25.600000381469727,25.059999465942383,25.209999084472656,48538,0.00952009865857617,25.202857153756277,25.6150000890096,0.01374576383040091,Low Risk
2023-10-15,21.90630531311035,27.0,27.0,25.450000762939453,25.450000762939453,111967,0.060903701005686095,25.448571341378347,25.630333391825356,0.024931223975402702,Medium Risk
2023-10-16,22.34443092346192,27.540000915527344,27.799999237060547,26.809999465942383,27.0,112145,0.02000003390842009,25.765714372907365,25.66366672515869,0.02490278126125097,Medium Risk
2023-10-17,22.668970108032227,27.940000534057617,28.09000015258789,27.0,27.540000915527344,226052,0.014524313915499798,26.198571613856725,25.71000010172526,0.02151319022165491,Medium Risk
2023-10-18,23.553335189819336,29.030000686645508,29.09000015258789,28.0,27.940000534057617,119619,0.039012173649003,26.78714316231864,25.792666816711424,0.021511311466710613,Medium Risk
2023-10-19,23.553335189819336,29.030000686645508,29.030000686645508,29.030000686645508,29.030000686645508,0,0.0,27.314286095755442,25.89366683959961,0.023114648867384954,Medium Risk
2023-10-22,25.39508438110352,31.299999237060547,32.470001220703125,30.799999237060547,31.0,95565,0.07819491893637087,28.18428611755371,26.085333506266277,0.02885834263706674,Medium Risk
2023-10-23,25.9792537689209,32.02000045776367,32.38999938964844,31.350000381469727,31.299999237060547,77666,0.02300323444898411,29.1228575025286,26.29366683959961,0.027548609678298582,Medium Risk
2023-10-24,26.24699592590332,32.349998474121094,32.400001525878906,30.020000457763672,32.02000045776367,110269,0.010305996615856072,29.887142998831614,26.513000106811525,0.02579172581852049,Medium Risk
2023-10-25,26.81493759155273,33.04999923706055,33.20000076293945,31.549999237060547,32.349998474121094,82859,0.02163835536188441,30.674285616193497,26.763333384195963,0.025730968109341414,Medium Risk
2023-10-26,27.48835563659668,33.880001068115234,34.900001525878906,32.599998474121094,33.04999923706055,110034,0.0251135204300994,31.522857121058873,27.043000094095866,0.02520388793632201,Medium Risk
2023-10-29,27.71553039550781,34.15999984741211,34.7400016784668,33.599998474121094,33.880001068115234,54107,0.008264426519171142,32.25571414402553,27.33166675567627,0.02567658255957676,Medium Risk
2023-10-30,27.40721893310547,33.779998779296875,34.689998626708984,33.599998474121094,34.15999984741211,33037,-0.011124153097559875,32.93428530011858,27.608333396911622,0.027661787363080195,Medium Risk
2023-10-31,28.30780982971192,34.88999938964844,34.900001525878906,33.900001525878906,33.779998779296875,151542,0.032859699540068066,33.447142464774,27.907333374023438,0.01458072621213754,Low Risk
2023-11-01,27.520809173583984,33.91999816894531,34.900001525878906,33.5,34.88999938964844,22398,-0.027801697840984074,33.718570709228516,28.181666628519693,0.021401906765105796,Medium Risk
2023-11-02,27.812889099121094,34.279998779296875,34.900001525878906,33.75,33.91999816894531,18742,0.01061322611394333,33.99428503853934,28.47399991353353,0.021406625535801565,Medium Risk
2023-11-05,27.269290924072266,33.61000061035156,34.900001525878906,33.54999923706055,34.279998779296875,77326,-0.019544871435349997,34.074285234723774,28.743999926249185,0.022810128756772262,Medium Risk
2023-11-06,27.3747673034668,33.7400016784668,34.5,33.5,33.61000061035156,19708,0.003867928168831858,34.05428532191685,29.01833330790202,0.020628347224910925,Medium Risk
2023-11-07,27.58571434020996,34.0,34.45000076293945,33.0099983215332,33.7400016784668,58132,0.007705936828661608,34.03142820085798,29.301333300272624,0.020590253273458387,Medium Risk
2023-11-08,28.591785430908203,35.2400016784668,35.45000076293945,34.0,34.0,225448,0.03647063760196456,34.24000004359654,29.643000030517577,0.024059173656142473,Medium Risk
2023-11-09,30.92845344543457,38.119998931884766,38.290000915527344,35.58000183105469,35.2400016784668,271058,0.08172523031341883,34.7014285496303,30.06633332570394,0.03677522135218349,Medium Risk
2023-11-12,32.06433868408203,39.52000045776367,41.93999862670898,38.13999938964844,38.119998931884766,283199,0.03672616907415227,35.50142887660435,30.536333338419595,0.03260949486125276,Medium Risk
2023-11-13,32.10490417480469,39.56999969482422,40.84000015258789,39.0,39.52000045776367,59582,0.0012651628664321901,36.25714329310826,31.007999992370607,0.03336061977749488,Medium Risk
2023-11-14,32.21038055419922,39.70000076293945,40.75,39.630001068115234,39.56999969482422,20155,0.003285344177857974,37.127143314906526,31.46966667175293,0.02962295053745308,Medium Risk
2023-11-15,31.455829620361328,38.77000045776367,40.75,38.66999816894531,39.70000076293945,98430,-0.023425699932075328,37.8457145690918,31.919333330790202,0.03422072478396177,Medium Risk
2023-11-16,32.45378112792969,40.0,40.0,38.79999923706055,38.77000045776367,1625115,0.03172554881902312,38.70285742623465,32.408666674296065,0.0339227502311033,Medium Risk
2023-11-19,32.22660827636719,39.720001220703125,40.650001525878906,39.5,40.0,47728,-0.006999969482421875,39.342857360839844,32.902333386739095,0.035207044857809094,Medium Risk
2023-11-20,32.421329498291016,39.959999084472656,40.4900016784668,39.09999847412109,39.720001220703125,1860966,0.0060422421045758234,39.60571452549526,33.40400002797445,0.02107250902551683,Medium Risk
2023-11-21,32.031883239746094,39.47999954223633,40.0,39.060001373291016,39.959999084472656,34105,-0.012012000831672753,39.60000010899135,33.875333340962726,0.017308294636432894,Low Risk
2023-11-22,31.86150360107422,39.27000045776367,39.79999923706055,39.0,39.47999954223633,79488,-0.005319125808195491,39.55714307512556,34.344000053405765,0.017405636108859195,Low Risk
2023-11-23,31.70734596252441,39.08000183105469,39.79999923706055,39.0,39.27000045776367,103799,-0.0048382639290603935,39.46857179914202,34.798333422342935,0.01734630289525823,Low Risk
2023-11-26,32.421329498291016,39.959999084472656,40.04999923706055,39.09999847412109,39.08000183105469,103170,0.02251784063936979,39.63857160295759,35.23033339182536,0.01661698147255258,Low Risk
2023-11-27,31.70734596252441,39.08000183105469,40.150001525878906,39.0099983215332,39.959999084472656,458379,-0.022021953793284976,39.50714329310826,35.615000089009605,0.014144200237935297,Low Risk
2023-11-28,31.666778564453125,39.02999877929688,40.0,39.0,39.08000183105469,665513,-0.0012795048468516868,39.40857151576451,35.984666697184245,0.014055260270630544,Low Risk
2023-11-29,31.942636489868164,39.369998931884766,39.959999084472656,38.900001525878906,39.02999877929688,80730,0.008711251940090703,39.32428577968052,36.32933330535889,0.014355935614209534,Low Risk
2023-11-30,31.71546173095703,39.09000015258789,39.4900016784668,39.0,39.369998931884766,35666,-0.007111983411056455,39.26857158115932,36.6646666208903,0.01390058736165082,Low Risk
2023-12-03,31.407150268554688,38.709999084472656,39.400001525878906,38.52000045776367,39.09000015258789,24625,-0.009721183592527494,39.188571384974885,36.91166661580404,0.014207090894826229,Low Risk
2023-12-04,31.496397018432617,38.81999969482422,39.0,38.2599983215332,38.709999084472656,35557,0.0028416588208002302,39.15142822265625,37.138333257039385,0.014244568810553629,Low Risk
2023-12-05,31.31789779663086,38.59999847412109,39.25,38.52000045776367,38.81999969482422,13399,-0.005667213354781819,38.95714242117746,37.34666659037272,0.009833562198623733,Low Risk
2023-12-06,31.27733421325684,38.54999923706055,39.25,38.400001525878906,38.59999847412109,14605,-0.001295317073498392,38.88142776489258,37.52999992370606,0.0063028191184197075,Low Risk
2023-12-07,30.79863739013672,37.959999084472656,38.59999847412109,37.5099983215332,38.54999923706055,36993,-0.015304803223463836,38.72857066563198,37.66599985758464,0.008048445507336136,Low Risk
2023-12-10,30.85543632507324,38.02999877929688,38.29999923706055,37.61000061035156,37.959999084472656,15324,0.0018440383696651796,38.53714207240513,37.794999821980795,0.0065242166744439905,Low Risk
2023-12-11,30.26315116882324,37.29999923706055,38.0,37.20000076293945,38.02999877929688,46965,-0.019195360653909366,38.281427655901226,37.912333170572914,0.008501002408110227,Low Risk
2023-12-12,30.01974868774414,37.0,38.0,36.959999084472656,37.29999923706055,51067,-0.008042875152728501,38.03714207240513,37.9826665242513,0.008423013588897391,Low Risk
2023-12-13,30.425424575805664,37.5,37.97999954223633,37.0099983215332,37.0,15774,0.013513513513513598,37.84857068743025,38.10199991861979,0.010959117357540002,Low Risk
2023-12-14,31.05015563964844,38.27000045776367,39.0,37.5,37.5,76355,0.020533345540364678,37.8014281136649,38.23499997456869,0.014535446366195555,Low Risk
2023-12-17,31.73979949951172,39.119998931884766,39.20000076293945,38.0,38.27000045776367,45943,0.022210568694902122,37.88285664149693,38.41866658528646,0.016998770612920794,Low Risk
2023-12-18,32.52680206298828,40.09000015258789,40.18000030517578,39.11000061035156,39.119998931884766,194994,0.02479553290356873,38.187142508370535,38.630333201090494,0.016863938266078456,Low Risk
2023-12-19,32.33208084106445,39.84999847412109,40.9900016784668,39.5099983215332,40.09000015258789,42740,-0.005986572151492231,38.447142464774,38.82533315022786,0.01758104843710287,Low Risk
2023-12-20,32.45378112792969,40.0,40.0,39.040000915527344,39.84999847412109,22935,0.0037641538675672326,38.832856859479634,38.983999760945636,0.013608911943879129,Low Risk
2023-12-21,31.96697807312012,39.400001525878906,40.0,39.0,40.0,81819,-0.014999961853027322,39.17571422031948,39.02666651407878,0.015304241759845497,Low Risk
2023-12-24,31.96697807312012,39.400001525878906,39.400001525878906,39.400001525878906,39.400001525878906,0,0.0,39.447143009730745,39.02266654968262,0.015508417614730194,Low Risk
2023-12-25,32.202266693115234,39.68999862670898,39.93000030517578,38.52999877929688,38.7599983215332,15305,0.007360332223327326,39.64999989100865,39.02666651407878,0.014377133545498518,Low Risk
2023-12-26,32.07244873046875,39.52999877929688,40.59999847412109,39.0,39.68999862670898,149635,-0.004031238421470351,39.70857129778181,39.02099978129069,0.012538412494919344,Low Risk
2023-12-27,31.78847885131836,39.18000030517578,40.97999954223633,39.060001373291016,39.52999877929688,853491,-0.00885399658308128,39.57857131958008,39.03466644287109,0.007636595502086508,Low Risk
2023-12-28,31.63432884216309,38.9900016784668,39.970001220703125,38.52999877929688,39.18000030517578,27349,-0.004849377877209626,39.455714634486604,39.00099983215332,0.007580557371899539,Low Risk
2023-12-31,31.496397018432617,38.81999969482422,39.29999923706055,38.5,38.9900016784668,34333,-0.004360143019343954,39.287143162318635,38.97099978129069,0.006952697148553258,Low Risk
2024-01-02,31.666778564453125,39.02999877929688,39.790000915527344,38.59999847412109,38.81999969482422,31250,0.005409559147952825,39.23428562709263,38.93999977111817,0.005890492354178063,Low Risk
2024-01-03,32.25905990600586,39.7599983215332,40.20000076293945,39.0,39.02999877929688,44448,0.018703550219518306,39.28571374075754,38.949333063761394,0.009642496090923937,Low Risk
2024-01-04,31.812820434570312,39.209999084472656,39.9900016784668,39.0,39.7599983215332,8863,-0.013832979383268218,39.21714237758091,38.947333017985024,0.010705669229361869,Low Risk
2024-01-08,32.02376937866211,39.470001220703125,39.970001220703125,39.22999954223633,39.209999084472656,17341,0.006631016126022571,39.20857129778181,38.96033299763997,0.01106901587292243,Low Risk
2024-01-09,31.731687545776367,39.11000061035156,39.900001525878906,39.0,39.470001220703125,47709,-0.009120866461051258,39.19857134137835,38.93199971516927,0.011104335362279671,Low Risk
2024-01-10,32.06433868408203,39.52000045776367,39.9900016784668,39.25,39.11000061035156,38779,0.010483248300016346,39.27428545270647,38.94666633605957,0.011538722850197254,Low Risk
2024-01-11,32.32396697998047,39.84000015258789,39.97999954223633,39.5,39.52000045776367,13101,0.008097158176053387,39.41999980381557,38.97366638183594,0.011355730992507395,Low Risk
2024-01-14,32.45378112792969,40.0,40.5,39.810001373291016,39.84000015258789,318284,0.004016060411629274,39.55857140677316,38.99466641743978,0.011334336141159732,Low Risk
2024-01-15,32.49435043334961,40.04999923706055,40.93000030517578,39.52000045776367,40.0,122118,0.0012499809265136275,39.60000010899135,39.0266663869222,0.009161324079130383,Low Risk
2024-01-16,32.45378112792969,40.0,40.5,39.959999084472656,40.04999923706055,203438,-0.0012484204247944497,39.71285738263811,39.06966641743978,0.006634632731889017,Low Risk
2024-01-17,32.3077392578125,39.81999969482422,40.2400016784668,39.619998931884766,40.0,136460,-0.004500007629394509,39.762857164655415,39.102999750773115,0.006911822380738601,Low Risk
2024-01-18,32.45378112792969,40.0,40.0,39.61000061035156,39.81999969482422,97550,0.004520349235441534,39.88999993460519,39.14966646830241,0.0052011451416956464,Low Risk
2024-01-21,35.699161529541016,44.0,44.0,40.22999954223633,40.0,2166189,0.10000000000000009,40.52999986921038,39.33133316040039,0.03725849091823072,Medium Risk
2024-01-22,39.03378677368164,48.11000061035156,50.0,44.5,44.0,1487934,0.09340910478071729,41.71142850603376,39.66966654459635,0.04693232595399353,Medium Risk
2024-01-23,37.735633850097656,46.5099983215332,48.5,46.0,48.11000061035156,400463,-0.03325716625482844,42.64142826625279,39.95233319600423,0.0519775759666653,High Risk
2024-01-24,38.13319778442383,47.0,47.869998931884766,46.060001373291016,46.5099983215332,448063,0.010535405206409942,43.63428551810129,40.27566655476888,0.05144930835614521,High Risk
2024-01-28,38.15753555297852,47.02999877929688,51.0,47.0,47.0,438089,0.0006382718999335957,44.638571058000835,40.60999984741211,0.051298441250580126,High Risk
2024-01-29,38.94454193115234,48.0,50.0,47.560001373291016,47.02999877929688,224295,0.02062515938508014,45.807142530168804,40.95999984741211,0.049789754982893494,Medium Risk
2024-01-30,38.96076965332031,48.02000045776367,48.900001525878906,47.540000915527344,48.0,92159,0.00041667620340990474,46.9528568812779,41.28499984741211,0.05013616560397268,High Risk
2024-01-31,37.24882888793945,45.90999984741211,48.5,45.11000061035156,48.02000045776367,324395,-0.04394003728107887,47.22571400233677,41.51133321126302,0.04465416960849298,Medium Risk
2024-02-01,38.13319778442383,47.0,47.77999877929688,44.22999954223633,45.90999984741211,311655,0.023742107519290956,47.067142486572266,41.74166653951009,0.02605436919746445,Medium Risk
2024-02-04,38.13319778442383,47.0,49.59000015258789,45.900001525878906,47.0,322202,0.0,47.13714272635324,41.97999992370605,0.02240072826658829,Medium Risk
2024-02-05,38.13319778442383,47.0,47.84000015258789,46.52000045776367,47.0,223229,0.0,47.13714272635324,42.21333325703939,0.022060820926196996,Medium Risk
2024-02-06,38.17375946044922,47.04999923706055,47.84999847412109,46.79999923706055,47.0,606059,0.00106381355447982,47.13999993460519,42.46833318074544,0.022062778422785947,Medium Risk
2024-02-07,39.7558822631836,49.0,56.400001525878906,49.0,47.04999923706055,1819393,0.04144528787587021,47.28285707746233,42.788333129882815,0.02626670316167376,Medium Risk
2024-02-08,41.01346969604492,50.54999923706055,51.0,49.0,49.0,244468,0.03163263749103162,47.64428547450474,43.150333150227866,0.02827889952926151,Medium Risk
2024-02-11,40.67270278930664,50.130001068115234,51.0,50.0,50.54999923706055,42929,-0.008308569244000918,48.24714279174805,43.50366655985514,0.019174375912572685,Low Risk
2024-02-12,40.567230224609375,50.0,50.79999923706055,48.5,50.130001068115234,49387,-0.0025932787820729386,48.67571422031948,43.86433321634929,0.01925226610708537,Low Risk
2024-02-13,39.98305892944336,49.27999877929688,50.47999954223633,49.09999847412109,50.0,69705,-0.014400024414062407,49.0014283316476,44.207333119710285,0.021062698734549717,Medium Risk
2024-02-14,41.53273010253906,51.18999862670898,51.5,49.209999084472656,49.27999877929688,170431,0.038758114746839434,49.5999995640346,44.61966641743978,0.023834764590242204,Medium Risk
2024-02-15,44.137149810791016,54.400001525878906,55.0,50.0,51.18999862670898,311028,0.06270761838807859,50.64999989100865,45.13199984232585,0.029591715245741865,Medium Risk
2024-02-18,44.137149810791016,54.400001525878906,54.400001525878906,54.400001525878906,54.400001525878906,0,0.0,51.42142868041992,45.61999994913737,0.02903494042312846,Medium Risk
2024-02-19,45.4515266418457,56.02000045776367,57.56999969482422,55.04999923706055,57.130001068115234,109860,0.029779391294945334,52.20285742623465,46.18033332824707,0.028870233996902656,Medium Risk
2024-02-20,45.540771484375,56.130001068115234,57.4900016784668,56.0,56.02000045776367,48608,0.001963595313329236,53.06000028337751,46.73566665649414,0.027718100733810664,Medium Risk
2024-02-21,45.71115493774414,56.34000015258789,57.0,55.0,56.130001068115234,19928,0.0037412984228846202,53.965714590890066,47.30999997456868,0.027083090030886443,Medium Risk
2024-02-22,46.53872680664063,57.36000061035156,57.900001525878906,55.560001373291016,56.34000015258789,31403,0.018104374423165925,55.120000566755024,47.904666646321616,0.023210336446539796,Medium Risk
2024-02-25,45.50020599365234,56.08000183105469,57.33000183105469,54.0,57.36000061035156,83056,-0.022315180712635496,55.81857245309012,48.44600003560384,0.02708279941676616,Medium Risk
2024-02-26,45.37038803100586,55.91999816894531,57.0,54.70000076293945,56.08000183105469,35151,-0.0028531322554410377,56.03571483067104,48.976666641235354,0.01644766032000897,Low Risk
2024-02-27,46.26286697387695,57.02000045776367,58.0,55.0,55.91999816894531,103780,0.019671000086499246,56.410000392368865,49.54233334859212,0.017296881393931176,Low Risk
2024-02-28,44.62395095825195,55.0,58.0,54.5,57.02000045776367,185592,-0.03542617400117254,56.264286041259766,50.04233334859212,0.020214882066282823,Medium Risk
2024-02-29,44.63206481933594,55.0099983215332,57.47999954223633,55.0,55.0,102643,0.00018178766424004067,56.1042856488909,50.548666636149086,0.02016126604779655,Medium Risk
2024-03-03,43.73958587646485,53.90999984741211,55.86000061035156,53.59999847412109,55.0099983215332,68984,-0.01999633716931981,55.75714274815151,51.01233329772949,0.02088086571569725,Medium Risk
2024-03-04,45.88965225219727,56.560001373291016,58.970001220703125,54.5,53.90999984741211,259898,0.04915602918529993,55.642857142857146,51.431000010172525,0.028708617129006037,Medium Risk
2024-03-05,46.3602294921875,57.13999938964844,57.869998931884766,56.560001373291016,56.560001373291016,166358,0.010254561567802689,55.794285365513396,51.73199996948242,0.027412082997685952,Medium Risk
2024-03-06,46.522499084472656,57.34000015258789,60.31999969482422,56.560001373291016,57.13999938964844,267345,0.0035001883982463955,55.99714279174805,52.09300003051758,0.027290965163227328,Medium Risk
2024-03-07,47.057987213134766,58.0,58.970001220703125,56.560001373291016,57.34000015258789,148262,0.011510286809483405,56.13714272635324,52.45966669718425,0.026672565599979294,Medium Risk
2024-03-10,46.68476867675781,57.540000915527344,59.5,57.04999923706055,58.0,125728,-0.007931018697804437,56.5,52.81000010172526,0.021670902126532797,Medium Risk
2024-03-11,46.37645721435547,57.15999984741211,58.5,56.810001373291016,57.540000915527344,36582,-0.006604119952537069,56.80714307512556,53.11533342997233,0.022155762510406317,Medium Risk
2024-03-12,45.4515266418457,56.02000045776367,57.95000076293945,54.5,57.15999984741211,48002,-0.019944006170252826,57.10857173374721,53.382000096639,0.022145654003558352,Medium Risk
2024-03-13,43.45561599731445,53.560001373291016,56.0,53.5,56.02000045776367,58517,-0.04391287155249801,56.68000030517578,53.63700014750163,0.01949060598789033,Low Risk
2024-03-14,43.93431091308594,54.150001525878906,55.0,51.119998931884766,53.560001373291016,35668,0.011015685912250772,56.25285775320871,53.87533353169759,0.01960851042247803,Low Risk
2024-03-17,44.60772705078125,54.97999954223633,55.88999938964844,52.77000045776367,54.150001525878906,60914,0.015327756102846202,55.91571480887277,54.1413335164388,0.021160602520235064,Medium Risk
2024-03-18,42.33596420288086,52.18000030517578,55.0,51.5,54.97999954223633,62050,-0.050927596587365453,55.08428628104074,54.314000193278,0.025389152574857098,Medium Risk
2024-03-19,41.59763717651367,51.27000045776367,52.18000030517578,50.61000061035156,52.18000030517578,49609,-0.017439629016672176,54.18857192993164,54.45466690063476,0.0252197597609494,Medium Risk
2024-03-20,42.02764892578125,51.79999923706055,52.9900016784668,51.52999877929688,51.27000045776367,22950,0.010337405394281074,53.42285755702427,54.548000208536784,0.02702757365179263,Medium Risk
2024-03-21,41.7923583984375,51.5099983215332,51.9900016784668,50.29999923706055,51.79999923706055,86609,-0.005598473355186151,52.778571537562776,54.580000178019205,0.027014576815538986,Medium Risk
2024-03-24,40.6240234375,50.06999969482422,52.900001525878906,50.0,51.5099983215332,94417,-0.0279557110004216,52.27999986921038,54.57800013224284,0.024378014491961246,Medium Risk
2024-03-25,41.78424453735352,51.5,51.77999877929688,51.02000045776367,50.06999969482422,17557,0.028560022246686856,51.90142822265625,54.62800013224284,0.027517001910027962,Medium Risk
2024-03-26,40.68082046508789,50.13999938964844,51.65999984741211,49.81999969482422,51.5,103220,-0.026407778841777918,51.20999962942941,54.65666681925456,0.02641955056091835,Medium Risk
2024-03-27,39.06624221801758,48.150001525878906,50.0,47.79999923706055,50.13999938964844,85256,-0.03968882903856541,50.63428551810129,54.55533358256022,0.02393974003600165,Medium Risk
2024-03-28,38.89585876464844,47.93999862670898,48.880001068115234,47.0,48.150001525878906,14740,-0.004361430789510123,50.15857097080776,54.34000015258789,0.023879183017088718,Medium Risk
2024-03-31,38.23055648803711,47.119998931884766,49.959999084472656,47.0,47.93999862670898,37663,-0.01710470835031197,49.48999949863979,54.097333399454754,0.022319202099127397,Medium Risk
2024-04-01,38.68490982055664,47.68000030517578,48.0,47.29999923706055,47.119998931884766,28582,0.011884579498835146,48.94285692487444,53.81933339436849,0.02421243515199406,Medium Risk
2024-04-02,38.59566116333008,47.56999969482422,49.4900016784668,47.5099983215332,47.68000030517578,35096,-0.0023070597660970193,48.58571406773159,53.53400001525879,0.02308473155718504,Medium Risk
2024-04-03,38.13319778442383,47.0,48.88999938964844,46.52000045776367,47.56999969482422,73968,-0.011982335473637584,47.94285692487444,53.22266667683919,0.016921388197077603,Low Risk
2024-04-04,39.09058380126953,48.18000030517578,48.5,47.150001525878906,47.0,96927,0.025106389471825086,47.66285705566406,52.916666666666664,0.020800767365078805,Medium Risk
2024-04-07,40.07231140136719,49.38999938964844,49.59999847412109,48.45000076293945,48.18000030517578,76692,0.025114136089838812,47.839999607631135,52.69366658528646,0.017144484884472993,Low Risk
2024-04-08,39.95061111450195,49.2400016784668,49.880001068115234,49.0,49.38999938964844,81582,-0.003037005730619158,48.02571432931082,52.47100003560384,0.0170468963198439,Low Risk
2024-04-15,41.557071685791016,51.220001220703125,51.470001220703125,49.29999923706055,49.2400016784668,151519,0.04021119973077103,48.611428941999165,52.27766672770182,0.018909693504888234,Low Risk
2024-04-16,41.987083435058594,51.75,52.5,51.400001525878906,51.220001220703125,231485,0.010347496420649138,49.192857469831196,52.169333394368486,0.01892209339986747,Low Risk
2024-04-17,41.47032165527344,48.150001525878906,49.0,47.560001373291016,51.75,189229,-0.06956518790572164,49.27571487426758,51.940666834513344,0.03637698484493623,Medium Risk
2024-04-18,39.59274291992188,45.970001220703125,48.459999084472656,45.25,48.150001525878906,111459,-0.045275186627026565,49.128572191510884,51.67600021362305,0.04050036898033851,Medium Risk
2024-04-21,39.64441680908203,46.02999877929688,47.400001525878906,45.5,45.970001220703125,65484,0.001305145899511917,48.821429116385325,51.32500012715658,0.0387639220776014,Medium Risk
2024-04-22,38.75730895996094,45.0,46.5,45.0,46.02999877929688,105096,-0.022376684914450773,48.19428634643555,50.92033348083496,0.03653467121279249,Medium Risk
2024-04-23,38.24915313720703,44.40999984741211,45.59999847412109,44.0099983215332,45.0,58301,-0.013111114501953125,47.504286084856304,50.48933347066244,0.036291545897447326,Medium Risk
2024-04-24,37.82712936401367,43.91999816894531,45.0,42.0099983215332,44.40999984741211,76193,-0.011033588834730712,46.46142850603376,50.02000007629395,0.02766001289034807,Medium Risk
2024-04-28,37.82712936401367,43.91999816894531,43.91999816894531,43.91999816894531,43.91999816894531,0,0.0,45.34285681588309,49.56599998474121,0.02590201799284995,Medium Risk
2024-04-29,36.16487503051758,41.9900016784668,42.0,40.0,41.5099983215332,64953,-0.043943455622526995,44.462856837681365,49.0603333791097,0.019127253301963524,Low Risk
2024-04-30,35.251922607421875,40.93000030517578,43.0,40.75,41.9900016784668,45256,-0.025244137435569636,43.74285670689174,48.557333374023436,0.015782935849629816,Low Risk
2024-05-02,36.57828521728516,42.470001220703125,43.0,41.560001373291016,41.97999954223633,77088,0.037625235867213114,43.23428562709263,48.187666702270505,0.025518945213180707,Medium Risk
2024-05-07,36.70747375488281,42.619998931884766,43.5,42.22999954223633,42.470001220703125,34014,0.0035318508799222492,42.89428547450474,47.8033332824707,0.025498935608943205,Medium Risk
2024-05-08,36.16487503051758,41.9900016784668,43.369998931884766,41.0099983215332,42.619998931884766,27305,-0.014781728512589298,42.5485714503697,47.37033335367838,0.02556843623290262,Medium Risk
2024-05-09,35.096893310546875,40.75,42.0,40.09999847412109,41.9900016784668,45531,-0.029530879468925852,42.0957145690918,46.98933334350586,0.02689284865818113,Medium Risk
2024-05-12,34.795448303222656,40.400001525878906,41.56999969482422,40.2599983215332,40.75,46240,-0.00858891961033359,41.5928579057966,46.62700004577637,0.026536310178057458,Medium Risk
2024-05-13,33.9686279296875,39.43999862670898,40.27999877929688,38.810001373291016,40.400001525878906,16718,-0.023762447101765116,41.22857175554548,46.215000025431316,0.023335072243991558,Medium Risk
2024-05-14,34.011688232421875,39.4900016784668,39.900001525878906,39.09999847412109,39.43999862670898,29379,0.0012678259000737935,41.022857666015625,45.81433347066243,0.02232809202564505,Medium Risk
2024-05-15,34.6059684753418,40.18000030517578,41.38999938964844,38.59999847412109,39.4900016784668,14781,0.01747274240014085,40.69571467808315,45.48466682434082,0.016460758282820065,Low Risk
2024-05-16,35.3036003112793,40.9900016784668,41.20000076293945,40.18000030517578,40.18000030517578,21378,0.02015931725084319,40.46285792759487,45.13433354695638,0.019315648262971923,Low Risk
2024-05-19,36.36296844482422,42.220001220703125,42.5,40.540000915527344,40.9900016784668,47381,0.03000730646182137,40.4957150050572,44.87033360799153,0.022793226028035348,Medium Risk
2024-05-20,36.173484802246094,42.0,42.47999954223633,41.86000061035156,41.86000061035156,51943,-0.005210829330702271,40.67428643362863,44.6653335571289,0.018881023988858166,Low Risk
2024-05-21,36.173484802246094,42.0,42.400001525878906,41.91999816894531,42.0,31759,0.0,40.902857644217356,44.46733360290527,0.01815548794554872,Low Risk
2024-05-22,35.81175231933594,41.58000183105469,42.27000045776367,41.5,42.0,20960,-0.009999956403459853,41.20857238769531,44.282667032877605,0.014882830794883301,Low Risk
2024-05-23,36.28545379638672,42.130001068115234,42.27000045776367,41.59999847412109,41.58000183105469,17287,0.0132274942963031,41.58571515764509,44.09766705830892,0.014710736174281388,Low Risk
2024-05-26,36.28545379638672,42.130001068115234,42.130001068115234,42.130001068115234,42.130001068115234,0,0.0,41.864286695207866,43.916333770751955,0.014590482394271636,Low Risk
2024-05-27,37.37926864624024,43.400001525878906,43.5,42.0,42.060001373291016,49563,0.030144800037160024,42.20857238769531,43.79633382161458,0.016471656866676218,Low Risk
2024-05-28,36.80221557617188,42.72999954223633,43.43999862670898,42.29999923706055,43.400001525878906,19335,-0.015437833181712324,42.281429290771484,43.614667129516604,0.015416585883283694,Low Risk
2024-05-29,37.27591323852539,43.27999877929688,44.70000076293945,42.61000061035156,42.72999954223633,80616,0.012871501122224682,42.46428625924246,43.411000442504886,0.015556906721145545,Low Risk
2024-05-30,37.06921005249024,43.040000915527344,44.0,42.84999847412109,43.27999877929688,24639,-0.005545237304496964,42.612857818603516,43.2043337504069,0.015954458795471242,Low Risk
2024-06-02,36.9314079284668,42.880001068115234,43.5,42.59999847412109,43.040000915527344,44628,-0.0037174684946251757,42.79857199532645,42.92633374532064,0.015221188424472155,Low Risk
2024-06-03,36.88834381103516,42.83000183105469,43.77999877929688,42.15999984741211,42.880001068115234,7614,-0.0011660269546430735,42.8985721043178,42.62900047302246,0.014813416490857675,Low Risk
2024-06-04,36.97447204589844,42.93000030517578,43.369998931884766,42.5099983215332,42.83000183105469,28342,0.0023347763214101036,43.01285770961216,42.455000432332355,0.014775295044121577,Low Risk
2024-06-05,35.69116973876953,41.43999862670898,43.150001525878906,41.0,42.93000030517578,54513,-0.03470770248951438,42.73285729544504,42.30400034586589,0.01508846415006897,Low Risk
2024-06-06,34.4509391784668,40.0,42.31999969482422,40.0,41.43999862670898,171963,-0.03474900276132897,42.342857360839844,42.10300038655599,0.018400840954429013,Low Risk
2024-06-09,33.63272857666016,39.04999923706055,40.5,38.52999877929688,40.0,22248,-0.023750019073486284,41.73857171194894,41.90466702779134,0.01613270912207427,Low Risk
2024-06-10,32.98677444458008,38.29999923706055,39.04999923706055,38.0,39.04999923706055,14022,-0.019206146341949504,41.061428615025115,41.70100034077962,0.015693224462685656,Low Risk
2024-06-11,36.31128692626953,42.15999984741211,42.4900016784668,38.91999816894531,38.29999923706055,106884,0.10078330776091704,40.95857129778181,41.64233373006185,0.047422762696979794,Medium Risk
2024-06-12,37.611812591552734,43.66999816894531,43.75,41.5,42.15999984741211,57279,0.03581589959673326,41.07857077462332,41.63400039672852,0.04948077217130799,Medium Risk
2024-06-13,36.97447204589844,42.93000030517578,43.38999938964844,42.5,43.66999816894531,116797,-0.01694522314625968,41.07857077462332,41.66533368428548,0.05010781893534215,High Risk
2024-06-23,37.3017578125,43.310001373291016,43.66999816894531,42.900001525878906,42.93000030517578,12782,0.008851643731980552,41.34571402413504,41.744667053222656,0.04756978925263158,Medium Risk
2024-06-24,37.00030899047852,42.959999084472656,43.66999816894531,42.90999984741211,43.310001373291016,11178,-0.008081327123536042,41.768571036202566,41.761000315348305,0.044621487717277024,Medium Risk
2024-06-25,37.88742065429688,43.9900016784668,43.9900016784668,42.060001373291016,42.959999084472656,73215,0.023975852326459268,42.47428567068918,41.80666707356771,0.041983120264822454,Medium Risk
2024-06-26,37.456787109375,43.4900016784668,44.0,42.77000045776367,43.9900016784668,22695,-0.011366219161677127,43.215714590890066,41.856667073567706,0.040919833407042895,Medium Risk
2024-06-27,37.456787109375,43.4900016784668,43.9900016784668,43.29999923706055,43.4900016784668,15611,0.0,43.40571485246931,41.94800046284993,0.019446614965265847,Low Risk
2024-07-02,37.88742065429688,43.9900016784668,44.25,43.810001373291016,44.119998931884766,131154,0.01149689539440879,43.451429639543804,42.067667134602864,0.014480008265868809,Low Risk
2024-07-03,38.343894958496094,44.52000045776367,45.25,44.0,43.9900016784668,37173,0.012048164561819341,43.678572518484934,42.23700052897136,0.012451567993763327,Low Risk
2024-07-04,39.57551574707031,45.95000076293945,46.4900016784668,44.290000915527344,44.52000045776367,128847,0.03212040185247589,44.05571528843471,42.45233383178711,0.016128569664338836,Low Risk
2024-07-07,39.41187286376953,45.7599983215332,46.77999877929688,45.45000076293945,45.95000076293945,114929,-0.004134982334091597,44.45571517944336,42.63833376566569,0.015505267269307087,Low Risk
2024-07-08,39.61857986450195,46.0,46.20000076293945,45.540000915527344,45.7599983215332,23297,0.005244792116914532,44.74285779680525,42.8053337097168,0.014072935527944573,Low Risk
2024-07-09,39.68748474121094,46.08000183105469,46.54999923706055,45.54999923706055,46.0,44197,0.001739170240319332,45.112857818603516,42.934000396728514,0.012024651434443045,Low Risk
2024-07-10,39.403263092041016,45.75,46.59999847412109,45.09999847412109,46.08000183105469,84282,-0.007161497785190818,45.43571472167969,43.059000396728514,0.013110063894507112,Low Risk
2024-07-14,39.79083633422852,46.20000076293945,46.2400016784668,45.0,45.75,15892,0.009836082250042733,45.75142887660435,43.199000422159834,0.013037039654699342,Low Risk
2024-07-15,39.05875015258789,45.34999847412109,46.25,44.90999984741211,46.20000076293945,13398,-0.018398317635964556,45.87000002179827,43.32466697692871,0.015879603990409566,Low Risk
2024-07-16,38.93817138671875,45.209999084472656,45.84000015258789,44.93000030517578,45.34999847412109,11498,-0.003087086975941622,45.76428549630301,43.42733357747396,0.009195082085157659,Low Risk
2024-07-17,39.36880874633789,45.709999084472656,46.18999862670898,45.0,45.209999084472656,30070,0.011059500334555938,45.75714274815151,43.54666684468587,0.01039891619252172,Low Risk
2024-07-18,38.774532318115234,45.02000045776367,45.97999954223633,45.0,45.709999084472656,78432,-0.015095135430518325,45.617142813546316,43.60066680908203,0.011442747211779777,Low Risk
2024-07-21,38.78314208984375,45.02999877929688,45.79999923706055,44.52999877929688,45.02000045776367,25959,0.0002220862157162884,45.46714237758091,43.677333450317384,0.011351692917642974,Low Risk
2024-07-22,38.541988372802734,44.75,45.5,44.58000183105469,45.02999877929688,42973,-0.006218049897563249,45.324285234723774,43.72633349100749,0.011302758342735222,Low Risk
2024-07-23,38.95539855957031,45.22999954223633,45.400001525878906,44.52000045776367,44.75,75726,0.01072624675388445,45.185713631766184,43.79933344523112,0.011476199290190402,Low Risk
2024-07-24,38.78314208984375,45.02999877929688,45.54999923706055,44.79999923706055,45.22999954223633,67504,-0.004421860821658519,45.13999938964844,43.87100003560384,0.009366526665664838,Low Risk
2024-07-28,38.80036926269531,45.04999923706055,45.93999862670898,44.81999969482422,45.02999877929688,13733,0.0004441585233365686,45.11714226858957,43.94499994913737,0.009328735619239723,Low Risk
2024-07-29,38.59366607666016,44.810001373291016,45.0,44.5,45.04999923706055,72923,-0.005327366655582422,44.98857116699219,44.00766665140788,0.007900291740743921,Low Risk
2024-07-30,38.63672637939453,44.86000061035156,45.16999816894531,44.68999862670898,44.810001373291016,201490,0.0011158053007860325,44.96571404593332,44.121666717529294,0.005794143626136525,Low Risk
2024-07-31,38.75730895996094,45.0,46.0,44.72999954223633,44.86000061035156,90878,0.0031208066817576263,44.96142850603376,44.288333384195965,0.005955209113917015,Low Risk
2024-08-01,39.360198974609375,45.70000076293945,46.0,45.0,45.0,33012,0.01555557250976558,45.0971429007394,44.51000010172526,0.007657860336963883,Low Risk
2024-08-04,38.49031066894531,44.68999862670898,45.34999847412109,41.0099983215332,45.70000076293945,40319,-0.022100702830830987,45.01999991280692,44.723000081380206,0.011330375157475906,Low Risk
2024-08-05,36.793601989746094,42.720001220703125,43.97999954223633,41.150001525878906,44.68999862670898,68696,-0.04408139329922656,44.69000026157924,44.74166679382324,0.019738232253167756,Low Risk
2024-08-06,37.35342788696289,43.369998931884766,43.68000030517578,42.5,42.720001220703125,13814,0.015215301793264802,44.4500002179827,44.731666819254556,0.021424731797932556,Medium Risk
2024-08-07,37.47400665283203,43.5099983215332,44.459999084472656,43.0,43.369998931884766,27889,0.0032280238205288914,44.26428549630301,44.75100008646647,0.021659959385211053,Medium Risk
2024-08-08,37.57736206054688,43.630001068115234,44.0,43.02999877929688,43.5099983215332,20349,0.002758049901432358,44.08857127598354,44.761666742960614,0.021733278915231705,Medium Risk
2024-08-11,38.343894958496094,44.52000045776367,44.9900016784668,43.09999847412109,43.630001068115234,20739,0.020398793670872717,44.01999991280692,44.81366678873698,0.023549911569250882,Medium Risk
2024-08-12,38.266380310058594,44.43000030517578,44.900001525878906,44.06999969482422,44.52000045776367,11479,-0.002021566748932835,43.83857127598354,44.82833340962728,0.022361550512953302,Medium Risk
2024-08-13,37.93048477172852,44.040000915527344,45.0099983215332,44.0,44.43000030517578,41668,-0.008777839004493693,43.745714460100444,44.846666717529295,0.021074285858793076,Medium Risk
2024-08-14,38.98984909057617,45.27000045776367,45.43999862670898,44.7599983215332,44.040000915527344,42839,0.02792914433847482,44.11000006539481,44.90600001017253,0.013128050818248938,Low Risk
2024-08-15,40.19562911987305,46.66999816894531,46.70000076293945,44.619998931884766,45.27000045776367,121089,0.03092550689253515,44.58142852783203,44.99533322652181,0.015599574785094578,Low Risk
2024-08-18,41.25499725341797,47.900001525878906,48.900001525878906,46.709999084472656,46.66999816894531,109250,0.026355333301728123,45.20857184273856,45.10799992879232,0.016206829465367036,Low Risk
2024-08-19,40.46262741088867,46.97999954223633,48.0,46.709999084472656,47.900001525878906,170983,-0.01920672138487367,45.68714305332729,45.14233322143555,0.02033320981695649,Medium Risk
2024-08-20,40.47124481201172,46.9900016784668,47.900001525878906,46.34000015258789,46.97999954223633,46723,0.00021290200783163904,46.04000037057059,45.18333333333333,0.020175858472947183,Medium Risk
2024-08-21,40.41956329345703,46.93000030517578,47.84999847412109,46.90999984741211,46.9900016784668,65412,-0.0012768965981653224,46.39714322771345,45.21433334350586,0.020116599588328,Medium Risk
2024-08-22,40.3420524597168,46.84000015258789,47.5,46.70000076293945,46.93000030517578,55298,-0.0019177530791101294,46.7971431187221,45.2396666208903,0.0193127420984106,Low Risk
2024-08-25,39.85112380981445,46.27000045776367,46.9900016784668,46.060001373291016,46.84000015258789,22493,-0.012169079696143559,46.94000026157924,45.25699996948242,0.018700537433001457,Low Risk
2024-08-26,39.29991149902344,45.630001068115234,46.95000076293945,45.0099983215332,46.27000045776367,25585,-0.013831843166559832,46.791429247174946,45.23799997965495,0.014945222001776115,Low Risk
2024-08-27,39.78221893310547,46.18999862670898,46.9900016784668,45.209999084472656,45.630001068115234,49806,0.012272573865553804,46.5471431187221,45.265999984741214,0.010645702661073614,Low Risk
2024-08-28,40.14395904541016,46.61000061035156,46.84000015258789,46.150001525878906,46.18999862670898,16516,0.009092920461784226,46.49428612845285,45.312666702270505,0.009744814512393186,Low Risk
2024-08-29,40.05782699584961,46.5099983215332,46.79999923706055,46.2400016784668,46.61000061035156,19337,-0.0021455114247767026,46.42571422031948,45.33933334350586,0.009733097001105693,Low Risk
2024-09-01,40.996612548828125,47.59999847412109,48.0,46.5099983215332,46.5099983215332,35085,0.02343582438022218,46.52142824445452,45.42533327738444,0.013535117101929615,Low Risk
2024-09-02,40.44540023803711,46.959999084472656,47.900001525878906,46.5099983215332,47.59999847412109,24985,-0.013445365759756966,46.53857094900949,45.4896666208903,0.014752689184528111,Low Risk
2024-09-03,40.45401382446289,46.970001220703125,47.5,46.29999923706055,46.959999084472656,22174,0.00021299268367691582,46.638571058000835,45.563666661580406,0.013690344667524258,Low Risk
2024-09-04,40.03199005126953,46.47999954223633,47.02999877929688,45.540000915527344,46.970001220703125,16056,-0.010432226223805574,46.75999941144671,45.60533332824707,0.013072038952311496,Low Risk
2024-09-05,40.023380279541016,46.470001220703125,46.959999084472656,46.0,46.47999954223633,20778,-0.0002151101900101926,46.7999997820173,45.65333340962728,0.012384000890652214,Low Risk
2024-09-08,39.42048645019531,45.77000045776367,46.900001525878906,45.540000915527344,46.470001220703125,23351,-0.015063497838420314,46.679999760219026,45.677333450317384,0.013076270378479603,Low Risk
2024-09-09,38.81759643554688,45.06999969482422,46.0,45.0,45.77000045776367,34848,-0.015293877123409905,46.47428567068918,45.68600006103516,0.013929700061344119,Low Risk
2024-09-10,38.74869537353516,44.9900016784668,45.9900016784668,44.75,45.06999969482422,60064,-0.0017749726403173405,46.1014289855957,45.690333429972334,0.007135242122766955,Low Risk
2024-09-11,39.91141128540039,46.34000015258789,47.4900016784668,44.810001373291016,44.9900016784668,107547,0.03000663311304641,46.01285770961216,45.73500010172526,0.015549634229432832,Low Risk
2024-09-12,38.93817138671875,45.209999084472656,46.77999877929688,45.0,46.34000015258789,43159,-0.024385003547569672,45.76142883300781,45.71866671244303,0.017657011633687537,Low Risk
2024-09-16,38.9467887878418,45.220001220703125,46.5,45.150001525878906,45.209999084472656,31309,0.0002212372579741828,45.58142907278879,45.73633346557617,0.017600793674377245,Low Risk
2024-09-17,38.99846267700195,45.27999877929688,46.04999923706055,45.150001525878906,45.220001220703125,8895,0.0013267925027451444,45.41142872401646,45.8216667175293,0.017662476820847196,Low Risk
2024-09-18,39.515228271484375,45.880001068115234,45.9900016784668,45.27999877929688,45.27999877929688,85774,0.013250934297566408,45.42714309692383,45.90533345540364,0.01783195322223821,Low Risk
2024-09-19,39.67886734008789,46.06999969482422,46.4900016784668,45.15999984741211,45.880001068115234,62007,0.004141207983559214,45.570000239780974,45.99066683451335,0.016424301416944842,Low Risk
2024-09-22,39.403263092041016,45.75,46.75,45.52000045776367,46.06999969482422,47035,-0.006945945234294593,45.67857142857143,46.06133346557617,0.016800235971514244,Low Risk
2024-09-23,39.61857986450195,46.0,46.5,45.7599983215332,45.75,90637,0.005464480874316946,45.62999997820173,46.110666783650714,0.011975168226066663,Low Risk
2024-09-24,39.29991149902344,45.630001068115234,46.47999954223633,45.630001068115234,46.0,48820,-0.008043455040973146,45.69000026157924,46.15066680908203,0.007356246873664646,Low Risk
2024-09-25,39.61857986450195,46.0,46.34999847412109,45.5,45.91999816894531,27413,0.00810867681840377,45.80142865862165,46.216000111897785,0.007749007832665345,Low Risk
2024-09-26,39.43771362304688,45.790000915527344,46.47999954223633,45.630001068115234,46.0,48820,-0.00456519748853601,45.87428610665457,46.23333346048991,0.008200933049768837,Low Risk
2024-09-29,39.62719345092773,46.0099983215332,46.41999816894531,45.61000061035156,45.790000915527344,29547,0.004804485730666608,45.892857142857146,46.211333465576175,0.006687961484130414,Low Risk
2024-09-30,40.46262741088867,46.97999954223633,47.5,46.0,46.0099983215332,105083,0.021082400697440384,46.02285712105887,46.18066673278808,0.010330718091914739,Low Risk
2024-10-01,40.49707794189453,47.02000045776367,47.900001525878906,46.77000045776367,46.97999954223633,16328,0.0008514456346766508,46.20428575788225,46.182000096638994,0.009484985829711927,Low Risk
2024-10-02,39.360198974609375,45.70000076293945,46.79999923706055,45.5,47.02000045776367,50796,-0.02807315359364837,46.16142872401646,46.13900006612142,0.01529053574519668,Low Risk
2024-10-03,39.670257568359375,46.060001373291016,46.650001525878906,45.79999923706055,45.70000076293945,9646,0.007877474930886752,46.222857339041575,46.11000010172526,0.015223288224358813,Low Risk
2024-10-07,39.11042785644531,45.40999984741211,46.59999847412109,45.310001373291016,46.060001373291016,49357,-0.014112060497154633,46.13857160295759,46.06233342488607,0.015902766987678386,Low Risk
2024-10-08,38.318058013916016,44.4900016784668,45.93000030517578,44.09999847412109,45.40999984741211,68602,-0.02025981440292257,45.95285742623465,46.00300013224284,0.017404044638132565,Low Risk
2024-10-09,39.06736373901367,45.36000061035156,45.86000061035156,44.209999084472656,44.4900016784668,46949,0.01955493142419562,45.86000061035156,45.99400011698405,0.0194204294383641,Low Risk
2024-10-10,38.75730895996094,45.0,45.970001220703125,44.650001525878906,45.36000061035156,26965,-0.007936521285438536,45.57714353288923,45.95433349609375,0.016596695609164474,Low Risk
2024-10-13,38.75730895996094,45.0,45.7400016784668,44.5,45.0,31202,0.0,45.28857203892299,45.90066680908203,0.01654102068066291,Low Risk
2024-10-14,38.30944061279297,44.47999954223633,45.5,44.310001373291016,45.0,59724,-0.011555565728081585,45.11428615025112,45.83300018310547,0.013849042561443712,Low Risk
2024-10-15,37.88742065429688,43.9900016784668,45.5,43.900001525878906,44.47999954223633,66810,-0.01101613913696764,44.81857190813337,45.71266695658366,0.013015368437292934,Low Risk
2024-10-16,37.89603042602539,44.0,45.380001068115234,43.70000076293945,43.9900016784668,833351,0.00022728622759049522,44.61714335850307,45.61400032043457,0.012738535356399273,Low Risk
2024-10-17,37.56013870239258,43.61000061035156,44.88999938964844,43.5,44.0,131191,-0.008863622492009893,44.491428920200896,45.50200030008952,0.0109853208700134,Low Risk
2024-10-20,37.63764953613281,43.70000076293945,44.79999923706055,43.59999847412109,43.61000061035156,33292,0.0020637503170894966,44.254286084856304,45.40933367411296,0.0058355613575057875,Low Risk
2024-10-21,37.77545547485352,43.86000061035156,44.68000030517578,43.54999923706055,43.70000076293945,207606,0.0036613236754861056,44.09142902919224,45.322333653767906,0.0065624873067159,Low Risk
2024-10-22,38.75730895996094,45.0,45.119998931884766,43.86000061035156,43.86000061035156,52191,0.025991777788060055,44.09142902919224,45.29666697184245,0.013081168197471238,Low Risk
2024-10-23,39.15348815917969,45.459999084472656,45.66999816894531,44.59999847412109,45.0,21703,0.010222201877170045,44.231428963797434,45.3096669514974,0.012428094019860702,Low Risk
2024-10-24,38.86065673828125,45.119998931884766,45.9900016784668,44.95000076293945,45.459999084472656,12533,-0.007479106014853021,44.392857142857146,45.314000193278,0.011811133250149958,Low Risk
2024-10-27,39.57551574707031,45.95000076293945,46.09999847412109,45.02999877929688,45.119998931884766,21802,0.01839543108827857,44.67142868041992,45.30100021362305,0.012872161131586802,Low Risk
2024-10-28,39.29129409790039,45.619998931884766,46.400001525878906,45.54999923706055,45.95000076293945,17740,-0.007181758989672216,44.95857129778181,45.31466687520345,0.012554053072087429,Low Risk
2024-10-29,38.89510726928711,45.15999984741211,45.9900016784668,45.0,45.619998931884766,17787,-0.010083276967180144,45.16714259556362,45.31266682942708,0.014026606893960573,Low Risk
2024-10-30,39.1018180847168,45.400001525878906,46.0,45.0,45.15999984741211,90473,0.005314474740427899,45.38714272635324,45.31666692097982,0.014018360360867984,Low Risk
2024-10-31,38.93817138671875,45.209999084472656,45.54999923706055,45.0,45.400001525878906,22768,-0.004185075661240822,45.41714259556362,45.29433352152507,0.01075682264984986,Low Risk
2024-11-03,39.93724822998047,46.369998931884766,46.9900016784668,45.709999084472656,45.209999084472656,54193,0.025658037401078193,45.54714257376535,45.30433349609375,0.014094887216659783,Low Risk
2024-11-04,43.950782775878906,51.02999877929688,51.79999923706055,46.54999923706055,46.369998931884766,340991,0.1004960093757481,46.39142826625279,45.480333455403645,0.03859933646724101,Medium Risk
2024-11-05,43.52014923095703,50.52999877929688,52.4900016784668,49.0,51.02999877929688,352250,-0.00979815818069063,47.04571369716099,45.631333414713545,0.040037324376071194,Medium Risk
2024-11-06,43.88188171386719,50.95000076293945,51.59999847412109,49.59999847412109,50.52999877929688,118898,0.008311933381931036,47.807142530168804,45.80866673787435,0.03906722668388172,Medium Risk
2024-11-07,45.49246597290039,52.81999969482422,52.9900016784668,50.06999969482422,50.95000076293945,304374,0.03670262814294167,48.90142822265625,46.03600006103515,0.03773460372457864,Medium Risk
2024-11-10,46.25038528442383,53.70000076293945,54.5,52.25,52.81999969482422,322288,0.016660376243839092,50.08714239937918,46.29966672261556,0.037075515210967434,Medium Risk
2024-11-11,45.64749526977539,53.0,54.29999923706055,52.900001525878906,53.70000076293945,176097,-0.013035395772704517,51.19999967302595,46.532666778564455,0.03835878259672045,Medium Risk
2024-11-12,46.74992370605469,54.27999877929688,54.400001525878906,52.119998931884766,53.0,258069,0.024150920364092165,52.32999965122768,46.776000086466475,0.03834934296388302,Medium Risk
2024-11-13,45.65610885620117,53.0099983215332,55.09999847412109,52.900001525878906,54.27999877929688,247735,-0.02339720866478856,52.61285672869001,46.97566668192545,0.02185708767700604,Medium Risk
2024-11-14,45.89726257324219,53.290000915527344,55.18999862670898,52.619998931884766,53.0099983215332,267652,0.005282071361251139,53.00714274815151,47.22866668701172,0.020797441961490415,Medium Risk
2024-11-17,46.112579345703125,53.540000915527344,54.59000015258789,53.119998931884766,53.290000915527344,98359,0.004691311610151461,53.37714276994978,47.478000005086265,0.020827900523458988,Medium Risk
2024-11-18,45.535526275634766,52.869998931884766,54.20000076293945,52.75,53.540000915527344,100789,-0.012514045053896639,53.38428551810129,47.726666641235354,0.017244387450642364,Low Risk
2024-11-19,45.64749526977539,53.0,53.97999954223633,52.900001525878906,52.869998931884766,149213,0.0024588816103954247,53.284285409109934,48.01033325195313,0.015765666866538866,Low Risk
2024-11-20,46.64657211303711,54.15999984741211,55.66999816894531,52.59999847412109,53.0,630710,0.021886789573813292,53.44999967302595,48.303666559855145,0.01707622410660056,Low Risk
2024-11-21,46.76714706420898,54.29999923706055,55.4900016784668,54.220001220703125,54.15999984741211,102596,0.0025849222681475492,53.4528568812779,48.61366653442383,0.01440808843252567,Low Risk
2024-11-24,46.47431564331055,53.959999084472656,54.970001220703125,53.79999923706055,54.29999923706055,165415,-0.006261513026980636,53.58857127598354,48.912333170572914,0.010727903832747552,Low Risk
2024-11-25,45.923099517822266,53.31999969482422,54.400001525878906,53.09999847412109,53.959999084472656,41445,-0.011860626399317398,53.59285681588309,49.20699984232585,0.01190316068335325,Low Risk
2024-11-26,45.82836151123047,53.209999084472656,54.25,53.0,53.31999969482422,56926,-0.0020630272126996863,53.54571369716099,49.51433308919271,0.011745524237641925,Low Risk
2024-11-27,44.45032501220703,51.61000061035156,53.88999938964844,51.400001525878906,53.209999084472656,311762,-0.03006950764237082,53.365713936941965,49.76799977620443,0.01582379931314108,Low Risk
2024-11-28,44.45032501220703,51.61000061035156,52.25,50.61000061035156,51.61000061035156,60922,0.0,53.16714259556362,50.03466644287109,0.01570063627802002,Low Risk
2024-12-01,45.60443115234375,52.95000076293945,53.20000076293945,51.52000045776367,51.61000061035156,46649,0.025963963122277667,52.994285583496094,50.34299977620443,0.016841494803719947,Low Risk
2024-12-02,45.285762786865234,52.58000183105469,53.400001525878906,52.380001068115234,52.95000076293945,14697,-0.006987703995345984,52.7485716683524,50.6336664835612,0.01669084086455007,Low Risk
2024-12-03,45.49246597290039,52.81999969482422,53.400001525878906,52.5099983215332,52.58000183105469,34820,0.004564432396573004,52.585714612688335,50.89433314005534,0.016995772099367142,Low Risk
2024-12-04,45.75946044921875,53.130001068115234,53.79999923706055,52.70000076293945,52.81999969482422,47715,0.005869015052671234,52.55857195172991,51.14999987284342,0.01676110093173416,Low Risk
2024-12-05,45.81974792480469,53.20000076293945,53.970001220703125,52.75,53.130001068115234,38525,0.0013175172862216478,52.55714362008231,51.41933326721191,0.016753527548579904,Low Risk
2024-12-08,46.07812881469727,53.5,53.900001525878906,53.20000076293945,53.20000076293945,21871,0.005639083322523719,52.82714353288923,51.670999908447264,0.010188556690026941,Low Risk
2024-12-09,46.30206298828125,53.7599983215332,53.84999847412109,53.310001373291016,53.5,17628,0.004859781710901068,53.134286063058035,51.94233322143555,0.009938047514060685,Low Risk
2024-12-10,44.78622055053711,52.0,53.7599983215332,51.9900016784668,53.7599983215332,249532,-0.032738065038745545,52.9985716683524,52.17033322652181,0.014079601688055823,Low Risk
2024-12-11,45.19963455200195,52.47999954223633,53.0,52.0099983215332,52.0,31694,0.00923076042762161,52.98428562709263,52.40633316040039,0.014544150715929231,Low Risk
2024-12-12,45.27714538574219,52.56999969482422,52.869998931884766,52.0,52.47999954223633,52650,0.0017149419468927007,52.94857134137835,52.65166651407878,0.014428658981775914,Low Risk
2024-12-15,45.99200439453125,53.400001525878906,53.400001525878906,52.11000061035156,52.56999969482422,47576,0.01578850743528548,52.987142835344585,52.88599993387858,0.015607326956599289,Low Risk
2024-12-16,46.40541458129883,53.880001068115234,55.09999847412109,53.33000183105469,53.400001525878906,293178,0.008988755215741051,53.084285736083984,52.98100001017253,0.015913553769717342,Low Risk
2024-12-17,46.14703369140625,53.58000183105469,54.66999816894531,53.5,53.880001068115234,39557,-0.00556791446015914,53.0957145690918,53.08266677856445,0.016041000485005934,Low Risk
2024-12-18,46.13842010498047,53.56999969482422,54.400001525878906,53.5099983215332,53.58000183105469,42582,-0.00018667666832128393,53.06857190813337,53.170000076293945,0.01591615630559846,Low Risk
2024-12-19,45.65610885620117,53.0099983215332,53.869998931884766,53.0,53.56999969482422,80346,-0.010453637791323689,53.21285738263811,53.17633336385091,0.009166371085372124,Low Risk
2024-12-22,46.121192932128906,53.54999923706055,54.0,53.20000076293945,53.0099983215332,23630,0.01018677480900787,53.36571448189871,53.17133331298828,0.009284724363258591,Low Risk
2024-12-23,46.00061798095703,53.40999984741211,53.81999969482422,53.209999084472656,53.54999923706055,17877,-0.0026143677244265806,53.48571450369699,53.18499997456868,0.009519928015919343,Low Risk
2024-12-24,45.66471862792969,53.02000045776367,53.7400016784668,52.400001525878906,53.40999984741211,91876,-0.007301991963352017,53.431428636823384,53.14300003051758,0.007938709817215403,Low Risk
2024-12-25,45.93171691894531,53.33000183105469,53.59000015258789,52.79999923706055,53.02000045776367,17275,0.005846876096086806,53.352857317243306,53.1536668141683,0.007347093431379303,Low Risk
2024-12-26,46.21593475341797,53.65999984741211,54.9900016784668,53.5,53.33000183105469,36456,0.006187849334842177,53.36428560529436,53.16600011189779,0.007586361309924315,Low Risk
2024-12-29,46.508766174316406,54.0,54.09000015258789,53.61000061035156,53.65999984741211,529422,0.006336193692782599,53.42571422031948,53.18133341471354,0.00791884681040168,Low Risk
2024-12-30,46.327903747558594,53.790000915527344,54.0,53.09999847412109,54.0,115785,-0.0038888719346787948,53.537143162318635,53.21200014750163,0.006590141200603471,Low Risk
2024-12-31,45.96616363525391,53.369998931884766,53.9900016784668,52.900001525878906,53.790000915527344,1610039,-0.007808179522103997,53.51142883300781,53.22433344523112,0.006420875104713105,Low Risk
2025-01-02,46.29344940185547,53.75,53.9900016784668,53.43000030517578,53.369998931884766,480463,0.007120125083761364,53.56000028337751,53.210666783650716,0.006912647616929451,Low Risk
2025-01-05,46.48292922973633,53.970001220703125,54.88999938964844,53.86000061035156,53.75,142310,0.004093045966569786,53.69571467808315,53.199666849772136,0.005922505036071977,Low Risk
2025-01-06,46.52599334716797,54.02000045776367,54.5,53.86000061035156,53.970001220703125,9203,0.000926426457840579,53.794285910470144,53.201666895548506,0.00575639319720927,Low Risk
2025-01-08,46.51737976074219,54.0099983215332,54.400001525878906,53.86000061035156,54.02000045776367,19482,-0.0001851561670809243,53.844285692487446,53.224666849772134,0.005452359346849126,Low Risk
2025-01-09,46.26761245727539,53.720001220703125,54.29999923706055,53.5099983215332,54.0099983215332,406413,-0.005369322529944598,53.804285866873606,53.24166692097982,0.0053155314862665115,Low Risk
2025-01-12,45.75084686279297,53.119998931884766,54.0,52.40999984741211,53.720001220703125,20736,-0.011169066924501925,53.70857129778181,53.292000198364256,0.006594811984287528,Low Risk
2025-01-13,45.716400146484375,53.08000183105469,54.5,53.0,53.119998931884766,37431,-0.0007529574855859034,53.667143140520366,53.34100023905436,0.006033482180185127,Low Risk
2025-01-14,44.545066833496094,51.720001220703125,53.20000076293945,51.5,53.08000183105469,242561,-0.025621713704536586,53.377143314906526,53.300000254313154,0.010174485027434782,Low Risk
2025-01-15,44.81205749511719,52.02999877929688,53.0,51.7599983215332,51.720001220703125,25132,0.005993765492597669,53.10000010899135,53.28166681925456,0.010491711923735733,Low Risk
2025-01-16,44.743160247802734,51.95000076293945,52.59000015258789,51.84999847412109,52.02999877929688,401299,-0.0015375363873593173,52.804285866873606,53.2526668548584,0.010292599440152912,Low Risk
2025-01-19,45.25130844116211,52.540000915527344,52.9900016784668,51.84999847412109,52.02999877929688,639347,0.011357076880137207,52.594286237444194,53.23300018310547,0.01206216855886942,Low Risk
2025-01-20,44.63119125366211,51.81999969482422,52.88999938964844,51.79999923706055,52.27999877929688,50397,-0.013703867684751847,52.32285744803293,53.18700014750163,0.012632535364894065,Low Risk
2025-01-21,45.64749526977539,53.0,53.459999084472656,51.81999969482422,51.81999969482422,509649,0.022771136860767704,52.30571474347796,53.17033348083496,0.01597035460100897,Low Risk
2025-01-22,45.07044219970703,52.33000183105469,53.75,52.0,53.0,32419,-0.012641474885760617,52.1985718863351,53.122666931152345,0.016654765564520453,Low Risk
2025-01-23,44.94985961914063,52.18999862670898,53.5,52.13999938964844,52.33000183105469,34162,-0.002675390778653197,52.26571437290737,53.12900021870931,0.01308619719386071,Low Risk
2025-01-26,44.76899337768555,51.97999954223633,52.959999084472656,51.900001525878906,52.18999862670898,27607,-0.004023741904549127,52.25857162475586,53.11233355204264,0.013043475763407454,Low Risk
2025-01-27,44.71731948852539,51.91999816894531,52.790000915527344,51.75,51.97999954223633,45099,-0.0011543165413508971,52.254285539899556,53.09066683451335,0.013037067000182,Low Risk
2025-01-28,44.51922607421875,51.68999862670898,52.0,51.630001068115234,51.91999816894531,38573,-0.004429883481273045,52.13285664149693,53.03366673787435,0.01207275862472678,Low Risk
2025-01-29,44.70870590209961,51.90999984741211,52.290000915527344,51.59999847412109,51.68999862670898,37836,0.004256166116233029,52.145713806152344,52.96800003051758,0.01110645114468393,Low Risk
2025-01-30,44.73454284667969,51.93999862670898,52.0,51.79999923706055,51.90999984741211,1594244,0.0005778998147765169,51.99428503853934,52.91333325703939,0.005242419564636937,Low Risk
2025-02-02,44.40726089477539,51.560001373291016,52.0,51.5,51.93999862670898,43482,-0.0073160813143062775,51.88428497314453,52.84633331298828,0.0037668160968091055,Low Risk
2025-02-03,44.45032501220703,51.61000061035156,52.0,51.5,51.560001373291016,20708,0.0009697291646397765,51.8014281136649,52.79966672261556,0.003924188085023749,Low Risk
2025-02-04,44.76038360595703,51.970001220703125,52.0,51.54999923706055,51.61000061035156,52940,0.0069754041095546615,51.7999997820173,52.74700012207031,0.004873821585270003,Low Risk
2025-02-05,44.53644943237305,51.709999084472656,51.9900016784668,51.61000061035156,51.970001220703125,15472,-0.005002927268104251,51.76999991280692,52.690333429972334,0.005227691352854783,Low Risk
2025-02-06,44.52783966064453,51.70000076293945,51.88999938964844,51.650001525878906,51.709999084472656,15433,-0.00019335373641893305,51.771428789411274,52.64633344014486,0.004943465322367226,Low Risk
2025-02-09,44.777610778808594,51.9900016784668,52.0,51.52000045776367,51.70000076293945,24334,0.005609301958371171,51.78285762241909,52.60166676839193,0.005157707579475935,Low Risk
2025-02-10,44.82928466796875,52.04999923706055,52.20000076293945,51.70000076293945,51.9900016784668,24409,0.0011540210936096251,51.79857199532645,52.54800008138021,0.005168742713792695,Low Risk
2025-02-11,44.27806854248047,51.40999984741211,52.0,51.25,52.04999923706055,28557,-0.012295857810363686,51.77714320591518,52.46166674296061,0.006551596147387244,Low Risk
2025-02-12,43.46847152709961,50.470001220703125,51.40999984741211,50.0,51.40999984741211,22910,-0.018284353812467513,51.61428615025112,52.35100008646647,0.009333133024943223,Low Risk
2025-02-13,44.45032501220703,51.61000061035156,52.0,50.02000045776367,50.470001220703125,27666,0.02258766320736294,51.562857491629465,52.2923334757487,0.013214088322298074,Low Risk
2025-02-16,44.62257766723633,51.810001373291016,52.0,51.61000061035156,51.61000061035156,14529,0.0038752327179654156,51.57714353288923,52.2276668548584,0.013182688975150302,Low Risk
2025-02-17,44.76038360595703,51.970001220703125,52.0,51.810001373291016,51.810001373291016,20454,0.0030882038828625724,51.61571502685547,52.16100018819173,0.013218430293661222,Low Risk
2025-02-18,44.83789825439453,52.060001373291016,52.09999847412109,51.900001525878906,51.970001220703125,63483,0.0017317712232809424,51.62571498325893,52.09566688537598,0.013064589576578085,Low Risk
2025-02-19,44.30390548706055,51.43999862670898,52.0,50.119998931884766,52.060001373291016,39799,-0.011909387826104179,51.53857203892299,52.010000228881836,0.013827229700853781,Low Risk
2025-02-20,45.21685791015625,52.5,52.5,51.880001068115234,51.43999862670898,156889,0.02060655912888465,51.69428634643555,51.969333521525066,0.015117837769520349,Low Risk
2025-02-23,45.19102096557617,52.470001220703125,53.5,52.130001068115234,52.5,323336,-0.0005714053199404878,51.98000063214983,51.94766693115234,0.012129051495599667,Low Risk
2025-02-24,45.66471862792969,53.02000045776367,53.59999847412109,52.720001220703125,52.470001220703125,52920,0.010482165509146935,52.18142918178013,51.94566688537598,0.009981024251568875,Low Risk
2025-02-25,46.00061798095703,53.40999984741211,53.5,53.0,53.02000045776367,557250,0.007355703249363632,52.410000392368865,52.002000172932945,0.01006588872856836,Low Risk
2025-02-26,46.09535598754883,53.52000045776367,53.650001525878906,53.02999877929688,53.40999984741211,21324,0.0020595508456435763,52.63142885480608,52.0516668955485,0.010095655917906175,Low Risk
2025-02-27,46.30206298828125,53.7599983215332,54.0,53.209999084472656,53.52000045776367,57291,0.004484264979760733,52.874285561697825,52.112000147501625,0.010034613418941771,Low Risk
2025-03-02,46.51737976074219,54.0099983215332,54.31999969482422,53.0099983215332,53.7599983215332,43709,0.004650297764236866,53.24142837524414,52.16100006103515,0.006963883597080838,Low Risk
2025-03-03,46.06090545654297,53.47999954223633,54.119998931884766,53.25,54.0099983215332,32885,-0.009812975296567772,53.38142830984933,52.21633338928223,0.006543478351334039,Low Risk
2025-03-04,45.64749526977539,53.0,53.77000045776367,52.9900016784668,53.47999954223633,53954,-0.008975309393135733,53.45714242117746,52.21633338928223,0.007872081479610195,Low Risk
2025-03-05,45.63888168334961,52.9900016784668,53.5,52.79999923706055,53.0,46757,-0.0001886475760981554,53.4528568812779,52.23833338419596,0.006793896910473139,Low Risk
2025-03-06,46.01784133911133,53.43000030517578,53.45000076293945,52.77000045776367,52.9900016784668,32395,0.008303427302735589,53.455714089529856,52.27966677347819,0.006973402900725025,Low Risk
2025-03-09,45.75946044921875,53.130001068115234,53.900001525878906,53.02999877929688,53.43000030517578,22662,-0.00561480882176757,53.39999989100865,52.318000157674156,0.007208585811687705,Low Risk
2025-03-10,45.9833869934082,53.38999938964844,53.79999923706055,53.0,53.130001068115234,36424,0.0048936253774938265,53.3471429007394,52.36700019836426,0.0072621617244074356,Low Risk
2025-03-11,46.13842010498047,53.56999969482422,53.65999984741211,53.0099983215332,53.38999938964844,52379,0.003371423623029335,53.28428595406668,52.429666900634764,0.007111928820947552,Low Risk
2025-03-12,47.04275894165039,54.619998931884766,54.70000076293945,53.68999862670898,53.56999969482422,52031,0.019600508550348117,53.447143009730745,52.52000020345052,0.009444537083564793,Low Risk
2025-03-13,47.82651138305664,55.52999877929688,55.68000030517578,54.4900016784668,54.619998931884766,73237,0.01666056142818584,53.80857140677316,52.63966687520345,0.0089596782347264,Low Risk
2025-03-16,48.23131561279297,56.0,57.11000061035156,55.13999938964844,55.52999877929688,169362,0.008463915559788315,54.23857116699219,52.78766682942708,0.008429175112822178,Low Risk
2025-03-17,48.30883026123047,56.09000015258789,56.59999847412109,56.0,56.0,29390,0.00160714558192665,54.61857114519392,52.93700014750163,0.00875653972909765,Low Risk
2025-03-18,48.23992538452149,56.0099983215332,56.45000076293945,55.630001068115234,56.09000015258789,298660,-0.0014263118352121351,55.02999932425363,53.0716667175293,0.00784693293496043,Low Risk
2025-03-19,48.17102813720703,55.93000030517578,56.5,55.810001373291016,56.0099983215332,20930,-0.001428280999013487,55.39285659790039,53.21233342488607,0.008542729985790117,Low Risk
2025-03-20,48.25715255737305,56.02999877929688,56.41999816894531,55.20000076293945,55.93000030517578,9620,0.0017879219305465543,55.74428503853934,53.35666669209798,0.008665421722006872,Low Risk
2025-03-23,48.23131561279297,56.0,56.02999877929688,55.400001525878906,56.02999877929688,63555,-0.0005354056746467162,55.94142804827009,53.490333302815756,0.006697503595964122,Low Risk
2025-03-24,47.64564895629883,55.31999969482422,58.0,55.119998931884766,56.0,32145,-0.012142862592424697,55.91142817905971,53.59933331807454,0.006154935343317357,Low Risk
2025-03-25,47.69732284545898,55.380001068115234,56.0,55.09999847412109,55.31999969482422,18935,0.0010846235289589945,55.82285690307617,53.73166669209798,0.004853055551848774,Low Risk
2025-03-26,47.55952453613281,55.220001220703125,57.0099983215332,55.15999984741211,55.380001068115234,32278,-0.0028891268386815883,55.69857134137835,53.89000002543131,0.004654558926599882,Low Risk
2025-03-27,48.584434509277344,56.40999984741211,56.959999084472656,55.16999816894531,55.220001220703125,30835,0.021550137638584932,55.755714416503906,54.05,0.010157298321145725,Low Risk
2025-04-03,49.77299499511719,57.790000915527344,57.88999938964844,56.02999877929688,56.40999984741211,59014,0.024463766563519007,56.021428789411274,54.24933331807454,0.013321323791269763,Low Risk
2025-04-06,48.01599884033203,55.75,56.43999862670898,55.16999816894531,57.790000915527344,83013,-0.03530024023549072,55.981428963797434,54.37533327738444,0.020265821175466898,Medium Risk
2025-04-07,47.84374237060547,55.54999923706055,55.75,54.5,55.75,50278,-0.003587457631200941,55.917143140520366,54.49166653951009,0.02029855005257465,Medium Risk
2025-04-08,48.40357208251953,56.20000076293945,56.75,55.34999847412109,55.54999923706055,40063,0.011701197746286418,56.04285757882254,54.65033327738444,0.02011179417205685,Medium Risk
2025-04-09,47.45616912841797,55.09999847412109,56.4900016784668,55.02999877929688,56.20000076293945,42366,-0.01957299419724834,56.00285720825195,54.736999893188475,0.021788150428114612,Medium Risk
2025-04-10,48.57582473754883,56.400001525878906,56.5099983215332,55.63999938964844,55.09999847412109,172108,0.02359352246385993,56.17142868041992,54.867999903361,0.02353706340391958,Medium Risk
2025-04-13,47.42285919189453,50.18000030517578,52.58000183105469,50.06999969482422,56.400001525878906,79044,-0.11028370660325426,55.28142874581473,54.77333323160807,0.04725776137949883,Medium Risk
2025-04-14,47.58351516723633,50.34999847412109,50.900001525878906,50.25,50.18000030517578,56723,0.003387767395604646,54.21857125418527,54.671333185831706,0.04489439152100797,Medium Risk
2025-04-15,47.75362396240234,50.52999877929688,51.09999847412109,50.290000915527344,50.34999847412109,22981,0.0035749813432131017,53.47285679408482,54.57166646321615,0.044885852970227555,Medium Risk
2025-04-16,48.04659271240234,50.84000015258789,50.90999984741211,50.36000061035156,50.52999877929688,23567,0.006134996651098623,52.7999997820173,54.47433319091797,0.045374379311490694,Medium Risk
2025-04-17,48.216705322265625,51.02000045776367,51.47999954223633,50.459999084472656,50.84000015258789,24194,0.0035405252682050303,52.05999973842076,54.37466659545898,0.044775673424431485,Medium Risk
2025-04-22,49.91780090332031,52.81999969482422,52.880001068115234,50.68000030517578,51.02000045776367,69085,0.035280266971982055,51.73428562709263,54.35266660054525,0.04807208914781116,Medium Risk
2025-04-23,50.0406608581543,52.95000076293945,53.0,52.290000915527344,52.81999969482422,35108,0.0024612091795974678,51.24142837524414,54.350999959309895,0.04662119871660002,Medium Risk
2025-04-27,50.0879135131836,53.0,53.0,52.0099983215332,52.95000076293945,34687,0.0009442726409845115,51.64428547450474,54.35133323669434,0.012171194216505853,Low Risk
2025-04-28,50.0879135131836,53.0,53.09999847412109,52.400001525878906,53.0,26925,0.0,52.02285712105887,54.33699989318848,0.012444953804953498,Low Risk
2025-04-29,49.33186721801758,52.20000076293945,53.09999847412109,52.0,53.0,22564,-0.015094325227557492,52.26142883300781,54.30599988301595,0.01511930373781228,Low Risk
2025-04-30,49.13340759277344,51.9900016784668,52.790000915527344,51.79999923706055,52.20000076293945,12876,-0.004022970908110546,52.425714765276226,54.25933329264323,0.01544838417342168,Low Risk
2025-05-04,49.114505767822266,51.970001220703125,52.93000030517578,51.90999984741211,51.9900016784668,21018,-0.00038469815576014366,52.56142915998186,54.206000010172524,0.015509371382352574,Low Risk
2025-05-05,48.9538459777832,51.79999923706055,52.4900016784668,51.25,51.970001220703125,37662,-0.003271156044823309,52.41571480887277,54.11200002034505,0.0058911508520644185,Low Risk
2025-05-06,48.92549514770508,51.77000045776367,52.0,51.5,51.79999923706055,23035,-0.0005791270219829281,52.2471433367048,53.986666742960615,0.00554327224551632,Low Risk
2025-05-07,48.3490104675293,51.15999984741211,51.95000076293945,51.0,51.77000045776367,32094,-0.011782897526710023,51.98428617204939,53.82533340454101,0.006023414128841214,Low Risk
2025-05-08,48.216705322265625,51.02000045776367,51.93000030517578,50.79999923706055,51.15999984741211,24610,-0.0027365009786159966,51.701429094587056,53.656333414713544,0.005724757202085423,Low Risk
2025-05-11,48.1883544921875,50.9900016784668,51.91999816894531,50.95000076293945,51.02000045776367,15111,-0.0005879807727894315,51.52857208251953,53.489000193277995,0.004000994171178985,Low Risk
2025-05-12,48.78373718261719,51.619998931884766,51.869998931884766,50.900001525878906,50.9900016784668,17768,0.012355309525004854,51.47571454729353,53.34533348083496,0.007112597079849885,Low Risk
2025-05-13,49.09560394287109,51.95000076293945,52.0,51.650001525878906,51.619998931884766,19351,0.0063929065843286725,51.472857339041575,53.20933354695638,0.007650962296055134,Low Risk
2025-05-14,51.03296661376953,54.0,54.20000076293945,52.0,51.95000076293945,1963402,0.039461004946182765,51.787143162318635,53.14266688028972,0.016529712896380406,Low Risk
2025-05-15,52.86637115478516,55.93999862670898,55.970001220703125,53.59999847412109,54.0,353206,0.03592590049461064,52.382857186453684,53.16333351135254,0.019561174460547396,Low Risk
2025-05-18,53.86813354492188,57.0,58.29999923706055,55.95000076293945,55.93999862670898,155152,0.01894889880789008,53.21714292253767,53.217333475748696,0.01676920173044918,Low Risk
2025-05-19,53.68857192993164,56.810001373291016,57.0,56.040000915527344,57.0,51317,-0.003333309240508453,54.044285910470144,53.270333480834964,0.016879594280728178,Low Risk
2025-05-20,55.16285705566406,58.369998931884766,58.5,56.0,56.810001373291016,135416,0.027459910594671788,55.098571232386995,53.335666783650716,0.015684632526367537,Low Risk
2025-05-21,54.26505279541016,57.41999816894531,58.5,57.08000183105469,58.369998931884766,26984,-0.0162754973500695,55.92714255196707,53.32333335876465,0.020791005838593928,Medium Risk
2025-05-22,53.518463134765625,56.630001068115234,57.9900016784668,56.52999877929688,57.41999816894531,891892,-0.013758222327100889,56.59571402413504,53.35266672770182,0.023484568633232814,Medium Risk
2025-05-25,53.91538238525391,57.04999923706055,57.9900016784668,56.400001525878906,56.630001068115234,34478,0.007416531185301167,57.03142820085798,53.40266672770182,0.020289182996914214,Medium Risk
2025-05-26,54.3501091003418,57.5099983215332,58.0,56.59999847412109,57.04999923706055,30923,0.008063086601652891,57.25571387154715,53.44633331298828,0.01623887916691277,Low Risk
2025-05-27,54.81318664550781,58.0,58.25,57.310001373291016,57.5099983215332,267350,0.00852028678086958,57.3985710144043,53.543000030517575,0.015084139532220806,Low Risk
2025-05-28,54.822635650634766,58.0099983215332,58.29999923706055,57.27999877929688,58.0,199093,0.0001723848540207129,57.56999914986746,53.59666659037272,0.014912122802000846,Low Risk
2025-05-29,56.656044006347656,59.95000076293945,60.0,58.0099983215332,58.0099983215332,242627,0.033442552965669003,57.79571369716099,53.922333272298175,0.016616026907038263,Low Risk
2025-06-01,58.53670120239258,61.93999862670898,62.5,59.33000183105469,59.95000076293945,72914,0.033194292551197435,58.44142804827009,54.30866661071777,0.01709813315549336,Low Risk
2025-06-02,59.25494766235352,62.70000076293945,63.43999862670898,61.5,61.93999862670898,35188,0.012269973411054513,59.308570861816406,54.71433334350586,0.013200761277079765,Low Risk
2025-06-03,61.66483688354492,65.25,65.9000015258789,62.70000076293945,62.70000076293945,56476,0.040669843796362404,60.47999954223633,55.19466667175293,0.015849678169104056,Low Risk
2025-06-04,62.18461990356445,65.80000305175781,66.4000015258789,65.0,65.25,28958,0.00842916554418105,61.66428593226841,55.68733342488607,0.015806288615525355,Low Risk
2025-06-10,63.40373229980469,67.08999633789062,67.98999786376953,60.20000076293945,65.80000305175781,1095410,0.019604760278173705,62.962856837681365,56.16299997965495,0.0150571608745825,Low Risk
2025-06-11,62.9028549194336,66.55999755859375,67.87999725341797,65.0,67.08999633789062,90898,-0.007899818277341986,64.18428530011859,56.61666653951009,0.017098809284057614,Low Risk
2025-06-12,61.69318771362305,65.27999877929688,66.0,64.5,66.55999755859375,40564,-0.01923075159625831,64.94571358816964,57.02599983215332,0.02125973772086272,Medium Risk
2025-06-15,59.62351608276367,63.09000015258789,64.0,60.11000061035156,65.27999877929688,33110,-0.033547773708040074,65.10999952043805,57.36233317057292,0.025029398168219127,Medium Risk
2025-06-16,59.64241790771485,63.11000061035156,64.4000015258789,62.619998931884766,63.09000015258789,49114,0.00031701470463296744,65.16857092721122,57.72599983215332,0.024688978227614223,Medium Risk
2025-06-17,59.00923156738281,62.43999862670898,64.48999786376953,62.0,63.11000061035156,10797,-0.010616415420105163,64.76714215959821,58.074333063761394,0.01761833898094179,Low Risk
2025-06-18,59.453407287597656,62.90999984741211,63.5,61.900001525878906,62.43999862670898,17944,0.00752724585266229,64.3542845589774,58.43899968465169,0.017496958547350467,Low Risk
2025-06-19,57.837364196777344,61.20000076293945,63.4900016784668,60.72999954223633,62.90999984741211,69644,-0.027181673638853154,63.51285661969866,58.752333068847655,0.014677294487325878,Low Risk
2025-06-22,58.57450485229492,61.97999954223633,62.0,59.119998931884766,61.20000076293945,65279,0.012745077934201765,62.85857118879046,59.09266637166341,0.017636505631493528,Low Risk
2025-06-23,59.18879318237305,62.630001068115234,63.09999847412109,61.52000045776367,61.97999954223633,53425,0.010487278649235154,62.48000008719308,59.47499974568685,0.018594469853501598,Low Risk
2025-06-24,59.5384635925293,63.0,64.25,62.75,62.630001068115234,120290,0.005907694804002439,62.46714292253767,59.87433306376139,0.01423339889603498,Low Risk
2025-06-25,59.453407287597656,62.90999984741211,64.08999633789062,62.79999923706055,63.0,86279,-0.0014285738506014667,62.438571384974885,60.27166633605957,0.014239832804529933,Low Risk
2025-06-29,59.5384635925293,63.0,63.2400016784668,62.7599983215332,62.90999984741211,228364,0.001430617593485728,62.51857158115932,60.65099970499674,0.013503405621513814,Low Risk
2025-06-30,59.50065994262695,62.959999084472656,64.22000122070312,62.31999969482422,63.0,28583,-0.0006349351671006698,62.52571432931082,61.01799964904785,0.013231300702123269,Low Risk
2025-07-01,57.57274627685547,60.91999816894531,64.0,60.79999923706055,62.959999084472656,140575,-0.03240153979021343,62.485713958740234,61.248666254679364,0.015052711257027958,Low Risk
2025-07-02,58.06417465209961,61.43999862670898,62.5,60.0099983215332,60.91999816894531,100640,0.008535792406322518,62.40857097080776,61.431999588012694,0.014506967837421314,Low Risk
2025-07-06,60.010990142822266,63.5,63.75,61.81999969482422,61.43999862670898,126682,0.03352866893449935,62.53285653250558,61.64866625467936,0.01938386848986899,Low Risk
2025-07-07,59.09428405761719,62.52999877929688,64.0,62.5,63.5,57371,-0.015275609774852206,62.46571350097656,61.839332834879556,0.020327131267741428,Medium Risk
2025-07-09,58.120880126953125,61.5,63.9900016784668,61.5,62.52999877929688,53736,-0.016472074194856745,62.26428495134626,61.94366620381673,0.021171002364892746,Medium Risk
2025-07-10,58.57450485229492,61.97999954223633,62.97999954223633,61.650001525878906,61.5,13045,0.00780487060546875,62.11857060023716,62.0956662495931,0.02152945632206558,Medium Risk
2025-07-13,57.676700592041016,61.02999877929688,62.91999816894531,61.0,61.97999954223633,56871,-0.015327537430716909,61.84285627092634,62.24233283996582,0.022068777009163636,Medium Risk
2025-07-14,58.60285568237305,62.0099983215332,62.5,61.150001525878906,61.02999877929688,76550,0.016057669373061856,61.998570578438894,62.40766614278157,0.01916869446789039,Low Risk
2025-07-15,58.120880126953125,61.5,62.84999847412109,61.400001525878906,62.0099983215332,103523,-0.008224453077530613,62.00714220319475,62.54066619873047,0.01936302307178935,Low Risk
2025-07-16,58.1397819519043,61.52000045776367,62.4900016784668,61.5,61.5,21026,0.00032521069534419134,61.72428512573242,62.65799954732259,0.0128312132336077,Low Risk
2025-07-17,57.64835357666016,61.0,62.5,60.79999923706055,61.52000045776367,155684,-0.008452543138725677,61.50571387154715,62.75766626993815,0.012110201552370806,Low Risk
2025-07-20,57.55384826660156,60.900001525878906,62.0,60.70000076293945,61.0,163668,-0.001639319247886739,61.41999980381557,62.789332962036134,0.01066774278503374,Low Risk
2025-07-21,57.65780258178711,61.0099983215332,61.79999923706055,60.5,60.900001525878906,67064,0.0018061870755052833,61.28142820085798,62.75833295186361,0.01003164342284683,Low Risk
2025-07-22,57.686153411865234,61.040000915527344,62.0,60.59999847412109,61.0099983215332,71228,0.0004917651994682526,61.28285707746233,62.702999623616535,0.008197704477407766,Low Risk
2025-07-23,57.686153411865234,61.040000915527344,61.040000915527344,61.040000915527344,61.040000915527344,0,0.0,61.1442860194615,62.56266632080078,0.0042856784839661695,Low Risk
2025-07-27,58.11143112182617,61.4900016784668,61.900001525878906,61.0,61.27999877929688,35986,0.007372227329455638,61.142857687813894,62.418999608357744,0.004692035203641056,Low Risk
2025-07-28,56.76945114135742,60.06999969482422,61.88999938964844,60.02000045776367,61.4900016784668,130173,-0.023093217513113995,60.93571472167969,62.18499972025553,0.00988509395569176,Low Risk
2025-07-29,56.73164749145508,60.02999877929688,60.97999954223633,60.0,60.06999969482422,50485,-0.0006659050396297106,60.797143118722104,61.96733309427897,0.00965178416493635,Low Risk
2025-07-30,56.85450744628906,60.15999984741211,61.20000076293945,59.900001525878906,60.02999877929688,107790,0.002165601711790588,60.69142859322684,61.79666646321615,0.009797741218681922,Low Risk
2025-07-31,56.66549301147461,59.959999084472656,60.95000076293945,59.15999984741211,60.15999984741211,49722,-0.003324480775377836,60.54142870221819,61.69233309427897,0.009682675558162821,Low Risk
2025-08-03,56.66549301147461,59.959999084472656,59.959999084472656,59.959999084472656,59.959999084472656,0,0.0,60.38714272635324,61.58733304341634,0.009659647102474647,Low Risk
2025-08-04,56.66549301147461,59.959999084472656,59.959999084472656,59.959999084472656,59.959999084472656,0,0.0,60.23285675048828,61.50466639200847,0.009659647102474647,Low Risk
2025-08-05,56.66549301147461,59.959999084472656,59.959999084472656,59.959999084472656,59.959999084472656,0,0.0,60.01428495134626,61.40633303324382,0.008763381726926542,Low Risk
2025-08-06,56.66549301147461,59.959999084472656,59.959999084472656,59.959999084472656,59.959999084472656,0,0.0,59.998570578438894,61.36499964396159,0.0016181131871427436,Low Risk
2025-08-07,56.66549301147461,59.959999084472656,59.959999084472656,59.959999084472656,59.959999084472656,0,0.0,59.98857062203543,61.29766629536947,0.0016098729742534059,Low Risk
2025-08-10,59.63296508789063,63.09999847412109,63.880001068115234,62.52000045776367,62.790000915527344,40740,0.052368236117294575,60.408570425851,61.313332875569664,0.02004108895149936,Medium Risk
2025-08-11,59.93538284301758,63.41999816894531,63.9900016784668,62.560001373291016,63.09999847412109,81384,0.005071310658675721,60.9028560093471,61.32733281453451,0.019565367171299263,Low Risk
2025-08-12,60.52132034301758,64.04000091552734,64.19999694824219,63.31999969482422,63.41999816894531,556000,0.009776139458888,61.48571341378348,61.364999516805014,0.01922802658314473,Low Risk
2025-08-13,61.41912078857422,64.98999786376953,66.5999984741211,64.01000213623047,64.04000091552734,240696,0.014834430584960367,62.20428466796875,61.43133277893067,0.01880619413232053,Low Risk
2025-08-14,61.07889938354492,64.62999725341797,65.0,62.060001373291016,64.98999786376953,56417,-0.005539323314122657,62.87142726353237,61.486999384562175,0.019485875380161333,Low Risk
2025-08-17,61.70263671875,65.29000091552734,65.79000091552734,64.5,64.62999725341797,114705,0.01021203295926898,63.63285609654018,61.632666142781574,0.018904789305532792,Low Risk
2025-08-18,60.97494125366211,64.5199966430664,66.0,64.44999694824219,65.29000091552734,54391,-0.011793601802168374,64.28428431919643,61.73533274332682,0.020638906677056274,Medium Risk
2025-08-19,60.483516693115234,64.0,65.0,63.63999938964844,64.5199966430664,55693,-0.008059464818994,64.41285596575055,61.75199940999349,0.010410916823812715,Low Risk
2025-08-20,60.31340789794922,63.81999969482422,64.93000030517578,63.52999877929688,64.0,29956,-0.002812504768371582,64.46999904087612,61.79499944051107,0.0104586555733693,Low Risk
2025-08-21,59.68967056274414,63.15999984741211,64.47000122070312,63.0,63.81999969482422,25155,-0.010341583368350227,64.34428460257394,61.850332768758136,0.010391477490965747,Low Risk
2025-08-24,59.77472686767578,63.25,64.0,63.060001373291016,63.15999984741211,26419,0.0014249549209202073,64.09571347917829,61.89266611735026,0.0076643868403116905,Low Risk
2025-08-25,60.40790939331055,63.91999816894531,64.4000015258789,63.130001068115234,63.25,28963,0.010592856426012931,63.99428503853934,61.988999430338545,0.009316958999576793,Low Risk
2025-08-26,60.17164611816406,63.66999816894531,64.30000305175781,63.5,63.91999816894531,36662,-0.0039111390356931786,63.76285607474191,62.04433275858561,0.007744485878990311,Low Risk
2025-08-27,60.71977996826172,64.25,65.0,63.52000045776367,63.66999816894531,82377,0.009109499728831238,63.72428512573242,62.13599942525228,0.008062773286673063,Low Risk
2025-08-28,61.390769958496094,64.95999908447266,65.0999984741211,64.0,64.25,66500,0.011050569408134647,63.86142785208566,62.25066604614258,0.008335318845324877,Low Risk
2025-08-31,61.42856979370117,65.0,65.45999908447266,64.0,64.95999908447266,107288,0.0006157776491857447,64.02999932425362,62.38399937947591,0.00809168543913488,Low Risk
2025-09-01,61.04109573364258,64.58999633789062,64.98999786376953,64.0,65.0,39722,-0.006307748647836564,64.23428453717914,62.50699920654297,0.007094577302527607,Low Risk
2025-09-02,61.28681182861328,64.8499984741211,65.0,63.54999923706055,64.58999633789062,202750,0.004025424229323615,64.46285574776786,62.63499921162923,0.007052573843133415,Low Risk
2025-09-03,60.2378044128418,63.7400016784668,65.0999984741211,63.709999084472656,64.8499984741211,209583,-0.017116373504576843,64.43714196341378,62.724999237060544,0.009736691211741498,Low Risk
2025-09-07,60.00154113769531,63.4900016784668,64.0,63.2599983215332,63.7400016784668,122510,-0.0039221837686970185,64.41142817905971,62.80666592915853,0.009737363073007833,Low Risk
2025-09-08,60.22835159301758,63.72999954223633,64.48999786376953,63.25,63.4900016784668,47131,0.003780089107336293,64.33714239937919,62.88133252461751,0.009057876068470227,Low Risk
2025-09-09,59.35890197753906,62.810001373291016,63.9900016784668,62.75,63.72999954223633,32077,-0.014435872831531915,64.02999986921039,62.97266591389974,0.008450004837324913,Low Risk
2025-09-10,58.94307708740234,62.369998931884766,63.0,61.79999923706055,62.810001373291016,58380,-0.0070052926569964535,63.6542854309082,63.050665918986006,0.008125798100444878,Low Risk
2025-09-11,59.48175811767578,62.93999862670898,63.9900016784668,62.20000076293945,62.369998931884766,17603,0.009139004402528794,63.41857147216796,63.14333254496257,0.009888438573249166,Low Risk
2025-09-14,59.00923156738281,62.43999862670898,63.95000076293945,62.02000045776367,62.93999862670898,23299,-0.007944073894336268,63.07428577968052,63.225999196370445,0.009361248590988688,Low Risk
2025-09-15,59.46285629272461,62.91999816894531,63.470001220703125,62.36000061035156,62.43999862670898,21246,0.00768737272250708,62.95714242117746,63.32466583251953,0.008848932691989353,Low Risk
2025-09-16,59.27384567260742,62.720001220703125,63.70000076293945,62.58000183105469,62.91999816894531,29458,-0.0031785911325867833,62.847142355782644,63.416665903727214,0.008823840500710323,Low Risk
2025-09-17,59.09428405761719,62.52999877929688,62.79999923706055,61.54999923706055,62.720001220703125,26746,-0.0030293756012160777,62.67571367536272,63.502332560221355,0.008486863462289657,Low Risk
2025-09-18,59.21714401245117,62.65999984741211,63.0,62.54999923706055,62.52999877929688,11527,0.00207901920123299,62.65428488595145,63.59233258565267,0.006802915490728888,Low Risk
2025-09-21,58.57450485229492,61.97999954223633,62.900001525878906,61.5099983215332,62.65999984741211,48679,-0.010852223217869494,62.59857068743025,63.65966593424479,0.007547464230854868,Low Risk
2025-09-22,59.23604583740234,62.68000030517578,62.900001525878906,62.04999923706055,61.97999954223633,18819,0.011293978188277265,62.56142807006836,63.64566599527995,0.008050978593944828,Low Risk
2025-09-23,58.91472625732422,62.34000015258789,63.9900016784668,62.27999877929688,62.68000030517578,22307,-0.005424380199944179,62.54714257376535,63.60966606140137,0.007715324656136906,Low Risk
2025-09-24,59.25494766235352,62.70000076293945,63.400001525878906,62.400001525878906,62.34000015258789,2266311,0.005774793222175223,62.51571437290737,63.564999389648435,0.007417424563993745,Low Risk
2025-09-25,61.42856979370117,65.0,65.33999633789062,62.720001220703125,62.70000076293945,1563978,0.03668260301553339,62.84142848423549,63.56533279418945,0.015687752694153928,Low Risk
2025-09-28,62.46813201904297,66.0999984741211,67.44999694824219,65.30000305175781,65.0,98515,0.016923053448016923,63.35142844063895,63.614332834879555,0.01575203833837113,Low Risk
2025-09-29,63.1674690246582,66.83999633789062,66.94999694824219,65.5,66.0999984741211,425979,0.011195126790498389,63.9485707964216,63.66599934895833,0.01554990454230066,Low Risk
2025-09-30,63.36593627929688,67.05000305175781,67.33000183105469,66.69999694824219,66.83999633789062,123068,0.003141931857769009,64.67285701206752,63.75033289591472,0.013245497872344365,Low Risk
2025-10-01,63.54549407958984,67.23999786376953,67.98999786376953,66.70999908447266,67.05000305175781,43974,0.0028336286855208392,65.32428523472377,63.858332824707034,0.013633847496811912,Low Risk
2025-10-02,64.47164916992188,68.22000122070312,68.44000244140625,67.0,67.23999786376953,94004,0.014574708329395225,66.16428538731166,64.00499954223633,0.011794993791996906,Low Risk
2025-10-05,66.35231018066406,70.20999908447266,70.5,68.0999984741211,68.22000122070312,146209,0.02917029944534244,67.23714229038784,64.23999951680501,0.012681825723582105,Low Risk
2025-10-06,66.83428955078125,70.72000122070312,71.94000244140625,70.26000213623047,70.20999908447266,60738,0.007263953039179816,68.05428532191685,64.48899955749512,0.009229271820350887,Low Risk
2025-10-07,67.06109619140625,70.95999908447266,72.0,70.61000061035156,70.72000122070312,55022,0.0033936348929144433,68.74857112339565,64.72366625467936,0.009478247479883347,Low Risk
2025-10-08,68.25186920166016,72.22000122070312,72.72000122070312,71.11000061035156,70.95999908447266,27537,0.01775651285917479,69.51714324951172,65.00866635640462,0.009905037061550373,Low Risk
2025-10-12,67.76988983154297,71.70999908447266,73.0,71.3499984741211,72.22000122070312,72306,-0.007061785206454285,70.18285696847099,65.25733299255371,0.011843223578426083,Low Risk
2025-10-13,68.989013671875,73.0,73.87999725341797,71.51000213623047,71.70999908447266,101794,0.017989135852696903,71.0057144165039,65.52533302307128,0.011762848213880857,Low Risk
2025-10-14,70.43494415283203,74.52999877929688,75.48999786376953,73.0199966430664,73.0,112034,0.020958887387628522,71.90714263916016,65.84299964904785,0.01224516189756794,Low Risk
2025-10-15,71.3138427734375,75.45999908447266,76.05999755859375,74.0,74.52999877929688,47411,0.01247820099836261,72.65714263916016,66.20533307393391,0.009927739806986946,Low Risk
2025-10-16,75.95407104492188,80.37000274658203,81.5,75.45999908447266,75.45999908447266,437027,0.06506763479566091,74.03571428571429,66.72266654968261,0.02270501549241805,Medium Risk
2025-10-19,75.43428802490234,79.81999969482422,81.36000061035156,79.26000213623047,80.37000274658203,34353,-0.006843387246010746,75.30142865862165,67.2586664835612,0.024136368774608,Medium Risk
2025-10-20,75.56658935546875,79.95999908447266,81.48999786376953,78.61000061035156,79.81999969482422,83676,0.0017539387394600592,76.40714263916016,67.80766639709472,0.02482211088786934,Medium Risk
2025-10-21,75.65164947509766,80.05000305175781,81.0,79.05000305175781,79.95999908447266,106060,0.0011256124101510778,77.59857177734375,68.35166651407877,0.023785713340330656,Medium Risk
2025-10-22,75.64219665527344,80.04000091552734,80.69999694824219,79.22000122070312,80.05000305175781,58523,-0.0001249486052361526,78.60428619384766,68.92599983215332,0.024516956974372353,Medium Risk
2025-10-23,76.22813415527344,80.66000366210938,81.83999633789062,79.30000305175781,80.04000091552734,46337,0.00774616116304605,79.48000117710659,69.53566665649414,0.024353993343232412,Medium Risk
2025-10-26,76.75736236572266,81.22000122070312,82.0,80.66000366210938,80.66000366210938,59818,0.0069426919559738565,80.3028586251395,70.14500007629394,0.02441054725452971,Medium Risk
2025-10-27,78.8931884765625,83.4800033569336,83.5,80.30000305175781,81.22000122070312,102933,0.027825684588322686,80.7471444266183,70.84633356730143,0.010975195534638939,Low Risk
2025-10-28,80.53758239746094,85.22000122070312,87.69999694824219,82.5,83.4800033569336,146248,0.02084328933636792,81.51857321602958,71.58966700236003,0.010777033553028505,Low Risk
2025-10-29,80.31077575683594,84.9800033569336,86.95999908447266,84.5,85.22000122070312,39218,-0.0028162152115908112,82.23571668352399,72.33166707356771,0.011438710401317335,Low Risk
2025-10-30,78.99713897705078,83.58999633789062,86.0,82.20999908447266,84.9800033569336,2179224,-0.01635687178317291,82.7414300101144,73.0336669921875,0.014804761335344108,Low Risk
2025-11-02,81.14241790771484,85.86000061035156,86.4800033569336,83.75,83.58999633789062,72677,0.027156410717916968,83.57285853794643,73.80700035095215,0.01634413458943635,Low Risk
2025-11-03,81.27472686767578,86.0,86.0,85.0,85.86000061035156,33998,0.0016305542587145005,84.33571515764508,74.6076670328776,0.01665709413549273,Low Risk
2025-11-04,79.9989013671875,84.6500015258789,86.98999786376953,84.61000061035156,86.0,67979,-0.015697656675826677,84.82571520124164,75.34000040690104,0.019199237252683982,Low Risk
2025-11-05,79.0916519165039,83.69000244140625,85.5,83.55000305175781,84.6500015258789,74292,-0.011340804101216295,84.855715070452,76.05166714986166,0.017432780402750408,Low Risk
2025-11-06,78.49626159667969,83.05999755859375,84.7699966430664,81.5199966430664,83.69000244140625,92154,-0.007527839221340482,84.5471431187221,76.7303337097168,0.015046373339941499,Low Risk
2025-11-09,80.32967376708984,85.0,86.0,82.8499984741211,83.05999755859375,158818,0.023356639759562814,84.5499997820173,77.39700037638346,0.018187427306900643,Low Risk
2025-11-10,83.82637023925781,88.69999694824219,88.9000015258789,85.0,85.0,256683,0.043529375861672825,85.27999986921039,78.15033365885417,0.022652206718519276,Medium Risk
2025-11-11,85.03604888916016,89.9800033569336,90.19000244140624,87.0,88.69999694824219,2308769,0.0144307379112798,85.86857169015067,78.9216672261556,0.021403091165875715,Medium Risk
2025-11-12,86.44417572021484,91.47000122070312,91.5,89.0199966430664,89.9800033569336,119667,0.01655921102668767,86.6500004359654,79.73566716512045,0.02153254829090103,Medium Risk
2025-11-13,84.5824203491211,89.5,91.38999938964844,88.0,91.47000122070312,104537,-0.021537129052286885,87.34285736083984,80.47766723632813,0.022730636900455566,Medium Risk
2025-11-16,85.05494689941406,90.0,90.5,88.5199966430664,89.5,99048,0.005586592178770999,88.2442855834961,81.20366719563802,0.02114948660064707,Medium Risk
2025-11-17,82.28593444824219,87.06999969482422,89.94999694824219,87.0199966430664,90.0,81372,-0.03255555894639761,88.81714303152901,81.76566721598307,0.02623457484229253,Medium Risk
2025-11-18,83.18373107910156,88.0199966430664,88.44999694824219,85.5999984741211,87.06999969482422,109767,0.010910726445065855,89.24857112339565,82.34233373006185,0.025352377220450025,Medium Risk
2025-11-19,83.73186492919922,88.5999984741211,90.0,87.04000091552734,88.0199966430664,157160,0.006589432551408425,89.23428562709263,82.93033370971679,0.01914784827416258,Low Risk
2025-11-20,82.65450286865234,87.45999908447266,89.4000015258789,87.1500015258789,88.5999984741211,68441,-0.01286681048850602,88.87428501674107,83.43833363850912,0.01848681333626929,Low Risk
2025-11-23,82.02131652832031,86.79000091552734,88.5999984741211,85.98999786376953,87.45999908447266,36462,-0.007660624010505601,88.2057135445731,83.94100036621094,0.01613610264891012,Low Risk
2025-11-24,81.84175872802734,86.5999984741211,87.0,86.0,86.79000091552734,71348,-0.0021892204102080814,87.79142761230469,84.39433364868164,0.014914117332943755,Low Risk
2025-11-25,85.02659606933594,89.97000122070312,89.97000122070312,86.12999725341797,86.5999984741211,64040,0.038914582054976554,87.78714207240513,84.90900039672852,0.022231808536859198,Medium Risk
2025-11-26,84.10989379882812,89.0,89.95999908447266,87.30999755859375,89.97000122070312,30287,-0.010781384989910547,88.06285640171596,85.36033376057942,0.01801413871897261,Low Risk
2025-11-27,85.01714324951172,89.95999908447266,90.0,87.5,89.0,52870,0.010786506567108445,88.33999960763114,85.68000030517578,0.01800542083362765,Low Risk
2025-11-30,83.76966857910156,88.63999938964844,89.87999725341797,88.5,89.95999908447266,31365,-0.014673184840572673,88.34571402413505,85.97400029500325,0.019109039482657034,Low Risk
2025-12-01,82.1914291381836,86.97000122070312,88.98999786376953,86.91000366210938,88.63999938964844,109156,-0.018840232180104666,88.27571432931083,86.20766703287761,0.019907475510564182,Low Risk
2025-12-02,82.36154174804688,87.1500015258789,88.0,86.80999755859375,86.97000122070312,16798,0.0020696826796517964,88.32714298793248,86.44433364868163,0.019673467076471576,Low Risk
2025-12-03,82.52220153808594,87.31999969482422,88.98999786376953,86.91999816894531,87.1500015258789,104310,0.0019506387374512713,88.43000030517578,86.6870002746582,0.01963238202025076,Low Risk
2025-12-04,82.21977996826172,87.0,88.0,86.80000305175781,87.31999969482422,26023,-0.003664678148678324,88.0057144165039,86.89833348592123,0.010546311223502254,Low Risk
2025-12-07,82.90022277832031,87.72000122070312,87.98999786376953,85.5,87.0,58280,0.008275876100035884,87.82285744803292,87.1150001525879,0.011167147730881646,Low Risk
2025-12-08,82.42769622802734,87.22000122070312,88.23999786376953,86.51000213623047,87.72000122070312,54193,-0.005699954321044753,87.43142918178013,87.23966674804687,0.009653562852925148,Low Risk
2025-12-09,82.5978012084961,87.4000015258789,88.0,86.27999877929688,87.22000122070312,26110,0.0020637503170894966,87.25428662981305,87.31233342488606,0.008701804019650655,Low Risk
2025-12-10,82.36154174804688,87.1500015258789,88.0,87.0,87.4000015258789,19548,-0.0028604118493748,87.28000095912388,87.38466669718424,0.004730890569276333,Low Risk
2025-12-11,83.08922576904297,87.91999816894531,88.5,86.80999755859375,87.1500015258789,59777,0.008835302691736047,87.39000047956195,87.52900009155273,0.005735866852486604,Low Risk
2025-12-14,82.43714904785156,87.2300033569336,88.9800033569336,87.0,87.91999816894531,58063,-0.00784798483145821,87.37714385986328,87.57466684977213,0.00666319124077154,Low Risk
2025-12-15,82.02131652832031,86.79000091552734,87.80000305175781,86.61000061035156,87.2300033569336,28259,-0.005044163985708172,87.3471439906529,87.60100021362305,0.006804123736286174,Low Risk
2025-12-16,82.0118637084961,86.77999877929688,87.19999694824219,86.5,86.79000091552734,24478,-0.00011524526011008618,87.21285792759487,87.67200012207032,0.0056830247843890494,Low Risk
2025-12-17,82.18197631835938,86.95999908447266,87.0,86.0199966430664,86.77999877929688,75356,0.0020742141934522174,87.17571476527623,87.78100001017252,0.005487209208976585,Low Risk
2025-12-18,81.99296569824219,86.76000213623047,87.4800033569336,86.25,86.95999908447266,22459,-0.002299872934082181,87.08428628104073,87.90433349609376,0.0054061416046592365,Low Risk
2025-12-21,82.17252349853516,86.94999694824219,87.0,86.0999984741211,86.76000213623047,34021,0.002189889434458303,87.0557141985212,87.96933339436849,0.005458957909064433,Low Risk
2025-12-22,81.7850570678711,86.54000091552734,86.88999938964844,86.2300033569336,86.94999694824219,14812,-0.004715308189819689,86.85857173374721,87.89733352661133,0.0038339195014295336,Low Risk
2025-12-23,83.92088317871094,88.80000305175781,90.0,86.5,86.54000091552734,75871,0.026115115695878988,87.08285740443638,87.85800018310547,0.010776004153248853,Low Risk
2025-12-24,83.53340911865234,88.38999938964844,90.05000305175781,87.5,88.80000305175781,64048,-0.004617158198411353,87.31142861502511,87.75533345540364,0.010726611068113205,Low Risk
2025-12-25,83.18373107910156,88.0199966430664,89.48999786376953,87.80000305175781,88.38999938964844,15679,-0.00418602499306453,87.48857116699219,87.70600001017253,0.011008885752236755,Low Risk
2025-12-28,82.51274871826172,87.30999755859375,89.9800033569336,87.0999984741211,88.0199966430664,38854,-0.008066338463426748,87.53857094900948,87.61633326212565,0.011657857904541668,Low Risk
2025-12-29,84.1004409790039,88.98999786376953,89.79000091552734,87.20999908447266,87.30999755859375,2020285,0.01924178618889938,87.85714176722935,87.68033320109049,0.013459154620027506,Low Risk
2025-12-30,83.33494567871094,88.18000030517578,89.0,88.0,88.98999786376953,116413,-0.009102119092459504,88.03285653250558,87.68566665649413,0.014320679376168327,Low Risk
2025-12-31,84.73362731933594,89.66000366210938,90.0,88.1500015258789,88.18000030517578,5294067,0.01678388922444496,88.47857121058873,87.72100016276042,0.014909801627653032,Low Risk
2026-01-04,84.15714263916016,89.05000305175781,91.0,88.5,89.66000366210938,81165,-0.006803486342142007,88.51428549630302,87.77400029500326,0.012134514171876493,Low Risk
2026-01-05,83.18373107910156,88.0199966430664,89.98999786376953,88.0,89.05000305175781,50148,-0.011566607225074965,88.461427961077,87.81500015258788,0.012880875639378887,Low Risk
2026-01-06,83.73186492919922,88.5999984741211,89.83999633789062,88.0,88.0199966430664,25305,0.006589432551408425,88.54428536551339,87.88166681925456,0.013014095953440821,Low Risk
2026-01-08,84.20439147949219,89.0999984741211,89.5,88.08000183105469,88.5999984741211,6810,0.005643340954978093,88.7999997820173,87.85266672770182,0.012439263425361618,Low Risk
2026-01-11,85.10220336914062,90.05000305175781,90.4000015258789,88.0999984741211,89.0999984741211,409582,0.010662228887833747,88.95142909458706,87.88766682942709,0.010895612553229954,Low Risk
2026-01-12,86.76549530029297,91.80999755859376,94.0,90.0,90.05000305175781,601309,0.01954463572671239,89.47000013078961,87.94933344523112,0.011505705746013402,Low Risk
2026-01-13,87.105712890625,92.16999816894533,93.5500030517578,91.91000366210938,91.80999755859376,153833,0.003921148240112027,89.82857077462333,88.06700007120769,0.01044403742917813,Low Risk
2026-01-14,85.94329833984375,90.94000244140624,92.8499984741211,90.0,92.16999816894533,39472,-0.0133448600626479,90.09857068743024,88.19933344523112,0.011778979651707207,Low Risk
2026-01-15,86.39691925048828,91.41999816894533,92.87999725341795,90.33000183105467,90.94000244140624,61016,0.005278158287364887,90.58428519112724,88.34166666666667,0.009855391838967812,Low Risk
2026-01-18,86.92615509033203,91.9800033569336,92.79000091552734,90.5999984741211,91.41999816894533,27504,0.006125631144220378,91.06714303152901,88.49700012207032,0.009848172620474284,Low Risk
2026-01-19,88.46659088134766,93.61000061035156,94.0,91.30999755859376,91.9800033569336,140947,0.017721213241237654,91.71142905099052,88.7173334757487,0.010898993205088553,Low Risk
2026-01-20,88.84461975097656,94.01000213623048,94.9000015258789,93.5,93.61000061035156,52794,0.004273064023831319,92.2771432059152,88.92700017293295,0.010821111771951676,Low Risk
2026-01-21,89.024169921875,94.1999969482422,94.88999938964844,93.5999984741211,94.01000213623048,31829,0.0020210063577745796,92.61857169015069,89.15966669718425,0.009116751749757353,Low Risk
2026-01-22,93.0879135131836,98.5,98.87000274658205,94.0999984741211,94.1999969482422,257859,0.04564759226181736,93.52285766601562,89.52966664632162,0.018295617256101085,Low Risk
2026-01-25,92.86109924316406,98.26000213623048,101.98999786376952,97.66000366210938,98.5,68355,-0.0024365265357311205,94.56857190813339,89.9,0.01637153993634638,Low Risk
2026-01-26,94.5054931640625,100.0,100.0,97.4000015258789,98.26000213623048,167746,0.017708099185232307,95.7942864554269,90.30266672770182,0.016291929642363732,Low Risk
2026-01-27,93.6927490234375,99.13999938964844,100.98999786376952,98.30999755859376,100.0,62104,-0.008600006103515634,96.81714303152901,90.69966659545898,0.018171131636607527,Low Risk
2026-01-28,91.06549835205078,96.36000061035156,100.0,91.5,99.13999938964844,82410,-0.02804114178345607,97.21000017438617,91.01866658528645,0.022921255085616772,Medium Risk
2026-02-01,92.46417236328124,97.83999633789062,98.8000030517578,94.58000183105467,96.36000061035156,318257,0.015359025717773589,97.75714220319476,91.38733317057292,0.02329360677406314,Medium Risk
2026-02-02,93.52263641357422,98.95999908447266,99.0,96.45999908447266,97.83999633789062,35309,0.011447289334661326,98.43714250837054,91.78733317057292,0.0233010038261424,Medium Risk
2026-02-03,93.06901550292967,98.4800033569336,100.08999633789062,97.16000366210938,98.95999908447266,175856,-0.004850401495348988,98.43428584507534,92.1779998779297,0.016177126657508086,Low Risk
2026-02-04,93.54154205322266,98.9800033569336,99.98999786376952,97.43000030517578,98.4800033569336,200689,0.005077172856988943,98.53714316231864,92.57900009155273,0.01623121351404317,Low Risk
2026-02-05,91.67977905273438,97.01000213623048,99.0999984741211,96.94000244140624,98.9800033569336,146034,-0.019903022367043666,98.11000061035156,92.92800013224284,0.016063547515942498,Low Risk
2026-02-08,91.9065933227539,97.25,98.83999633789062,96.97000122070312,97.01000213623048,68747,0.002473949680286358,97.84000069754464,93.20966669718425,0.016105068783728065,Low Risk
2026-02-09,90.8103256225586,96.08999633789062,97.94000244140624,96.0,97.25,116058,-0.01192805822220433,97.80142865862165,93.46633326212564,0.012649123057663894,Low Risk
2026-02-10,91.67032623291016,97.0,97.0,95.01000213623048,96.08999633789062,218814,0.009470326743581614,97.68142918178013,93.76566670735677,0.011582496178362567,Low Risk
2026-02-11,91.1977996826172,96.5,97.7699966430664,96.02999877929688,97.0,59664,-0.005154639175257714,97.33000074114118,94.0720001220703,0.010182697109251761,Low Risk
2026-02-12,93.45648193359376,98.88999938964844,99.98999786376952,95.01000213623048,96.5,216762,0.0247668330533517,97.38857160295758,94.40200017293294,0.014700711166440878,Low Risk
2026-02-15,94.5999984741211,100.0999984741211,102.25,98.88999938964844,98.88999938964844,341743,0.01223580839256555,97.54857090541294,94.79933344523111,0.015294111671368368,Low Risk
2026-02-16,93.3241729736328,98.75,101.8000030517578,98.0,100.0999984741211,345523,-0.013486498448549988,97.7971420288086,95.1023333231608,0.013912850138521813,Low Risk
2026-02-17,96.73582458496094,102.36000061035156,105.9000015258789,98.75,98.75,846845,0.03655696820609178,98.52714211600167,95.54599990844727,0.018915528142752994,Low Risk
2026-02-18,95.94197845458984,101.5199966430664,103.97000122070312,101.30999755859376,102.36000061035156,114895,-0.008206369307115935,99.3028564453125,95.99599990844726,0.018321603170415188,Low Risk
2026-02-19,95.13867950439452,100.66999816894533,102.97000122070312,100.0,101.5199966430664,133944,-0.008372719683094387,99.82714189801898,96.39833323160808,0.019302154152842442,Low Risk
2026-02-22,97.5769271850586,103.25,105.5500030517578,100.70999908447266,100.66999816894533,330760,0.025628309108786107,100.79142761230469,96.86999994913737,0.01997126720057453,Low Risk
2026-02-23,106.12967681884766,112.3000030517578,119.5,102.4000015258789,103.25,422807,0.08765136127610451,102.70714242117745,97.61166661580404,0.035720277384544724,Medium Risk
2026-02-24,109.04043579101562,115.37999725341795,118.9000015258789,110.55999755859376,112.3000030517578,274305,0.027426483686208147,104.88999938964844,98.39733327229818,0.03571233640293498,Medium Risk
2026-02-25,105.84615325927734,112.0,118.0,111.0500030517578,115.37999725341795,253137,-0.02929448200621987,106.78285653250558,99.05833333333334,0.03863857193302528,Medium Risk
2026-02-26,107.46219635009766,113.70999908447266,114.94000244140624,110.0,112.0,118273,0.01526784896850586,108.40428488595145,99.81733322143555,0.03783467299492531,Medium Risk
2026-03-01,104.74988555908205,110.83999633789062,112.0,107.72000122070312,113.70999908447266,176655,-0.02523966906771291,109.73571341378349,100.46466649373373,0.04010994206210695,Medium Risk
2026-03-02,105.87450408935548,112.02999877929688,114.5,110.4000015258789,110.83999633789062,259318,0.01073621870013941,111.3585706438337,101.13299967447917,0.039025047199371936,Medium Risk
2026-03-03,105.79889678955078,111.9499969482422,113.9499969482422,109.0500030517578,112.02999877929688,59006,-0.0007141107910951794,112.60142735072544,101.74433288574218,0.03921431780724917,Medium Risk
2026-03-04,104.25846099853516,110.31999969482422,113.0,108.6999969482422,111.9499969482422,109264,-0.014560047323374015,112.31856972830636,102.28799947102864,0.02148634995779966,Medium Risk
2026-03-05,104.9011001586914,111.0,112.5,110.0,110.31999969482422,91680,0.006163889657875732,111.69285583496094,102.8479995727539,0.017756126649574135,Low Risk
2026-03-08,104.05999755859376,110.11000061035156,112.9800033569336,109.0,111.0,93020,-0.0080180125193553,111.42285592215401,103.23499959309896,0.014502572673377918,Low Risk
2026-03-09,103.14329528808594,109.13999938964844,111.27999877929688,109.0,110.11000061035156,66375,-0.00880938348311966,110.76999882289341,103.5976661682129,0.012322465786707426,Low Risk
2026-03-10,107.0936279296875,113.31999969482422,113.5,109.25,109.13999938964844,75976,0.03829943493267263,111.12428501674107,104.04166615804037,0.017787114292484422,Low Risk
2026-03-11,108.82308197021484,115.1500015258789,117.0,111.01000213623048,113.31999969482422,150293,0.016148974902779445,111.56999969482422,104.57533289591471,0.018275234188357456,Low Risk
2026-03-12,107.75516510009766,114.0199966430664,118.5,114.0199966430664,115.1500015258789,307132,-0.009813329290825457,111.86571393694196,105.16399943033854,0.018982404963245023,Low Risk
2026-03-15,108.33164978027344,114.62999725341795,115.8000030517578,110.52999877929688,114.0199966430664,116391,0.005349944117794658,112.48142787388393,105.72366612752279,0.01737605451737911,Low Risk
2026-03-16,106.28087615966795,112.45999908447266,114.9800033569336,111.5999984741211,114.62999725341795,84252,-0.018930456433214227,112.68999917166573,106.1736661275228,0.01968035959157559,Low Risk
2026-03-17,107.0936279296875,113.31999969482422,114.44000244140624,112.31999969482422,112.45999908447266,55788,0.007647168925420278,113.14857046944755,106.66833267211913,0.01923259234544599,Low Risk
2026-03-18,108.1993408203125,114.48999786376952,115.0,114.0,113.31999969482422,3212747,0.010324727957078617,113.91285596575055,107.18533248901367,0.018405751861471663,Low Risk
2026-03-19,108.1993408203125,114.48999786376952,114.48999786376952,114.48999786376952,114.48999786376952,0,0.0,114.07999856131417,107.76799901326497,0.01219778430149947,Low Risk
2026-03-24,109.00263214111328,115.33999633789062,117.0,112.0,114.48999786376952,113230,0.007424216001230999,114.10714067731585,108.37099889119466,0.010823669822945225,Low Risk
2026-03-25,113.8885726928711,120.51000213623048,121.0999984741211,115.5,115.33999633789062,1192250,0.044824050307702645,115.03428431919643,109.18499908447265,0.01896525282165524,Low Risk
2026-03-26,112.46154022216795,119.0,121.9800033569336,118.20999908447266,120.51000213623048,222609,-0.012530097995712475,115.65857042585101,109.91833241780598,0.020535107666486,Medium Risk
2026-03-29,120.02198028564452,127.0,127.6999969482422,118.30999755859376,119.0,791125,0.0672268907563025,117.73571341378349,110.93499908447265,0.02791855381357755,Medium Risk
2026-03-30,132.024169921875,139.6999969482422,139.6999969482422,125.0,127.0,785945,0.09999997597041088,121.50428444998605,112.29533233642579,0.04103582208552131,Medium Risk
2026-03-31,155.8395538330078,164.89999389648438,164.89999389648438,137.0,139.6999969482422,5515958,0.1803865246867442,128.7057124546596,114.4553321838379,0.0681271091204389,High Risk
2026-04-01,145.58572387695312,154.0500030517578,166.89999389648438,153.0,164.89999389648438,567477,-0.06579739991705291,134.35714176722936,116.29866561889648,0.08045722495085374,High Risk
2026-04-02,137.97802734375,146.0,161.75,143.66000366210938,154.0500030517578,705922,-0.05225577989150165,138.73714229038782,117.7533322652181,0.08802418195492206,High Risk
2026-04-05,136.1068115234375,144.02000427246094,148.5,143.02000427246094,146.0,388848,-0.01356161457218541,142.09571402413505,119.16999918619791,0.08994945723094644,High Risk
2026-04-06,137.60000610351562,145.60000610351562,146.25,143.75999450683594,144.02000427246094,244818,0.010970710902532765,145.89571489606584,120.66766611735027,0.08856606886914008,High Risk
2026-04-07,136.27000427246094,136.27000427246094,139.72000122070312,136.02999877929688,145.60000610351562,214777,-0.06407968021939114,147.22000122070312,121.7683329264323,0.09372157357516686,High Risk
2026-04-08,137.64999389648438,137.64999389648438,139.39999389648438,136.60000610351562,136.27000427246094,204304,0.010126877381351429,146.92714364188058,122.6133326212565,0.08573943768533031,High Risk
2026-04-09,136.82000732421875,136.82000732421875,138.9499969482422,136.55999755859375,137.64999389648438,77853,-0.006029688405869371,142.91571698869978,123.32799962361653,0.034030631063950226,Medium Risk
2026-04-14,142.0,142.0,142.64999389648438,136.0,136.82000732421875,290344,0.03785990643536774,141.1942879813058,124.32799962361653,0.036210277317844534,Medium Risk
2026-04-15,152.0,152.0,155.0,142.64999389648438,142.0,468614,0.07042253521126751,142.05143083844865,125.60433298746744,0.04211813192817109,Medium Risk
2026-04-16,148.5,148.5,157.85000610351562,148.0,152.0,344900,-0.023026315789473673,142.6914302280971,126.85966644287109,0.04301303145105415,Medium Risk
2026-04-19,145.49000549316406,145.49000549316406,150.0,145.0,148.5,115647,-0.02026932327835651,142.67571585518974,127.975,0.04392285145644136,Medium Risk
2026-04-20,145.10000610351562,145.10000610351562,147.9499969482422,145.0,145.49000549316406,99521,-0.002680592308223928,143.93714468819755,129.0800003051758,0.03378841791203954,Medium Risk
2026-04-21,144.27999877929688,144.27999877929688,146.75999450683594,143.75,145.10000610351562,105147,-0.005651325222093662,144.88428824288505,130.2120002746582,0.034261525514765016,Medium Risk
2026-04-22,142.25999450683594,142.25999450683594,145.0,141.10000610351562,144.27999877929688,100883,-0.014000584208147315,145.66142926897322,131.25400009155274,0.034902218905912503,Medium Risk
2026-04-23,145.1699981689453,145.1699981689453,148.0,141.39999389648438,142.25999450683594,141827,0.02045553053897775,146.1142861502511,132.42266667683919,0.03281990878161883,Medium Risk
2026-04-26,144.13999938964844,144.13999938964844,147.0,143.60000610351562,145.1699981689453,43023,-0.007095121528473025,144.9914289202009,133.58933334350587,0.014460819999364072,Low Risk
2026-04-27,148.10000610351562,148.10000610351562,153.60000610351562,144.0,144.13999938964844,269112,0.02747333655221018,144.93428693498885,134.74866689046223,0.0176497969310523,Low Risk
2026-04-28,152.36000061035156,152.36000061035156,153.89999389648438,149.0,148.10000610351562,303759,0.028764310136883964,145.91571480887276,135.989000193278,0.01810585142579966,Low Risk
